# Blender 3.4.0
# www.blender.org
mtllib fuse_box_etx_1.mtl
o fuse_box_etx_1
v 0.243000 -0.404999 0.270000
v -0.243000 -0.404999 0.270000
v 0.270000 -0.404999 0.000000
v 0.243000 -0.431999 0.000000
v -0.243000 -0.431999 0.000000
v -0.270000 -0.404999 0.000000
v 0.243000 0.351001 0.270000
v -0.243000 0.351001 0.270000
v 0.243000 0.378001 -0.000000
v 0.270000 0.351001 0.000000
v -0.270000 0.351001 0.000000
v -0.243000 0.378001 0.000000
v 0.270000 -0.404999 0.270000
v 0.243000 -0.431999 0.270000
v -0.243000 -0.431999 0.270000
v -0.270000 -0.404999 0.270000
v 0.243000 0.378001 0.270000
v 0.270000 0.351001 0.270000
v -0.270000 0.351001 0.270000
v -0.243000 0.378001 0.270000
v -0.243000 0.351001 0.027000
v -0.243000 -0.404999 0.027000
v 0.243000 0.351001 0.027000
v 0.243000 -0.404999 0.027000
v 0.178200 0.260401 0.116100
v 0.178200 0.276601 0.116100
v 0.178200 0.260401 0.062100
v 0.178200 0.276601 0.062100
v 0.186300 0.260401 0.116100
v 0.186300 0.276601 0.116100
v 0.186300 0.260401 0.062100
v 0.186300 0.276601 0.062100
v 0.189000 0.260401 0.089100
v 0.189000 0.276601 0.089100
v 0.197100 0.260401 0.089100
v 0.197100 0.276601 0.089100
v 0.178199 0.260401 0.054000
v 0.178199 0.276601 0.054000
v 0.145800 0.260401 0.116100
v 0.145800 0.276601 0.116100
v 0.145800 0.260401 0.062100
v 0.145800 0.276601 0.062100
v 0.137700 0.260401 0.116100
v 0.137700 0.276601 0.116100
v 0.137700 0.260401 0.062100
v 0.137700 0.276601 0.062100
v 0.135000 0.260401 0.089100
v 0.135000 0.276601 0.089100
v 0.126900 0.260401 0.089100
v 0.126900 0.276601 0.089100
v 0.145800 0.260401 0.054000
v 0.145800 0.276601 0.054000
v 0.178200 0.098401 0.116100
v 0.178200 0.114601 0.116100
v 0.178200 0.098401 0.062100
v 0.178200 0.114601 0.062100
v 0.186300 0.098401 0.116100
v 0.186300 0.114601 0.116100
v 0.186300 0.098401 0.062100
v 0.186300 0.114601 0.062100
v 0.189000 0.098401 0.089100
v 0.189000 0.114601 0.089100
v 0.197100 0.098401 0.089100
v 0.197100 0.114601 0.089100
v 0.178199 0.098401 0.054000
v 0.178199 0.114601 0.054000
v 0.145800 0.098401 0.116100
v 0.145800 0.114601 0.116100
v 0.145800 0.098401 0.062100
v 0.145800 0.114601 0.062100
v 0.137700 0.098401 0.116100
v 0.137700 0.114601 0.116100
v 0.137700 0.098401 0.062100
v 0.137700 0.114601 0.062100
v 0.135000 0.098401 0.089100
v 0.135000 0.114601 0.089100
v 0.126900 0.098401 0.089100
v 0.126900 0.114601 0.089100
v 0.145800 0.098401 0.054000
v 0.145800 0.114601 0.054000
v 0.178199 0.276601 0.027000
v 0.178199 0.260401 0.027000
v 0.145800 0.276601 0.027000
v 0.145800 0.260401 0.027000
v 0.178199 0.114601 0.027000
v 0.178199 0.098401 0.027000
v 0.145800 0.114601 0.027000
v 0.145800 0.098401 0.027000
v 0.070200 0.260401 0.116100
v 0.070200 0.276601 0.116100
v 0.070200 0.260401 0.062100
v 0.070200 0.276601 0.062100
v 0.078300 0.260401 0.116100
v 0.078300 0.276601 0.116100
v 0.078300 0.260401 0.062100
v 0.078300 0.276601 0.062100
v 0.081000 0.260401 0.089100
v 0.081000 0.276601 0.089100
v 0.089100 0.260401 0.089100
v 0.089100 0.276601 0.089100
v 0.070200 0.260401 0.054000
v 0.070200 0.276601 0.054000
v 0.037800 0.260401 0.116100
v 0.037800 0.276601 0.116100
v 0.037800 0.260401 0.062100
v 0.037800 0.276601 0.062100
v 0.029700 0.260401 0.116100
v 0.029700 0.276601 0.116100
v 0.029700 0.260401 0.062100
v 0.029700 0.276601 0.062100
v 0.027000 0.260401 0.089100
v 0.027000 0.276601 0.089100
v 0.018900 0.260401 0.089100
v 0.018900 0.276601 0.089100
v 0.037800 0.260401 0.054000
v 0.037800 0.276601 0.054000
v 0.070200 0.098401 0.116100
v 0.070200 0.114601 0.116100
v 0.070200 0.098401 0.062100
v 0.070200 0.114601 0.062100
v 0.078300 0.098401 0.116100
v 0.078300 0.114601 0.116100
v 0.078300 0.098401 0.062100
v 0.078300 0.114601 0.062100
v 0.081000 0.098401 0.089100
v 0.081000 0.114601 0.089100
v 0.089100 0.098401 0.089100
v 0.089100 0.114601 0.089100
v 0.070200 0.098401 0.054000
v 0.070200 0.114601 0.054000
v 0.037800 0.098401 0.116100
v 0.037800 0.114601 0.116100
v 0.037800 0.098401 0.062100
v 0.037800 0.114601 0.062100
v 0.029700 0.098401 0.116100
v 0.029700 0.114601 0.116100
v 0.029700 0.098401 0.062100
v 0.029700 0.114601 0.062100
v 0.027000 0.098401 0.089100
v 0.027000 0.114601 0.089100
v 0.018900 0.098401 0.089100
v 0.018900 0.114601 0.089100
v 0.037800 0.098401 0.054000
v 0.037800 0.114601 0.054000
v 0.070200 0.276601 0.027000
v 0.070200 0.260401 0.027000
v 0.037800 0.276601 0.027000
v 0.037800 0.260401 0.027000
v 0.070200 0.114601 0.027000
v 0.070200 0.098401 0.027000
v 0.037800 0.114601 0.027000
v 0.037800 0.098401 0.027000
v -0.037801 0.260401 0.116100
v -0.037801 0.276601 0.116100
v -0.037801 0.260401 0.062100
v -0.037801 0.276601 0.062100
v -0.029701 0.260401 0.116100
v -0.029701 0.276601 0.116100
v -0.029701 0.260401 0.062100
v -0.029701 0.276601 0.062100
v -0.027001 0.260401 0.089100
v -0.027001 0.276601 0.089100
v -0.018901 0.260401 0.089100
v -0.018901 0.276601 0.089100
v -0.037801 0.260401 0.054000
v -0.037801 0.276601 0.054000
v -0.070200 0.260401 0.116100
v -0.070200 0.276601 0.116100
v -0.070200 0.260401 0.062100
v -0.070200 0.276601 0.062100
v -0.078300 0.260401 0.116100
v -0.078300 0.276601 0.116100
v -0.078300 0.260401 0.062100
v -0.078300 0.276601 0.062100
v -0.081000 0.260401 0.089100
v -0.081000 0.276601 0.089100
v -0.089100 0.260401 0.089100
v -0.089100 0.276601 0.089100
v -0.070200 0.260401 0.054000
v -0.070200 0.276601 0.054000
v -0.037801 0.098401 0.116100
v -0.037801 0.114601 0.116100
v -0.037801 0.098401 0.062100
v -0.037801 0.114601 0.062100
v -0.029701 0.098401 0.116100
v -0.029701 0.114601 0.116100
v -0.029701 0.098401 0.062100
v -0.029701 0.114601 0.062100
v -0.027001 0.098401 0.089100
v -0.027001 0.114601 0.089100
v -0.018901 0.098401 0.089100
v -0.018901 0.114601 0.089100
v -0.037801 0.098401 0.054000
v -0.037801 0.114601 0.054000
v -0.070200 0.098401 0.116100
v -0.070200 0.114601 0.116100
v -0.070200 0.098401 0.062100
v -0.070200 0.114601 0.062100
v -0.078300 0.098401 0.116100
v -0.078300 0.114601 0.116100
v -0.078300 0.098401 0.062100
v -0.078300 0.114601 0.062100
v -0.081000 0.098401 0.089100
v -0.081000 0.114601 0.089100
v -0.089100 0.098401 0.089100
v -0.089100 0.114601 0.089100
v -0.070200 0.098401 0.054000
v -0.070200 0.114601 0.054000
v -0.037801 0.276601 0.027000
v -0.037801 0.260401 0.027000
v -0.070200 0.276601 0.027000
v -0.070200 0.260401 0.027000
v -0.037801 0.114601 0.027000
v -0.037801 0.098401 0.027000
v -0.070200 0.114601 0.027000
v -0.070200 0.098401 0.027000
v -0.145800 0.260401 0.116100
v -0.145800 0.276601 0.116100
v -0.145800 0.260401 0.062100
v -0.145800 0.276601 0.062100
v -0.137700 0.260401 0.116100
v -0.137700 0.276601 0.116100
v -0.137700 0.260401 0.062100
v -0.137700 0.276601 0.062100
v -0.135000 0.260401 0.089100
v -0.135000 0.276601 0.089100
v -0.126900 0.260401 0.089100
v -0.126900 0.276601 0.089100
v -0.145801 0.260401 0.054000
v -0.145801 0.276601 0.054000
v -0.178200 0.260401 0.116100
v -0.178200 0.276601 0.116100
v -0.178200 0.260401 0.062100
v -0.178200 0.276601 0.062100
v -0.186300 0.260401 0.116100
v -0.186300 0.276601 0.116100
v -0.186300 0.260401 0.062100
v -0.186300 0.276601 0.062100
v -0.189000 0.260401 0.089100
v -0.189000 0.276601 0.089100
v -0.197100 0.260401 0.089100
v -0.197100 0.276601 0.089100
v -0.178200 0.260401 0.054000
v -0.178200 0.276601 0.054000
v -0.145800 0.098401 0.116100
v -0.145800 0.114601 0.116100
v -0.145800 0.098401 0.062100
v -0.145800 0.114601 0.062100
v -0.137700 0.098401 0.116100
v -0.137700 0.114601 0.116100
v -0.137700 0.098401 0.062100
v -0.137700 0.114601 0.062100
v -0.135000 0.098401 0.089100
v -0.135000 0.114601 0.089100
v -0.126900 0.098401 0.089100
v -0.126900 0.114601 0.089100
v -0.145801 0.098401 0.054000
v -0.145801 0.114601 0.054000
v -0.178200 0.098401 0.116100
v -0.178200 0.114601 0.116100
v -0.178200 0.098401 0.062100
v -0.178200 0.114601 0.062100
v -0.186300 0.098401 0.116100
v -0.186300 0.114601 0.116100
v -0.186300 0.098401 0.062100
v -0.186300 0.114601 0.062100
v -0.189000 0.098401 0.089100
v -0.189000 0.114601 0.089100
v -0.197100 0.098401 0.089100
v -0.197100 0.114601 0.089100
v -0.178200 0.098401 0.054000
v -0.178200 0.114601 0.054000
v -0.145801 0.276601 0.027000
v -0.145801 0.260401 0.027000
v -0.178200 0.276601 0.027000
v -0.178200 0.260401 0.027000
v -0.145801 0.114601 0.027000
v -0.145801 0.098401 0.027000
v -0.178200 0.114601 0.027000
v -0.178200 0.098401 0.027000
v 0.139499 0.162000 0.051000
v 0.146999 0.154500 0.051000
v 0.146999 0.222000 0.051000
v 0.139499 0.214500 0.051000
v 0.146999 0.154500 0.027000
v 0.139499 0.162000 0.027000
v 0.139499 0.214500 0.027000
v 0.146999 0.222000 0.027000
v 0.176999 0.154500 0.051000
v 0.184499 0.162000 0.051000
v 0.184499 0.214500 0.051000
v 0.176999 0.222000 0.051000
v 0.184499 0.162000 0.027000
v 0.176999 0.154500 0.027000
v 0.176999 0.222000 0.027000
v 0.184499 0.214500 0.027000
v 0.153446 0.207170 0.058571
v 0.143080 0.195858 0.058571
v 0.168775 0.207840 0.058571
v 0.143749 0.180529 0.058571
v 0.155062 0.170163 0.058571
v 0.170391 0.170832 0.058571
v 0.180088 0.197474 0.058571
v 0.180757 0.182145 0.058571
v 0.153446 0.207170 0.050552
v 0.143080 0.195858 0.050552
v 0.168775 0.207840 0.050552
v 0.143749 0.180529 0.050552
v 0.155062 0.170163 0.050552
v 0.180088 0.197474 0.050552
v 0.170391 0.170832 0.050552
v 0.180757 0.182145 0.050552
v 0.031499 0.162000 0.051000
v 0.038999 0.154500 0.051000
v 0.038999 0.222000 0.051000
v 0.031499 0.214500 0.051000
v 0.038999 0.154500 0.027000
v 0.031499 0.162000 0.027000
v 0.031499 0.214500 0.027000
v 0.038999 0.222000 0.027000
v 0.068999 0.154500 0.051000
v 0.076499 0.162000 0.051000
v 0.076499 0.214500 0.051000
v 0.068999 0.222000 0.051000
v 0.076499 0.162000 0.027000
v 0.068999 0.154500 0.027000
v 0.068999 0.222000 0.027000
v 0.076499 0.214500 0.027000
v 0.070340 0.200500 0.058571
v 0.057400 0.208744 0.058571
v 0.073661 0.185520 0.058571
v 0.042420 0.205423 0.058571
v 0.034176 0.192482 0.058571
v 0.037497 0.177502 0.058571
v 0.065417 0.172579 0.058571
v 0.050437 0.169258 0.058571
v 0.070340 0.200500 0.050552
v 0.057400 0.208744 0.050552
v 0.073661 0.185520 0.050552
v 0.042420 0.205423 0.050552
v 0.034176 0.192482 0.050552
v 0.065417 0.172579 0.050552
v 0.037497 0.177502 0.050552
v 0.050437 0.169258 0.050552
v -0.076501 0.162000 0.051000
v -0.069001 0.154500 0.051000
v -0.069001 0.222000 0.051000
v -0.076501 0.214500 0.051000
v -0.069001 0.154500 0.027000
v -0.076501 0.162000 0.027000
v -0.076501 0.214500 0.027000
v -0.069001 0.222000 0.027000
v -0.039001 0.154500 0.051000
v -0.031501 0.162000 0.051000
v -0.031501 0.214500 0.051000
v -0.039001 0.222000 0.051000
v -0.031501 0.162000 0.027000
v -0.039001 0.154500 0.027000
v -0.039001 0.222000 0.027000
v -0.031501 0.214500 0.027000
v -0.057563 0.169258 0.058571
v -0.042583 0.172579 0.058571
v -0.070504 0.177502 0.058571
v -0.034339 0.185520 0.058571
v -0.037660 0.200500 0.058571
v -0.050600 0.208744 0.058571
v -0.073824 0.192482 0.058571
v -0.065580 0.205423 0.058571
v -0.057563 0.169258 0.050552
v -0.042583 0.172579 0.050552
v -0.070504 0.177502 0.050552
v -0.034339 0.185520 0.050552
v -0.037660 0.200500 0.050552
v -0.073824 0.192482 0.050552
v -0.050600 0.208744 0.050552
v -0.065580 0.205423 0.050552
v -0.184501 0.162000 0.051000
v -0.177001 0.154500 0.051000
v -0.177001 0.222000 0.051000
v -0.184501 0.214500 0.051000
v -0.177001 0.154500 0.027000
v -0.184501 0.162000 0.027000
v -0.184501 0.214500 0.027000
v -0.177001 0.222000 0.027000
v -0.147001 0.154500 0.051000
v -0.139501 0.162000 0.051000
v -0.139501 0.214500 0.051000
v -0.147001 0.222000 0.051000
v -0.139501 0.162000 0.027000
v -0.147001 0.154500 0.027000
v -0.147001 0.222000 0.027000
v -0.139501 0.214500 0.027000
v -0.180920 0.195858 0.058571
v -0.180251 0.180529 0.058571
v -0.170554 0.207170 0.058571
v -0.168938 0.170163 0.058571
v -0.153609 0.170832 0.058571
v -0.143243 0.182145 0.058571
v -0.155225 0.207840 0.058571
v -0.143912 0.197474 0.058571
v -0.180920 0.195858 0.050552
v -0.180251 0.180529 0.050552
v -0.170554 0.207170 0.050552
v -0.168938 0.170163 0.050552
v -0.153609 0.170832 0.050552
v -0.155225 0.207840 0.050552
v -0.143243 0.182145 0.050552
v -0.143912 0.197474 0.050552
v 0.056699 -0.404999 0.208500
v 0.040499 -0.404999 0.208500
v 0.056699 -0.367199 0.154500
v 0.040499 -0.367199 0.154500
v 0.056699 -0.367199 0.027000
v 0.040499 -0.367199 0.027000
v 0.056699 -0.404999 0.027000
v 0.040499 -0.404999 0.027000
v 0.056699 -0.391199 0.208500
v 0.040499 -0.391199 0.208500
v 0.148499 -0.404999 0.208500
v 0.132299 -0.404999 0.208500
v 0.148499 -0.367199 0.154500
v 0.132299 -0.367199 0.154500
v 0.148499 -0.367199 0.027000
v 0.132299 -0.367199 0.027000
v 0.148499 -0.404999 0.027000
v 0.132299 -0.404999 0.027000
v 0.148499 -0.391199 0.208500
v 0.132299 -0.391199 0.208500
v -0.132301 -0.404999 0.208500
v -0.148501 -0.404999 0.208500
v -0.132301 -0.367199 0.154500
v -0.148501 -0.367199 0.154500
v -0.132301 -0.367199 0.027000
v -0.148501 -0.367199 0.027000
v -0.132301 -0.404999 0.027000
v -0.148501 -0.404999 0.027000
v -0.132301 -0.391199 0.208500
v -0.148501 -0.391199 0.208500
v -0.040501 -0.404999 0.208500
v -0.056701 -0.404999 0.208500
v -0.040501 -0.367199 0.154500
v -0.056701 -0.367199 0.154500
v -0.040501 -0.367199 0.027000
v -0.056701 -0.367199 0.027000
v -0.040501 -0.404999 0.027000
v -0.056701 -0.404999 0.027000
v -0.040501 -0.391199 0.208500
v -0.056701 -0.391199 0.208500
v -0.056700 0.350999 0.208500
v -0.040500 0.350999 0.208500
v -0.056700 0.313199 0.154500
v -0.040500 0.313199 0.154500
v -0.056700 0.313199 0.027000
v -0.040500 0.313199 0.027000
v -0.056700 0.350999 0.027000
v -0.040500 0.350999 0.027000
v -0.056700 0.337199 0.208500
v -0.040500 0.337199 0.208500
v -0.148499 0.350999 0.208500
v -0.132299 0.350999 0.208500
v -0.148499 0.313199 0.154500
v -0.132299 0.313199 0.154500
v -0.148499 0.313199 0.027000
v -0.132299 0.313199 0.027000
v -0.148499 0.350999 0.027000
v -0.132299 0.350999 0.027000
v -0.148499 0.337199 0.208500
v -0.132299 0.337199 0.208500
v 0.132300 0.350999 0.208500
v 0.148500 0.350999 0.208500
v 0.132300 0.313199 0.154500
v 0.148500 0.313199 0.154500
v 0.132300 0.313199 0.027000
v 0.148500 0.313199 0.027000
v 0.132300 0.350999 0.027000
v 0.148500 0.350999 0.027000
v 0.132300 0.337199 0.208500
v 0.148500 0.337199 0.208500
v 0.040501 0.350999 0.208500
v 0.056701 0.350999 0.208500
v 0.040501 0.313199 0.154500
v 0.056701 0.313199 0.154500
v 0.040501 0.313199 0.027000
v 0.056701 0.313199 0.027000
v 0.040501 0.350999 0.027000
v 0.056701 0.350999 0.027000
v 0.040501 0.337199 0.208500
v 0.056701 0.337199 0.208500
v -0.240000 -0.348000 0.033000
v -0.240000 0.012000 0.033000
v -0.240000 -0.348000 0.027000
v -0.240000 0.012000 0.027000
v 0.240000 -0.348000 0.033000
v 0.240000 0.012000 0.033000
v 0.240000 -0.348000 0.027000
v 0.240000 0.012000 0.027000
v 0.190802 -0.172744 0.037500
v 0.190802 -0.172744 0.042000
v 0.185530 -0.160017 0.037500
v 0.190802 -0.147289 0.037500
v 0.185530 -0.160017 0.042000
v 0.190802 -0.147289 0.042000
v 0.203530 -0.178017 0.037500
v 0.216258 -0.172744 0.037500
v 0.203530 -0.178017 0.042000
v 0.216258 -0.172744 0.042000
v 0.203530 -0.142017 0.037500
v 0.221530 -0.160017 0.037500
v 0.216258 -0.147289 0.037500
v 0.221530 -0.160017 0.042000
v 0.203530 -0.142017 0.042000
v 0.216258 -0.147289 0.042000
v 0.194530 -0.164217 0.019500
v 0.194530 -0.164217 0.037500
v 0.194530 -0.155817 0.019500
v 0.194530 -0.155817 0.037500
v 0.196330 -0.164217 0.019500
v 0.196330 -0.164217 0.037500
v 0.196330 -0.155817 0.019500
v 0.196330 -0.155817 0.037500
v 0.194530 -0.163317 0.017700
v 0.194530 -0.156717 0.017700
v 0.196330 -0.163317 0.017700
v 0.196330 -0.156717 0.017700
v 0.210730 -0.164217 0.019500
v 0.210730 -0.164217 0.037500
v 0.210730 -0.155817 0.019500
v 0.210730 -0.155817 0.037500
v 0.212530 -0.164217 0.019500
v 0.212530 -0.164217 0.037500
v 0.212530 -0.155817 0.019500
v 0.212530 -0.155817 0.037500
v 0.210730 -0.163317 0.017700
v 0.210730 -0.156717 0.017700
v 0.212530 -0.163317 0.017700
v 0.212530 -0.156717 0.017700
v 0.189784 -0.173763 0.042000
v 0.189784 -0.173763 0.097500
v 0.184090 -0.160016 0.042000
v 0.189784 -0.146270 0.042000
v 0.184090 -0.160016 0.097500
v 0.189784 -0.146270 0.097500
v 0.203530 -0.179456 0.042000
v 0.217276 -0.173763 0.042000
v 0.203530 -0.179456 0.097500
v 0.217276 -0.173763 0.097500
v 0.203530 -0.140576 0.042000
v 0.222970 -0.160016 0.042000
v 0.217276 -0.146270 0.042000
v 0.222970 -0.160016 0.097500
v 0.203530 -0.140576 0.097500
v 0.217276 -0.146270 0.097500
v 0.189784 -0.173763 0.061500
v 0.191158 -0.172388 0.057000
v 0.189784 -0.173763 0.052500
v 0.189784 -0.146270 0.052500
v 0.191158 -0.147645 0.057000
v 0.189784 -0.146270 0.061500
v 0.184090 -0.160016 0.052500
v 0.186034 -0.160016 0.057000
v 0.184090 -0.160016 0.061500
v 0.222970 -0.160016 0.061500
v 0.221026 -0.160016 0.057000
v 0.222970 -0.160016 0.052500
v 0.217276 -0.146270 0.052500
v 0.215901 -0.147645 0.057000
v 0.217276 -0.146270 0.061500
v 0.203530 -0.140576 0.052500
v 0.203530 -0.142520 0.057000
v 0.203530 -0.140576 0.061500
v 0.203530 -0.179456 0.061500
v 0.203530 -0.177512 0.057000
v 0.203530 -0.179456 0.052500
v 0.217276 -0.173763 0.052500
v 0.215901 -0.172388 0.057000
v 0.217276 -0.173763 0.061500
v -0.207728 -0.315728 0.037500
v -0.207728 -0.315728 0.042000
v -0.213001 -0.303000 0.037500
v -0.207728 -0.290272 0.037500
v -0.213001 -0.303000 0.042000
v -0.207728 -0.290272 0.042000
v -0.195001 -0.321000 0.037500
v -0.182273 -0.315728 0.037500
v -0.195001 -0.321000 0.042000
v -0.182273 -0.315728 0.042000
v -0.195001 -0.285000 0.037500
v -0.177001 -0.303000 0.037500
v -0.182273 -0.290272 0.037500
v -0.177001 -0.303000 0.042000
v -0.195001 -0.285000 0.042000
v -0.182273 -0.290272 0.042000
v -0.204001 -0.307200 0.019500
v -0.204001 -0.307200 0.037500
v -0.204001 -0.298800 0.019500
v -0.204001 -0.298800 0.037500
v -0.202201 -0.307200 0.019500
v -0.202201 -0.307200 0.037500
v -0.202201 -0.298800 0.019500
v -0.202201 -0.298800 0.037500
v -0.204001 -0.306300 0.017700
v -0.204001 -0.299700 0.017700
v -0.202201 -0.306300 0.017700
v -0.202201 -0.299700 0.017700
v -0.187801 -0.307200 0.019500
v -0.187801 -0.307200 0.037500
v -0.187801 -0.298800 0.019500
v -0.187801 -0.298800 0.037500
v -0.186001 -0.307200 0.019500
v -0.186001 -0.307200 0.037500
v -0.186001 -0.298800 0.019500
v -0.186001 -0.298800 0.037500
v -0.187801 -0.306300 0.017700
v -0.187801 -0.299700 0.017700
v -0.186001 -0.306300 0.017700
v -0.186001 -0.299700 0.017700
v -0.212183 -0.320182 0.042000
v -0.212183 -0.320182 0.112500
v -0.219301 -0.303000 0.042000
v -0.212183 -0.285817 0.042000
v -0.219301 -0.303000 0.112500
v -0.212183 -0.285817 0.112500
v -0.195001 -0.327300 0.042000
v -0.177818 -0.320182 0.042000
v -0.195001 -0.327300 0.112500
v -0.177818 -0.320182 0.112500
v -0.195001 -0.278700 0.042000
v -0.170701 -0.303000 0.042000
v -0.177818 -0.285817 0.042000
v -0.170701 -0.303000 0.112500
v -0.195001 -0.278700 0.112500
v -0.177818 -0.285817 0.112500
v -0.212183 -0.320182 0.061500
v -0.210465 -0.318464 0.057000
v -0.212183 -0.320182 0.052500
v -0.212183 -0.285817 0.052500
v -0.210465 -0.287535 0.057000
v -0.212183 -0.285817 0.061500
v -0.219301 -0.303000 0.052500
v -0.216871 -0.303000 0.057000
v -0.219301 -0.303000 0.061500
v -0.170701 -0.303000 0.061500
v -0.173131 -0.303000 0.057000
v -0.170701 -0.303000 0.052500
v -0.177818 -0.285817 0.052500
v -0.179536 -0.287535 0.057000
v -0.177818 -0.285817 0.061500
v -0.195001 -0.278700 0.052500
v -0.195001 -0.281130 0.057000
v -0.195001 -0.278700 0.061500
v -0.195001 -0.327300 0.061500
v -0.195001 -0.324870 0.057000
v -0.195001 -0.327300 0.052500
v -0.177818 -0.320182 0.052500
v -0.179536 -0.318464 0.057000
v -0.177818 -0.320182 0.061500
v 0.179863 -0.215393 0.038863
v 0.179863 -0.290393 0.038863
v 0.176700 -0.215393 0.046500
v 0.179863 -0.215393 0.054137
v 0.176700 -0.290393 0.046500
v 0.179863 -0.290393 0.054137
v 0.187500 -0.215393 0.035700
v 0.195136 -0.215393 0.038863
v 0.187500 -0.290393 0.035700
v 0.195136 -0.290393 0.038863
v 0.187500 -0.215393 0.057300
v 0.198300 -0.215393 0.046500
v 0.195136 -0.215393 0.054137
v 0.198300 -0.290393 0.046500
v 0.187500 -0.290393 0.057300
v 0.195136 -0.290393 0.054137
v 0.181136 -0.213143 0.040136
v 0.181136 -0.215393 0.040136
v 0.178500 -0.213143 0.046500
v 0.181136 -0.213143 0.052864
v 0.178500 -0.215393 0.046500
v 0.181136 -0.215393 0.052864
v 0.187500 -0.213143 0.037500
v 0.193864 -0.213143 0.040136
v 0.187500 -0.215393 0.037500
v 0.193864 -0.215393 0.040136
v 0.187500 -0.213143 0.055500
v 0.196500 -0.213143 0.046500
v 0.193864 -0.213143 0.052864
v 0.196500 -0.215393 0.046500
v 0.187500 -0.215393 0.055500
v 0.193864 -0.215393 0.052864
v 0.183000 -0.208793 0.031950
v 0.183000 -0.213143 0.044400
v 0.183000 -0.204593 0.031950
v 0.183000 -0.213143 0.048600
v 0.184318 -0.208793 0.031950
v 0.184318 -0.213143 0.044400
v 0.184318 -0.204593 0.031950
v 0.184318 -0.213143 0.048600
v 0.183000 -0.208343 0.031050
v 0.183000 -0.205043 0.031050
v 0.184318 -0.208343 0.031050
v 0.184318 -0.205043 0.031050
v 0.190682 -0.208793 0.031950
v 0.190682 -0.213143 0.044400
v 0.190682 -0.204593 0.031950
v 0.190682 -0.213143 0.048600
v 0.192000 -0.208793 0.031950
v 0.192000 -0.213143 0.044400
v 0.192000 -0.204593 0.031950
v 0.192000 -0.213143 0.048600
v 0.190682 -0.208343 0.031050
v 0.190682 -0.205043 0.031050
v 0.192000 -0.208343 0.031050
v 0.192000 -0.205043 0.031050
v 0.183000 -0.208643 0.044400
v 0.183000 -0.204593 0.048600
v 0.184318 -0.204593 0.048600
v 0.184318 -0.208643 0.044400
v 0.190682 -0.208643 0.044400
v 0.190682 -0.204593 0.048600
v 0.192000 -0.204593 0.048600
v 0.192000 -0.208643 0.044400
v 0.193864 -0.292643 0.040136
v 0.193864 -0.290393 0.040136
v 0.196500 -0.292643 0.046500
v 0.193864 -0.292643 0.052864
v 0.196500 -0.290393 0.046500
v 0.193864 -0.290393 0.052864
v 0.187500 -0.292643 0.037500
v 0.181136 -0.292643 0.040136
v 0.187500 -0.290393 0.037500
v 0.181136 -0.290393 0.040136
v 0.187500 -0.292643 0.055500
v 0.178500 -0.292643 0.046500
v 0.181136 -0.292643 0.052864
v 0.178500 -0.290393 0.046500
v 0.187500 -0.290393 0.055500
v 0.181136 -0.290393 0.052864
v 0.192000 -0.296993 0.031950
v 0.192000 -0.292643 0.044400
v 0.192000 -0.301193 0.031950
v 0.192000 -0.292643 0.048600
v 0.190682 -0.296993 0.031950
v 0.190682 -0.292643 0.044400
v 0.190682 -0.301193 0.031950
v 0.190682 -0.292643 0.048600
v 0.192000 -0.297443 0.031050
v 0.192000 -0.300743 0.031050
v 0.190682 -0.297443 0.031050
v 0.190682 -0.300743 0.031050
v 0.184318 -0.296993 0.031950
v 0.184318 -0.292643 0.044400
v 0.184318 -0.301193 0.031950
v 0.184318 -0.292643 0.048600
v 0.183000 -0.296993 0.031950
v 0.183000 -0.292643 0.044400
v 0.183000 -0.301193 0.031950
v 0.183000 -0.292643 0.048600
v 0.184318 -0.297443 0.031050
v 0.184318 -0.300743 0.031050
v 0.183000 -0.297443 0.031050
v 0.183000 -0.300743 0.031050
v 0.192000 -0.297143 0.044400
v 0.192000 -0.301193 0.048600
v 0.190682 -0.301193 0.048600
v 0.190682 -0.297143 0.044400
v 0.184318 -0.297143 0.044400
v 0.184318 -0.301193 0.048600
v 0.183000 -0.301193 0.048600
v 0.183000 -0.297143 0.044400
v -0.189755 -0.057893 0.037691
v -0.189755 -0.117893 0.037691
v -0.192285 -0.057893 0.043800
v -0.189755 -0.057893 0.049909
v -0.192285 -0.117893 0.043800
v -0.189755 -0.117893 0.049909
v -0.183645 -0.057893 0.035160
v -0.177536 -0.057893 0.037691
v -0.183645 -0.117893 0.035160
v -0.177536 -0.117893 0.037691
v -0.183645 -0.057893 0.052440
v -0.175005 -0.057893 0.043800
v -0.177536 -0.057893 0.049909
v -0.175005 -0.117893 0.043800
v -0.183645 -0.117893 0.052440
v -0.177536 -0.117893 0.049909
v -0.188737 -0.056093 0.038709
v -0.188737 -0.057893 0.038709
v -0.190845 -0.056093 0.043800
v -0.188737 -0.056093 0.048891
v -0.190845 -0.057893 0.043800
v -0.188737 -0.057893 0.048891
v -0.183645 -0.056093 0.036600
v -0.178554 -0.056093 0.038709
v -0.183645 -0.057893 0.036600
v -0.178554 -0.057893 0.038709
v -0.183645 -0.056093 0.051000
v -0.176445 -0.056093 0.043800
v -0.178554 -0.056093 0.048891
v -0.176445 -0.057893 0.043800
v -0.183645 -0.057893 0.051000
v -0.178554 -0.057893 0.048891
v -0.187245 -0.052613 0.032160
v -0.187245 -0.056093 0.042120
v -0.187245 -0.049253 0.032160
v -0.187245 -0.056093 0.045480
v -0.186191 -0.052613 0.032160
v -0.186191 -0.056093 0.042120
v -0.186191 -0.049253 0.032160
v -0.186191 -0.056093 0.045480
v -0.187245 -0.052253 0.031440
v -0.187245 -0.049613 0.031440
v -0.186191 -0.052253 0.031440
v -0.186191 -0.049613 0.031440
v -0.181100 -0.052613 0.032160
v -0.181100 -0.056093 0.042120
v -0.181100 -0.049253 0.032160
v -0.181100 -0.056093 0.045480
v -0.180045 -0.052613 0.032160
v -0.180045 -0.056093 0.042120
v -0.180045 -0.049253 0.032160
v -0.180045 -0.056093 0.045480
v -0.181100 -0.052253 0.031440
v -0.181100 -0.049613 0.031440
v -0.180045 -0.052253 0.031440
v -0.180045 -0.049613 0.031440
v -0.187245 -0.052493 0.042120
v -0.187245 -0.049253 0.045480
v -0.186191 -0.049253 0.045480
v -0.186191 -0.052493 0.042120
v -0.181100 -0.052493 0.042120
v -0.181100 -0.049253 0.045480
v -0.180045 -0.049253 0.045480
v -0.180045 -0.052493 0.042120
v -0.178554 -0.119693 0.038709
v -0.178554 -0.117893 0.038709
v -0.176445 -0.119693 0.043800
v -0.178554 -0.119693 0.048891
v -0.176445 -0.117893 0.043800
v -0.178554 -0.117893 0.048891
v -0.183645 -0.119693 0.036600
v -0.188737 -0.119693 0.038709
v -0.183645 -0.117893 0.036600
v -0.188737 -0.117893 0.038709
v -0.183645 -0.119693 0.051000
v -0.190845 -0.119693 0.043800
v -0.188737 -0.119693 0.048891
v -0.190845 -0.117893 0.043800
v -0.183645 -0.117893 0.051000
v -0.188737 -0.117893 0.048891
v -0.180045 -0.123173 0.032160
v -0.180045 -0.119693 0.042120
v -0.180045 -0.126533 0.032160
v -0.180045 -0.119693 0.045480
v -0.181100 -0.123173 0.032160
v -0.181100 -0.119693 0.042120
v -0.181100 -0.126533 0.032160
v -0.181100 -0.119693 0.045480
v -0.180045 -0.123533 0.031440
v -0.180045 -0.126173 0.031440
v -0.181100 -0.123533 0.031440
v -0.181100 -0.126173 0.031440
v -0.186191 -0.123173 0.032160
v -0.186191 -0.119693 0.042120
v -0.186191 -0.126533 0.032160
v -0.186191 -0.119693 0.045480
v -0.187245 -0.123173 0.032160
v -0.187245 -0.119693 0.042120
v -0.187245 -0.126533 0.032160
v -0.187245 -0.119693 0.045480
v -0.186191 -0.123533 0.031440
v -0.186191 -0.126173 0.031440
v -0.187245 -0.123533 0.031440
v -0.187245 -0.126173 0.031440
v -0.180045 -0.123293 0.042120
v -0.180045 -0.126533 0.045480
v -0.181100 -0.126533 0.045480
v -0.181100 -0.123293 0.042120
v -0.186191 -0.123293 0.042120
v -0.186191 -0.126533 0.045480
v -0.187245 -0.126533 0.045480
v -0.187245 -0.123293 0.042120
v -0.215282 -0.050393 0.038863
v -0.215282 -0.125393 0.038863
v -0.218446 -0.050393 0.046500
v -0.215282 -0.050393 0.054137
v -0.218446 -0.125393 0.046500
v -0.215282 -0.125393 0.054137
v -0.207646 -0.050393 0.035700
v -0.200009 -0.050393 0.038863
v -0.207646 -0.125393 0.035700
v -0.200009 -0.125393 0.038863
v -0.207646 -0.050393 0.057300
v -0.196846 -0.050393 0.046500
v -0.200009 -0.050393 0.054137
v -0.196846 -0.125393 0.046500
v -0.207646 -0.125393 0.057300
v -0.200009 -0.125393 0.054137
v -0.214009 -0.048143 0.040136
v -0.214009 -0.050393 0.040136
v -0.216646 -0.048143 0.046500
v -0.214009 -0.048143 0.052864
v -0.216646 -0.050393 0.046500
v -0.214009 -0.050393 0.052864
v -0.207646 -0.048143 0.037500
v -0.201282 -0.048143 0.040136
v -0.207646 -0.050393 0.037500
v -0.201282 -0.050393 0.040136
v -0.207646 -0.048143 0.055500
v -0.198646 -0.048143 0.046500
v -0.201282 -0.048143 0.052864
v -0.198646 -0.050393 0.046500
v -0.207646 -0.050393 0.055500
v -0.201282 -0.050393 0.052864
v -0.212146 -0.043793 0.031950
v -0.212146 -0.048143 0.044400
v -0.212146 -0.039593 0.031950
v -0.212146 -0.048143 0.048600
v -0.210827 -0.043793 0.031950
v -0.210827 -0.048143 0.044400
v -0.210827 -0.039593 0.031950
v -0.210827 -0.048143 0.048600
v -0.212146 -0.043343 0.031050
v -0.212146 -0.040043 0.031050
v -0.210827 -0.043343 0.031050
v -0.210827 -0.040043 0.031050
v -0.204464 -0.043793 0.031950
v -0.204464 -0.048143 0.044400
v -0.204464 -0.039593 0.031950
v -0.204464 -0.048143 0.048600
v -0.203146 -0.043793 0.031950
v -0.203146 -0.048143 0.044400
v -0.203146 -0.039593 0.031950
v -0.203146 -0.048143 0.048600
v -0.204464 -0.043343 0.031050
v -0.204464 -0.040043 0.031050
v -0.203146 -0.043343 0.031050
v -0.203146 -0.040043 0.031050
v -0.212146 -0.043643 0.044400
v -0.212146 -0.039593 0.048600
v -0.210827 -0.039593 0.048600
v -0.210827 -0.043643 0.044400
v -0.204464 -0.043643 0.044400
v -0.204464 -0.039593 0.048600
v -0.203146 -0.039593 0.048600
v -0.203146 -0.043643 0.044400
v -0.201282 -0.127643 0.040136
v -0.201282 -0.125393 0.040136
v -0.198646 -0.127643 0.046500
v -0.201282 -0.127643 0.052864
v -0.198646 -0.125393 0.046500
v -0.201282 -0.125393 0.052864
v -0.207646 -0.127643 0.037500
v -0.214009 -0.127643 0.040136
v -0.207646 -0.125393 0.037500
v -0.214009 -0.125393 0.040136
v -0.207646 -0.127643 0.055500
v -0.216646 -0.127643 0.046500
v -0.214009 -0.127643 0.052864
v -0.216646 -0.125393 0.046500
v -0.207646 -0.125393 0.055500
v -0.214009 -0.125393 0.052864
v -0.203146 -0.131993 0.031950
v -0.203146 -0.127643 0.044400
v -0.203146 -0.136193 0.031950
v -0.203146 -0.127643 0.048600
v -0.204464 -0.131993 0.031950
v -0.204464 -0.127643 0.044400
v -0.204464 -0.136193 0.031950
v -0.204464 -0.127643 0.048600
v -0.203146 -0.132443 0.031050
v -0.203146 -0.135743 0.031050
v -0.204464 -0.132443 0.031050
v -0.204464 -0.135743 0.031050
v -0.210827 -0.131993 0.031950
v -0.210827 -0.127643 0.044400
v -0.210827 -0.136193 0.031950
v -0.210827 -0.127643 0.048600
v -0.212146 -0.131993 0.031950
v -0.212146 -0.127643 0.044400
v -0.212146 -0.136193 0.031950
v -0.212146 -0.127643 0.048600
v -0.210827 -0.132443 0.031050
v -0.210827 -0.135743 0.031050
v -0.212146 -0.132443 0.031050
v -0.212146 -0.135743 0.031050
v -0.203146 -0.132143 0.044400
v -0.203146 -0.136193 0.048600
v -0.204464 -0.136193 0.048600
v -0.204464 -0.132143 0.044400
v -0.210827 -0.132143 0.044400
v -0.210827 -0.136193 0.048600
v -0.212146 -0.136193 0.048600
v -0.212146 -0.132143 0.044400
v -0.191188 -0.169216 0.038863
v -0.191188 -0.244216 0.038863
v -0.194351 -0.169216 0.046500
v -0.191188 -0.169216 0.054137
v -0.194351 -0.244216 0.046500
v -0.191188 -0.244216 0.054137
v -0.183551 -0.169216 0.035700
v -0.175914 -0.169216 0.038863
v -0.183551 -0.244216 0.035700
v -0.175914 -0.244216 0.038863
v -0.183551 -0.169216 0.057300
v -0.172751 -0.169216 0.046500
v -0.175914 -0.169216 0.054137
v -0.172751 -0.244216 0.046500
v -0.183551 -0.244216 0.057300
v -0.175914 -0.244216 0.054137
v -0.189915 -0.166966 0.040136
v -0.189915 -0.169216 0.040136
v -0.192551 -0.166966 0.046500
v -0.189915 -0.166966 0.052864
v -0.192551 -0.169216 0.046500
v -0.189915 -0.169216 0.052864
v -0.183551 -0.166966 0.037500
v -0.177187 -0.166966 0.040136
v -0.183551 -0.169216 0.037500
v -0.177187 -0.169216 0.040136
v -0.183551 -0.166966 0.055500
v -0.174551 -0.166966 0.046500
v -0.177187 -0.166966 0.052864
v -0.174551 -0.169216 0.046500
v -0.183551 -0.169216 0.055500
v -0.177187 -0.169216 0.052864
v -0.188051 -0.162616 0.031950
v -0.188051 -0.166966 0.044400
v -0.188051 -0.158416 0.031950
v -0.188051 -0.166966 0.048600
v -0.186733 -0.162616 0.031950
v -0.186733 -0.166966 0.044400
v -0.186733 -0.158416 0.031950
v -0.186733 -0.166966 0.048600
v -0.188051 -0.162166 0.031050
v -0.188051 -0.158866 0.031050
v -0.186733 -0.162166 0.031050
v -0.186733 -0.158866 0.031050
v -0.180369 -0.162616 0.031950
v -0.180369 -0.166966 0.044400
v -0.180369 -0.158416 0.031950
v -0.180369 -0.166966 0.048600
v -0.179051 -0.162616 0.031950
v -0.179051 -0.166966 0.044400
v -0.179051 -0.158416 0.031950
v -0.179051 -0.166966 0.048600
v -0.180369 -0.162166 0.031050
v -0.180369 -0.158866 0.031050
v -0.179051 -0.162166 0.031050
v -0.179051 -0.158866 0.031050
v -0.188051 -0.162466 0.044400
v -0.188051 -0.158416 0.048600
v -0.186733 -0.158416 0.048600
v -0.186733 -0.162466 0.044400
v -0.180369 -0.162466 0.044400
v -0.180369 -0.158416 0.048600
v -0.179051 -0.158416 0.048600
v -0.179051 -0.162466 0.044400
v -0.177187 -0.246466 0.040136
v -0.177187 -0.244216 0.040136
v -0.174551 -0.246466 0.046500
v -0.177187 -0.246466 0.052864
v -0.174551 -0.244216 0.046500
v -0.177187 -0.244216 0.052864
v -0.183551 -0.246466 0.037500
v -0.189915 -0.246466 0.040136
v -0.183551 -0.244216 0.037500
v -0.189915 -0.244216 0.040136
v -0.183551 -0.246466 0.055500
v -0.192551 -0.246466 0.046500
v -0.189915 -0.246466 0.052864
v -0.192551 -0.244216 0.046500
v -0.183551 -0.244216 0.055500
v -0.189915 -0.244216 0.052864
v -0.179051 -0.250816 0.031950
v -0.179051 -0.246466 0.044400
v -0.179051 -0.255016 0.031950
v -0.179051 -0.246466 0.048600
v -0.180369 -0.250816 0.031950
v -0.180369 -0.246466 0.044400
v -0.180369 -0.255016 0.031950
v -0.180369 -0.246466 0.048600
v -0.179051 -0.251266 0.031050
v -0.179051 -0.254566 0.031050
v -0.180369 -0.251266 0.031050
v -0.180369 -0.254566 0.031050
v -0.186733 -0.250816 0.031950
v -0.186733 -0.246466 0.044400
v -0.186733 -0.255016 0.031950
v -0.186733 -0.246466 0.048600
v -0.188051 -0.250816 0.031950
v -0.188051 -0.246466 0.044400
v -0.188051 -0.255016 0.031950
v -0.188051 -0.246466 0.048600
v -0.186733 -0.251266 0.031050
v -0.186733 -0.254566 0.031050
v -0.188051 -0.251266 0.031050
v -0.188051 -0.254566 0.031050
v -0.179051 -0.250966 0.044400
v -0.179051 -0.255016 0.048600
v -0.180369 -0.255016 0.048600
v -0.180369 -0.250966 0.044400
v -0.186733 -0.250966 0.044400
v -0.186733 -0.255016 0.048600
v -0.188051 -0.255016 0.048600
v -0.188051 -0.250966 0.044400
v -0.215188 -0.169216 0.038863
v -0.215188 -0.244216 0.038863
v -0.218351 -0.169216 0.046500
v -0.215188 -0.169216 0.054137
v -0.218351 -0.244216 0.046500
v -0.215188 -0.244216 0.054137
v -0.207551 -0.169216 0.035700
v -0.199914 -0.169216 0.038863
v -0.207551 -0.244216 0.035700
v -0.199914 -0.244216 0.038863
v -0.207551 -0.169216 0.057300
v -0.196751 -0.169216 0.046500
v -0.199914 -0.169216 0.054137
v -0.196751 -0.244216 0.046500
v -0.207551 -0.244216 0.057300
v -0.199914 -0.244216 0.054137
v -0.213915 -0.166966 0.040136
v -0.213915 -0.169216 0.040136
v -0.216551 -0.166966 0.046500
v -0.213915 -0.166966 0.052864
v -0.216551 -0.169216 0.046500
v -0.213915 -0.169216 0.052864
v -0.207551 -0.166966 0.037500
v -0.201187 -0.166966 0.040136
v -0.207551 -0.169216 0.037500
v -0.201187 -0.169216 0.040136
v -0.207551 -0.166966 0.055500
v -0.198551 -0.166966 0.046500
v -0.201187 -0.166966 0.052864
v -0.198551 -0.169216 0.046500
v -0.207551 -0.169216 0.055500
v -0.201187 -0.169216 0.052864
v -0.212051 -0.162616 0.031950
v -0.212051 -0.166966 0.044400
v -0.212051 -0.158416 0.031950
v -0.212051 -0.166966 0.048600
v -0.210733 -0.162616 0.031950
v -0.210733 -0.166966 0.044400
v -0.210733 -0.158416 0.031950
v -0.210733 -0.166966 0.048600
v -0.212051 -0.162166 0.031050
v -0.212051 -0.158866 0.031050
v -0.210733 -0.162166 0.031050
v -0.210733 -0.158866 0.031050
v -0.204369 -0.162616 0.031950
v -0.204369 -0.166966 0.044400
v -0.204369 -0.158416 0.031950
v -0.204369 -0.166966 0.048600
v -0.203051 -0.162616 0.031950
v -0.203051 -0.166966 0.044400
v -0.203051 -0.158416 0.031950
v -0.203051 -0.166966 0.048600
v -0.204369 -0.162166 0.031050
v -0.204369 -0.158866 0.031050
v -0.203051 -0.162166 0.031050
v -0.203051 -0.158866 0.031050
v -0.212051 -0.162466 0.044400
v -0.212051 -0.158416 0.048600
v -0.210733 -0.158416 0.048600
v -0.210733 -0.162466 0.044400
v -0.204369 -0.162466 0.044400
v -0.204369 -0.158416 0.048600
v -0.203051 -0.158416 0.048600
v -0.203051 -0.162466 0.044400
v -0.201187 -0.246466 0.040136
v -0.201187 -0.244216 0.040136
v -0.198551 -0.246466 0.046500
v -0.201187 -0.246466 0.052864
v -0.198551 -0.244216 0.046500
v -0.201187 -0.244216 0.052864
v -0.207551 -0.246466 0.037500
v -0.213915 -0.246466 0.040136
v -0.207551 -0.244216 0.037500
v -0.213915 -0.244216 0.040136
v -0.207551 -0.246466 0.055500
v -0.216551 -0.246466 0.046500
v -0.213915 -0.246466 0.052864
v -0.216551 -0.244216 0.046500
v -0.207551 -0.244216 0.055500
v -0.213915 -0.244216 0.052864
v -0.203051 -0.250816 0.031950
v -0.203051 -0.246466 0.044400
v -0.203051 -0.255016 0.031950
v -0.203051 -0.246466 0.048600
v -0.204369 -0.250816 0.031950
v -0.204369 -0.246466 0.044400
v -0.204369 -0.255016 0.031950
v -0.204369 -0.246466 0.048600
v -0.203051 -0.251266 0.031050
v -0.203051 -0.254566 0.031050
v -0.204369 -0.251266 0.031050
v -0.204369 -0.254566 0.031050
v -0.210733 -0.250816 0.031950
v -0.210733 -0.246466 0.044400
v -0.210733 -0.255016 0.031950
v -0.210733 -0.246466 0.048600
v -0.212051 -0.250816 0.031950
v -0.212051 -0.246466 0.044400
v -0.212051 -0.255016 0.031950
v -0.212051 -0.246466 0.048600
v -0.210733 -0.251266 0.031050
v -0.210733 -0.254566 0.031050
v -0.212051 -0.251266 0.031050
v -0.212051 -0.254566 0.031050
v -0.203051 -0.250966 0.044400
v -0.203051 -0.255016 0.048600
v -0.204369 -0.255016 0.048600
v -0.204369 -0.250966 0.044400
v -0.210733 -0.250966 0.044400
v -0.210733 -0.255016 0.048600
v -0.212051 -0.255016 0.048600
v -0.212051 -0.250966 0.044400
v 0.184279 -0.050393 0.041918
v 0.184279 -0.095393 0.041918
v 0.182381 -0.050393 0.046500
v 0.184279 -0.050393 0.051082
v 0.182381 -0.095393 0.046500
v 0.184279 -0.095393 0.051082
v 0.188861 -0.050393 0.040020
v 0.193444 -0.050393 0.041918
v 0.188861 -0.095393 0.040020
v 0.193444 -0.095393 0.041918
v 0.188861 -0.050393 0.052980
v 0.195341 -0.050393 0.046500
v 0.193444 -0.050393 0.051082
v 0.195341 -0.095393 0.046500
v 0.188861 -0.095393 0.052980
v 0.193444 -0.095393 0.051082
v 0.185043 -0.049043 0.042682
v 0.185043 -0.050393 0.042682
v 0.183461 -0.049043 0.046500
v 0.185043 -0.049043 0.050319
v 0.183461 -0.050393 0.046500
v 0.185043 -0.050393 0.050319
v 0.188861 -0.049043 0.041100
v 0.192680 -0.049043 0.042682
v 0.188861 -0.050393 0.041100
v 0.192680 -0.050393 0.042682
v 0.188861 -0.049043 0.051900
v 0.194261 -0.049043 0.046500
v 0.192680 -0.049043 0.050319
v 0.194261 -0.050393 0.046500
v 0.188861 -0.050393 0.051900
v 0.192680 -0.050393 0.050319
v 0.186161 -0.046433 0.037770
v 0.186161 -0.049043 0.045240
v 0.186161 -0.043913 0.037770
v 0.186161 -0.049043 0.047760
v 0.186952 -0.046433 0.037770
v 0.186952 -0.049043 0.045240
v 0.186952 -0.043913 0.037770
v 0.186952 -0.049043 0.047760
v 0.186161 -0.046163 0.037230
v 0.186161 -0.044183 0.037230
v 0.186952 -0.046163 0.037230
v 0.186952 -0.044183 0.037230
v 0.190771 -0.046433 0.037770
v 0.190771 -0.049043 0.045240
v 0.190771 -0.043913 0.037770
v 0.190771 -0.049043 0.047760
v 0.191561 -0.046433 0.037770
v 0.191561 -0.049043 0.045240
v 0.191561 -0.043913 0.037770
v 0.191561 -0.049043 0.047760
v 0.190771 -0.046163 0.037230
v 0.190771 -0.044183 0.037230
v 0.191561 -0.046163 0.037230
v 0.191561 -0.044183 0.037230
v 0.186161 -0.046343 0.045240
v 0.186161 -0.043913 0.047760
v 0.186952 -0.043913 0.047760
v 0.186952 -0.046343 0.045240
v 0.190771 -0.046343 0.045240
v 0.190771 -0.043913 0.047760
v 0.191561 -0.043913 0.047760
v 0.191561 -0.046343 0.045240
v 0.192680 -0.096743 0.042682
v 0.192680 -0.095393 0.042682
v 0.194261 -0.096743 0.046500
v 0.192680 -0.096743 0.050319
v 0.194261 -0.095393 0.046500
v 0.192680 -0.095393 0.050319
v 0.188861 -0.096743 0.041100
v 0.185043 -0.096743 0.042682
v 0.188861 -0.095393 0.041100
v 0.185043 -0.095393 0.042682
v 0.188861 -0.096743 0.051900
v 0.183461 -0.096743 0.046500
v 0.185043 -0.096743 0.050319
v 0.183461 -0.095393 0.046500
v 0.188861 -0.095393 0.051900
v 0.185043 -0.095393 0.050319
v 0.191561 -0.099353 0.037770
v 0.191561 -0.096743 0.045240
v 0.191561 -0.101873 0.037770
v 0.191561 -0.096743 0.047760
v 0.190771 -0.099353 0.037770
v 0.190771 -0.096743 0.045240
v 0.190771 -0.101873 0.037770
v 0.190771 -0.096743 0.047760
v 0.191561 -0.099623 0.037230
v 0.191561 -0.101603 0.037230
v 0.190771 -0.099623 0.037230
v 0.190771 -0.101603 0.037230
v 0.186952 -0.099353 0.037770
v 0.186952 -0.096743 0.045240
v 0.186952 -0.101873 0.037770
v 0.186952 -0.096743 0.047760
v 0.186161 -0.099353 0.037770
v 0.186161 -0.096743 0.045240
v 0.186161 -0.101873 0.037770
v 0.186161 -0.096743 0.047760
v 0.186952 -0.099623 0.037230
v 0.186952 -0.101603 0.037230
v 0.186161 -0.099623 0.037230
v 0.186161 -0.101603 0.037230
v 0.191561 -0.099443 0.045240
v 0.191561 -0.101873 0.047760
v 0.190771 -0.101873 0.047760
v 0.190771 -0.099443 0.045240
v 0.186952 -0.099443 0.045240
v 0.186952 -0.101873 0.047760
v 0.186161 -0.101873 0.047760
v 0.186161 -0.099443 0.045240
v 0.205049 -0.035393 0.038863
v 0.205049 -0.110393 0.038863
v 0.201886 -0.035393 0.046500
v 0.205049 -0.035393 0.054137
v 0.201886 -0.110393 0.046500
v 0.205049 -0.110393 0.054137
v 0.212686 -0.035393 0.035700
v 0.220323 -0.035393 0.038863
v 0.212686 -0.110393 0.035700
v 0.220323 -0.110393 0.038863
v 0.212686 -0.035393 0.057300
v 0.223486 -0.035393 0.046500
v 0.220323 -0.035393 0.054137
v 0.223486 -0.110393 0.046500
v 0.212686 -0.110393 0.057300
v 0.220323 -0.110393 0.054137
v 0.206322 -0.033143 0.040136
v 0.206322 -0.035393 0.040136
v 0.203686 -0.033143 0.046500
v 0.206322 -0.033143 0.052864
v 0.203686 -0.035393 0.046500
v 0.206322 -0.035393 0.052864
v 0.212686 -0.033143 0.037500
v 0.219050 -0.033143 0.040136
v 0.212686 -0.035393 0.037500
v 0.219050 -0.035393 0.040136
v 0.212686 -0.033143 0.055500
v 0.221686 -0.033143 0.046500
v 0.219050 -0.033143 0.052864
v 0.221686 -0.035393 0.046500
v 0.212686 -0.035393 0.055500
v 0.219050 -0.035393 0.052864
v 0.208186 -0.028793 0.031950
v 0.208186 -0.033143 0.044400
v 0.208186 -0.024593 0.031950
v 0.208186 -0.033143 0.048600
v 0.209504 -0.028793 0.031950
v 0.209504 -0.033143 0.044400
v 0.209504 -0.024593 0.031950
v 0.209504 -0.033143 0.048600
v 0.208186 -0.028343 0.031050
v 0.208186 -0.025043 0.031050
v 0.209504 -0.028343 0.031050
v 0.209504 -0.025043 0.031050
v 0.215868 -0.028793 0.031950
v 0.215868 -0.033143 0.044400
v 0.215868 -0.024593 0.031950
v 0.215868 -0.033143 0.048600
v 0.217186 -0.028793 0.031950
v 0.217186 -0.033143 0.044400
v 0.217186 -0.024593 0.031950
v 0.217186 -0.033143 0.048600
v 0.215868 -0.028343 0.031050
v 0.215868 -0.025043 0.031050
v 0.217186 -0.028343 0.031050
v 0.217186 -0.025043 0.031050
v 0.208186 -0.028643 0.044400
v 0.208186 -0.024593 0.048600
v 0.209504 -0.024593 0.048600
v 0.209504 -0.028643 0.044400
v 0.215868 -0.028643 0.044400
v 0.215868 -0.024593 0.048600
v 0.217186 -0.024593 0.048600
v 0.217186 -0.028643 0.044400
v 0.219050 -0.112643 0.040136
v 0.219050 -0.110393 0.040136
v 0.221686 -0.112643 0.046500
v 0.219050 -0.112643 0.052864
v 0.221686 -0.110393 0.046500
v 0.219050 -0.110393 0.052864
v 0.212686 -0.112643 0.037500
v 0.206322 -0.112643 0.040136
v 0.212686 -0.110393 0.037500
v 0.206322 -0.110393 0.040136
v 0.212686 -0.112643 0.055500
v 0.203686 -0.112643 0.046500
v 0.206322 -0.112643 0.052864
v 0.203686 -0.110393 0.046500
v 0.212686 -0.110393 0.055500
v 0.206322 -0.110393 0.052864
v 0.217186 -0.116993 0.031950
v 0.217186 -0.112643 0.044400
v 0.217186 -0.121193 0.031950
v 0.217186 -0.112643 0.048600
v 0.215868 -0.116993 0.031950
v 0.215868 -0.112643 0.044400
v 0.215868 -0.121193 0.031950
v 0.215868 -0.112643 0.048600
v 0.217186 -0.117443 0.031050
v 0.217186 -0.120743 0.031050
v 0.215868 -0.117443 0.031050
v 0.215868 -0.120743 0.031050
v 0.209504 -0.116993 0.031950
v 0.209504 -0.112643 0.044400
v 0.209504 -0.121193 0.031950
v 0.209504 -0.112643 0.048600
v 0.208186 -0.116993 0.031950
v 0.208186 -0.112643 0.044400
v 0.208186 -0.121193 0.031950
v 0.208186 -0.112643 0.048600
v 0.209504 -0.117443 0.031050
v 0.209504 -0.120743 0.031050
v 0.208186 -0.117443 0.031050
v 0.208186 -0.120743 0.031050
v 0.217186 -0.117143 0.044400
v 0.217186 -0.121193 0.048600
v 0.215868 -0.121193 0.048600
v 0.215868 -0.117143 0.044400
v 0.209504 -0.117143 0.044400
v 0.209504 -0.121193 0.048600
v 0.208186 -0.121193 0.048600
v 0.208186 -0.117143 0.044400
v -0.163800 0.016861 0.031860
v -0.196200 0.016861 0.031860
v -0.163800 0.012001 0.027000
v -0.196200 0.012001 0.027000
v -0.163800 0.012001 0.032700
v -0.196200 0.012001 0.032700
v -0.196200 0.012001 0.037200
v -0.163800 0.012001 0.037200
v -0.163800 0.044401 0.031860
v -0.171900 0.052501 0.031860
v -0.188100 0.052501 0.031860
v -0.196200 0.044401 0.031860
v -0.171900 0.052501 0.027000
v -0.163800 0.044401 0.027000
v -0.196200 0.044401 0.027000
v -0.188100 0.052501 0.027000
v -0.183979 0.025761 0.036264
v -0.176454 0.025433 0.036264
v -0.189068 0.031315 0.036264
v -0.170900 0.030521 0.036264
v -0.170572 0.038047 0.036264
v -0.175660 0.043600 0.036264
v -0.188739 0.038840 0.036264
v -0.183186 0.043929 0.036264
v -0.183979 0.025761 0.031860
v -0.176454 0.025433 0.031860
v -0.189068 0.031315 0.031860
v -0.170900 0.030521 0.031860
v -0.170572 0.038047 0.031860
v -0.188739 0.038840 0.031860
v -0.175660 0.043600 0.031860
v -0.183186 0.043929 0.031860
v -0.172800 -0.002999 0.032700
v -0.163800 0.006001 0.032700
v -0.196200 0.006001 0.032700
v -0.187200 -0.002999 0.032700
v -0.187200 -0.002999 0.037200
v -0.196200 0.006001 0.037200
v -0.163800 0.006001 0.037200
v -0.172800 -0.002999 0.037200
v 0.196200 0.016861 0.031860
v 0.163800 0.016861 0.031860
v 0.196200 0.012001 0.027000
v 0.163800 0.012001 0.027000
v 0.196200 0.012001 0.032700
v 0.163800 0.012001 0.032700
v 0.163800 0.012001 0.037200
v 0.196200 0.012001 0.037200
v 0.196200 0.044401 0.031860
v 0.188100 0.052501 0.031860
v 0.171900 0.052501 0.031860
v 0.163800 0.044401 0.031860
v 0.188100 0.052501 0.027000
v 0.196200 0.044401 0.027000
v 0.163800 0.044401 0.027000
v 0.171900 0.052501 0.027000
v 0.189428 0.031315 0.036264
v 0.189100 0.038840 0.036264
v 0.184339 0.025762 0.036264
v 0.183546 0.043929 0.036264
v 0.176021 0.043600 0.036264
v 0.170932 0.038047 0.036264
v 0.176814 0.025433 0.036264
v 0.171261 0.030522 0.036264
v 0.189428 0.031315 0.031860
v 0.189099 0.038840 0.031860
v 0.184339 0.025761 0.031860
v 0.183546 0.043929 0.031860
v 0.176021 0.043600 0.031860
v 0.176814 0.025433 0.031860
v 0.170932 0.038047 0.031860
v 0.171261 0.030522 0.031860
v 0.187200 -0.002999 0.032700
v 0.196200 0.006001 0.032700
v 0.163800 0.006001 0.032700
v 0.172800 -0.002999 0.032700
v 0.172800 -0.002999 0.037200
v 0.163800 0.006001 0.037200
v 0.196200 0.006001 0.037200
v 0.187200 -0.002999 0.037200
v 0.163800 -0.352860 0.031860
v 0.196200 -0.352860 0.031860
v 0.163800 -0.348000 0.027000
v 0.196200 -0.348000 0.027000
v 0.163800 -0.348000 0.032700
v 0.196200 -0.348000 0.032700
v 0.196200 -0.348000 0.037200
v 0.163800 -0.348000 0.037200
v 0.163800 -0.380400 0.031860
v 0.171900 -0.388500 0.031860
v 0.188100 -0.388500 0.031860
v 0.196200 -0.380400 0.031860
v 0.171900 -0.388500 0.027000
v 0.163800 -0.380400 0.027000
v 0.196200 -0.380400 0.027000
v 0.188100 -0.388500 0.027000
v 0.183978 -0.361760 0.036264
v 0.176453 -0.361431 0.036264
v 0.189067 -0.367313 0.036264
v 0.170900 -0.366520 0.036264
v 0.170571 -0.374045 0.036264
v 0.175660 -0.379599 0.036264
v 0.188739 -0.374838 0.036264
v 0.183185 -0.379927 0.036264
v 0.183978 -0.361760 0.031860
v 0.176453 -0.361431 0.031860
v 0.189067 -0.367313 0.031860
v 0.170900 -0.366520 0.031860
v 0.170571 -0.374045 0.031860
v 0.188739 -0.374838 0.031860
v 0.175660 -0.379599 0.031860
v 0.183185 -0.379927 0.031860
v 0.172800 -0.333000 0.032700
v 0.163800 -0.342000 0.032700
v 0.196200 -0.342000 0.032700
v 0.187200 -0.333000 0.032700
v 0.187200 -0.333000 0.037200
v 0.196200 -0.342000 0.037200
v 0.163800 -0.342000 0.037200
v 0.172800 -0.333000 0.037200
v -0.196200 -0.352860 0.031860
v -0.163800 -0.352860 0.031860
v -0.196200 -0.348000 0.027000
v -0.163800 -0.348000 0.027000
v -0.196200 -0.348000 0.032700
v -0.163800 -0.348000 0.032700
v -0.163800 -0.348000 0.037200
v -0.196200 -0.348000 0.037200
v -0.196200 -0.380400 0.031860
v -0.188100 -0.388500 0.031860
v -0.171900 -0.388500 0.031860
v -0.163800 -0.380400 0.031860
v -0.188100 -0.388500 0.027000
v -0.196200 -0.380400 0.027000
v -0.163800 -0.380400 0.027000
v -0.171900 -0.388500 0.027000
v -0.189428 -0.367314 0.036264
v -0.189100 -0.374839 0.036264
v -0.184340 -0.361760 0.036264
v -0.183546 -0.379928 0.036264
v -0.176021 -0.379599 0.036264
v -0.170932 -0.374046 0.036264
v -0.176814 -0.361432 0.036264
v -0.171261 -0.366521 0.036264
v -0.189428 -0.367314 0.031860
v -0.189100 -0.374839 0.031860
v -0.184340 -0.361760 0.031860
v -0.183546 -0.379928 0.031860
v -0.176021 -0.379599 0.031860
v -0.176814 -0.361432 0.031860
v -0.170932 -0.374046 0.031860
v -0.171261 -0.366521 0.031860
v -0.187200 -0.333000 0.032700
v -0.196200 -0.342000 0.032700
v -0.163800 -0.342000 0.032700
v -0.172800 -0.333000 0.032700
v -0.172800 -0.333000 0.037200
v -0.163800 -0.342000 0.037200
v -0.196200 -0.342000 0.037200
v -0.187200 -0.333000 0.037200
v -0.021130 -0.004072 0.039637
v -0.016930 -0.004072 0.039637
v -0.014830 -0.004072 0.036000
v -0.016930 -0.004072 0.032363
v -0.021130 -0.004072 0.032363
v -0.023230 -0.004072 0.036000
v -0.023779 0.003868 0.039637
v -0.020171 0.006017 0.039637
v -0.018366 0.007091 0.036000
v -0.020171 0.006017 0.032363
v -0.023779 0.003868 0.032363
v -0.025584 0.002794 0.036000
v -0.031461 0.011922 0.039637
v -0.028743 0.015124 0.039637
v -0.027384 0.016725 0.036000
v -0.028743 0.015124 0.032363
v -0.031461 0.011922 0.032363
v -0.032821 0.010322 0.036000
v -0.043434 0.020021 0.039637
v -0.041265 0.023618 0.039637
v -0.040181 0.025416 0.036000
v -0.041265 0.023618 0.032363
v -0.043434 0.020021 0.032363
v -0.044519 0.018223 0.036000
v -0.058599 0.028104 0.039637
v -0.056713 0.031857 0.039637
v -0.055770 0.033734 0.036000
v -0.056713 0.031857 0.032363
v -0.058599 0.028104 0.032363
v -0.059542 0.026228 0.036000
v -0.129310 0.062461 0.039637
v -0.127152 0.066064 0.039637
v -0.126073 0.067866 0.036000
v -0.127152 0.066064 0.032363
v -0.129310 0.062461 0.032363
v -0.130390 0.060660 0.036000
v -0.144200 0.072337 0.039637
v -0.141607 0.075641 0.039637
v -0.140311 0.077293 0.036000
v -0.141607 0.075641 0.032363
v -0.144200 0.072337 0.032363
v -0.145497 0.070685 0.036000
v -0.155887 0.083143 0.039637
v -0.152641 0.085809 0.039637
v -0.151018 0.087142 0.036000
v -0.152641 0.085809 0.032363
v -0.155887 0.083143 0.032363
v -0.157509 0.081810 0.036000
v -0.163232 0.095179 0.039637
v -0.159268 0.096568 0.039637
v -0.157286 0.097262 0.036000
v -0.159268 0.096568 0.032363
v -0.163232 0.095179 0.032363
v -0.165214 0.094485 0.036000
v -0.164886 0.108574 0.039637
v -0.160715 0.108087 0.039637
v -0.158629 0.107844 0.036000
v -0.160715 0.108087 0.032363
v -0.164886 0.108574 0.032363
v -0.166972 0.108817 0.036000
v -0.007057 -0.004069 0.039638
v -0.002857 -0.004075 0.039638
v -0.000757 -0.004078 0.036000
v -0.002857 -0.004075 0.032363
v -0.007057 -0.004069 0.032363
v -0.009157 -0.004066 0.036000
v -0.008106 0.004544 0.039542
v -0.004016 0.005502 0.039532
v -0.001963 0.005908 0.035891
v -0.004000 0.005356 0.032259
v -0.008089 0.004398 0.032269
v -0.010142 0.003992 0.035910
v -0.011032 0.012818 0.039288
v -0.007197 0.014531 0.039257
v -0.005254 0.015263 0.035606
v -0.007146 0.014282 0.031987
v -0.010981 0.012570 0.032018
v -0.012924 0.011838 0.035669
v -0.015475 0.020923 0.038926
v -0.011900 0.023127 0.038874
v -0.010073 0.024078 0.035214
v -0.011821 0.022826 0.031606
v -0.015396 0.020622 0.031658
v -0.017223 0.019670 0.035318
v -0.040478 0.054197 0.037449
v -0.037031 0.056596 0.037383
v -0.035319 0.057713 0.033714
v -0.037055 0.056431 0.030110
v -0.040501 0.054032 0.030176
v -0.042213 0.052915 0.033845
v -0.046450 0.063413 0.037348
v -0.042811 0.065508 0.037285
v -0.041040 0.066531 0.033617
v -0.042908 0.065459 0.030011
v -0.046547 0.063364 0.030074
v -0.048319 0.062341 0.033743
v -0.051459 0.073285 0.037468
v -0.047588 0.074913 0.037399
v -0.045740 0.075781 0.033728
v -0.047763 0.075022 0.030127
v -0.051634 0.073394 0.030196
v -0.053482 0.072525 0.033867
v -0.055063 0.083960 0.037866
v -0.050983 0.084955 0.037773
v -0.049064 0.085606 0.034094
v -0.051225 0.085263 0.030509
v -0.055304 0.084268 0.030602
v -0.057223 0.083617 0.034281
v -0.056819 0.095568 0.038599
v -0.052628 0.095807 0.038458
v -0.050670 0.096194 0.034762
v -0.052902 0.096343 0.031208
v -0.057093 0.096104 0.031349
v -0.059051 0.095717 0.035045
v -0.056291 0.108222 0.039720
v -0.052132 0.107673 0.039510
v -0.050185 0.107782 0.035790
v -0.052397 0.108439 0.032280
v -0.056556 0.108988 0.032491
v -0.058503 0.108879 0.036211
v 0.006624 -0.004032 0.039638
v 0.010823 -0.004111 0.039638
v 0.012923 -0.004150 0.036000
v 0.010823 -0.004111 0.032363
v 0.006624 -0.004032 0.032363
v 0.004524 -0.003993 0.036000
v 0.007817 0.005477 0.039533
v 0.011915 0.004557 0.039542
v 0.013955 0.004024 0.035909
v 0.011897 0.004411 0.032268
v 0.007799 0.005331 0.032260
v 0.005759 0.005864 0.035892
v 0.010754 0.014453 0.039259
v 0.014640 0.012860 0.039287
v 0.016558 0.011938 0.035666
v 0.014589 0.012609 0.032017
v 0.010703 0.014202 0.031989
v 0.008786 0.015124 0.035610
v 0.015012 0.023015 0.038876
v 0.018679 0.020967 0.038924
v 0.020474 0.019789 0.035314
v 0.018601 0.020659 0.031656
v 0.014935 0.022707 0.031609
v 0.013140 0.023885 0.035219
v 0.047176 0.074749 0.037402
v 0.051090 0.073229 0.037465
v 0.053129 0.072528 0.033861
v 0.051254 0.073348 0.030193
v 0.047339 0.074868 0.030130
v 0.045300 0.075569 0.033735
v 0.050368 0.084848 0.037778
v 0.054457 0.083889 0.037862
v 0.056612 0.083566 0.034272
v 0.054680 0.084202 0.030597
v 0.050592 0.085162 0.030513
v 0.048436 0.085485 0.034103
v 0.052055 0.095790 0.038466
v 0.056242 0.095487 0.038592
v 0.058464 0.095601 0.035029
v 0.056499 0.096017 0.031341
v 0.052311 0.096320 0.031215
v 0.050090 0.096206 0.034778
v 0.051897 0.107765 0.039523
v 0.056076 0.108146 0.039709
v 0.058292 0.108711 0.036186
v 0.056329 0.108896 0.032478
v 0.052150 0.108515 0.032292
v 0.049934 0.107950 0.035815
v 0.020238 -0.004003 0.039638
v 0.024436 -0.004140 0.039638
v 0.026535 -0.004209 0.036000
v 0.024436 -0.004140 0.032363
v 0.020238 -0.004003 0.032363
v 0.018139 -0.003934 0.036000
v 0.023749 0.006113 0.039528
v 0.027328 0.003914 0.039547
v 0.029099 0.002755 0.035919
v 0.027292 0.003794 0.032273
v 0.023713 0.005993 0.032255
v 0.021942 0.007152 0.035882
v 0.032442 0.015258 0.039251
v 0.035159 0.012056 0.039297
v 0.036477 0.010369 0.035683
v 0.035078 0.011884 0.032025
v 0.032362 0.015087 0.031979
v 0.031043 0.016774 0.035592
v 0.044956 0.023807 0.038871
v 0.047143 0.020223 0.038933
v 0.048188 0.018338 0.035328
v 0.047044 0.020038 0.031661
v 0.044856 0.023622 0.031600
v 0.043812 0.025507 0.035205
v 0.129086 0.066442 0.037283
v 0.131304 0.062876 0.037351
v 0.132446 0.061044 0.033748
v 0.131371 0.062779 0.030077
v 0.129154 0.066345 0.030009
v 0.128011 0.068177 0.033612
v 0.142866 0.075952 0.037397
v 0.145536 0.072710 0.037471
v 0.146957 0.071079 0.033871
v 0.145709 0.072689 0.030198
v 0.143039 0.075931 0.030125
v 0.141618 0.077562 0.033725
v 0.153122 0.085956 0.037770
v 0.156462 0.083411 0.037871
v 0.158293 0.082205 0.034289
v 0.156783 0.083544 0.030605
v 0.153443 0.086088 0.030504
v 0.151613 0.087294 0.034086
v 0.158921 0.096416 0.038432
v 0.162948 0.095239 0.038623
v 0.165196 0.094863 0.035095
v 0.163416 0.095664 0.031376
v 0.159389 0.096840 0.031185
v 0.157141 0.097216 0.034713
v 0.159575 0.107553 0.039425
v 0.163695 0.108284 0.039787
v 0.165998 0.109062 0.036362
v 0.164182 0.109108 0.032576
v 0.160062 0.108377 0.032214
v 0.157758 0.107599 0.035639
v 0.021478 0.398250 0.032522
v -0.000000 0.398250 0.023625
v 0.030375 0.398250 0.054000
v -0.021479 0.398250 0.032522
v -0.030375 0.398250 0.054000
v -0.021479 0.398250 0.075478
v 0.021478 0.398250 0.075478
v -0.000000 0.398250 0.084375
v 0.021478 0.386100 0.032522
v -0.000000 0.386100 0.023625
v 0.030375 0.386100 0.054000
v -0.021479 0.386100 0.032522
v -0.030375 0.386100 0.054000
v 0.021478 0.386100 0.075478
v -0.021479 0.386100 0.075478
v -0.000000 0.386100 0.084375
v 0.014319 0.414450 0.039681
v -0.000000 0.414450 0.033750
v 0.020250 0.414450 0.054000
v -0.014319 0.414450 0.039681
v -0.020250 0.414450 0.054000
v -0.014319 0.414450 0.068319
v 0.014319 0.414450 0.068319
v -0.000000 0.414450 0.074250
v 0.014319 0.398250 0.039681
v -0.000000 0.398250 0.033750
v 0.020250 0.398250 0.054000
v -0.014319 0.398250 0.039681
v -0.020250 0.398250 0.054000
v 0.014319 0.398250 0.068319
v -0.014319 0.398250 0.068319
v -0.000000 0.398250 0.074250
v 0.108000 0.386100 0.008100
v -0.108000 0.386100 0.008100
v 0.108000 0.378000 -0.000000
v -0.108000 0.378000 -0.000000
v 0.108000 0.378000 0.081000
v 0.094500 0.378000 0.094500
v -0.094500 0.378000 0.094500
v -0.108000 0.378000 0.081000
v 0.094500 0.386100 0.094500
v 0.108000 0.386100 0.081000
v -0.108000 0.386100 0.081000
v -0.094500 0.386100 0.094500
v 0.108000 0.432000 0.008100
v 0.094500 0.445500 0.008100
v -0.094500 0.445500 0.008100
v -0.108000 0.432000 0.008100
v 0.094500 0.445500 0.000000
v 0.108000 0.432000 0.000000
v -0.108000 0.432000 0.000000
v -0.094500 0.445500 -0.000000
v -0.091187 0.402913 0.015255
v -0.078300 0.397575 0.015255
v -0.096525 0.415800 0.015255
v -0.065413 0.402913 0.015255
v -0.060075 0.415800 0.015255
v -0.065413 0.428687 0.015255
v -0.091187 0.428687 0.015255
v -0.078300 0.434025 0.015255
v -0.091187 0.402913 0.007965
v -0.078300 0.397575 0.007965
v -0.096525 0.415800 0.007965
v -0.065413 0.402913 0.007965
v -0.060075 0.415800 0.007965
v -0.091187 0.428687 0.007965
v -0.065413 0.428687 0.007965
v -0.078300 0.434025 0.007965
v -0.086891 0.407209 0.024975
v -0.078300 0.403650 0.024975
v -0.090450 0.415800 0.024975
v -0.069709 0.407209 0.024975
v -0.066150 0.415800 0.024975
v -0.069709 0.424391 0.024975
v -0.086891 0.424391 0.024975
v -0.078300 0.427950 0.024975
v -0.086891 0.407209 0.015255
v -0.078300 0.403650 0.015255
v -0.090450 0.415800 0.015255
v -0.069709 0.407209 0.015255
v -0.066150 0.415800 0.015255
v -0.086891 0.424391 0.015255
v -0.069709 0.424391 0.015255
v -0.078300 0.427950 0.015255
v 0.065413 0.402913 0.015255
v 0.078300 0.397575 0.015255
v 0.060075 0.415800 0.015255
v 0.091187 0.402913 0.015255
v 0.096525 0.415800 0.015255
v 0.091187 0.428687 0.015255
v 0.065413 0.428687 0.015255
v 0.078300 0.434025 0.015255
v 0.065413 0.402913 0.007965
v 0.078300 0.397575 0.007965
v 0.060075 0.415800 0.007965
v 0.091187 0.402913 0.007965
v 0.096525 0.415800 0.007965
v 0.065413 0.428687 0.007965
v 0.091187 0.428687 0.007965
v 0.078300 0.434025 0.007965
v 0.069709 0.407209 0.024975
v 0.078300 0.403650 0.024975
v 0.066150 0.415800 0.024975
v 0.086891 0.407209 0.024975
v 0.090450 0.415800 0.024975
v 0.086891 0.424391 0.024975
v 0.069709 0.424391 0.024975
v 0.078300 0.427950 0.024975
v 0.069709 0.407209 0.015255
v 0.078300 0.403650 0.015255
v 0.066150 0.415800 0.015255
v 0.086891 0.407209 0.015255
v 0.090450 0.415800 0.015255
v 0.069709 0.424391 0.015255
v 0.086891 0.424391 0.015255
v 0.078300 0.427950 0.015255
v 0.048600 0.386100 0.054000
v 0.040500 0.386100 0.054000
v 0.048600 0.386100 0.008100
v 0.040500 0.386100 0.008100
v 0.048600 0.432000 0.008100
v 0.040500 0.432000 0.008100
v -0.040500 0.386100 0.054000
v -0.048600 0.386100 0.054000
v -0.040500 0.386100 0.008100
v -0.048600 0.386100 0.008100
v -0.040500 0.432000 0.008100
v -0.048600 0.432000 0.008100
v -0.021479 -0.452250 0.032522
v -0.000000 -0.452250 0.023625
v -0.030375 -0.452250 0.054000
v 0.021478 -0.452250 0.032522
v 0.030375 -0.452250 0.054000
v 0.021478 -0.452250 0.075478
v -0.021479 -0.452250 0.075478
v -0.000000 -0.452250 0.084375
v -0.021479 -0.440100 0.032522
v -0.000000 -0.440100 0.023625
v -0.030375 -0.440100 0.054000
v 0.021478 -0.440100 0.032522
v 0.030375 -0.440100 0.054000
v -0.021479 -0.440100 0.075478
v 0.021478 -0.440100 0.075478
v -0.000000 -0.440100 0.084375
v -0.014319 -0.468450 0.039681
v -0.000000 -0.468450 0.033750
v -0.020250 -0.468450 0.054000
v 0.014319 -0.468450 0.039681
v 0.020250 -0.468450 0.054000
v 0.014319 -0.468450 0.068319
v -0.014319 -0.468450 0.068319
v -0.000000 -0.468450 0.074250
v -0.014319 -0.452250 0.039681
v -0.000000 -0.452250 0.033750
v -0.020250 -0.452250 0.054000
v 0.014319 -0.452250 0.039681
v 0.020250 -0.452250 0.054000
v -0.014319 -0.452250 0.068319
v 0.014319 -0.452250 0.068319
v -0.000000 -0.452250 0.074250
v -0.108001 -0.440100 0.008100
v 0.107999 -0.440100 0.008100
v -0.108001 -0.432000 0.000000
v 0.107999 -0.432000 0.000000
v -0.108001 -0.432000 0.081000
v -0.094501 -0.432000 0.094500
v 0.094499 -0.432000 0.094500
v 0.107999 -0.432000 0.081000
v -0.094501 -0.440100 0.094500
v -0.108001 -0.440100 0.081000
v 0.107999 -0.440100 0.081000
v 0.094499 -0.440100 0.094500
v -0.108001 -0.486000 0.008100
v -0.094501 -0.499500 0.008100
v 0.094499 -0.499500 0.008100
v 0.107999 -0.486000 0.008100
v -0.094501 -0.499500 0.000000
v -0.108001 -0.486000 0.000000
v 0.107999 -0.486000 0.000000
v 0.094499 -0.499500 0.000000
v 0.091186 -0.456912 0.015255
v 0.078299 -0.451574 0.015255
v 0.096524 -0.469799 0.015255
v 0.065412 -0.456912 0.015255
v 0.060074 -0.469799 0.015255
v 0.065412 -0.482686 0.015255
v 0.091186 -0.482686 0.015255
v 0.078299 -0.488024 0.015255
v 0.091186 -0.456912 0.007965
v 0.078299 -0.451574 0.007965
v 0.096524 -0.469799 0.007965
v 0.065412 -0.456912 0.007965
v 0.060074 -0.469799 0.007965
v 0.091186 -0.482686 0.007965
v 0.065412 -0.482686 0.007965
v 0.078299 -0.488024 0.007965
v 0.086891 -0.461208 0.024975
v 0.078299 -0.457649 0.024975
v 0.090449 -0.469799 0.024975
v 0.069708 -0.461208 0.024975
v 0.066149 -0.469799 0.024975
v 0.069708 -0.478391 0.024975
v 0.086891 -0.478391 0.024975
v 0.078299 -0.481949 0.024975
v 0.086891 -0.461208 0.015255
v 0.078299 -0.457649 0.015255
v 0.090449 -0.469799 0.015255
v 0.069708 -0.461208 0.015255
v 0.066149 -0.469799 0.015255
v 0.086891 -0.478391 0.015255
v 0.069708 -0.478391 0.015255
v 0.078299 -0.481949 0.015255
v -0.065414 -0.456912 0.015255
v -0.078301 -0.451574 0.015255
v -0.060076 -0.469800 0.015255
v -0.091188 -0.456913 0.015255
v -0.096526 -0.469800 0.015255
v -0.091188 -0.482687 0.015255
v -0.065414 -0.482687 0.015255
v -0.078301 -0.488025 0.015255
v -0.065414 -0.456912 0.007965
v -0.078301 -0.451575 0.007965
v -0.060076 -0.469800 0.007965
v -0.091188 -0.456913 0.007965
v -0.096526 -0.469800 0.007965
v -0.065414 -0.482687 0.007965
v -0.091188 -0.482687 0.007965
v -0.078301 -0.488025 0.007965
v -0.069709 -0.461208 0.024975
v -0.078301 -0.457650 0.024975
v -0.066151 -0.469800 0.024975
v -0.086892 -0.461208 0.024975
v -0.090451 -0.469800 0.024975
v -0.086892 -0.478391 0.024975
v -0.069709 -0.478391 0.024975
v -0.078301 -0.481950 0.024975
v -0.069709 -0.461208 0.015255
v -0.078301 -0.457650 0.015255
v -0.066151 -0.469800 0.015255
v -0.086892 -0.461208 0.015255
v -0.090451 -0.469800 0.015255
v -0.069709 -0.478391 0.015255
v -0.086892 -0.478391 0.015255
v -0.078301 -0.481950 0.015255
v -0.048601 -0.440100 0.054000
v -0.040501 -0.440100 0.054000
v -0.048601 -0.440100 0.008100
v -0.040501 -0.440100 0.008100
v -0.048601 -0.486000 0.008100
v -0.040501 -0.486000 0.008100
v 0.040499 -0.440100 0.054000
v 0.048599 -0.440100 0.054000
v 0.040499 -0.440100 0.008100
v 0.048599 -0.440100 0.008100
v 0.040499 -0.486000 0.008100
v 0.048599 -0.486000 0.008100
v -0.157500 -0.303643 0.036000
v -0.135644 -0.325500 0.036000
v -0.135644 -0.010500 0.036000
v -0.157500 -0.032357 0.036000
v 0.135643 -0.325500 0.036000
v 0.157500 -0.303643 0.036000
v 0.157500 -0.032357 0.036000
v 0.135643 -0.010500 0.036000
v -0.165000 -0.306750 0.027000
v -0.138750 -0.333000 0.027000
v -0.138750 -0.003000 0.027000
v -0.165000 -0.029250 0.027000
v 0.138750 -0.333000 0.027000
v 0.165000 -0.306750 0.027000
v 0.165000 -0.029250 0.027000
v 0.138750 -0.003000 0.027000
v -0.138750 -0.333000 0.066000
v -0.165000 -0.306750 0.066000
v -0.165000 -0.029250 0.066000
v -0.138750 -0.003000 0.066000
v 0.165000 -0.306750 0.066000
v 0.138750 -0.333000 0.066000
v 0.138750 -0.003000 0.066000
v 0.165000 -0.029250 0.066000
v -0.135644 -0.325500 0.066000
v -0.157500 -0.303643 0.066000
v -0.157500 -0.032357 0.066000
v -0.135644 -0.010500 0.066000
v 0.157500 -0.303643 0.066000
v 0.135643 -0.325500 0.066000
v 0.135643 -0.010500 0.066000
v 0.157500 -0.032357 0.066000
v 0.165000 -0.168000 0.027000
v 0.157500 -0.168000 0.036000
v 0.165000 -0.168000 0.066000
v 0.157500 -0.168000 0.066000
v -0.165000 -0.168000 0.027000
v -0.157500 -0.168000 0.036000
v -0.165000 -0.168000 0.066000
v -0.157500 -0.168000 0.066000
vn -0.0000 1.0000 -0.0000
vn -1.0000 -0.0000 -0.0000
vn -0.0000 -1.0000 -0.0000
vn 0.7071 -0.7071 -0.0000
vn -0.7071 -0.7071 -0.0000
vn 0.7071 0.7071 -0.0000
vn -0.7071 0.7071 -0.0000
vn 1.0000 -0.0000 -0.0000
vn -0.0000 -0.0000 1.0000
vn -0.9285 -0.0000 0.3714
vn 0.9285 -0.0000 0.3714
vn 0.9285 -0.0000 -0.3714
vn -0.9285 -0.0000 -0.3714
vn 0.7071 -0.0000 -0.7071
vn -0.7071 -0.0000 -0.7071
vn 0.7036 0.3281 0.6303
vn 0.2655 0.7296 0.6303
vn -0.3281 0.7036 0.6303
vn -0.7296 0.2655 0.6303
vn -0.7036 -0.3281 0.6303
vn -0.2655 -0.7296 0.6303
vn 0.3281 -0.7036 0.6303
vn 0.7296 -0.2655 0.6303
vn 0.9063 0.4226 -0.0000
vn 0.9397 -0.3420 -0.0000
vn 0.4226 -0.9063 -0.0000
vn 0.3420 0.9397 -0.0000
vn -0.4226 0.9063 -0.0000
vn -0.3420 -0.9397 -0.0000
vn -0.9063 -0.4226 -0.0000
vn -0.9397 0.3420 -0.0000
vn 0.4453 -0.6360 0.6303
vn 0.7646 -0.1348 0.6303
vn 0.6360 0.4453 0.6303
vn 0.1348 0.7646 0.6303
vn -0.4453 0.6360 0.6303
vn -0.7646 0.1348 0.6303
vn -0.6360 -0.4453 0.6303
vn -0.1348 -0.7646 0.6303
vn 0.5736 -0.8192 -0.0000
vn -0.1736 -0.9848 -0.0000
vn -0.8192 -0.5736 -0.0000
vn 0.9848 -0.1736 -0.0000
vn 0.8192 0.5736 -0.0000
vn -0.9848 0.1736 -0.0000
vn -0.5736 0.8192 -0.0000
vn 0.1736 0.9848 -0.0000
vn 0.9848 -0.1737 -0.0000
vn -0.0000 0.9138 0.4061
vn -0.0000 -0.9138 0.4061
vn -0.3827 -0.9239 -0.0000
vn -0.9239 -0.3827 -0.0000
vn -0.3827 0.9239 -0.0000
vn -0.9239 0.3827 -0.0000
vn 0.9239 0.3827 -0.0000
vn 0.3827 0.9239 -0.0000
vn 0.3827 -0.9239 -0.0000
vn 0.9239 -0.3827 -0.0000
vn -0.0000 -0.0000 -1.0000
vn -0.0000 -0.8944 -0.4472
vn -0.0000 0.8944 -0.4472
vn 0.6491 -0.6491 -0.3966
vn 0.9180 -0.0000 -0.3966
vn 0.6491 -0.6491 0.3966
vn 0.9180 -0.0000 0.3966
vn -0.0000 -0.9180 -0.3966
vn -0.0000 -0.9180 0.3966
vn 0.6491 0.6491 -0.3966
vn -0.0000 0.9180 -0.3966
vn 0.6491 0.6491 0.3966
vn -0.0000 0.9180 0.3966
vn -0.6491 0.6491 -0.3966
vn -0.9180 -0.0000 -0.3966
vn -0.6491 0.6491 0.3966
vn -0.9180 -0.0000 0.3966
vn -0.6491 -0.6491 0.3966
vn -0.6491 -0.6491 -0.3966
vn 0.6222 -0.6222 -0.4751
vn 0.8799 -0.0000 -0.4751
vn 0.6222 -0.6222 0.4751
vn 0.8799 -0.0000 0.4752
vn -0.0000 -0.8799 -0.4751
vn -0.0000 -0.8799 0.4751
vn 0.6222 0.6222 -0.4752
vn -0.0000 0.8799 -0.4752
vn 0.6222 0.6222 0.4752
vn -0.0000 0.8799 0.4752
vn -0.6222 0.6222 -0.4752
vn -0.8799 -0.0000 -0.4751
vn -0.6222 0.6222 0.4752
vn -0.8799 -0.0000 0.4751
vn -0.6222 -0.6222 0.4751
vn -0.6222 -0.6222 -0.4751
vn -0.7071 -0.0000 0.7071
vn 0.7071 -0.0000 0.7071
vn -0.3827 -0.0000 -0.9239
vn -0.9239 -0.0000 -0.3827
vn -0.3827 -0.0000 0.9239
vn -0.9239 -0.0000 0.3827
vn 0.9239 -0.0000 0.3827
vn 0.3827 -0.0000 0.9239
vn 0.3827 -0.0000 -0.9239
vn 0.9239 -0.0000 -0.3827
vn -0.0000 0.7071 0.7071
vn -0.0000 -0.7114 -0.7028
vn -0.0000 -0.9999 0.0120
vn -0.0000 -0.7071 0.7071
vn -0.0000 0.7114 -0.7028
vn -0.0000 0.9999 0.0120
vn -0.0000 0.7396 0.6731
vn -0.7036 0.3281 0.6303
vn -0.7296 -0.2655 0.6303
vn -0.3281 -0.7036 0.6303
vn 0.2655 -0.7296 0.6303
vn 0.7036 -0.3281 0.6303
vn 0.7296 0.2655 0.6303
vn 0.3281 0.7036 0.6303
vn -0.2655 0.7296 0.6303
vn -0.9063 0.4226 -0.0000
vn -0.3420 0.9397 -0.0000
vn 0.4226 0.9063 -0.0000
vn -0.9397 -0.3420 -0.0000
vn -0.4226 -0.9063 -0.0000
vn 0.9397 0.3420 -0.0000
vn 0.9063 -0.4226 -0.0000
vn 0.3420 -0.9397 -0.0000
vn -0.0000 -0.7396 0.6731
vn -0.4090 -0.1382 0.9020
vn -0.3803 -0.2300 0.8958
vn -0.8552 -0.5183 -0.0000
vn -0.9474 -0.3201 -0.0000
vn 0.5558 0.1772 0.8122
vn 0.4741 0.2780 0.8355
vn 0.9527 0.3038 -0.0000
vn 0.8622 0.5065 -0.0000
vn 0.8326 0.2655 -0.4861
vn 0.7473 0.4382 -0.4996
vn -0.7416 -0.4484 -0.4990
vn -0.8281 -0.2798 -0.4858
vn -0.3059 -0.3624 0.8804
vn -0.6448 -0.7643 -0.0000
vn 0.3416 0.3999 0.8505
vn 0.6493 0.7605 -0.0000
vn 0.5629 0.6590 -0.4988
vn -0.5591 -0.6625 -0.4985
vn -0.2515 -0.4176 0.8732
vn -0.5159 -0.8567 -0.0000
vn 0.2650 0.4388 0.8586
vn 0.5169 0.8561 -0.0000
vn 0.4477 0.7415 -0.4997
vn -0.4469 -0.7420 -0.4997
vn -0.2249 -0.4418 0.8685
vn -0.4538 -0.8911 -0.0000
vn 0.2291 0.4498 0.8633
vn 0.4538 0.8911 -0.0000
vn 0.3932 0.7719 -0.4995
vn -0.3931 -0.7720 -0.4995
vn 0.2399 0.4201 0.8752
vn -0.2555 -0.4478 0.8569
vn 0.4952 0.8688 -0.0000
vn 0.4295 0.7520 -0.5001
vn -0.4964 -0.8681 -0.0000
vn -0.4293 -0.7521 -0.5001
vn -0.3207 -0.4079 0.8548
vn -0.6180 -0.7862 -0.0000
vn 0.2965 0.3784 0.8769
vn 0.6167 0.7872 -0.0000
vn 0.5343 0.6819 -0.4996
vn -0.5354 -0.6810 -0.4996
vn -0.4118 -0.3366 0.8468
vn -0.7741 -0.6331 -0.0000
vn 0.3597 0.2967 0.8847
vn 0.7713 0.6365 -0.0000
vn 0.6684 0.5514 -0.4993
vn -0.6707 -0.5484 -0.4994
vn -0.5167 -0.1795 0.8371
vn -0.9445 -0.3285 -0.0000
vn 0.4200 0.1481 0.8954
vn 0.9430 0.3329 -0.0000
vn 0.8163 0.2879 -0.5007
vn -0.8177 -0.2841 -0.5006
vn -0.5590 -0.0688 0.8263
vn -0.9925 -0.1222 -0.0000
vn 0.4446 0.0561 0.8940
vn 0.9921 0.1252 -0.0000
vn 0.8647 0.1091 -0.4903
vn -0.8650 -0.1065 -0.4903
vn -0.4676 -0.0473 0.8827
vn -0.4613 -0.0902 0.8827
vn -0.9735 -0.2288 0.0054
vn -0.9926 -0.1211 0.0037
vn 0.5250 0.0728 0.8480
vn 0.5081 0.1361 0.8505
vn 0.9928 0.1201 0.0032
vn 0.9738 0.2274 0.0005
vn 0.8617 0.0988 -0.4978
vn 0.8444 0.1869 -0.5020
vn -0.8418 -0.2082 -0.4980
vn -0.8606 -0.1106 -0.4971
vn -0.4439 -0.1658 0.8806
vn -0.9127 -0.4084 0.0094
vn 0.4671 0.2400 0.8510
vn 0.9134 0.4071 -0.0057
vn 0.7946 0.3355 -0.5061
vn -0.7869 -0.3709 -0.4931
vn -0.4136 -0.2274 0.8816
vn -0.8402 -0.5422 0.0131
vn 0.4267 0.3130 0.8485
vn 0.8411 0.5407 -0.0135
vn 0.7326 0.4494 -0.5113
vn -0.7235 -0.4881 -0.4882
vn -0.4184 -0.2687 0.8676
vn -0.8199 -0.5724 0.0113
vn 0.4048 0.3063 0.8616
vn 0.8199 0.5721 -0.0200
vn 0.7104 0.4820 -0.5129
vn -0.7103 -0.5092 -0.4859
vn -0.4339 -0.2505 0.8655
vn -0.8667 -0.4987 0.0116
vn 0.4351 0.2499 0.8650
vn 0.8663 0.4991 -0.0185
vn 0.7437 0.4289 -0.5129
vn -0.7573 -0.4352 -0.4870
vn -0.4574 -0.2137 0.8632
vn -0.9219 -0.3872 0.0123
vn 0.4674 0.1749 0.8666
vn 0.9214 0.3880 -0.0209
vn 0.7860 0.3434 -0.5140
vn -0.8104 -0.3279 -0.4855
vn -0.4792 -0.1597 0.8630
vn -0.9715 -0.2363 0.0175
vn 0.4959 0.0768 0.8650
vn 0.9711 0.2373 -0.0273
vn 0.8245 0.2264 -0.5186
vn -0.8578 -0.1836 -0.4801
vn -0.4910 -0.0924 0.8662
vn -0.9980 -0.0564 0.0287
vn 0.5108 -0.0374 0.8589
vn 0.9976 0.0573 -0.0390
vn 0.8452 0.0861 -0.5275
vn -0.8830 -0.0123 -0.4692
vn -0.4922 -0.0565 0.8687
vn -0.9986 0.0385 0.0359
vn 0.5135 -0.0970 0.8526
vn 0.9982 -0.0377 -0.0458
vn 0.8469 0.0117 -0.5316
vn -0.8843 0.0777 -0.4604
vn -0.5204 0.0746 0.8506
vn -0.5062 0.1309 0.8524
vn -0.9758 0.2186 0.0008
vn -0.9922 0.1244 0.0033
vn 0.4709 -0.0496 0.8808
vn 0.4657 -0.0866 0.8807
vn 0.9921 -0.1251 0.0037
vn 0.9756 -0.2195 0.0051
vn 0.8598 -0.1140 -0.4978
vn 0.8436 -0.2003 -0.4982
vn -0.8462 0.1793 -0.5017
vn -0.8609 0.1025 -0.4983
vn -0.4717 0.2251 0.8526
vn -0.9254 0.3789 -0.0048
vn 0.4515 -0.1526 0.8791
vn 0.9250 -0.3798 0.0086
vn 0.7976 -0.3464 -0.4939
vn -0.8050 0.3108 -0.5054
vn -0.4436 0.2790 0.8517
vn -0.8734 0.4869 -0.0134
vn 0.4327 -0.2093 0.8769
vn 0.8735 -0.4867 0.0087
vn 0.7545 -0.4383 -0.4885
vn -0.7602 0.4051 -0.5079
vn -0.4424 0.1982 0.8746
vn -0.9071 0.4201 -0.0246
vn 0.4706 -0.2241 0.8534
vn 0.9097 -0.4151 0.0045
vn 0.7938 -0.3622 -0.4886
vn -0.7798 0.3591 -0.5128
vn -0.4973 0.0728 0.8645
vn -0.9732 0.2288 -0.0250
vn 0.4798 -0.1554 0.8635
vn 0.9735 -0.2280 0.0156
vn 0.8584 -0.1761 -0.4819
vn -0.8275 0.2194 -0.5167
vn -0.5113 -0.0292 0.8589
vn -0.9968 0.0725 -0.0351
vn 0.4897 -0.0998 0.8662
vn 0.9971 -0.0717 0.0253
vn 0.8810 -0.0259 -0.4724
vn -0.8457 0.0989 -0.5244
vn -0.5145 -0.0821 0.8536
vn -0.9991 -0.0096 -0.0409
vn 0.4912 -0.0702 0.8682
vn 0.9994 0.0104 0.0315
vn 0.8837 0.0527 -0.4650
vn -0.8485 0.0354 -0.5280
vn -0.5461 0.1973 0.8142
vn -0.4635 0.2969 0.8349
vn -0.8549 0.5188 -0.0023
vn -0.9453 0.3263 0.0026
vn 0.4073 -0.1379 0.9028
vn 0.3831 -0.2211 0.8969
vn 0.9398 -0.3417 0.0042
vn 0.8482 -0.5297 0.0068
vn 0.8196 -0.3038 -0.4858
vn 0.7328 -0.4668 -0.4950
vn -0.7434 0.4408 -0.5031
vn -0.8268 0.2802 -0.4878
vn -0.3310 0.4191 0.8454
vn -0.6488 0.7609 -0.0099
vn 0.3159 -0.3421 0.8850
vn 0.6447 -0.7643 0.0117
vn 0.5533 -0.6743 -0.4891
vn -0.5679 0.6476 -0.5080
vn -0.2538 0.4643 0.8485
vn -0.5097 0.8602 -0.0159
vn 0.2558 -0.3966 0.8816
vn 0.5085 -0.8610 0.0139
vn 0.4358 -0.7573 -0.4864
vn -0.4465 0.7336 -0.5123
vn -0.2516 0.4315 0.8663
vn -0.5108 0.8595 -0.0204
vn 0.2611 -0.4310 0.8637
vn 0.5119 -0.8590 0.0122
vn 0.4450 -0.7524 -0.4857
vn -0.4412 0.7358 -0.5137
vn -0.3263 0.3742 0.8681
vn -0.6348 0.7724 -0.0209
vn 0.3115 -0.3997 0.8621
vn 0.6365 -0.7711 0.0139
vn 0.5633 -0.6693 -0.4844
vn -0.5383 0.6676 -0.5144
vn -0.4093 0.2675 0.8723
vn -0.7934 0.6080 -0.0300
vn 0.3899 -0.3393 0.8561
vn 0.7969 -0.6039 0.0187
vn 0.7124 -0.5138 -0.4780
vn -0.6660 0.5354 -0.5194
vn -0.4852 0.0738 0.8713
vn -0.9576 0.2829 -0.0550
vn 0.4765 -0.2022 0.8556
vn 0.9599 -0.2776 0.0381
vn 0.8629 -0.2111 -0.4593
vn -0.7972 0.2729 -0.5385
vn -0.5132 -0.0462 0.8571
vn -0.9954 0.0650 -0.0701
vn 0.5075 -0.1051 0.8552
vn 0.9967 -0.0613 0.0525
vn 0.9012 -0.0124 -0.4332
vn -0.8353 0.0975 -0.5411
vt 0.534509 0.505845
vt 0.237244 0.967159
vt 0.236786 0.495801
vt 0.350190 0.505845
vt 0.237244 0.782841
vt 0.236786 0.782519
vt 0.339532 0.981606
vt 0.339532 0.495801
vt 0.339532 0.967125
vt 0.339532 0.782841
vt 0.339532 0.981606
vt 0.339532 0.782519
vt 0.339532 0.967124
vt 0.534509 0.792564
vt 0.237244 0.782841
vt 0.236786 0.782519
vt 0.350190 0.792564
vt 0.236786 0.495801
vt 0.237244 0.967159
vt 0.339532 0.782841
vt 0.339532 0.981606
vt 0.339532 0.967125
vt 0.339532 0.782519
vt 0.339532 0.495801
vt 0.339532 0.981606
vt 0.339532 0.967124
vt 0.237132 0.981606
vt 0.237132 0.495801
vt 0.544749 0.505845
vt 0.237132 0.967125
vt 0.534509 0.495605
vt 0.237132 0.782841
vt 0.237132 0.981606
vt 0.350190 0.495605
vt 0.237132 0.782519
vt 0.237132 0.967125
vt 0.339950 0.505845
vt 0.237132 0.782841
vt 0.237132 0.981606
vt 0.534509 0.802804
vt 0.237132 0.967125
vt 0.237132 0.782519
vt 0.544749 0.792564
vt 0.237132 0.495801
vt 0.237132 0.981606
vt 0.339950 0.792564
vt 0.237132 0.967124
vt 0.350190 0.802804
vt 0.350237 0.792412
vt 0.144627 0.495801
vt 0.145084 0.967159
vt 0.145084 0.782841
vt 0.350237 0.505694
vt 0.144627 0.782519
vt 0.534556 0.792412
vt 0.145084 0.782841
vt 0.144627 0.782519
vt 0.145084 0.967159
vt 0.534556 0.505694
vt 0.144627 0.495801
vt 0.165932 0.243457
vt 0.167885 0.223710
vt 0.152675 0.243457
vt 0.165932 0.248002
vt 0.167885 0.223710
vt 0.152675 0.248002
vt 0.167826 0.243457
vt 0.167885 0.238861
vt 0.165932 0.243457
vt 0.167826 0.248002
vt 0.167885 0.238861
vt 0.165932 0.248002
vt 0.152675 0.243457
vt 0.168205 0.243457
vt 0.170158 0.223710
vt 0.152675 0.248002
vt 0.168205 0.248002
vt 0.170158 0.223710
vt 0.167826 0.243457
vt 0.168205 0.243457
vt 0.170158 0.238861
vt 0.170158 0.238861
vt 0.167826 0.248002
vt 0.168205 0.248002
vt 0.170916 0.231286
vt 0.160250 0.243457
vt 0.170916 0.231286
vt 0.160250 0.248002
vt 0.173188 0.231286
vt 0.160250 0.243457
vt 0.173188 0.231286
vt 0.160250 0.248002
vt 0.165932 0.243457
vt 0.167885 0.241134
vt 0.167885 0.241134
vt 0.165932 0.248002
vt 0.156841 0.243457
vt 0.158794 0.223710
vt 0.152675 0.243457
vt 0.156841 0.248002
vt 0.158794 0.223710
vt 0.152675 0.248002
vt 0.167826 0.243457
vt 0.158794 0.238861
vt 0.156841 0.243457
vt 0.167826 0.248002
vt 0.158794 0.238861
vt 0.156841 0.248002
vt 0.152675 0.243457
vt 0.154568 0.243457
vt 0.156522 0.223710
vt 0.152675 0.248002
vt 0.154568 0.248002
vt 0.156522 0.223710
vt 0.167826 0.243457
vt 0.156522 0.238861
vt 0.156522 0.238861
vt 0.167826 0.248002
vt 0.155764 0.231286
vt 0.160250 0.243457
vt 0.155764 0.231286
vt 0.160250 0.248002
vt 0.153491 0.231286
vt 0.160250 0.243457
vt 0.153491 0.231286
vt 0.160250 0.248002
vt 0.170099 0.243457
vt 0.158794 0.241134
vt 0.170099 0.248002
vt 0.158794 0.241134
vt 0.165932 0.243463
vt 0.167885 0.223710
vt 0.152675 0.243463
vt 0.165932 0.248008
vt 0.167885 0.223710
vt 0.152675 0.248008
vt 0.167826 0.243463
vt 0.167885 0.238861
vt 0.165932 0.243463
vt 0.167826 0.248008
vt 0.167885 0.238861
vt 0.165932 0.248008
vt 0.152675 0.243463
vt 0.168205 0.243463
vt 0.170158 0.223710
vt 0.152675 0.248008
vt 0.168205 0.248008
vt 0.170158 0.223710
vt 0.167826 0.243463
vt 0.168205 0.243463
vt 0.170158 0.238861
vt 0.170158 0.238861
vt 0.167826 0.248008
vt 0.168205 0.248008
vt 0.170916 0.231286
vt 0.160250 0.243463
vt 0.170916 0.231286
vt 0.160250 0.248008
vt 0.173188 0.231286
vt 0.160250 0.243463
vt 0.173188 0.231286
vt 0.160250 0.248008
vt 0.167885 0.241134
vt 0.165932 0.243463
vt 0.167885 0.241134
vt 0.165932 0.248008
vt 0.156841 0.243463
vt 0.158794 0.223710
vt 0.152675 0.243463
vt 0.156841 0.248008
vt 0.158794 0.223710
vt 0.152675 0.248008
vt 0.167826 0.243463
vt 0.158794 0.238861
vt 0.156841 0.243463
vt 0.167826 0.248008
vt 0.158794 0.238861
vt 0.156841 0.248008
vt 0.152675 0.243463
vt 0.154568 0.243463
vt 0.156522 0.223710
vt 0.152675 0.248008
vt 0.154568 0.248008
vt 0.156522 0.223710
vt 0.167826 0.243463
vt 0.156522 0.238861
vt 0.156522 0.238861
vt 0.167826 0.248008
vt 0.155764 0.231286
vt 0.160250 0.243463
vt 0.155764 0.231286
vt 0.160250 0.248008
vt 0.153491 0.231286
vt 0.160250 0.243463
vt 0.153491 0.231286
vt 0.160250 0.248008
vt 0.158794 0.241134
vt 0.170099 0.243463
vt 0.158794 0.241134
vt 0.170099 0.248008
vt 0.167885 0.248710
vt 0.162144 0.248002
vt 0.162144 0.243457
vt 0.167885 0.248710
vt 0.173887 0.248002
vt 0.158794 0.248710
vt 0.173887 0.243457
vt 0.158794 0.248710
vt 0.167885 0.248710
vt 0.162144 0.248008
vt 0.167885 0.248710
vt 0.162144 0.243463
vt 0.158794 0.248710
vt 0.173887 0.248008
vt 0.158794 0.248710
vt 0.173887 0.243463
vt 0.165932 0.243457
vt 0.167885 0.223710
vt 0.152675 0.243457
vt 0.165932 0.248002
vt 0.167885 0.223710
vt 0.152675 0.248002
vt 0.167826 0.243457
vt 0.167885 0.238861
vt 0.165932 0.243457
vt 0.167826 0.248002
vt 0.167885 0.238861
vt 0.165932 0.248002
vt 0.152675 0.243457
vt 0.168205 0.243457
vt 0.170158 0.223710
vt 0.152675 0.248002
vt 0.168205 0.248002
vt 0.170158 0.223710
vt 0.167826 0.243457
vt 0.168205 0.243457
vt 0.170158 0.238861
vt 0.170158 0.238861
vt 0.167826 0.248002
vt 0.168205 0.248002
vt 0.170916 0.231286
vt 0.160250 0.243457
vt 0.170916 0.231286
vt 0.160250 0.248002
vt 0.173188 0.231286
vt 0.160250 0.243457
vt 0.173188 0.231286
vt 0.160250 0.248002
vt 0.165932 0.243457
vt 0.167885 0.241134
vt 0.167885 0.241134
vt 0.165932 0.248002
vt 0.156841 0.243457
vt 0.158794 0.223710
vt 0.152675 0.243457
vt 0.156841 0.248002
vt 0.158794 0.223710
vt 0.152675 0.248002
vt 0.167826 0.243457
vt 0.158794 0.238861
vt 0.156841 0.243457
vt 0.167826 0.248002
vt 0.158794 0.238861
vt 0.156841 0.248002
vt 0.152675 0.243457
vt 0.154568 0.243457
vt 0.156522 0.223710
vt 0.152675 0.248002
vt 0.154568 0.248002
vt 0.156522 0.223710
vt 0.167826 0.243457
vt 0.156522 0.238861
vt 0.156522 0.238861
vt 0.167826 0.248002
vt 0.155764 0.231286
vt 0.160250 0.243457
vt 0.155764 0.231286
vt 0.160250 0.248002
vt 0.153491 0.231286
vt 0.160250 0.243457
vt 0.153491 0.231286
vt 0.160250 0.248002
vt 0.170099 0.243457
vt 0.158794 0.241134
vt 0.170099 0.248002
vt 0.158794 0.241134
vt 0.165932 0.243463
vt 0.167885 0.223710
vt 0.152675 0.243463
vt 0.165932 0.248008
vt 0.167885 0.223710
vt 0.152675 0.248008
vt 0.167826 0.243463
vt 0.167885 0.238861
vt 0.165932 0.243463
vt 0.167826 0.248008
vt 0.167885 0.238861
vt 0.165932 0.248008
vt 0.152675 0.243463
vt 0.168205 0.243463
vt 0.170158 0.223710
vt 0.152675 0.248008
vt 0.168205 0.248008
vt 0.170158 0.223710
vt 0.167826 0.243463
vt 0.168205 0.243463
vt 0.170158 0.238861
vt 0.170158 0.238861
vt 0.167826 0.248008
vt 0.168205 0.248008
vt 0.170916 0.231286
vt 0.160250 0.243463
vt 0.170916 0.231286
vt 0.160250 0.248008
vt 0.173188 0.231286
vt 0.160250 0.243463
vt 0.173188 0.231286
vt 0.160250 0.248008
vt 0.167885 0.241134
vt 0.165932 0.243463
vt 0.167885 0.241134
vt 0.165932 0.248008
vt 0.156841 0.243463
vt 0.158794 0.223710
vt 0.152675 0.243463
vt 0.156841 0.248008
vt 0.158794 0.223710
vt 0.152675 0.248008
vt 0.167826 0.243463
vt 0.158794 0.238861
vt 0.156841 0.243463
vt 0.167826 0.248008
vt 0.158794 0.238861
vt 0.156841 0.248008
vt 0.152675 0.243463
vt 0.154568 0.243463
vt 0.156522 0.223710
vt 0.152675 0.248008
vt 0.154568 0.248008
vt 0.156522 0.223710
vt 0.167826 0.243463
vt 0.156522 0.238861
vt 0.156522 0.238861
vt 0.167826 0.248008
vt 0.155764 0.231286
vt 0.160250 0.243463
vt 0.155764 0.231286
vt 0.160250 0.248008
vt 0.153491 0.231286
vt 0.160250 0.243463
vt 0.153491 0.231286
vt 0.160250 0.248008
vt 0.158794 0.241134
vt 0.170099 0.243463
vt 0.158794 0.241134
vt 0.170099 0.248008
vt 0.167885 0.248710
vt 0.162144 0.248002
vt 0.162144 0.243457
vt 0.167885 0.248710
vt 0.173887 0.248002
vt 0.158794 0.248710
vt 0.173887 0.243457
vt 0.158794 0.248710
vt 0.167885 0.248710
vt 0.162144 0.248008
vt 0.167885 0.248710
vt 0.162144 0.243463
vt 0.158794 0.248710
vt 0.173887 0.248008
vt 0.158794 0.248710
vt 0.173887 0.243463
vt 0.165932 0.243457
vt 0.167885 0.223710
vt 0.152675 0.243457
vt 0.165932 0.248002
vt 0.167885 0.223710
vt 0.152675 0.248002
vt 0.167826 0.243457
vt 0.167885 0.238861
vt 0.165932 0.243457
vt 0.167826 0.248002
vt 0.167885 0.238861
vt 0.165932 0.248002
vt 0.152675 0.243457
vt 0.168205 0.243457
vt 0.170158 0.223710
vt 0.152675 0.248002
vt 0.168205 0.248002
vt 0.170158 0.223710
vt 0.167826 0.243457
vt 0.168205 0.243457
vt 0.170158 0.238861
vt 0.170158 0.238861
vt 0.167826 0.248002
vt 0.168205 0.248002
vt 0.170916 0.231286
vt 0.160250 0.243457
vt 0.170916 0.231286
vt 0.160250 0.248002
vt 0.173188 0.231286
vt 0.160250 0.243457
vt 0.173188 0.231286
vt 0.160250 0.248002
vt 0.165932 0.243457
vt 0.167885 0.241134
vt 0.167885 0.241134
vt 0.165932 0.248002
vt 0.156841 0.243457
vt 0.158794 0.223710
vt 0.152675 0.243457
vt 0.156841 0.248002
vt 0.158794 0.223710
vt 0.152675 0.248002
vt 0.167826 0.243457
vt 0.158794 0.238861
vt 0.156841 0.243457
vt 0.167826 0.248002
vt 0.158794 0.238861
vt 0.156841 0.248002
vt 0.152675 0.243457
vt 0.154568 0.243457
vt 0.156522 0.223710
vt 0.152675 0.248002
vt 0.154568 0.248002
vt 0.156522 0.223710
vt 0.167826 0.243457
vt 0.156522 0.238861
vt 0.156522 0.238861
vt 0.167826 0.248002
vt 0.155764 0.231286
vt 0.160250 0.243457
vt 0.155764 0.231286
vt 0.160250 0.248002
vt 0.153491 0.231286
vt 0.160250 0.243457
vt 0.153491 0.231286
vt 0.160250 0.248002
vt 0.170099 0.243457
vt 0.158794 0.241134
vt 0.170099 0.248002
vt 0.158794 0.241134
vt 0.165932 0.243463
vt 0.167885 0.223710
vt 0.152675 0.243463
vt 0.165932 0.248008
vt 0.167885 0.223710
vt 0.152675 0.248008
vt 0.167826 0.243463
vt 0.167885 0.238861
vt 0.165932 0.243463
vt 0.167826 0.248008
vt 0.167885 0.238861
vt 0.165932 0.248008
vt 0.152675 0.243463
vt 0.168205 0.243463
vt 0.170158 0.223710
vt 0.152675 0.248008
vt 0.168205 0.248008
vt 0.170158 0.223710
vt 0.167826 0.243463
vt 0.168205 0.243463
vt 0.170158 0.238861
vt 0.170158 0.238861
vt 0.167826 0.248008
vt 0.168205 0.248008
vt 0.170916 0.231286
vt 0.160250 0.243463
vt 0.170916 0.231286
vt 0.160250 0.248008
vt 0.173188 0.231286
vt 0.160250 0.243463
vt 0.173188 0.231286
vt 0.160250 0.248008
vt 0.167885 0.241134
vt 0.165932 0.243463
vt 0.167885 0.241134
vt 0.165932 0.248008
vt 0.156841 0.243463
vt 0.158794 0.223710
vt 0.152675 0.243463
vt 0.156841 0.248008
vt 0.158794 0.223710
vt 0.152675 0.248008
vt 0.167826 0.243463
vt 0.158794 0.238861
vt 0.156841 0.243463
vt 0.167826 0.248008
vt 0.158794 0.238861
vt 0.156841 0.248008
vt 0.152675 0.243463
vt 0.154568 0.243463
vt 0.156522 0.223710
vt 0.152675 0.248008
vt 0.154568 0.248008
vt 0.156522 0.223710
vt 0.167826 0.243463
vt 0.156522 0.238861
vt 0.156522 0.238861
vt 0.167826 0.248008
vt 0.155764 0.231286
vt 0.160250 0.243463
vt 0.155764 0.231286
vt 0.160250 0.248008
vt 0.153491 0.231286
vt 0.160250 0.243463
vt 0.153491 0.231286
vt 0.160250 0.248008
vt 0.158794 0.241134
vt 0.170099 0.243463
vt 0.158794 0.241134
vt 0.170099 0.248008
vt 0.167885 0.248710
vt 0.162144 0.248002
vt 0.162144 0.243457
vt 0.167885 0.248710
vt 0.173887 0.248002
vt 0.158794 0.248710
vt 0.173887 0.243457
vt 0.158794 0.248710
vt 0.167885 0.248710
vt 0.162144 0.248008
vt 0.167885 0.248710
vt 0.162144 0.243463
vt 0.158794 0.248710
vt 0.173887 0.248008
vt 0.158794 0.248710
vt 0.173887 0.243463
vt 0.165932 0.243457
vt 0.167885 0.223710
vt 0.152675 0.243457
vt 0.165932 0.248002
vt 0.167885 0.223710
vt 0.152675 0.248002
vt 0.167826 0.243457
vt 0.167885 0.238861
vt 0.165932 0.243457
vt 0.167826 0.248002
vt 0.167885 0.238861
vt 0.165932 0.248002
vt 0.152675 0.243457
vt 0.168205 0.243457
vt 0.170158 0.223710
vt 0.152675 0.248002
vt 0.168205 0.248002
vt 0.170158 0.223710
vt 0.167826 0.243457
vt 0.168205 0.243457
vt 0.170158 0.238861
vt 0.170158 0.238861
vt 0.167826 0.248002
vt 0.168205 0.248002
vt 0.170916 0.231286
vt 0.160250 0.243457
vt 0.170916 0.231286
vt 0.160250 0.248002
vt 0.173188 0.231286
vt 0.160250 0.243457
vt 0.173188 0.231286
vt 0.160250 0.248002
vt 0.165932 0.243457
vt 0.167885 0.241134
vt 0.167885 0.241134
vt 0.165932 0.248002
vt 0.156841 0.243457
vt 0.158794 0.223710
vt 0.152675 0.243457
vt 0.156841 0.248002
vt 0.158794 0.223710
vt 0.152675 0.248002
vt 0.167826 0.243457
vt 0.158794 0.238861
vt 0.156841 0.243457
vt 0.167826 0.248002
vt 0.158794 0.238861
vt 0.156841 0.248002
vt 0.152675 0.243457
vt 0.154568 0.243457
vt 0.156522 0.223710
vt 0.152675 0.248002
vt 0.154568 0.248002
vt 0.156522 0.223710
vt 0.167826 0.243457
vt 0.156522 0.238861
vt 0.156522 0.238861
vt 0.167826 0.248002
vt 0.155764 0.231286
vt 0.160250 0.243457
vt 0.155764 0.231286
vt 0.160250 0.248002
vt 0.153491 0.231286
vt 0.160250 0.243457
vt 0.153491 0.231286
vt 0.160250 0.248002
vt 0.170099 0.243457
vt 0.158794 0.241134
vt 0.170099 0.248002
vt 0.158794 0.241134
vt 0.165932 0.243463
vt 0.167885 0.223710
vt 0.152675 0.243463
vt 0.165932 0.248008
vt 0.167885 0.223710
vt 0.152675 0.248008
vt 0.167826 0.243463
vt 0.167885 0.238861
vt 0.165932 0.243463
vt 0.167826 0.248008
vt 0.167885 0.238861
vt 0.165932 0.248008
vt 0.152675 0.243463
vt 0.168205 0.243463
vt 0.170158 0.223710
vt 0.152675 0.248008
vt 0.168205 0.248008
vt 0.170158 0.223710
vt 0.167826 0.243463
vt 0.168205 0.243463
vt 0.170158 0.238861
vt 0.170158 0.238861
vt 0.167826 0.248008
vt 0.168205 0.248008
vt 0.170916 0.231286
vt 0.160250 0.243463
vt 0.170916 0.231286
vt 0.160250 0.248008
vt 0.173188 0.231286
vt 0.160250 0.243463
vt 0.173188 0.231286
vt 0.160250 0.248008
vt 0.167885 0.241134
vt 0.165932 0.243463
vt 0.167885 0.241134
vt 0.165932 0.248008
vt 0.156841 0.243463
vt 0.158794 0.223710
vt 0.152675 0.243463
vt 0.156841 0.248008
vt 0.158794 0.223710
vt 0.152675 0.248008
vt 0.167826 0.243463
vt 0.158794 0.238861
vt 0.156841 0.243463
vt 0.167826 0.248008
vt 0.158794 0.238861
vt 0.156841 0.248008
vt 0.152675 0.243463
vt 0.154568 0.243463
vt 0.156522 0.223710
vt 0.152675 0.248008
vt 0.154568 0.248008
vt 0.156522 0.223710
vt 0.167826 0.243463
vt 0.156522 0.238861
vt 0.156522 0.238861
vt 0.167826 0.248008
vt 0.155764 0.231286
vt 0.160250 0.243463
vt 0.155764 0.231286
vt 0.160250 0.248008
vt 0.153491 0.231286
vt 0.160250 0.243463
vt 0.153491 0.231286
vt 0.160250 0.248008
vt 0.158794 0.241134
vt 0.170099 0.243463
vt 0.158794 0.241134
vt 0.170099 0.248008
vt 0.167885 0.248710
vt 0.162144 0.248002
vt 0.162144 0.243457
vt 0.167885 0.248710
vt 0.173887 0.248002
vt 0.158794 0.248710
vt 0.173887 0.243457
vt 0.158794 0.248710
vt 0.167885 0.248710
vt 0.162144 0.248008
vt 0.167885 0.248710
vt 0.162144 0.243463
vt 0.158794 0.248710
vt 0.173887 0.248008
vt 0.158794 0.248710
vt 0.173887 0.243463
vt 0.392875 0.323268
vt 0.396991 0.323268
vt 0.392875 0.327685
vt 0.395542 0.320601
vt 0.395542 0.327685
vt 0.395542 0.344601
vt 0.395542 0.327685
vt 0.392875 0.341934
vt 0.396991 0.341934
vt 0.392875 0.327685
vt 0.395542 0.336219
vt 0.405524 0.323268
vt 0.392875 0.336219
vt 0.405524 0.341934
vt 0.392875 0.336219
vt 0.395542 0.336219
vt 0.406208 0.320601
vt 0.406208 0.327685
vt 0.408875 0.323268
vt 0.396991 0.323268
vt 0.408875 0.327685
vt 0.408875 0.341934
vt 0.396991 0.341934
vt 0.408875 0.327685
vt 0.406208 0.344601
vt 0.406208 0.327685
vt 0.405524 0.323268
vt 0.408875 0.336219
vt 0.406208 0.336219
vt 0.406208 0.336219
vt 0.405524 0.341934
vt 0.408875 0.336219
vt 0.450919 0.185547
vt 0.453549 0.185547
vt 0.448705 0.180201
vt 0.453549 0.180201
vt 0.453549 0.190893
vt 0.448705 0.190893
vt 0.453549 0.190893
vt 0.443359 0.177987
vt 0.453549 0.185547
vt 0.438014 0.180201
vt 0.453549 0.180201
vt 0.435799 0.185547
vt 0.453549 0.185547
vt 0.443359 0.193107
vt 0.453549 0.185547
vt 0.438014 0.190893
vt 0.453549 0.180201
vt 0.453549 0.190893
vt 0.456573 0.185547
vt 0.456573 0.180201
vt 0.456573 0.190893
vt 0.456573 0.190893
vt 0.456573 0.185547
vt 0.456573 0.180201
vt 0.456573 0.185547
vt 0.456573 0.185547
vt 0.456573 0.180201
vt 0.456573 0.190893
vt 0.392875 0.323268
vt 0.396991 0.323268
vt 0.392875 0.327685
vt 0.395542 0.320601
vt 0.395542 0.327685
vt 0.395542 0.344601
vt 0.395542 0.327685
vt 0.392875 0.341934
vt 0.396991 0.341934
vt 0.392875 0.327685
vt 0.395542 0.336219
vt 0.405524 0.323268
vt 0.392875 0.336219
vt 0.405524 0.341934
vt 0.392875 0.336219
vt 0.395542 0.336219
vt 0.406208 0.320601
vt 0.406208 0.327685
vt 0.408875 0.323268
vt 0.396991 0.323268
vt 0.408875 0.327685
vt 0.408875 0.341934
vt 0.396991 0.341934
vt 0.408875 0.327685
vt 0.406208 0.344601
vt 0.406208 0.327685
vt 0.405524 0.323268
vt 0.408875 0.336219
vt 0.406208 0.336219
vt 0.406208 0.336219
vt 0.405524 0.341934
vt 0.408875 0.336219
vt 0.450919 0.185547
vt 0.453549 0.185547
vt 0.448705 0.180201
vt 0.453549 0.180201
vt 0.453549 0.190893
vt 0.448705 0.190893
vt 0.453549 0.190893
vt 0.443359 0.177987
vt 0.453549 0.185547
vt 0.438014 0.180201
vt 0.453549 0.180201
vt 0.435799 0.185547
vt 0.453549 0.185547
vt 0.443359 0.193107
vt 0.453549 0.185547
vt 0.438014 0.190893
vt 0.453549 0.180201
vt 0.453549 0.190893
vt 0.456573 0.185547
vt 0.456573 0.180201
vt 0.456573 0.190893
vt 0.456573 0.190893
vt 0.456573 0.185547
vt 0.456573 0.180201
vt 0.456573 0.185547
vt 0.456573 0.185547
vt 0.456573 0.180201
vt 0.456573 0.190893
vt 0.392875 0.323268
vt 0.396991 0.323268
vt 0.392875 0.327685
vt 0.395542 0.320601
vt 0.395542 0.327685
vt 0.395542 0.344601
vt 0.395542 0.327685
vt 0.392875 0.341934
vt 0.396991 0.341934
vt 0.392875 0.327685
vt 0.395542 0.336219
vt 0.405524 0.323268
vt 0.392875 0.336219
vt 0.405524 0.341934
vt 0.392875 0.336219
vt 0.395542 0.336219
vt 0.406208 0.320601
vt 0.406208 0.327685
vt 0.408875 0.323268
vt 0.396991 0.323268
vt 0.408875 0.327685
vt 0.408875 0.341934
vt 0.396991 0.341934
vt 0.408875 0.327685
vt 0.406208 0.344601
vt 0.406208 0.327685
vt 0.405524 0.323268
vt 0.408875 0.336219
vt 0.406208 0.336219
vt 0.406208 0.336219
vt 0.405524 0.341934
vt 0.408875 0.336219
vt 0.450919 0.185547
vt 0.453549 0.185547
vt 0.448705 0.180201
vt 0.453549 0.180201
vt 0.453549 0.190893
vt 0.448705 0.190893
vt 0.453549 0.190893
vt 0.443359 0.177987
vt 0.453549 0.185547
vt 0.438014 0.180201
vt 0.453549 0.180201
vt 0.435799 0.185547
vt 0.453549 0.185547
vt 0.443359 0.193107
vt 0.453549 0.185547
vt 0.438014 0.190893
vt 0.453549 0.180201
vt 0.453549 0.190893
vt 0.456573 0.185547
vt 0.456573 0.180201
vt 0.456573 0.190893
vt 0.456573 0.190893
vt 0.456573 0.185547
vt 0.456573 0.180201
vt 0.456573 0.185547
vt 0.456573 0.185547
vt 0.456573 0.180201
vt 0.456573 0.190893
vt 0.392875 0.323268
vt 0.396991 0.323268
vt 0.392875 0.327685
vt 0.395542 0.320601
vt 0.395542 0.327685
vt 0.395542 0.344601
vt 0.395542 0.327685
vt 0.392875 0.341934
vt 0.396991 0.341934
vt 0.392875 0.327685
vt 0.395542 0.336219
vt 0.405524 0.323268
vt 0.392875 0.336219
vt 0.405524 0.341934
vt 0.392875 0.336219
vt 0.395542 0.336219
vt 0.406208 0.320601
vt 0.406208 0.327685
vt 0.408875 0.323268
vt 0.396991 0.323268
vt 0.408875 0.327685
vt 0.408875 0.341934
vt 0.396991 0.341934
vt 0.408875 0.327685
vt 0.406208 0.344601
vt 0.406208 0.327685
vt 0.405524 0.323268
vt 0.408875 0.336219
vt 0.406208 0.336219
vt 0.406208 0.336219
vt 0.405524 0.341934
vt 0.408875 0.336219
vt 0.450919 0.185547
vt 0.453549 0.185547
vt 0.448705 0.180201
vt 0.453549 0.180201
vt 0.453549 0.190893
vt 0.448705 0.190893
vt 0.453549 0.190893
vt 0.443359 0.177987
vt 0.453549 0.185547
vt 0.438014 0.180201
vt 0.453549 0.180201
vt 0.435799 0.185547
vt 0.453549 0.185547
vt 0.443359 0.193107
vt 0.453549 0.185547
vt 0.438014 0.190893
vt 0.453549 0.180201
vt 0.453549 0.190893
vt 0.456573 0.185547
vt 0.456573 0.180201
vt 0.456573 0.190893
vt 0.456573 0.190893
vt 0.456573 0.185547
vt 0.456573 0.180201
vt 0.456573 0.185547
vt 0.456573 0.185547
vt 0.456573 0.180201
vt 0.456573 0.190893
vt 0.861328 0.955078
vt 0.855469 0.937500
vt 0.855469 0.955078
vt 0.855469 0.937500
vt 0.861328 0.957031
vt 0.869141 0.957031
vt 0.861328 0.984375
vt 0.855469 0.957031
vt 0.869141 0.957031
vt 0.855469 0.984375
vt 0.861328 1.000000
vt 0.869141 1.000000
vt 0.855469 1.000000
vt 0.869141 1.000000
vt 0.855469 1.000000
vt 0.855469 1.000000
vt 0.861328 0.960938
vt 0.861328 0.937500
vt 0.861328 0.964844
vt 0.855469 0.960938
vt 0.861328 0.937500
vt 0.855469 0.964844
vt 0.861328 0.955078
vt 0.855469 0.937500
vt 0.855469 0.955078
vt 0.855469 0.937500
vt 0.861328 0.957031
vt 0.869141 0.957031
vt 0.861328 0.984375
vt 0.855469 0.957031
vt 0.869141 0.957031
vt 0.855469 0.984375
vt 0.861328 1.000000
vt 0.869141 1.000000
vt 0.855469 1.000000
vt 0.869141 1.000000
vt 0.855469 1.000000
vt 0.855469 1.000000
vt 0.861328 0.960938
vt 0.861328 0.937500
vt 0.861328 0.964844
vt 0.855469 0.960938
vt 0.861328 0.937500
vt 0.855469 0.964844
vt 0.861328 0.955078
vt 0.855469 0.937500
vt 0.855469 0.955078
vt 0.855469 0.937500
vt 0.861328 0.957031
vt 0.869141 0.957031
vt 0.861328 0.984375
vt 0.855469 0.957031
vt 0.869141 0.957031
vt 0.855469 0.984375
vt 0.861328 1.000000
vt 0.869141 1.000000
vt 0.855469 1.000000
vt 0.869141 1.000000
vt 0.855469 1.000000
vt 0.855469 1.000000
vt 0.861328 0.960938
vt 0.861328 0.937500
vt 0.861328 0.964844
vt 0.855469 0.960938
vt 0.861328 0.937500
vt 0.855469 0.964844
vt 0.861328 0.955078
vt 0.855469 0.937500
vt 0.855469 0.955078
vt 0.855469 0.937500
vt 0.861328 0.957031
vt 0.869141 0.957031
vt 0.861328 0.984375
vt 0.855469 0.957031
vt 0.869141 0.957031
vt 0.855469 0.984375
vt 0.861328 1.000000
vt 0.869141 1.000000
vt 0.855469 1.000000
vt 0.869141 1.000000
vt 0.855469 1.000000
vt 0.855469 1.000000
vt 0.861328 0.960938
vt 0.861328 0.937500
vt 0.861328 0.964844
vt 0.855469 0.960938
vt 0.861328 0.937500
vt 0.855469 0.964844
vt 0.861328 0.955078
vt 0.855469 0.937500
vt 0.855469 0.955078
vt 0.855469 0.937500
vt 0.861328 0.957031
vt 0.869141 0.957031
vt 0.861328 0.984375
vt 0.855469 0.957031
vt 0.869141 0.957031
vt 0.855469 0.984375
vt 0.861328 1.000000
vt 0.869141 1.000000
vt 0.855469 1.000000
vt 0.869141 1.000000
vt 0.855469 1.000000
vt 0.855469 1.000000
vt 0.861328 0.960938
vt 0.861328 0.937500
vt 0.861328 0.964844
vt 0.855469 0.960938
vt 0.861328 0.937500
vt 0.855469 0.964844
vt 0.861328 0.955078
vt 0.855469 0.937500
vt 0.855469 0.955078
vt 0.855469 0.937500
vt 0.861328 0.957031
vt 0.869141 0.957031
vt 0.861328 0.984375
vt 0.855469 0.957031
vt 0.869141 0.957031
vt 0.855469 0.984375
vt 0.861328 1.000000
vt 0.869141 1.000000
vt 0.855469 1.000000
vt 0.869141 1.000000
vt 0.855469 1.000000
vt 0.855469 1.000000
vt 0.861328 0.960938
vt 0.861328 0.937500
vt 0.861328 0.964844
vt 0.855469 0.960938
vt 0.861328 0.937500
vt 0.855469 0.964844
vt 0.861328 0.955078
vt 0.855469 0.937500
vt 0.855469 0.955078
vt 0.855469 0.937500
vt 0.861328 0.957031
vt 0.869141 0.957031
vt 0.861328 0.984375
vt 0.855469 0.957031
vt 0.869141 0.957031
vt 0.855469 0.984375
vt 0.861328 1.000000
vt 0.869141 1.000000
vt 0.855469 1.000000
vt 0.869141 1.000000
vt 0.855469 1.000000
vt 0.855469 1.000000
vt 0.861328 0.960938
vt 0.861328 0.937500
vt 0.861328 0.964844
vt 0.855469 0.960938
vt 0.861328 0.937500
vt 0.855469 0.964844
vt 0.861328 0.955078
vt 0.855469 0.937500
vt 0.855469 0.955078
vt 0.855469 0.937500
vt 0.861328 0.957031
vt 0.869141 0.957031
vt 0.861328 0.984375
vt 0.855469 0.957031
vt 0.869141 0.957031
vt 0.855469 0.984375
vt 0.861328 1.000000
vt 0.869141 1.000000
vt 0.855469 1.000000
vt 0.869141 1.000000
vt 0.855469 1.000000
vt 0.855469 1.000000
vt 0.861328 0.960938
vt 0.861328 0.937500
vt 0.861328 0.964844
vt 0.855469 0.960938
vt 0.861328 0.937500
vt 0.855469 0.964844
vt 0.521484 0.349609
vt 0.361328 0.353516
vt 0.361328 0.349609
vt 0.384766 0.349609
vt 0.361328 0.490234
vt 0.361328 0.349609
vt 0.521484 0.351562
vt 0.361328 0.351562
vt 0.384766 0.351562
vt 0.361328 0.351562
vt 0.521484 0.349609
vt 0.541016 0.353516
vt 0.541016 0.349609
vt 0.384766 0.349609
vt 0.541016 0.490234
vt 0.541016 0.349609
vt 0.521484 0.351562
vt 0.541016 0.351562
vt 0.384766 0.351562
vt 0.541016 0.351562
vt 0.813794 0.905018
vt 0.790204 0.905915
vt 0.810932 0.905018
vt 0.813794 0.896255
vt 0.816656 0.931306
vt 0.796400 0.899719
vt 0.816656 0.922543
vt 0.805163 0.899719
vt 0.810932 0.896255
vt 0.813794 0.931306
vt 0.813794 0.922543
vt 0.813794 0.913780
vt 0.790204 0.914678
vt 0.813794 0.922543
vt 0.796400 0.920874
vt 0.810932 0.913780
vt 0.810932 0.922543
vt 0.816656 0.913780
vt 0.811359 0.905915
vt 0.816656 0.896255
vt 0.813794 0.931306
vt 0.805163 0.920874
vt 0.816656 0.905018
vt 0.811359 0.914678
vt 0.813794 0.896255
vt 0.810932 0.931306
vt 0.813794 0.913780
vt 0.813794 0.905018
vt 0.655205 0.257381
vt 0.655205 0.256954
vt 0.645092 0.257516
vt 0.645092 0.246067
vt 0.655205 0.245932
vt 0.656350 0.247212
vt 0.656350 0.247638
vt 0.650435 0.257516
vt 0.650435 0.246067
vt 0.656350 0.258661
vt 0.654061 0.257381
vt 0.654061 0.256954
vt 0.648527 0.247212
vt 0.648527 0.258661
vt 0.654061 0.245932
vt 0.655205 0.247212
vt 0.655205 0.247638
vt 0.653870 0.247212
vt 0.655205 0.258661
vt 0.653870 0.258661
vt 0.655205 0.258234
vt 0.652916 0.272209
vt 0.645665 0.258661
vt 0.652915 0.268011
vt 0.656350 0.246358
vt 0.649863 0.258661
vt 0.654061 0.258234
vt 0.654061 0.272209
vt 0.649099 0.246067
vt 0.654060 0.268011
vt 0.655205 0.246358
vt 0.653297 0.246067
vt 0.657495 0.257381
vt 0.657495 0.256954
vt 0.645092 0.270110
vt 0.645092 0.258661
vt 0.657495 0.245932
vt 0.652916 0.257381
vt 0.652916 0.256954
vt 0.650435 0.270110
vt 0.650435 0.258661
vt 0.652916 0.245932
vt 0.656350 0.257381
vt 0.656350 0.256954
vt 0.648527 0.259806
vt 0.648527 0.271255
vt 0.656350 0.245932
vt 0.654061 0.257381
vt 0.654061 0.256954
vt 0.653870 0.259806
vt 0.654061 0.245932
vt 0.653870 0.271255
vt 0.657495 0.258234
vt 0.652916 0.261905
vt 0.645665 0.271255
vt 0.652915 0.257707
vt 0.652916 0.258234
vt 0.649863 0.271255
vt 0.656350 0.258234
vt 0.654061 0.261905
vt 0.649099 0.258661
vt 0.654060 0.257707
vt 0.654061 0.258234
vt 0.653297 0.258661
vt 0.438707 0.329390
vt 0.493869 0.281354
vt 0.445953 0.322007
vt 0.493936 0.316548
vt 0.446049 0.322048
vt 0.503130 0.281264
vt 0.512442 0.281252
vt 0.456432 0.322048
vt 0.438611 0.329348
vt 0.503218 0.316506
vt 0.438611 0.339731
vt 0.512477 0.316450
vt 0.521576 0.281660
vt 0.438707 0.339773
vt 0.484635 0.281513
vt 0.512428 0.281493
vt 0.446049 0.347114
vt 0.456336 0.322007
vt 0.484615 0.316561
vt 0.521712 0.316370
vt 0.463677 0.329348
vt 0.512490 0.316463
vt 0.521725 0.281444
vt 0.484680 0.281106
vt 0.463773 0.329390
vt 0.503276 0.281371
vt 0.456432 0.347114
vt 0.494053 0.281230
vt 0.463773 0.339773
vt 0.463677 0.339731
vt 0.503251 0.316548
vt 0.445953 0.347073
vt 0.484629 0.316707
vt 0.521725 0.316385
vt 0.456336 0.347073
vt 0.493971 0.316631
vt 0.493980 0.294127
vt 0.493991 0.290998
vt 0.493950 0.287863
vt 0.512358 0.287798
vt 0.512309 0.290946
vt 0.512360 0.294089
vt 0.503153 0.287798
vt 0.503139 0.290960
vt 0.503170 0.294117
vt 0.503167 0.294154
vt 0.503201 0.291005
vt 0.503201 0.287859
vt 0.493997 0.287788
vt 0.494018 0.290958
vt 0.493961 0.294120
vt 0.484646 0.287798
vt 0.521590 0.287995
vt 0.485158 0.290913
vt 0.521042 0.290997
vt 0.484629 0.294027
vt 0.521567 0.294008
vt 0.521486 0.294058
vt 0.484734 0.294052
vt 0.520942 0.291076
vt 0.485273 0.291031
vt 0.521458 0.288116
vt 0.484747 0.288029
vt 0.512327 0.287938
vt 0.512298 0.291041
vt 0.512326 0.294151
vt 0.813794 0.905018
vt 0.790204 0.905915
vt 0.810932 0.905018
vt 0.813794 0.896255
vt 0.816656 0.931306
vt 0.796400 0.899719
vt 0.816656 0.922543
vt 0.805163 0.899719
vt 0.810932 0.896255
vt 0.813794 0.931306
vt 0.813794 0.922543
vt 0.813794 0.913780
vt 0.790204 0.914678
vt 0.813794 0.922543
vt 0.796400 0.920874
vt 0.810932 0.913780
vt 0.810932 0.922543
vt 0.816656 0.913780
vt 0.811359 0.905915
vt 0.816656 0.896255
vt 0.813794 0.931306
vt 0.805163 0.920874
vt 0.816656 0.905018
vt 0.811359 0.914678
vt 0.813794 0.896255
vt 0.810932 0.931306
vt 0.813794 0.913780
vt 0.813794 0.905018
vt 0.655205 0.257381
vt 0.655205 0.256954
vt 0.645092 0.257516
vt 0.645092 0.246067
vt 0.655205 0.245932
vt 0.656350 0.247212
vt 0.656350 0.247638
vt 0.650435 0.257516
vt 0.650435 0.246067
vt 0.656350 0.258661
vt 0.654061 0.257381
vt 0.654061 0.256954
vt 0.648527 0.247212
vt 0.648527 0.258661
vt 0.654061 0.245932
vt 0.655205 0.247212
vt 0.655205 0.247638
vt 0.653870 0.247212
vt 0.655205 0.258661
vt 0.653870 0.258661
vt 0.655205 0.258234
vt 0.652916 0.272209
vt 0.645664 0.258661
vt 0.652916 0.268011
vt 0.656350 0.246358
vt 0.649862 0.258661
vt 0.654061 0.258234
vt 0.654060 0.272209
vt 0.649099 0.246067
vt 0.654061 0.268011
vt 0.655205 0.246358
vt 0.653297 0.246067
vt 0.657495 0.257381
vt 0.657495 0.256954
vt 0.645092 0.270110
vt 0.645092 0.258661
vt 0.657495 0.245932
vt 0.652916 0.257381
vt 0.652916 0.256954
vt 0.650435 0.270110
vt 0.650435 0.258661
vt 0.652916 0.245932
vt 0.656350 0.257381
vt 0.656350 0.256954
vt 0.648527 0.259806
vt 0.648527 0.271255
vt 0.656350 0.245932
vt 0.654061 0.257381
vt 0.654061 0.256954
vt 0.653870 0.259806
vt 0.654061 0.245932
vt 0.653870 0.271255
vt 0.657495 0.258234
vt 0.652916 0.261905
vt 0.645664 0.271255
vt 0.652916 0.257707
vt 0.652916 0.258234
vt 0.649862 0.271255
vt 0.656350 0.258234
vt 0.654060 0.261905
vt 0.649099 0.258661
vt 0.654061 0.257707
vt 0.654061 0.258234
vt 0.653297 0.258661
vt 0.457010 0.321541
vt 0.519401 0.233246
vt 0.466492 0.298916
vt 0.519382 0.278008
vt 0.443600 0.321541
vt 0.507852 0.233146
vt 0.496229 0.233124
vt 0.434118 0.312059
vt 0.457010 0.289433
vt 0.507783 0.277968
vt 0.443600 0.289433
vt 0.496209 0.277916
vt 0.484910 0.233580
vt 0.466492 0.312059
vt 0.530919 0.233427
vt 0.496320 0.233407
vt 0.466492 0.298649
vt 0.466492 0.312325
vt 0.531022 0.278020
vt 0.484659 0.277814
vt 0.457010 0.321807
vt 0.496195 0.277921
vt 0.484645 0.233373
vt 0.530940 0.232934
vt 0.434118 0.298649
vt 0.507730 0.233282
vt 0.457010 0.289167
vt 0.519224 0.233105
vt 0.443600 0.289167
vt 0.443600 0.321807
vt 0.507748 0.278019
vt 0.434118 0.298916
vt 0.531008 0.278209
vt 0.484645 0.277857
vt 0.434118 0.312325
vt 0.519345 0.278116
vt 0.519302 0.246250
vt 0.519288 0.243000
vt 0.519326 0.239745
vt 0.496317 0.239670
vt 0.496369 0.242947
vt 0.496322 0.246218
vt 0.507829 0.239675
vt 0.507844 0.242961
vt 0.507814 0.246243
vt 0.507852 0.246288
vt 0.507809 0.243020
vt 0.507803 0.239756
vt 0.519287 0.239656
vt 0.519274 0.242947
vt 0.519360 0.246235
vt 0.530984 0.239643
vt 0.484786 0.239913
vt 0.530360 0.242894
vt 0.485448 0.243023
vt 0.531008 0.246136
vt 0.484808 0.246147
vt 0.484950 0.246180
vt 0.530849 0.246168
vt 0.485626 0.243089
vt 0.530184 0.243038
vt 0.485008 0.240021
vt 0.530817 0.239929
vt 0.496403 0.239841
vt 0.496425 0.243064
vt 0.496412 0.246291
vt 0.199219 0.310671
vt 0.189878 0.273015
vt 0.198891 0.264003
vt 0.199219 0.341673
vt 0.195312 0.310671
vt 0.186145 0.269282
vt 0.191406 0.310671
vt 0.186145 0.264003
vt 0.195158 0.260269
vt 0.195312 0.341673
vt 0.189878 0.260269
vt 0.191406 0.341673
vt 0.203125 0.310671
vt 0.187500 0.310671
vt 0.195158 0.273015
vt 0.191406 0.310671
vt 0.198891 0.269282
vt 0.198891 0.269282
vt 0.203125 0.341673
vt 0.187500 0.341673
vt 0.195158 0.273015
vt 0.191406 0.341673
vt 0.187500 0.310671
vt 0.203125 0.310671
vt 0.189878 0.260269
vt 0.195312 0.310671
vt 0.198891 0.264003
vt 0.199219 0.310671
vt 0.195158 0.260269
vt 0.189878 0.273015
vt 0.195312 0.341673
vt 0.186145 0.264003
vt 0.187500 0.341673
vt 0.203125 0.341673
vt 0.186145 0.269282
vt 0.199219 0.341673
vt 0.845044 0.951893
vt 0.821454 0.952790
vt 0.842182 0.951893
vt 0.845044 0.943130
vt 0.847906 0.978181
vt 0.827650 0.946594
vt 0.847906 0.969418
vt 0.836413 0.946594
vt 0.842182 0.943130
vt 0.845044 0.978181
vt 0.845044 0.969418
vt 0.845044 0.960655
vt 0.821454 0.961553
vt 0.845044 0.969418
vt 0.827650 0.967749
vt 0.842182 0.960655
vt 0.842182 0.969418
vt 0.847906 0.960655
vt 0.842609 0.952790
vt 0.847906 0.943130
vt 0.845044 0.978181
vt 0.836413 0.967749
vt 0.847906 0.951893
vt 0.842609 0.961553
vt 0.845044 0.943130
vt 0.842182 0.978181
vt 0.845044 0.960655
vt 0.845044 0.951893
vt 0.655206 0.254821
vt 0.655205 0.256612
vt 0.629255 0.251601
vt 0.645092 0.246067
vt 0.655205 0.245932
vt 0.656350 0.242091
vt 0.657113 0.237443
vt 0.629254 0.256943
vt 0.650435 0.246067
vt 0.656350 0.258661
vt 0.653529 0.254821
vt 0.632689 0.253127
vt 0.653528 0.256612
vt 0.630933 0.253127
vt 0.648527 0.258661
vt 0.653529 0.245932
vt 0.654674 0.242091
vt 0.632688 0.247784
vt 0.630902 0.247784
vt 0.654862 0.237443
vt 0.654646 0.258661
vt 0.653870 0.258661
vt 0.655206 0.254821
vt 0.652916 0.274499
vt 0.628108 0.252173
vt 0.652916 0.274499
vt 0.656350 0.242091
vt 0.628108 0.256371
vt 0.653529 0.254821
vt 0.654592 0.274499
vt 0.631544 0.252554
vt 0.654593 0.274499
vt 0.654674 0.242091
vt 0.631544 0.248356
vt 0.658028 0.254821
vt 0.658027 0.256612
vt 0.629255 0.264195
vt 0.645092 0.258661
vt 0.658027 0.245932
vt 0.652383 0.262500
vt 0.652384 0.267149
vt 0.629254 0.269538
vt 0.650435 0.258661
vt 0.652384 0.245932
vt 0.656351 0.254821
vt 0.656350 0.256612
vt 0.632689 0.265721
vt 0.648527 0.271255
vt 0.656350 0.245932
vt 0.654060 0.262500
vt 0.632689 0.260378
vt 0.654060 0.267149
vt 0.654061 0.245932
vt 0.653870 0.271255
vt 0.658028 0.254821
vt 0.652384 0.264195
vt 0.628108 0.264767
vt 0.652384 0.264195
vt 0.652383 0.262500
vt 0.628108 0.268965
vt 0.656351 0.254821
vt 0.654061 0.264195
vt 0.631544 0.265148
vt 0.654061 0.264195
vt 0.654060 0.262500
vt 0.631544 0.260950
vt 0.655205 0.251656
vt 0.645092 0.251791
vt 0.655929 0.247784
vt 0.656404 0.251763
vt 0.650435 0.256943
vt 0.653655 0.247784
vt 0.654753 0.247784
vt 0.654584 0.247784
vt 0.653802 0.251763
vt 0.653529 0.251656
vt 0.648527 0.252936
vt 0.658027 0.251656
vt 0.645092 0.264385
vt 0.652384 0.256808
vt 0.652384 0.252830
vt 0.650435 0.269538
vt 0.654060 0.256808
vt 0.653870 0.260378
vt 0.654061 0.252830
vt 0.656350 0.251656
vt 0.648527 0.265530
vt 0.845044 0.951893
vt 0.821454 0.952790
vt 0.842182 0.951893
vt 0.845044 0.943130
vt 0.847906 0.978181
vt 0.827650 0.946594
vt 0.847906 0.969418
vt 0.836413 0.946594
vt 0.842182 0.943130
vt 0.845044 0.978181
vt 0.845044 0.969418
vt 0.845044 0.960655
vt 0.821454 0.961553
vt 0.845044 0.969418
vt 0.827650 0.967749
vt 0.842182 0.960655
vt 0.842182 0.969418
vt 0.847906 0.960655
vt 0.842609 0.952790
vt 0.847906 0.943130
vt 0.845044 0.978181
vt 0.836413 0.967749
vt 0.847906 0.951893
vt 0.842609 0.961553
vt 0.845044 0.943130
vt 0.842182 0.978181
vt 0.845044 0.960655
vt 0.845044 0.951893
vt 0.655206 0.254821
vt 0.655205 0.256612
vt 0.629255 0.251601
vt 0.645092 0.246067
vt 0.655205 0.245932
vt 0.656350 0.242091
vt 0.657113 0.237443
vt 0.629254 0.256943
vt 0.650435 0.246067
vt 0.656350 0.258661
vt 0.653529 0.254821
vt 0.632689 0.253127
vt 0.653528 0.256612
vt 0.630933 0.253127
vt 0.648527 0.258661
vt 0.653529 0.245932
vt 0.654674 0.242091
vt 0.632688 0.247784
vt 0.630902 0.247784
vt 0.654862 0.237443
vt 0.654646 0.258661
vt 0.653870 0.258661
vt 0.655206 0.254821
vt 0.652916 0.274499
vt 0.628108 0.252173
vt 0.652916 0.274499
vt 0.656350 0.242091
vt 0.628108 0.256371
vt 0.653529 0.254821
vt 0.654592 0.274499
vt 0.631544 0.252554
vt 0.654593 0.274499
vt 0.654674 0.242091
vt 0.631544 0.248356
vt 0.658028 0.254821
vt 0.658027 0.256612
vt 0.629255 0.264195
vt 0.645092 0.258661
vt 0.658027 0.245932
vt 0.652383 0.262500
vt 0.652384 0.267149
vt 0.629254 0.269538
vt 0.650435 0.258661
vt 0.652384 0.245932
vt 0.656351 0.254821
vt 0.656350 0.256612
vt 0.632689 0.265721
vt 0.648527 0.271255
vt 0.656350 0.245932
vt 0.654060 0.262500
vt 0.632689 0.260378
vt 0.654060 0.267149
vt 0.654061 0.245932
vt 0.653870 0.271255
vt 0.658028 0.254821
vt 0.652384 0.264195
vt 0.628108 0.264767
vt 0.652384 0.264195
vt 0.652383 0.262500
vt 0.628108 0.268965
vt 0.656351 0.254821
vt 0.654061 0.264195
vt 0.631544 0.265148
vt 0.654061 0.264195
vt 0.654060 0.262500
vt 0.631544 0.260950
vt 0.655205 0.251656
vt 0.645092 0.251791
vt 0.655929 0.247784
vt 0.656404 0.251763
vt 0.650435 0.256943
vt 0.653655 0.247784
vt 0.654753 0.247784
vt 0.654584 0.247784
vt 0.653802 0.251763
vt 0.653529 0.251656
vt 0.648527 0.252936
vt 0.658027 0.251656
vt 0.645092 0.264385
vt 0.652384 0.256808
vt 0.652384 0.252830
vt 0.650435 0.269538
vt 0.654060 0.256808
vt 0.653870 0.260378
vt 0.654061 0.252830
vt 0.656350 0.251656
vt 0.648527 0.265530
vt 0.199219 0.310671
vt 0.189878 0.273015
vt 0.198891 0.264003
vt 0.199219 0.341673
vt 0.195312 0.310671
vt 0.186145 0.269282
vt 0.191406 0.310671
vt 0.186145 0.264003
vt 0.195158 0.260269
vt 0.195312 0.341673
vt 0.189878 0.260269
vt 0.191406 0.341673
vt 0.203125 0.310671
vt 0.187500 0.310671
vt 0.195158 0.273015
vt 0.191406 0.310671
vt 0.198891 0.269282
vt 0.198891 0.269282
vt 0.203125 0.341673
vt 0.187500 0.341673
vt 0.195158 0.273015
vt 0.191406 0.341673
vt 0.187500 0.310671
vt 0.203125 0.310671
vt 0.189878 0.260269
vt 0.195312 0.310671
vt 0.198891 0.264003
vt 0.199219 0.310671
vt 0.195158 0.260269
vt 0.189878 0.273015
vt 0.195312 0.341673
vt 0.186145 0.264003
vt 0.187500 0.341673
vt 0.203125 0.341673
vt 0.186145 0.269282
vt 0.199219 0.341673
vt 0.845044 0.951893
vt 0.821454 0.952790
vt 0.842182 0.951893
vt 0.845044 0.943130
vt 0.847906 0.978181
vt 0.827650 0.946594
vt 0.847906 0.969418
vt 0.836413 0.946594
vt 0.842182 0.943130
vt 0.845044 0.978181
vt 0.845044 0.969418
vt 0.845044 0.960655
vt 0.821454 0.961553
vt 0.845044 0.969418
vt 0.827650 0.967749
vt 0.842182 0.960655
vt 0.842182 0.969418
vt 0.847906 0.960655
vt 0.842609 0.952790
vt 0.847906 0.943130
vt 0.845044 0.978181
vt 0.836413 0.967749
vt 0.847906 0.951893
vt 0.842609 0.961553
vt 0.845044 0.943130
vt 0.842182 0.978181
vt 0.845044 0.960655
vt 0.845044 0.951893
vt 0.655206 0.254821
vt 0.655205 0.256612
vt 0.629255 0.251601
vt 0.645092 0.246067
vt 0.655205 0.245932
vt 0.656350 0.242091
vt 0.657113 0.237443
vt 0.629254 0.256943
vt 0.650435 0.246067
vt 0.656350 0.258661
vt 0.653529 0.254821
vt 0.632689 0.253127
vt 0.653528 0.256612
vt 0.630933 0.253127
vt 0.648527 0.258661
vt 0.653529 0.245932
vt 0.654674 0.242091
vt 0.632688 0.247784
vt 0.630902 0.247784
vt 0.654862 0.237443
vt 0.654646 0.258661
vt 0.653870 0.258661
vt 0.655206 0.254821
vt 0.652916 0.274499
vt 0.628108 0.252173
vt 0.652916 0.274499
vt 0.656350 0.242091
vt 0.628108 0.256371
vt 0.653529 0.254821
vt 0.654592 0.274499
vt 0.631544 0.252554
vt 0.654593 0.274499
vt 0.654674 0.242091
vt 0.631544 0.248356
vt 0.658028 0.254821
vt 0.658027 0.256612
vt 0.629255 0.264195
vt 0.645092 0.258661
vt 0.658027 0.245932
vt 0.652383 0.262500
vt 0.652384 0.267149
vt 0.629254 0.269538
vt 0.650435 0.258661
vt 0.652384 0.245932
vt 0.656351 0.254821
vt 0.656350 0.256612
vt 0.632689 0.265721
vt 0.648527 0.271255
vt 0.656350 0.245932
vt 0.654060 0.262500
vt 0.632689 0.260378
vt 0.654060 0.267149
vt 0.654061 0.245932
vt 0.653870 0.271255
vt 0.658028 0.254821
vt 0.652384 0.264195
vt 0.628108 0.264767
vt 0.652384 0.264195
vt 0.652383 0.262500
vt 0.628108 0.268965
vt 0.656351 0.254821
vt 0.654061 0.264195
vt 0.631544 0.265148
vt 0.654061 0.264195
vt 0.654060 0.262500
vt 0.631544 0.260950
vt 0.655205 0.251656
vt 0.645092 0.251791
vt 0.655929 0.247784
vt 0.656404 0.251763
vt 0.650435 0.256943
vt 0.653655 0.247784
vt 0.654753 0.247784
vt 0.654584 0.247784
vt 0.653802 0.251763
vt 0.653529 0.251656
vt 0.648527 0.252936
vt 0.658027 0.251656
vt 0.645092 0.264385
vt 0.652384 0.256808
vt 0.652384 0.252830
vt 0.650435 0.269538
vt 0.654060 0.256808
vt 0.653870 0.260378
vt 0.654061 0.252830
vt 0.656350 0.251656
vt 0.648527 0.265530
vt 0.845044 0.951893
vt 0.821454 0.952790
vt 0.842182 0.951893
vt 0.845044 0.943130
vt 0.847906 0.978181
vt 0.827650 0.946594
vt 0.847906 0.969418
vt 0.836413 0.946594
vt 0.842182 0.943130
vt 0.845044 0.978181
vt 0.845044 0.969418
vt 0.845044 0.960655
vt 0.821454 0.961553
vt 0.845044 0.969418
vt 0.827650 0.967749
vt 0.842182 0.960655
vt 0.842182 0.969418
vt 0.847906 0.960655
vt 0.842609 0.952790
vt 0.847906 0.943130
vt 0.845044 0.978181
vt 0.836413 0.967749
vt 0.847906 0.951893
vt 0.842609 0.961553
vt 0.845044 0.943130
vt 0.842182 0.978181
vt 0.845044 0.960655
vt 0.845044 0.951893
vt 0.655206 0.254821
vt 0.655205 0.256612
vt 0.629255 0.251601
vt 0.645092 0.246067
vt 0.655205 0.245932
vt 0.656350 0.242091
vt 0.657113 0.237443
vt 0.629254 0.256943
vt 0.650435 0.246067
vt 0.656350 0.258661
vt 0.653529 0.254821
vt 0.632689 0.253127
vt 0.653528 0.256612
vt 0.630933 0.253127
vt 0.648527 0.258661
vt 0.653529 0.245932
vt 0.654674 0.242091
vt 0.632688 0.247784
vt 0.630902 0.247784
vt 0.654862 0.237443
vt 0.654646 0.258661
vt 0.653870 0.258661
vt 0.655206 0.254821
vt 0.652916 0.274499
vt 0.628108 0.252173
vt 0.652916 0.274499
vt 0.656350 0.242091
vt 0.628108 0.256371
vt 0.653529 0.254821
vt 0.654592 0.274499
vt 0.631544 0.252554
vt 0.654593 0.274499
vt 0.654674 0.242091
vt 0.631544 0.248356
vt 0.658028 0.254821
vt 0.658027 0.256612
vt 0.629255 0.264195
vt 0.645092 0.258661
vt 0.658027 0.245932
vt 0.652383 0.262500
vt 0.652384 0.267149
vt 0.629254 0.269538
vt 0.650435 0.258661
vt 0.652384 0.245932
vt 0.656351 0.254821
vt 0.656350 0.256612
vt 0.632689 0.265721
vt 0.648527 0.271255
vt 0.656350 0.245932
vt 0.654060 0.262500
vt 0.632689 0.260378
vt 0.654060 0.267149
vt 0.654061 0.245932
vt 0.653870 0.271255
vt 0.658028 0.254821
vt 0.652384 0.264195
vt 0.628108 0.264767
vt 0.652384 0.264195
vt 0.652383 0.262500
vt 0.628108 0.268965
vt 0.656351 0.254821
vt 0.654061 0.264195
vt 0.631544 0.265148
vt 0.654061 0.264195
vt 0.654060 0.262500
vt 0.631544 0.260950
vt 0.655205 0.251656
vt 0.645092 0.251791
vt 0.655929 0.247784
vt 0.656404 0.251763
vt 0.650435 0.256943
vt 0.653655 0.247784
vt 0.654753 0.247784
vt 0.654584 0.247784
vt 0.653802 0.251763
vt 0.653529 0.251656
vt 0.648527 0.252936
vt 0.658027 0.251656
vt 0.645092 0.264385
vt 0.652384 0.256808
vt 0.652384 0.252830
vt 0.650435 0.269538
vt 0.654060 0.256808
vt 0.653870 0.260378
vt 0.654061 0.252830
vt 0.656350 0.251656
vt 0.648527 0.265530
vt 0.199219 0.310671
vt 0.189878 0.273015
vt 0.198891 0.264003
vt 0.199219 0.341673
vt 0.195312 0.310671
vt 0.186145 0.269282
vt 0.191406 0.310671
vt 0.186145 0.264003
vt 0.195158 0.260269
vt 0.195312 0.341673
vt 0.189878 0.260269
vt 0.191406 0.341673
vt 0.203125 0.310671
vt 0.187500 0.310671
vt 0.195158 0.273015
vt 0.191406 0.310671
vt 0.198891 0.269282
vt 0.198891 0.269282
vt 0.203125 0.341673
vt 0.187500 0.341673
vt 0.195158 0.273015
vt 0.191406 0.341673
vt 0.187500 0.310671
vt 0.203125 0.310671
vt 0.189878 0.260269
vt 0.195312 0.310671
vt 0.198891 0.264003
vt 0.199219 0.310671
vt 0.195158 0.260269
vt 0.189878 0.273015
vt 0.195312 0.341673
vt 0.186145 0.264003
vt 0.187500 0.341673
vt 0.203125 0.341673
vt 0.186145 0.269282
vt 0.199219 0.341673
vt 0.845044 0.951893
vt 0.821454 0.952790
vt 0.842182 0.951893
vt 0.845044 0.943130
vt 0.847906 0.978181
vt 0.827650 0.946594
vt 0.847906 0.969418
vt 0.836413 0.946594
vt 0.842182 0.943130
vt 0.845044 0.978181
vt 0.845044 0.969418
vt 0.845044 0.960655
vt 0.821454 0.961553
vt 0.845044 0.969418
vt 0.827650 0.967749
vt 0.842182 0.960655
vt 0.842182 0.969418
vt 0.847906 0.960655
vt 0.842609 0.952790
vt 0.847906 0.943130
vt 0.845044 0.978181
vt 0.836413 0.967749
vt 0.847906 0.951893
vt 0.842609 0.961553
vt 0.845044 0.943130
vt 0.842182 0.978181
vt 0.845044 0.960655
vt 0.845044 0.951893
vt 0.655206 0.254821
vt 0.655205 0.256612
vt 0.629255 0.251601
vt 0.645092 0.246067
vt 0.655205 0.245932
vt 0.656350 0.242091
vt 0.657113 0.237443
vt 0.629254 0.256943
vt 0.650435 0.246067
vt 0.656350 0.258661
vt 0.653529 0.254821
vt 0.632689 0.253127
vt 0.653528 0.256612
vt 0.630933 0.253127
vt 0.648527 0.258661
vt 0.653529 0.245932
vt 0.654674 0.242091
vt 0.632688 0.247784
vt 0.630902 0.247784
vt 0.654862 0.237443
vt 0.654646 0.258661
vt 0.653870 0.258661
vt 0.655206 0.254821
vt 0.652916 0.274499
vt 0.628108 0.252173
vt 0.652916 0.274499
vt 0.656350 0.242091
vt 0.628108 0.256371
vt 0.653529 0.254821
vt 0.654592 0.274499
vt 0.631544 0.252554
vt 0.654593 0.274499
vt 0.654674 0.242091
vt 0.631544 0.248356
vt 0.658028 0.254821
vt 0.658027 0.256612
vt 0.629255 0.264195
vt 0.645092 0.258661
vt 0.658027 0.245932
vt 0.652383 0.262500
vt 0.652384 0.267149
vt 0.629254 0.269538
vt 0.650435 0.258661
vt 0.652384 0.245932
vt 0.656351 0.254821
vt 0.656350 0.256612
vt 0.632689 0.265721
vt 0.648527 0.271255
vt 0.656350 0.245932
vt 0.654060 0.262500
vt 0.632689 0.260378
vt 0.654060 0.267149
vt 0.654061 0.245932
vt 0.653870 0.271255
vt 0.658028 0.254821
vt 0.652384 0.264195
vt 0.628108 0.264767
vt 0.652384 0.264195
vt 0.652383 0.262500
vt 0.628108 0.268965
vt 0.656351 0.254821
vt 0.654061 0.264195
vt 0.631544 0.265148
vt 0.654061 0.264195
vt 0.654060 0.262500
vt 0.631544 0.260950
vt 0.655205 0.251656
vt 0.645092 0.251791
vt 0.655929 0.247784
vt 0.656404 0.251763
vt 0.650435 0.256943
vt 0.653655 0.247784
vt 0.654753 0.247784
vt 0.654584 0.247784
vt 0.653802 0.251763
vt 0.653529 0.251656
vt 0.648527 0.252936
vt 0.658027 0.251656
vt 0.645092 0.264385
vt 0.652384 0.256808
vt 0.652384 0.252830
vt 0.650435 0.269538
vt 0.654060 0.256808
vt 0.653870 0.260378
vt 0.654061 0.252830
vt 0.656350 0.251656
vt 0.648527 0.265530
vt 0.845044 0.951893
vt 0.821454 0.952790
vt 0.842182 0.951893
vt 0.845044 0.943130
vt 0.847906 0.978181
vt 0.827650 0.946594
vt 0.847906 0.969418
vt 0.836413 0.946594
vt 0.842182 0.943130
vt 0.845044 0.978181
vt 0.845044 0.969418
vt 0.845044 0.960655
vt 0.821454 0.961553
vt 0.845044 0.969418
vt 0.827650 0.967749
vt 0.842182 0.960655
vt 0.842182 0.969418
vt 0.847906 0.960655
vt 0.842609 0.952790
vt 0.847906 0.943130
vt 0.845044 0.978181
vt 0.836413 0.967749
vt 0.847906 0.951893
vt 0.842609 0.961553
vt 0.845044 0.943130
vt 0.842182 0.978181
vt 0.845044 0.960655
vt 0.845044 0.951893
vt 0.655206 0.254821
vt 0.655205 0.256612
vt 0.629255 0.251601
vt 0.645092 0.246067
vt 0.655205 0.245932
vt 0.656350 0.242091
vt 0.657113 0.237443
vt 0.629254 0.256943
vt 0.650435 0.246067
vt 0.656350 0.258661
vt 0.653529 0.254821
vt 0.632689 0.253127
vt 0.653528 0.256612
vt 0.630933 0.253127
vt 0.648527 0.258661
vt 0.653529 0.245932
vt 0.654674 0.242091
vt 0.632688 0.247784
vt 0.630902 0.247784
vt 0.654862 0.237443
vt 0.654646 0.258661
vt 0.653870 0.258661
vt 0.655206 0.254821
vt 0.652916 0.274499
vt 0.628108 0.252173
vt 0.652916 0.274499
vt 0.656350 0.242091
vt 0.628108 0.256371
vt 0.653529 0.254821
vt 0.654592 0.274499
vt 0.631544 0.252554
vt 0.654593 0.274499
vt 0.654674 0.242091
vt 0.631544 0.248356
vt 0.658028 0.254821
vt 0.658027 0.256612
vt 0.629255 0.264195
vt 0.645092 0.258661
vt 0.658027 0.245932
vt 0.652383 0.262500
vt 0.652384 0.267149
vt 0.629254 0.269538
vt 0.650435 0.258661
vt 0.652384 0.245932
vt 0.656351 0.254821
vt 0.656350 0.256612
vt 0.632689 0.265721
vt 0.648527 0.271255
vt 0.656350 0.245932
vt 0.654060 0.262500
vt 0.632689 0.260378
vt 0.654060 0.267149
vt 0.654061 0.245932
vt 0.653870 0.271255
vt 0.658028 0.254821
vt 0.652384 0.264195
vt 0.628108 0.264767
vt 0.652384 0.264195
vt 0.652383 0.262500
vt 0.628108 0.268965
vt 0.656351 0.254821
vt 0.654061 0.264195
vt 0.631544 0.265148
vt 0.654061 0.264195
vt 0.654060 0.262500
vt 0.631544 0.260950
vt 0.655205 0.251656
vt 0.645092 0.251791
vt 0.655929 0.247784
vt 0.656404 0.251763
vt 0.650435 0.256943
vt 0.653655 0.247784
vt 0.654753 0.247784
vt 0.654584 0.247784
vt 0.653802 0.251763
vt 0.653529 0.251656
vt 0.648527 0.252936
vt 0.658027 0.251656
vt 0.645092 0.264385
vt 0.652384 0.256808
vt 0.652384 0.252830
vt 0.650435 0.269538
vt 0.654060 0.256808
vt 0.653870 0.260378
vt 0.654061 0.252830
vt 0.656350 0.251656
vt 0.648527 0.265530
vt 0.199219 0.373171
vt 0.189878 0.273015
vt 0.198891 0.264003
vt 0.199219 0.404173
vt 0.195312 0.373171
vt 0.186145 0.269282
vt 0.191406 0.373171
vt 0.186145 0.264003
vt 0.195158 0.260269
vt 0.195312 0.404173
vt 0.189878 0.260269
vt 0.191406 0.404173
vt 0.203125 0.373171
vt 0.187500 0.373171
vt 0.195158 0.273015
vt 0.191406 0.373171
vt 0.198891 0.269282
vt 0.198891 0.269282
vt 0.203125 0.404173
vt 0.187500 0.404173
vt 0.195158 0.273015
vt 0.191406 0.404173
vt 0.187500 0.373171
vt 0.203125 0.373171
vt 0.189878 0.260269
vt 0.195312 0.373171
vt 0.198891 0.264003
vt 0.199219 0.373171
vt 0.195158 0.260269
vt 0.189878 0.273015
vt 0.195312 0.404173
vt 0.186145 0.264003
vt 0.187500 0.404173
vt 0.203125 0.404173
vt 0.186145 0.269282
vt 0.199219 0.404173
vt 0.845044 0.951893
vt 0.821454 0.952790
vt 0.842182 0.951893
vt 0.845044 0.943130
vt 0.847906 0.978181
vt 0.827650 0.946594
vt 0.847906 0.969418
vt 0.836413 0.946594
vt 0.842182 0.943130
vt 0.845044 0.978181
vt 0.845044 0.969418
vt 0.845044 0.960655
vt 0.821454 0.961553
vt 0.845044 0.969418
vt 0.827650 0.967749
vt 0.842182 0.960655
vt 0.842182 0.969418
vt 0.847906 0.960655
vt 0.842609 0.952790
vt 0.847906 0.943130
vt 0.845044 0.978181
vt 0.836413 0.967749
vt 0.847906 0.951893
vt 0.842609 0.961553
vt 0.845044 0.943130
vt 0.842182 0.978181
vt 0.845044 0.960655
vt 0.845044 0.951893
vt 0.655206 0.254821
vt 0.655205 0.256612
vt 0.629255 0.251601
vt 0.645092 0.246067
vt 0.655205 0.245932
vt 0.656350 0.242091
vt 0.657113 0.237443
vt 0.629254 0.256943
vt 0.650435 0.246067
vt 0.656350 0.258661
vt 0.653529 0.254821
vt 0.632689 0.253127
vt 0.653528 0.256612
vt 0.630933 0.253127
vt 0.648527 0.258661
vt 0.653529 0.245932
vt 0.654674 0.242091
vt 0.632688 0.247784
vt 0.630902 0.247784
vt 0.654862 0.237443
vt 0.654646 0.258661
vt 0.653870 0.258661
vt 0.655206 0.254821
vt 0.652916 0.274499
vt 0.628108 0.252173
vt 0.652916 0.274499
vt 0.656350 0.242091
vt 0.628108 0.256371
vt 0.653529 0.254821
vt 0.654592 0.274499
vt 0.631544 0.252554
vt 0.654593 0.274499
vt 0.654674 0.242091
vt 0.631544 0.248356
vt 0.658028 0.254821
vt 0.658027 0.256612
vt 0.629255 0.264195
vt 0.645092 0.258661
vt 0.658027 0.245932
vt 0.652383 0.262500
vt 0.652384 0.267149
vt 0.629254 0.269538
vt 0.650435 0.258661
vt 0.652384 0.245932
vt 0.656351 0.254821
vt 0.656350 0.256612
vt 0.632689 0.265721
vt 0.648527 0.271255
vt 0.656350 0.245932
vt 0.654060 0.262500
vt 0.632689 0.260378
vt 0.654060 0.267149
vt 0.654061 0.245932
vt 0.653870 0.271255
vt 0.658028 0.254821
vt 0.652384 0.264195
vt 0.628108 0.264767
vt 0.652384 0.264195
vt 0.652383 0.262500
vt 0.628108 0.268965
vt 0.656351 0.254821
vt 0.654061 0.264195
vt 0.631544 0.265148
vt 0.654061 0.264195
vt 0.654060 0.262500
vt 0.631544 0.260950
vt 0.655205 0.251656
vt 0.645092 0.251791
vt 0.655929 0.247784
vt 0.656404 0.251763
vt 0.650435 0.256943
vt 0.653655 0.247784
vt 0.654753 0.247784
vt 0.654584 0.247784
vt 0.653802 0.251763
vt 0.653529 0.251656
vt 0.648527 0.252936
vt 0.658027 0.251656
vt 0.645092 0.264385
vt 0.652384 0.256808
vt 0.652384 0.252830
vt 0.650435 0.269538
vt 0.654060 0.256808
vt 0.653870 0.260378
vt 0.654061 0.252830
vt 0.656350 0.251656
vt 0.648527 0.265530
vt 0.845044 0.951893
vt 0.821454 0.952790
vt 0.842182 0.951893
vt 0.845044 0.943130
vt 0.847906 0.978181
vt 0.827650 0.946594
vt 0.847906 0.969418
vt 0.836413 0.946594
vt 0.842182 0.943130
vt 0.845044 0.978181
vt 0.845044 0.969418
vt 0.845044 0.960655
vt 0.821454 0.961553
vt 0.845044 0.969418
vt 0.827650 0.967749
vt 0.842182 0.960655
vt 0.842182 0.969418
vt 0.847906 0.960655
vt 0.842609 0.952790
vt 0.847906 0.943130
vt 0.845044 0.978181
vt 0.836413 0.967749
vt 0.847906 0.951893
vt 0.842609 0.961553
vt 0.845044 0.943130
vt 0.842182 0.978181
vt 0.845044 0.960655
vt 0.845044 0.951893
vt 0.655206 0.254821
vt 0.655205 0.256612
vt 0.629255 0.251601
vt 0.645092 0.246067
vt 0.655205 0.245932
vt 0.656350 0.242091
vt 0.657113 0.237443
vt 0.629254 0.256943
vt 0.650435 0.246067
vt 0.656350 0.258661
vt 0.653529 0.254821
vt 0.632689 0.253127
vt 0.653528 0.256612
vt 0.630933 0.253127
vt 0.648527 0.258661
vt 0.653529 0.245932
vt 0.654674 0.242091
vt 0.632688 0.247784
vt 0.630902 0.247784
vt 0.654862 0.237443
vt 0.654646 0.258661
vt 0.653870 0.258661
vt 0.655206 0.254821
vt 0.652916 0.274499
vt 0.628108 0.252173
vt 0.652916 0.274499
vt 0.656350 0.242091
vt 0.628108 0.256371
vt 0.653529 0.254821
vt 0.654592 0.274499
vt 0.631544 0.252554
vt 0.654593 0.274499
vt 0.654674 0.242091
vt 0.631544 0.248356
vt 0.658028 0.254821
vt 0.658027 0.256612
vt 0.629255 0.264195
vt 0.645092 0.258661
vt 0.658027 0.245932
vt 0.652383 0.262500
vt 0.652384 0.267149
vt 0.629254 0.269538
vt 0.650435 0.258661
vt 0.652384 0.245932
vt 0.656351 0.254821
vt 0.656350 0.256612
vt 0.632689 0.265721
vt 0.648527 0.271255
vt 0.656350 0.245932
vt 0.654060 0.262500
vt 0.632689 0.260378
vt 0.654060 0.267149
vt 0.654061 0.245932
vt 0.653870 0.271255
vt 0.658028 0.254821
vt 0.652384 0.264195
vt 0.628108 0.264767
vt 0.652384 0.264195
vt 0.652383 0.262500
vt 0.628108 0.268965
vt 0.656351 0.254821
vt 0.654061 0.264195
vt 0.631544 0.265148
vt 0.654061 0.264195
vt 0.654060 0.262500
vt 0.631544 0.260950
vt 0.655205 0.251656
vt 0.645092 0.251791
vt 0.655929 0.247784
vt 0.656404 0.251763
vt 0.650435 0.256943
vt 0.653655 0.247784
vt 0.654753 0.247784
vt 0.654584 0.247784
vt 0.653802 0.251763
vt 0.653529 0.251656
vt 0.648527 0.252936
vt 0.658027 0.251656
vt 0.645092 0.264385
vt 0.652384 0.256808
vt 0.652384 0.252830
vt 0.650435 0.269538
vt 0.654060 0.256808
vt 0.653870 0.260378
vt 0.654061 0.252830
vt 0.656350 0.251656
vt 0.648527 0.265530
vt 0.199219 0.341921
vt 0.189878 0.273015
vt 0.198891 0.264003
vt 0.199219 0.372923
vt 0.195312 0.341921
vt 0.186145 0.269282
vt 0.191406 0.341921
vt 0.186145 0.264003
vt 0.195158 0.260269
vt 0.195312 0.372923
vt 0.189878 0.260269
vt 0.191406 0.372923
vt 0.203125 0.341921
vt 0.187500 0.341921
vt 0.195158 0.273015
vt 0.191406 0.341921
vt 0.198891 0.269282
vt 0.198891 0.269282
vt 0.203125 0.372923
vt 0.187500 0.372923
vt 0.195158 0.273015
vt 0.191406 0.372923
vt 0.187500 0.341921
vt 0.203125 0.341921
vt 0.189878 0.260269
vt 0.195312 0.341921
vt 0.198891 0.264003
vt 0.199219 0.341921
vt 0.195158 0.260269
vt 0.189878 0.273015
vt 0.195312 0.372923
vt 0.186145 0.264003
vt 0.187500 0.372923
vt 0.203125 0.372923
vt 0.186145 0.269282
vt 0.199219 0.372923
vt 0.845044 0.951893
vt 0.821454 0.952790
vt 0.842182 0.951893
vt 0.845044 0.943130
vt 0.847906 0.978181
vt 0.827650 0.946594
vt 0.847906 0.969418
vt 0.836413 0.946594
vt 0.842182 0.943130
vt 0.845044 0.978181
vt 0.845044 0.969418
vt 0.845044 0.960655
vt 0.821454 0.961553
vt 0.845044 0.969418
vt 0.827650 0.967749
vt 0.842182 0.960655
vt 0.842182 0.969418
vt 0.847906 0.960655
vt 0.842609 0.952790
vt 0.847906 0.943130
vt 0.845044 0.978181
vt 0.836413 0.967749
vt 0.847906 0.951893
vt 0.842609 0.961553
vt 0.845044 0.943130
vt 0.842182 0.978181
vt 0.845044 0.960655
vt 0.845044 0.951893
vt 0.655206 0.254821
vt 0.655205 0.256612
vt 0.629255 0.251601
vt 0.645092 0.246067
vt 0.655205 0.245932
vt 0.656350 0.242091
vt 0.657113 0.237443
vt 0.629254 0.256943
vt 0.650435 0.246067
vt 0.656350 0.258661
vt 0.653529 0.254821
vt 0.632689 0.253127
vt 0.653528 0.256612
vt 0.630933 0.253127
vt 0.648527 0.258661
vt 0.653529 0.245932
vt 0.654674 0.242091
vt 0.632688 0.247784
vt 0.630902 0.247784
vt 0.654862 0.237443
vt 0.654646 0.258661
vt 0.653870 0.258661
vt 0.655206 0.254821
vt 0.652916 0.274499
vt 0.628108 0.252173
vt 0.652916 0.274499
vt 0.656350 0.242091
vt 0.628108 0.256371
vt 0.653529 0.254821
vt 0.654592 0.274499
vt 0.631544 0.252554
vt 0.654593 0.274499
vt 0.654674 0.242091
vt 0.631544 0.248356
vt 0.658028 0.254821
vt 0.658027 0.256612
vt 0.629255 0.264195
vt 0.645092 0.258661
vt 0.658027 0.245932
vt 0.652383 0.262500
vt 0.652384 0.267149
vt 0.629254 0.269538
vt 0.650435 0.258661
vt 0.652384 0.245932
vt 0.656351 0.254821
vt 0.656350 0.256612
vt 0.632689 0.265721
vt 0.648527 0.271255
vt 0.656350 0.245932
vt 0.654060 0.262500
vt 0.632689 0.260378
vt 0.654060 0.267149
vt 0.654061 0.245932
vt 0.653870 0.271255
vt 0.658028 0.254821
vt 0.652384 0.264195
vt 0.628108 0.264767
vt 0.652384 0.264195
vt 0.652383 0.262500
vt 0.628108 0.268965
vt 0.656351 0.254821
vt 0.654061 0.264195
vt 0.631544 0.265148
vt 0.654061 0.264195
vt 0.654060 0.262500
vt 0.631544 0.260950
vt 0.655205 0.251656
vt 0.645092 0.251791
vt 0.655929 0.247784
vt 0.656404 0.251763
vt 0.650435 0.256943
vt 0.653655 0.247784
vt 0.654753 0.247784
vt 0.654584 0.247784
vt 0.653802 0.251763
vt 0.653529 0.251656
vt 0.648527 0.252936
vt 0.658027 0.251656
vt 0.645092 0.264385
vt 0.652384 0.256808
vt 0.652384 0.252830
vt 0.650435 0.269538
vt 0.654060 0.256808
vt 0.653870 0.260378
vt 0.654061 0.252830
vt 0.656350 0.251656
vt 0.648527 0.265530
vt 0.845044 0.951893
vt 0.821454 0.952790
vt 0.842182 0.951893
vt 0.845044 0.943130
vt 0.847906 0.978181
vt 0.827650 0.946594
vt 0.847906 0.969418
vt 0.836413 0.946594
vt 0.842182 0.943130
vt 0.845044 0.978181
vt 0.845044 0.969418
vt 0.845044 0.960655
vt 0.821454 0.961553
vt 0.845044 0.969418
vt 0.827650 0.967749
vt 0.842182 0.960655
vt 0.842182 0.969418
vt 0.847906 0.960655
vt 0.842609 0.952790
vt 0.847906 0.943130
vt 0.845044 0.978181
vt 0.836413 0.967749
vt 0.847906 0.951893
vt 0.842609 0.961553
vt 0.845044 0.943130
vt 0.842182 0.978181
vt 0.845044 0.960655
vt 0.845044 0.951893
vt 0.655206 0.254821
vt 0.655205 0.256612
vt 0.629255 0.251601
vt 0.645092 0.246067
vt 0.655205 0.245932
vt 0.656350 0.242091
vt 0.657113 0.237443
vt 0.629254 0.256943
vt 0.650435 0.246067
vt 0.656350 0.258661
vt 0.653529 0.254821
vt 0.632689 0.253127
vt 0.653528 0.256612
vt 0.630933 0.253127
vt 0.648527 0.258661
vt 0.653529 0.245932
vt 0.654674 0.242091
vt 0.632688 0.247784
vt 0.630902 0.247784
vt 0.654862 0.237443
vt 0.654646 0.258661
vt 0.653870 0.258661
vt 0.655206 0.254821
vt 0.652916 0.274499
vt 0.628108 0.252173
vt 0.652916 0.274499
vt 0.656350 0.242091
vt 0.628108 0.256371
vt 0.653529 0.254821
vt 0.654592 0.274499
vt 0.631544 0.252554
vt 0.654593 0.274499
vt 0.654674 0.242091
vt 0.631544 0.248356
vt 0.658028 0.254821
vt 0.658027 0.256612
vt 0.629255 0.264195
vt 0.645092 0.258661
vt 0.658027 0.245932
vt 0.652383 0.262500
vt 0.652384 0.267149
vt 0.629254 0.269538
vt 0.650435 0.258661
vt 0.652384 0.245932
vt 0.656351 0.254821
vt 0.656350 0.256612
vt 0.632689 0.265721
vt 0.648527 0.271255
vt 0.656350 0.245932
vt 0.654060 0.262500
vt 0.632689 0.260378
vt 0.654060 0.267149
vt 0.654061 0.245932
vt 0.653870 0.271255
vt 0.658028 0.254821
vt 0.652384 0.264195
vt 0.628108 0.264767
vt 0.652384 0.264195
vt 0.652383 0.262500
vt 0.628108 0.268965
vt 0.656351 0.254821
vt 0.654061 0.264195
vt 0.631544 0.265148
vt 0.654061 0.264195
vt 0.654060 0.262500
vt 0.631544 0.260950
vt 0.655205 0.251656
vt 0.645092 0.251791
vt 0.655929 0.247784
vt 0.656404 0.251763
vt 0.650435 0.256943
vt 0.653655 0.247784
vt 0.654753 0.247784
vt 0.654584 0.247784
vt 0.653802 0.251763
vt 0.653529 0.251656
vt 0.648527 0.252936
vt 0.658027 0.251656
vt 0.645092 0.264385
vt 0.652384 0.256808
vt 0.652384 0.252830
vt 0.650435 0.269538
vt 0.654060 0.256808
vt 0.653870 0.260378
vt 0.654061 0.252830
vt 0.656350 0.251656
vt 0.648527 0.265530
vt 0.199219 0.310671
vt 0.189878 0.273015
vt 0.198891 0.264003
vt 0.199219 0.341673
vt 0.195312 0.310671
vt 0.186145 0.269282
vt 0.191406 0.310671
vt 0.186145 0.264003
vt 0.195158 0.260269
vt 0.195312 0.341673
vt 0.189878 0.260269
vt 0.191406 0.341673
vt 0.203125 0.310671
vt 0.187500 0.310671
vt 0.195158 0.273015
vt 0.191406 0.310671
vt 0.198891 0.269282
vt 0.198891 0.269282
vt 0.203125 0.341673
vt 0.187500 0.341673
vt 0.195158 0.273015
vt 0.191406 0.341673
vt 0.187500 0.310671
vt 0.203125 0.310671
vt 0.189878 0.260269
vt 0.195312 0.310671
vt 0.198891 0.264003
vt 0.199219 0.310671
vt 0.195158 0.260269
vt 0.189878 0.273015
vt 0.195312 0.341673
vt 0.186145 0.264003
vt 0.187500 0.341673
vt 0.203125 0.341673
vt 0.186145 0.269282
vt 0.199219 0.341673
vt 0.845044 0.951893
vt 0.821454 0.952790
vt 0.842182 0.951893
vt 0.845044 0.943130
vt 0.847906 0.978181
vt 0.827650 0.946594
vt 0.847906 0.969418
vt 0.836413 0.946594
vt 0.842182 0.943130
vt 0.845044 0.978181
vt 0.845044 0.969418
vt 0.845044 0.960655
vt 0.821454 0.961553
vt 0.845044 0.969418
vt 0.827650 0.967749
vt 0.842182 0.960655
vt 0.842182 0.969418
vt 0.847906 0.960655
vt 0.842609 0.952790
vt 0.847906 0.943130
vt 0.845044 0.978181
vt 0.836413 0.967749
vt 0.847906 0.951893
vt 0.842609 0.961553
vt 0.845044 0.943130
vt 0.842182 0.978181
vt 0.845044 0.960655
vt 0.845044 0.951893
vt 0.655206 0.254821
vt 0.655205 0.256612
vt 0.629255 0.251601
vt 0.645092 0.246067
vt 0.655205 0.245932
vt 0.656350 0.242091
vt 0.657113 0.237443
vt 0.629254 0.256943
vt 0.650435 0.246067
vt 0.656350 0.258661
vt 0.653529 0.254821
vt 0.632689 0.253127
vt 0.653528 0.256612
vt 0.630933 0.253127
vt 0.648527 0.258661
vt 0.653529 0.245932
vt 0.654674 0.242091
vt 0.632688 0.247784
vt 0.630902 0.247784
vt 0.654862 0.237443
vt 0.654646 0.258661
vt 0.653870 0.258661
vt 0.655206 0.254821
vt 0.652916 0.274499
vt 0.628108 0.252173
vt 0.652916 0.274499
vt 0.656350 0.242091
vt 0.628108 0.256371
vt 0.653529 0.254821
vt 0.654592 0.274499
vt 0.631544 0.252554
vt 0.654593 0.274499
vt 0.654674 0.242091
vt 0.631544 0.248356
vt 0.658028 0.254821
vt 0.658027 0.256612
vt 0.629255 0.264195
vt 0.645092 0.258661
vt 0.658027 0.245932
vt 0.652383 0.262500
vt 0.652384 0.267149
vt 0.629254 0.269538
vt 0.650435 0.258661
vt 0.652384 0.245932
vt 0.656351 0.254821
vt 0.656350 0.256612
vt 0.632689 0.265721
vt 0.648527 0.271255
vt 0.656350 0.245932
vt 0.654060 0.262500
vt 0.632689 0.260378
vt 0.654060 0.267149
vt 0.654061 0.245932
vt 0.653870 0.271255
vt 0.658028 0.254821
vt 0.652384 0.264195
vt 0.628108 0.264767
vt 0.652384 0.264195
vt 0.652383 0.262500
vt 0.628108 0.268965
vt 0.656351 0.254821
vt 0.654061 0.264195
vt 0.631544 0.265148
vt 0.654061 0.264195
vt 0.654060 0.262500
vt 0.631544 0.260950
vt 0.655205 0.251656
vt 0.645092 0.251791
vt 0.655929 0.247784
vt 0.656404 0.251763
vt 0.650435 0.256943
vt 0.653655 0.247784
vt 0.654753 0.247784
vt 0.654584 0.247784
vt 0.653802 0.251763
vt 0.653529 0.251656
vt 0.648527 0.252936
vt 0.658027 0.251656
vt 0.645092 0.264385
vt 0.652384 0.256808
vt 0.652384 0.252830
vt 0.650435 0.269538
vt 0.654060 0.256808
vt 0.653870 0.260378
vt 0.654061 0.252830
vt 0.656350 0.251656
vt 0.648527 0.265530
vt 0.845044 0.951893
vt 0.821454 0.952790
vt 0.842182 0.951893
vt 0.845044 0.943130
vt 0.847906 0.978181
vt 0.827650 0.946594
vt 0.847906 0.969418
vt 0.836413 0.946594
vt 0.842182 0.943130
vt 0.845044 0.978181
vt 0.845044 0.969418
vt 0.845044 0.960655
vt 0.821454 0.961553
vt 0.845044 0.969418
vt 0.827650 0.967749
vt 0.842182 0.960655
vt 0.842182 0.969418
vt 0.847906 0.960655
vt 0.842609 0.952790
vt 0.847906 0.943130
vt 0.845044 0.978181
vt 0.836413 0.967749
vt 0.847906 0.951893
vt 0.842609 0.961553
vt 0.845044 0.943130
vt 0.842182 0.978181
vt 0.845044 0.960655
vt 0.845044 0.951893
vt 0.655206 0.254821
vt 0.655205 0.256612
vt 0.629255 0.251601
vt 0.645092 0.246067
vt 0.655205 0.245932
vt 0.656350 0.242091
vt 0.657113 0.237443
vt 0.629254 0.256943
vt 0.650435 0.246067
vt 0.656350 0.258661
vt 0.653529 0.254821
vt 0.632689 0.253127
vt 0.653528 0.256612
vt 0.630933 0.253127
vt 0.648527 0.258661
vt 0.653529 0.245932
vt 0.654674 0.242091
vt 0.632688 0.247784
vt 0.630902 0.247784
vt 0.654862 0.237443
vt 0.654646 0.258661
vt 0.653870 0.258661
vt 0.655206 0.254821
vt 0.652916 0.274499
vt 0.628108 0.252173
vt 0.652916 0.274499
vt 0.656350 0.242091
vt 0.628108 0.256371
vt 0.653529 0.254821
vt 0.654592 0.274499
vt 0.631544 0.252554
vt 0.654593 0.274499
vt 0.654674 0.242091
vt 0.631544 0.248356
vt 0.658028 0.254821
vt 0.658027 0.256612
vt 0.629255 0.264195
vt 0.645092 0.258661
vt 0.658027 0.245932
vt 0.652383 0.262500
vt 0.652384 0.267149
vt 0.629254 0.269538
vt 0.650435 0.258661
vt 0.652384 0.245932
vt 0.656351 0.254821
vt 0.656350 0.256612
vt 0.632689 0.265721
vt 0.648527 0.271255
vt 0.656350 0.245932
vt 0.654060 0.262500
vt 0.632689 0.260378
vt 0.654060 0.267149
vt 0.654061 0.245932
vt 0.653870 0.271255
vt 0.658028 0.254821
vt 0.652384 0.264195
vt 0.628108 0.264767
vt 0.652384 0.264195
vt 0.652383 0.262500
vt 0.628108 0.268965
vt 0.656351 0.254821
vt 0.654061 0.264195
vt 0.631544 0.265148
vt 0.654061 0.264195
vt 0.654060 0.262500
vt 0.631544 0.260950
vt 0.655205 0.251656
vt 0.645092 0.251791
vt 0.655929 0.247784
vt 0.656404 0.251763
vt 0.650435 0.256943
vt 0.653655 0.247784
vt 0.654753 0.247784
vt 0.654584 0.247784
vt 0.653802 0.251763
vt 0.653529 0.251656
vt 0.648527 0.252936
vt 0.658027 0.251656
vt 0.645092 0.264385
vt 0.652384 0.256808
vt 0.652384 0.252830
vt 0.650435 0.269538
vt 0.654060 0.256808
vt 0.653870 0.260378
vt 0.654061 0.252830
vt 0.656350 0.251656
vt 0.648527 0.265530
vt 0.199219 0.341921
vt 0.189878 0.273015
vt 0.198891 0.264003
vt 0.199219 0.372923
vt 0.195312 0.341921
vt 0.186145 0.269282
vt 0.191406 0.341921
vt 0.186145 0.264003
vt 0.195158 0.260269
vt 0.195312 0.372923
vt 0.189878 0.260269
vt 0.191406 0.372923
vt 0.203125 0.341921
vt 0.187500 0.341921
vt 0.195158 0.273015
vt 0.191406 0.341921
vt 0.198891 0.269282
vt 0.198891 0.269282
vt 0.203125 0.372923
vt 0.187500 0.372923
vt 0.195158 0.273015
vt 0.191406 0.372923
vt 0.187500 0.341921
vt 0.203125 0.341921
vt 0.189878 0.260269
vt 0.195312 0.341921
vt 0.198891 0.264003
vt 0.199219 0.341921
vt 0.195158 0.260269
vt 0.189878 0.273015
vt 0.195312 0.372923
vt 0.186145 0.264003
vt 0.187500 0.372923
vt 0.203125 0.372923
vt 0.186145 0.269282
vt 0.199219 0.372923
vt 0.845044 0.951893
vt 0.821454 0.952790
vt 0.842182 0.951893
vt 0.845044 0.943130
vt 0.847906 0.978181
vt 0.827650 0.946594
vt 0.847906 0.969418
vt 0.836413 0.946594
vt 0.842182 0.943130
vt 0.845044 0.978181
vt 0.845044 0.969418
vt 0.845044 0.960655
vt 0.821454 0.961553
vt 0.845044 0.969418
vt 0.827650 0.967749
vt 0.842182 0.960655
vt 0.842182 0.969418
vt 0.847906 0.960655
vt 0.842609 0.952790
vt 0.847906 0.943130
vt 0.845044 0.978181
vt 0.836413 0.967749
vt 0.847906 0.951893
vt 0.842609 0.961553
vt 0.845044 0.943130
vt 0.842182 0.978181
vt 0.845044 0.960655
vt 0.845044 0.951893
vt 0.655206 0.254821
vt 0.655205 0.256612
vt 0.629255 0.251601
vt 0.645092 0.246067
vt 0.655205 0.245932
vt 0.656350 0.242091
vt 0.657113 0.237443
vt 0.629254 0.256943
vt 0.650435 0.246067
vt 0.656350 0.258661
vt 0.653529 0.254821
vt 0.632689 0.253127
vt 0.653528 0.256612
vt 0.630933 0.253127
vt 0.648527 0.258661
vt 0.653529 0.245932
vt 0.654674 0.242091
vt 0.632688 0.247784
vt 0.630902 0.247784
vt 0.654862 0.237443
vt 0.654646 0.258661
vt 0.653870 0.258661
vt 0.655206 0.254821
vt 0.652916 0.274499
vt 0.628108 0.252173
vt 0.652916 0.274499
vt 0.656350 0.242091
vt 0.628108 0.256371
vt 0.653529 0.254821
vt 0.654592 0.274499
vt 0.631544 0.252554
vt 0.654593 0.274499
vt 0.654674 0.242091
vt 0.631544 0.248356
vt 0.658028 0.254821
vt 0.658027 0.256612
vt 0.629255 0.264195
vt 0.645092 0.258661
vt 0.658027 0.245932
vt 0.652383 0.262500
vt 0.652384 0.267149
vt 0.629254 0.269538
vt 0.650435 0.258661
vt 0.652384 0.245932
vt 0.656351 0.254821
vt 0.656350 0.256612
vt 0.632689 0.265721
vt 0.648527 0.271255
vt 0.656350 0.245932
vt 0.654060 0.262500
vt 0.632689 0.260378
vt 0.654060 0.267149
vt 0.654061 0.245932
vt 0.653870 0.271255
vt 0.658028 0.254821
vt 0.652384 0.264195
vt 0.628108 0.264767
vt 0.652384 0.264195
vt 0.652383 0.262500
vt 0.628108 0.268965
vt 0.656351 0.254821
vt 0.654061 0.264195
vt 0.631544 0.265148
vt 0.654061 0.264195
vt 0.654060 0.262500
vt 0.631544 0.260950
vt 0.655205 0.251656
vt 0.645092 0.251791
vt 0.655929 0.247784
vt 0.656404 0.251763
vt 0.650435 0.256943
vt 0.653655 0.247784
vt 0.654753 0.247784
vt 0.654584 0.247784
vt 0.653802 0.251763
vt 0.653529 0.251656
vt 0.648527 0.252936
vt 0.658027 0.251656
vt 0.645092 0.264385
vt 0.652384 0.256808
vt 0.652384 0.252830
vt 0.650435 0.269538
vt 0.654060 0.256808
vt 0.653870 0.260378
vt 0.654061 0.252830
vt 0.656350 0.251656
vt 0.648527 0.265530
vt 0.845044 0.951893
vt 0.821454 0.952790
vt 0.842182 0.951893
vt 0.845044 0.943130
vt 0.847906 0.978181
vt 0.827650 0.946594
vt 0.847906 0.969418
vt 0.836413 0.946594
vt 0.842182 0.943130
vt 0.845044 0.978181
vt 0.845044 0.969418
vt 0.845044 0.960655
vt 0.821454 0.961553
vt 0.845044 0.969418
vt 0.827650 0.967749
vt 0.842182 0.960655
vt 0.842182 0.969418
vt 0.847906 0.960655
vt 0.842609 0.952790
vt 0.847906 0.943130
vt 0.845044 0.978181
vt 0.836413 0.967749
vt 0.847906 0.951893
vt 0.842609 0.961553
vt 0.845044 0.943130
vt 0.842182 0.978181
vt 0.845044 0.960655
vt 0.845044 0.951893
vt 0.655206 0.254821
vt 0.655205 0.256612
vt 0.629255 0.251601
vt 0.645092 0.246067
vt 0.655205 0.245932
vt 0.656350 0.242091
vt 0.657113 0.237443
vt 0.629254 0.256943
vt 0.650435 0.246067
vt 0.656350 0.258661
vt 0.653529 0.254821
vt 0.632689 0.253127
vt 0.653528 0.256612
vt 0.630933 0.253127
vt 0.648527 0.258661
vt 0.653529 0.245932
vt 0.654674 0.242091
vt 0.632688 0.247784
vt 0.630902 0.247784
vt 0.654862 0.237443
vt 0.654646 0.258661
vt 0.653870 0.258661
vt 0.655206 0.254821
vt 0.652916 0.274499
vt 0.628108 0.252173
vt 0.652916 0.274499
vt 0.656350 0.242091
vt 0.628108 0.256371
vt 0.653529 0.254821
vt 0.654592 0.274499
vt 0.631544 0.252554
vt 0.654593 0.274499
vt 0.654674 0.242091
vt 0.631544 0.248356
vt 0.658028 0.254821
vt 0.658027 0.256612
vt 0.629255 0.264195
vt 0.645092 0.258661
vt 0.658027 0.245932
vt 0.652383 0.262500
vt 0.652384 0.267149
vt 0.629254 0.269538
vt 0.650435 0.258661
vt 0.652384 0.245932
vt 0.656351 0.254821
vt 0.656350 0.256612
vt 0.632689 0.265721
vt 0.648527 0.271255
vt 0.656350 0.245932
vt 0.654060 0.262500
vt 0.632689 0.260378
vt 0.654060 0.267149
vt 0.654061 0.245932
vt 0.653870 0.271255
vt 0.658028 0.254821
vt 0.652384 0.264195
vt 0.628108 0.264767
vt 0.652384 0.264195
vt 0.652383 0.262500
vt 0.628108 0.268965
vt 0.656351 0.254821
vt 0.654061 0.264195
vt 0.631544 0.265148
vt 0.654061 0.264195
vt 0.654060 0.262500
vt 0.631544 0.260950
vt 0.655205 0.251656
vt 0.645092 0.251791
vt 0.655929 0.247784
vt 0.656404 0.251763
vt 0.650435 0.256943
vt 0.653655 0.247784
vt 0.654753 0.247784
vt 0.654584 0.247784
vt 0.653802 0.251763
vt 0.653529 0.251656
vt 0.648527 0.252936
vt 0.658027 0.251656
vt 0.645092 0.264385
vt 0.652384 0.256808
vt 0.652384 0.252830
vt 0.650435 0.269538
vt 0.654060 0.256808
vt 0.653870 0.260378
vt 0.654061 0.252830
vt 0.656350 0.251656
vt 0.648527 0.265530
vt 0.171961 0.228569
vt 0.169047 0.228569
vt 0.169047 0.234461
vt 0.171961 0.240181
vt 0.169047 0.234461
vt 0.169047 0.240181
vt 0.167305 0.236203
vt 0.167305 0.236203
vt 0.167305 0.234160
vt 0.167305 0.234160
vt 0.170047 0.240181
vt 0.167305 0.232547
vt 0.167305 0.240181
vt 0.170047 0.228569
vt 0.167305 0.228569
vt 0.167305 0.232547
vt 0.178918 0.228569
vt 0.178918 0.234461
vt 0.171961 0.231472
vt 0.181821 0.231472
vt 0.181821 0.234461
vt 0.171961 0.237278
vt 0.181821 0.237278
vt 0.181821 0.234461
vt 0.178918 0.240181
vt 0.178918 0.234461
vt 0.173703 0.231472
vt 0.181821 0.236203
vt 0.178918 0.236203
vt 0.178918 0.236203
vt 0.173703 0.237278
vt 0.181821 0.236203
vt 0.450919 0.205078
vt 0.453549 0.205078
vt 0.448705 0.199732
vt 0.453549 0.199732
vt 0.453549 0.210424
vt 0.448705 0.210424
vt 0.453549 0.210424
vt 0.443359 0.197518
vt 0.453549 0.205078
vt 0.438014 0.199732
vt 0.453549 0.199732
vt 0.435799 0.205078
vt 0.453549 0.205078
vt 0.443359 0.212638
vt 0.453549 0.205078
vt 0.438014 0.210424
vt 0.453549 0.199732
vt 0.453549 0.210424
vt 0.456932 0.205078
vt 0.456932 0.199732
vt 0.456932 0.210424
vt 0.456932 0.210424
vt 0.456932 0.205078
vt 0.456932 0.199732
vt 0.456932 0.205078
vt 0.456932 0.205078
vt 0.456932 0.199732
vt 0.456932 0.210424
vt 0.171660 0.231794
vt 0.161929 0.234160
vt 0.165155 0.234160
vt 0.165155 0.234160
vt 0.171660 0.240181
vt 0.171660 0.236956
vt 0.161929 0.236956
vt 0.170047 0.236956
vt 0.165155 0.232547
vt 0.165155 0.240181
vt 0.170047 0.240181
vt 0.165155 0.228569
vt 0.165155 0.232547
vt 0.170047 0.231794
vt 0.161929 0.231794
vt 0.161929 0.232547
vt 0.171961 0.228569
vt 0.169047 0.228569
vt 0.169047 0.234461
vt 0.171961 0.240181
vt 0.169047 0.234461
vt 0.169047 0.240181
vt 0.167305 0.236203
vt 0.167305 0.236203
vt 0.167305 0.234160
vt 0.167305 0.234160
vt 0.170047 0.240181
vt 0.167305 0.232547
vt 0.167305 0.240181
vt 0.170047 0.228569
vt 0.167305 0.228569
vt 0.167305 0.232547
vt 0.178918 0.228569
vt 0.178918 0.234461
vt 0.171961 0.231472
vt 0.181821 0.231472
vt 0.181821 0.234461
vt 0.171961 0.237278
vt 0.181821 0.237278
vt 0.181821 0.234461
vt 0.178918 0.240181
vt 0.178918 0.234461
vt 0.173703 0.231472
vt 0.181821 0.236203
vt 0.178918 0.236203
vt 0.178918 0.236203
vt 0.173703 0.237278
vt 0.181821 0.236203
vt 0.450919 0.205078
vt 0.453549 0.205078
vt 0.448705 0.199732
vt 0.453549 0.199732
vt 0.453549 0.210424
vt 0.448705 0.210424
vt 0.453549 0.210424
vt 0.443359 0.197518
vt 0.453549 0.205078
vt 0.438014 0.199732
vt 0.453549 0.199732
vt 0.435799 0.205078
vt 0.453549 0.205078
vt 0.443359 0.212638
vt 0.453549 0.205078
vt 0.438014 0.210424
vt 0.453549 0.199732
vt 0.453549 0.210424
vt 0.456932 0.205078
vt 0.456932 0.199732
vt 0.456932 0.210424
vt 0.456932 0.210424
vt 0.456932 0.205078
vt 0.456932 0.199732
vt 0.456932 0.205078
vt 0.456932 0.205078
vt 0.456932 0.199732
vt 0.456932 0.210424
vt 0.171660 0.231794
vt 0.161929 0.234160
vt 0.165155 0.234160
vt 0.165155 0.234160
vt 0.171660 0.240181
vt 0.171660 0.236956
vt 0.161929 0.236956
vt 0.170047 0.236956
vt 0.165155 0.232547
vt 0.165155 0.240181
vt 0.170047 0.240181
vt 0.165155 0.228569
vt 0.165155 0.232547
vt 0.170047 0.231794
vt 0.161929 0.231794
vt 0.161929 0.232547
vt 0.171961 0.228569
vt 0.169047 0.228569
vt 0.169047 0.234461
vt 0.171961 0.240181
vt 0.169047 0.234461
vt 0.169047 0.240181
vt 0.167305 0.236203
vt 0.167305 0.236203
vt 0.167305 0.234160
vt 0.167305 0.234160
vt 0.170047 0.240181
vt 0.167305 0.232547
vt 0.167305 0.240181
vt 0.170047 0.228569
vt 0.167305 0.228569
vt 0.167305 0.232547
vt 0.178918 0.228569
vt 0.178918 0.234461
vt 0.171961 0.231472
vt 0.181821 0.231472
vt 0.181821 0.234461
vt 0.171961 0.237278
vt 0.181821 0.237278
vt 0.181821 0.234461
vt 0.178918 0.240181
vt 0.178918 0.234461
vt 0.173703 0.231472
vt 0.181821 0.236203
vt 0.178918 0.236203
vt 0.178918 0.236203
vt 0.173703 0.237278
vt 0.181821 0.236203
vt 0.450919 0.205078
vt 0.453549 0.205078
vt 0.448705 0.199732
vt 0.453549 0.199732
vt 0.453549 0.210424
vt 0.448705 0.210424
vt 0.453549 0.210424
vt 0.443359 0.197518
vt 0.453549 0.205078
vt 0.438014 0.199732
vt 0.453549 0.199732
vt 0.435799 0.205078
vt 0.453549 0.205078
vt 0.443359 0.212638
vt 0.453549 0.205078
vt 0.438014 0.210424
vt 0.453549 0.199732
vt 0.453549 0.210424
vt 0.456932 0.205078
vt 0.456932 0.199732
vt 0.456932 0.210424
vt 0.456932 0.210424
vt 0.456932 0.205078
vt 0.456932 0.199732
vt 0.456932 0.205078
vt 0.456932 0.205078
vt 0.456932 0.199732
vt 0.456932 0.210424
vt 0.171660 0.231794
vt 0.161929 0.234160
vt 0.165155 0.234160
vt 0.165155 0.234160
vt 0.171660 0.240181
vt 0.171660 0.236956
vt 0.161929 0.236956
vt 0.170047 0.236956
vt 0.165155 0.232547
vt 0.165155 0.240181
vt 0.170047 0.240181
vt 0.165155 0.228569
vt 0.165155 0.232547
vt 0.170047 0.231794
vt 0.161929 0.231794
vt 0.161929 0.232547
vt 0.171961 0.228569
vt 0.169047 0.228569
vt 0.169047 0.234461
vt 0.171961 0.240181
vt 0.169047 0.234461
vt 0.169047 0.240181
vt 0.167305 0.236203
vt 0.167305 0.236203
vt 0.167305 0.234160
vt 0.167305 0.234160
vt 0.170047 0.240181
vt 0.167305 0.232547
vt 0.167305 0.240181
vt 0.170047 0.228569
vt 0.167305 0.228569
vt 0.167305 0.232547
vt 0.178918 0.228569
vt 0.178918 0.234461
vt 0.171961 0.231472
vt 0.181821 0.231472
vt 0.181821 0.234461
vt 0.171961 0.237278
vt 0.181821 0.237278
vt 0.181821 0.234461
vt 0.178918 0.240181
vt 0.178918 0.234461
vt 0.173703 0.231472
vt 0.181821 0.236203
vt 0.178918 0.236203
vt 0.178918 0.236203
vt 0.173703 0.237278
vt 0.181821 0.236203
vt 0.450919 0.205078
vt 0.453549 0.205078
vt 0.448705 0.199732
vt 0.453549 0.199732
vt 0.453549 0.210424
vt 0.448705 0.210424
vt 0.453549 0.210424
vt 0.443359 0.197518
vt 0.453549 0.205078
vt 0.438014 0.199732
vt 0.453549 0.199732
vt 0.435799 0.205078
vt 0.453549 0.205078
vt 0.443359 0.212638
vt 0.453549 0.205078
vt 0.438014 0.210424
vt 0.453549 0.199732
vt 0.453549 0.210424
vt 0.456932 0.205078
vt 0.456932 0.199732
vt 0.456932 0.210424
vt 0.456932 0.210424
vt 0.456932 0.205078
vt 0.456932 0.199732
vt 0.456932 0.205078
vt 0.456932 0.205078
vt 0.456932 0.199732
vt 0.456932 0.210424
vt 0.171660 0.231794
vt 0.161929 0.234160
vt 0.165155 0.234160
vt 0.165155 0.234160
vt 0.171660 0.240181
vt 0.171660 0.236956
vt 0.161929 0.236956
vt 0.170047 0.236956
vt 0.165155 0.232547
vt 0.165155 0.240181
vt 0.170047 0.240181
vt 0.165155 0.228569
vt 0.165155 0.232547
vt 0.170047 0.231794
vt 0.161929 0.231794
vt 0.161929 0.232547
vt 0.232422 0.378906
vt 0.232422 0.375000
vt 0.232422 0.378906
vt 0.232422 0.373047
vt 0.232422 0.376953
vt 0.232422 0.375000
vt 0.232422 0.378906
vt 0.232422 0.373047
vt 0.232422 0.375000
vt 0.232422 0.376953
vt 0.246436 0.378906
vt 0.246436 0.375000
vt 0.246436 0.378906
vt 0.246436 0.373047
vt 0.246436 0.376953
vt 0.246436 0.375000
vt 0.246436 0.378906
vt 0.246436 0.373047
vt 0.246436 0.375000
vt 0.246436 0.376953
vt 0.259619 0.378906
vt 0.259619 0.375000
vt 0.259619 0.378906
vt 0.259619 0.373047
vt 0.259619 0.376953
vt 0.259619 0.375000
vt 0.259619 0.378906
vt 0.259619 0.373047
vt 0.259619 0.375000
vt 0.259619 0.376953
vt 0.274072 0.378906
vt 0.274072 0.375000
vt 0.274072 0.378906
vt 0.274072 0.373047
vt 0.274072 0.376953
vt 0.274072 0.375000
vt 0.274072 0.378906
vt 0.274072 0.373047
vt 0.274072 0.375000
vt 0.274072 0.376953
vt 0.289209 0.378906
vt 0.289209 0.375000
vt 0.236328 0.375000
vt 0.236328 0.378906
vt 0.289209 0.378906
vt 0.289209 0.373047
vt 0.236328 0.378906
vt 0.236328 0.373047
vt 0.289209 0.376953
vt 0.289209 0.375000
vt 0.236328 0.376953
vt 0.236328 0.375000
vt 0.289209 0.378906
vt 0.236328 0.378906
vt 0.289209 0.373047
vt 0.236328 0.373047
vt 0.289209 0.375000
vt 0.289209 0.376953
vt 0.236328 0.376953
vt 0.236328 0.375000
vt 0.311523 0.375000
vt 0.311523 0.378906
vt 0.280273 0.378906
vt 0.280273 0.375000
vt 0.311523 0.378906
vt 0.311523 0.373047
vt 0.280273 0.378906
vt 0.280273 0.373047
vt 0.311523 0.376953
vt 0.311523 0.375000
vt 0.280273 0.376953
vt 0.280273 0.375000
vt 0.311523 0.378906
vt 0.280273 0.378906
vt 0.311523 0.373047
vt 0.280273 0.373047
vt 0.311523 0.376953
vt 0.311523 0.375000
vt 0.280273 0.375000
vt 0.280273 0.376953
vt 0.294922 0.378906
vt 0.294922 0.375000
vt 0.294922 0.378906
vt 0.294922 0.373047
vt 0.294922 0.376953
vt 0.294922 0.375000
vt 0.294922 0.378906
vt 0.294922 0.373047
vt 0.294922 0.375000
vt 0.294922 0.376953
vt 0.306641 0.378906
vt 0.306641 0.375000
vt 0.306641 0.378906
vt 0.306641 0.373047
vt 0.306641 0.376953
vt 0.306641 0.375000
vt 0.306641 0.378906
vt 0.306641 0.373047
vt 0.306641 0.375000
vt 0.306641 0.376953
vt 0.321289 0.378906
vt 0.321289 0.375000
vt 0.321289 0.378906
vt 0.321289 0.373047
vt 0.321289 0.376953
vt 0.321289 0.375000
vt 0.321289 0.378906
vt 0.321289 0.373047
vt 0.321289 0.375000
vt 0.321289 0.376953
vt 0.335938 0.378906
vt 0.335938 0.375000
vt 0.335938 0.378906
vt 0.335938 0.373047
vt 0.335938 0.376953
vt 0.335938 0.375000
vt 0.335938 0.378906
vt 0.335938 0.373047
vt 0.335938 0.375000
vt 0.335938 0.376953
vt 0.210938 0.378906
vt 0.210938 0.375000
vt 0.210938 0.378906
vt 0.210938 0.373047
vt 0.210938 0.376953
vt 0.210938 0.375000
vt 0.210938 0.378906
vt 0.210938 0.373047
vt 0.210938 0.375000
vt 0.210938 0.376953
vt 0.220703 0.378906
vt 0.220703 0.375000
vt 0.220703 0.378906
vt 0.220703 0.373047
vt 0.220703 0.376953
vt 0.220703 0.375000
vt 0.220703 0.378906
vt 0.220703 0.373047
vt 0.220703 0.375000
vt 0.220703 0.376953
vt 0.230469 0.378906
vt 0.230469 0.375000
vt 0.230469 0.378906
vt 0.230469 0.373047
vt 0.230469 0.376953
vt 0.230469 0.375000
vt 0.230469 0.378906
vt 0.230469 0.373047
vt 0.230469 0.375000
vt 0.230469 0.376953
vt 0.238281 0.378906
vt 0.238281 0.375000
vt 0.238281 0.378906
vt 0.238281 0.373047
vt 0.238281 0.376953
vt 0.238281 0.375000
vt 0.238281 0.378906
vt 0.238281 0.373047
vt 0.238281 0.375000
vt 0.238281 0.376953
vt 0.291016 0.378906
vt 0.291016 0.375000
vt 0.291016 0.378906
vt 0.291016 0.373047
vt 0.291016 0.376953
vt 0.291016 0.375000
vt 0.291016 0.378906
vt 0.291016 0.373047
vt 0.291016 0.375000
vt 0.291016 0.376953
vt 0.298828 0.378906
vt 0.298828 0.375000
vt 0.298828 0.378906
vt 0.298828 0.373047
vt 0.298828 0.376953
vt 0.298828 0.375000
vt 0.298828 0.378906
vt 0.298828 0.373047
vt 0.298828 0.375000
vt 0.298828 0.376953
vt 0.308594 0.378906
vt 0.308594 0.375000
vt 0.308594 0.378906
vt 0.308594 0.373047
vt 0.308594 0.376953
vt 0.308594 0.375000
vt 0.308594 0.378906
vt 0.308594 0.373047
vt 0.308594 0.375000
vt 0.308594 0.376953
vt 0.316406 0.378906
vt 0.316406 0.375000
vt 0.316406 0.378906
vt 0.316406 0.373047
vt 0.316406 0.376953
vt 0.316406 0.375000
vt 0.316406 0.378906
vt 0.316406 0.373047
vt 0.316406 0.375000
vt 0.316406 0.376953
vt 0.326172 0.378906
vt 0.326172 0.375000
vt 0.326172 0.378906
vt 0.326172 0.373047
vt 0.326172 0.376953
vt 0.326172 0.375000
vt 0.326172 0.378906
vt 0.326172 0.373047
vt 0.326172 0.375000
vt 0.326172 0.376953
vt 0.335938 0.378906
vt 0.335938 0.375000
vt 0.335938 0.378906
vt 0.335938 0.373047
vt 0.335938 0.376953
vt 0.335938 0.375000
vt 0.335938 0.378906
vt 0.335938 0.373047
vt 0.335938 0.375000
vt 0.335938 0.376953
vt 0.210938 0.378906
vt 0.210938 0.375000
vt 0.210938 0.378906
vt 0.210938 0.373047
vt 0.210938 0.376953
vt 0.210938 0.375000
vt 0.210938 0.378906
vt 0.210938 0.373047
vt 0.210938 0.375000
vt 0.210938 0.376953
vt 0.220703 0.378906
vt 0.220703 0.375000
vt 0.220703 0.378906
vt 0.220703 0.373047
vt 0.220703 0.376953
vt 0.220703 0.375000
vt 0.220703 0.378906
vt 0.220703 0.373047
vt 0.220703 0.375000
vt 0.220703 0.376953
vt 0.230469 0.378906
vt 0.230469 0.375000
vt 0.230469 0.378906
vt 0.230469 0.373047
vt 0.230469 0.376953
vt 0.230469 0.375000
vt 0.230469 0.378906
vt 0.230469 0.373047
vt 0.230469 0.375000
vt 0.230469 0.376953
vt 0.238281 0.378906
vt 0.238281 0.375000
vt 0.238281 0.378906
vt 0.238281 0.373047
vt 0.238281 0.376953
vt 0.238281 0.375000
vt 0.238281 0.378906
vt 0.238281 0.373047
vt 0.238281 0.375000
vt 0.238281 0.376953
vt 0.308594 0.378906
vt 0.308594 0.375000
vt 0.308594 0.378906
vt 0.308594 0.373047
vt 0.308594 0.376953
vt 0.308594 0.375000
vt 0.308594 0.378906
vt 0.308594 0.373047
vt 0.308594 0.375000
vt 0.308594 0.376953
vt 0.316406 0.378906
vt 0.316406 0.375000
vt 0.316406 0.378906
vt 0.316406 0.373047
vt 0.316406 0.376953
vt 0.316406 0.375000
vt 0.316406 0.378906
vt 0.316406 0.373047
vt 0.316406 0.375000
vt 0.316406 0.376953
vt 0.326172 0.378906
vt 0.326172 0.375000
vt 0.326172 0.378906
vt 0.326172 0.373047
vt 0.326172 0.376953
vt 0.326172 0.375000
vt 0.326172 0.378906
vt 0.326172 0.373047
vt 0.326172 0.375000
vt 0.326172 0.376953
vt 0.335938 0.378906
vt 0.335938 0.375000
vt 0.335938 0.378906
vt 0.335938 0.373047
vt 0.335938 0.376953
vt 0.335938 0.375000
vt 0.335938 0.378906
vt 0.335938 0.373047
vt 0.335938 0.375000
vt 0.335938 0.376953
vt 0.238281 0.378906
vt 0.238281 0.375000
vt 0.238281 0.378906
vt 0.238281 0.373047
vt 0.238281 0.376953
vt 0.238281 0.375000
vt 0.238281 0.378906
vt 0.238281 0.373047
vt 0.238281 0.375000
vt 0.238281 0.376953
vt 0.248047 0.378906
vt 0.248047 0.375000
vt 0.248047 0.378906
vt 0.248047 0.373047
vt 0.248047 0.376953
vt 0.248047 0.375000
vt 0.248047 0.378906
vt 0.248047 0.373047
vt 0.248047 0.375000
vt 0.248047 0.376953
vt 0.257812 0.378906
vt 0.257812 0.375000
vt 0.257812 0.378906
vt 0.257812 0.373047
vt 0.257812 0.376953
vt 0.257812 0.375000
vt 0.257812 0.378906
vt 0.257812 0.373047
vt 0.257812 0.375000
vt 0.257812 0.376953
vt 0.275391 0.378906
vt 0.275391 0.375000
vt 0.238281 0.378906
vt 0.238281 0.375000
vt 0.275391 0.378906
vt 0.275391 0.373047
vt 0.238281 0.378906
vt 0.238281 0.373047
vt 0.275391 0.376953
vt 0.275391 0.375000
vt 0.238281 0.376953
vt 0.238281 0.375000
vt 0.275391 0.378906
vt 0.238281 0.378906
vt 0.275391 0.373047
vt 0.238281 0.373047
vt 0.275391 0.375000
vt 0.275391 0.376953
vt 0.238281 0.375000
vt 0.238281 0.376953
vt 0.318359 0.378906
vt 0.318359 0.375000
vt 0.331348 0.378906
vt 0.331348 0.375000
vt 0.318359 0.378906
vt 0.318359 0.373047
vt 0.331348 0.378906
vt 0.331348 0.373047
vt 0.318359 0.376953
vt 0.318359 0.375000
vt 0.331348 0.376953
vt 0.331348 0.375000
vt 0.318359 0.378906
vt 0.331348 0.378906
vt 0.318359 0.373047
vt 0.331348 0.373047
vt 0.318359 0.375000
vt 0.318359 0.376953
vt 0.331348 0.375000
vt 0.331348 0.376953
vt 0.314746 0.378906
vt 0.314746 0.375000
vt 0.314746 0.378906
vt 0.314746 0.373047
vt 0.314746 0.376953
vt 0.314746 0.375000
vt 0.314746 0.378906
vt 0.314746 0.373047
vt 0.314746 0.375000
vt 0.314746 0.376953
vt 0.301465 0.378906
vt 0.301465 0.375000
vt 0.301465 0.378906
vt 0.301465 0.373047
vt 0.301465 0.376953
vt 0.301465 0.375000
vt 0.301465 0.378906
vt 0.301465 0.373047
vt 0.301465 0.375000
vt 0.301465 0.376953
vt 0.284863 0.378906
vt 0.284863 0.375000
vt 0.284863 0.378906
vt 0.284863 0.373047
vt 0.284863 0.376953
vt 0.284863 0.375000
vt 0.284863 0.378906
vt 0.284863 0.373047
vt 0.284863 0.375000
vt 0.284863 0.376953
vt 0.268262 0.378906
vt 0.268262 0.375000
vt 0.268262 0.378906
vt 0.268262 0.373047
vt 0.268262 0.376953
vt 0.268262 0.375000
vt 0.268262 0.378906
vt 0.268262 0.373047
vt 0.268262 0.375000
vt 0.268262 0.376953
vt 0.477444 0.824219
vt 0.465551 0.824219
vt 0.473753 0.815309
vt 0.465551 0.815309
vt 0.465551 0.833128
vt 0.473753 0.833128
vt 0.465551 0.833128
vt 0.464844 0.811619
vt 0.465551 0.824219
vt 0.455934 0.815309
vt 0.465551 0.815309
vt 0.452244 0.824219
vt 0.465551 0.824219
vt 0.464844 0.836819
vt 0.465551 0.824219
vt 0.455934 0.833128
vt 0.465551 0.815309
vt 0.465551 0.833128
vt 0.470591 0.824219
vt 0.470591 0.815309
vt 0.470591 0.833128
vt 0.470591 0.833128
vt 0.470591 0.824219
vt 0.470591 0.815309
vt 0.470591 0.824219
vt 0.470591 0.824219
vt 0.470591 0.815309
vt 0.470591 0.833128
vt 0.473244 0.824219
vt 0.458831 0.824219
vt 0.470783 0.818279
vt 0.458831 0.818279
vt 0.458831 0.830158
vt 0.470783 0.830158
vt 0.458831 0.830158
vt 0.464844 0.815819
vt 0.458831 0.824219
vt 0.458831 0.818279
vt 0.456444 0.824219
vt 0.458831 0.824219
vt 0.464844 0.832619
vt 0.458831 0.824219
vt 0.458831 0.818279
vt 0.458831 0.830158
vt 0.473244 0.824219
vt 0.465551 0.824219
vt 0.470783 0.818279
vt 0.465551 0.818279
vt 0.465551 0.830158
vt 0.470783 0.830158
vt 0.465551 0.830158
vt 0.464844 0.815819
vt 0.465551 0.824219
vt 0.458904 0.818279
vt 0.465551 0.818279
vt 0.464844 0.832619
vt 0.465551 0.824219
vt 0.456444 0.824219
vt 0.465551 0.824219
vt 0.458904 0.830158
vt 0.465551 0.818279
vt 0.465551 0.830158
vt 0.305720 0.605425
vt 0.292720 0.605425
vt 0.292720 0.672732
vt 0.292720 0.672732
vt 0.305720 0.685425
vt 0.292720 0.685425
vt 0.289720 0.675732
vt 0.289720 0.675732
vt 0.289720 0.645732
vt 0.289721 0.675732
vt 0.289720 0.611232
vt 0.289720 0.670732
vt 0.289720 0.681232
vt 0.289720 0.650732
vt 0.289720 0.645732
vt 0.289720 0.655733
vt 0.273720 0.610425
vt 0.292720 0.611232
vt 0.292720 0.670732
vt 0.292720 0.645732
vt 0.278720 0.605425
vt 0.292721 0.675732
vt 0.292720 0.645732
vt 0.278720 0.685425
vt 0.292720 0.655733
vt 0.273720 0.680425
vt 0.292720 0.681232
vt 0.292720 0.650732
vt 0.309720 0.605425
vt 0.309720 0.672732
vt 0.289744 0.630729
vt 0.289744 0.610729
vt 0.314720 0.610425
vt 0.289744 0.635729
vt 0.289744 0.680729
vt 0.314720 0.680425
vt 0.289744 0.675729
vt 0.309720 0.672732
vt 0.309720 0.685425
vt 0.289744 0.680729
vt 0.292744 0.610729
vt 0.292744 0.635729
vt 0.309720 0.675732
vt 0.292744 0.630729
vt 0.309720 0.675732
vt 0.292744 0.680729
vt 0.292744 0.680729
vt 0.292744 0.675729
vt 0.472404 0.824219
vt 0.465268 0.824219
vt 0.470189 0.818873
vt 0.465268 0.818873
vt 0.465268 0.829564
vt 0.470189 0.829564
vt 0.465268 0.829564
vt 0.464844 0.816659
vt 0.465268 0.824219
vt 0.459498 0.818873
vt 0.465268 0.818873
vt 0.457284 0.824219
vt 0.465268 0.824219
vt 0.464844 0.831779
vt 0.465268 0.824219
vt 0.459498 0.829564
vt 0.465268 0.818873
vt 0.465268 0.829564
vt 0.468292 0.824219
vt 0.468292 0.818873
vt 0.468292 0.829564
vt 0.468292 0.829564
vt 0.468292 0.824219
vt 0.468292 0.818873
vt 0.468292 0.824219
vt 0.468292 0.824219
vt 0.468292 0.818873
vt 0.468292 0.829564
vt 0.469884 0.824219
vt 0.461236 0.824219
vt 0.468408 0.820655
vt 0.461236 0.820655
vt 0.461236 0.827783
vt 0.468408 0.827783
vt 0.461236 0.827783
vt 0.464844 0.819179
vt 0.461236 0.824219
vt 0.461236 0.820655
vt 0.459804 0.824219
vt 0.461236 0.824219
vt 0.464844 0.829259
vt 0.461236 0.824219
vt 0.461236 0.820655
vt 0.461236 0.827783
vt 0.469884 0.824219
vt 0.465268 0.824219
vt 0.468408 0.820655
vt 0.465268 0.820655
vt 0.465268 0.827783
vt 0.468408 0.827783
vt 0.465268 0.827783
vt 0.464844 0.819179
vt 0.465268 0.824219
vt 0.461280 0.820655
vt 0.465268 0.820655
vt 0.464844 0.829259
vt 0.465268 0.824219
vt 0.459804 0.824219
vt 0.465268 0.824219
vt 0.461280 0.827783
vt 0.465268 0.820655
vt 0.465268 0.827783
vt 0.472404 0.824219
vt 0.465268 0.824219
vt 0.470189 0.818873
vt 0.465268 0.818873
vt 0.465268 0.829564
vt 0.470189 0.829564
vt 0.465268 0.829564
vt 0.464844 0.816659
vt 0.465268 0.824219
vt 0.459498 0.818873
vt 0.465268 0.818873
vt 0.457284 0.824219
vt 0.465268 0.824219
vt 0.464844 0.831779
vt 0.465268 0.824219
vt 0.459498 0.829564
vt 0.465268 0.818873
vt 0.465268 0.829564
vt 0.468292 0.824219
vt 0.468292 0.818873
vt 0.468292 0.829564
vt 0.468292 0.829564
vt 0.468292 0.824219
vt 0.468292 0.818873
vt 0.468292 0.824219
vt 0.468292 0.824219
vt 0.468292 0.818873
vt 0.468292 0.829564
vt 0.469884 0.824219
vt 0.461236 0.824219
vt 0.468408 0.820655
vt 0.461236 0.820655
vt 0.461236 0.827783
vt 0.468408 0.827783
vt 0.461236 0.827783
vt 0.464844 0.819179
vt 0.461236 0.824219
vt 0.461236 0.820655
vt 0.459804 0.824219
vt 0.461236 0.824219
vt 0.464844 0.829259
vt 0.461236 0.824219
vt 0.461236 0.820655
vt 0.461236 0.827783
vt 0.469884 0.824219
vt 0.465268 0.824219
vt 0.468408 0.820655
vt 0.465268 0.820655
vt 0.465268 0.827783
vt 0.468408 0.827783
vt 0.465268 0.827783
vt 0.464844 0.819179
vt 0.465268 0.824219
vt 0.461280 0.820655
vt 0.465268 0.820655
vt 0.464844 0.829259
vt 0.465268 0.824219
vt 0.459804 0.824219
vt 0.465268 0.824219
vt 0.461280 0.827783
vt 0.465268 0.820655
vt 0.465268 0.827783
vt 0.283931 0.675679
vt 0.275142 0.675679
vt 0.283931 0.652241
vt 0.278072 0.675679
vt 0.272212 0.663960
vt 0.272212 0.663960
vt 0.283931 0.652241
vt 0.275142 0.652241
vt 0.283931 0.675679
vt 0.278072 0.652241
vt 0.283931 0.675679
vt 0.275142 0.675679
vt 0.283931 0.652241
vt 0.278072 0.675679
vt 0.272212 0.663960
vt 0.272212 0.663960
vt 0.283931 0.652241
vt 0.275142 0.652241
vt 0.283931 0.675679
vt 0.278072 0.652241
vt 0.477444 0.824219
vt 0.465551 0.824219
vt 0.473753 0.815309
vt 0.465551 0.815309
vt 0.465551 0.833128
vt 0.473753 0.833128
vt 0.465551 0.833128
vt 0.464844 0.811619
vt 0.465551 0.824219
vt 0.455934 0.815309
vt 0.465551 0.815309
vt 0.452244 0.824219
vt 0.465551 0.824219
vt 0.464844 0.836819
vt 0.465551 0.824219
vt 0.455934 0.833128
vt 0.465551 0.815309
vt 0.465551 0.833128
vt 0.470591 0.824219
vt 0.470591 0.815309
vt 0.470591 0.833128
vt 0.470591 0.833128
vt 0.470591 0.824219
vt 0.470591 0.815309
vt 0.470591 0.824219
vt 0.470591 0.824219
vt 0.470591 0.815309
vt 0.470591 0.833128
vt 0.473244 0.824219
vt 0.458831 0.824219
vt 0.470783 0.818279
vt 0.458831 0.818279
vt 0.458831 0.830158
vt 0.470783 0.830158
vt 0.458831 0.830158
vt 0.464844 0.815819
vt 0.458831 0.824219
vt 0.458831 0.818279
vt 0.456444 0.824219
vt 0.458831 0.824219
vt 0.464844 0.832619
vt 0.458831 0.824219
vt 0.458831 0.818279
vt 0.458831 0.830158
vt 0.473244 0.824219
vt 0.465551 0.824219
vt 0.470783 0.818279
vt 0.465551 0.818279
vt 0.465551 0.830158
vt 0.470783 0.830158
vt 0.465551 0.830158
vt 0.464844 0.815819
vt 0.465551 0.824219
vt 0.458904 0.818279
vt 0.465551 0.818279
vt 0.464844 0.832619
vt 0.465551 0.824219
vt 0.456444 0.824219
vt 0.465551 0.824219
vt 0.458904 0.830158
vt 0.465551 0.818279
vt 0.465551 0.830158
vt 0.305720 0.605425
vt 0.292720 0.605425
vt 0.292720 0.672732
vt 0.292720 0.672732
vt 0.305720 0.685425
vt 0.292720 0.685425
vt 0.289720 0.675732
vt 0.289720 0.675732
vt 0.289720 0.645732
vt 0.289721 0.675732
vt 0.289720 0.611232
vt 0.289720 0.670732
vt 0.289720 0.681232
vt 0.289720 0.650732
vt 0.289720 0.645732
vt 0.289720 0.655733
vt 0.273720 0.610425
vt 0.292720 0.611232
vt 0.292720 0.670732
vt 0.292720 0.645732
vt 0.278720 0.605425
vt 0.292721 0.675732
vt 0.292720 0.645732
vt 0.278720 0.685425
vt 0.292720 0.655733
vt 0.273720 0.680425
vt 0.292720 0.681232
vt 0.292720 0.650732
vt 0.309720 0.605425
vt 0.309720 0.672732
vt 0.289744 0.630729
vt 0.289744 0.610729
vt 0.314720 0.610425
vt 0.289744 0.635729
vt 0.289744 0.680729
vt 0.314720 0.680425
vt 0.289744 0.675729
vt 0.309720 0.672732
vt 0.309720 0.685425
vt 0.289744 0.680729
vt 0.292744 0.610729
vt 0.292744 0.635729
vt 0.309720 0.675732
vt 0.292744 0.630729
vt 0.309720 0.675732
vt 0.292744 0.680729
vt 0.292744 0.680729
vt 0.292744 0.675729
vt 0.472404 0.824219
vt 0.465268 0.824219
vt 0.470189 0.818873
vt 0.465268 0.818873
vt 0.465268 0.829564
vt 0.470189 0.829564
vt 0.465268 0.829564
vt 0.464844 0.816659
vt 0.465268 0.824219
vt 0.459498 0.818873
vt 0.465268 0.818873
vt 0.457284 0.824219
vt 0.465268 0.824219
vt 0.464844 0.831779
vt 0.465268 0.824219
vt 0.459498 0.829564
vt 0.465268 0.818873
vt 0.465268 0.829564
vt 0.468292 0.824219
vt 0.468292 0.818873
vt 0.468292 0.829564
vt 0.468292 0.829564
vt 0.468292 0.824219
vt 0.468292 0.818873
vt 0.468292 0.824219
vt 0.468292 0.824219
vt 0.468292 0.818873
vt 0.468292 0.829564
vt 0.469884 0.824219
vt 0.461236 0.824219
vt 0.468408 0.820655
vt 0.461236 0.820655
vt 0.461236 0.827783
vt 0.468408 0.827783
vt 0.461236 0.827783
vt 0.464844 0.819179
vt 0.461236 0.824219
vt 0.461236 0.820655
vt 0.459804 0.824219
vt 0.461236 0.824219
vt 0.464844 0.829259
vt 0.461236 0.824219
vt 0.461236 0.820655
vt 0.461236 0.827783
vt 0.469884 0.824219
vt 0.465268 0.824219
vt 0.468408 0.820655
vt 0.465268 0.820655
vt 0.465268 0.827783
vt 0.468408 0.827783
vt 0.465268 0.827783
vt 0.464844 0.819179
vt 0.465268 0.824219
vt 0.461280 0.820655
vt 0.465268 0.820655
vt 0.464844 0.829259
vt 0.465268 0.824219
vt 0.459804 0.824219
vt 0.465268 0.824219
vt 0.461280 0.827783
vt 0.465268 0.820655
vt 0.465268 0.827783
vt 0.472404 0.824219
vt 0.465268 0.824219
vt 0.470189 0.818873
vt 0.465268 0.818873
vt 0.465268 0.829564
vt 0.470189 0.829564
vt 0.465268 0.829564
vt 0.464844 0.816659
vt 0.465268 0.824219
vt 0.459498 0.818873
vt 0.465268 0.818873
vt 0.457284 0.824219
vt 0.465268 0.824219
vt 0.464844 0.831779
vt 0.465268 0.824219
vt 0.459498 0.829564
vt 0.465268 0.818873
vt 0.465268 0.829564
vt 0.468292 0.824219
vt 0.468292 0.818873
vt 0.468292 0.829564
vt 0.468292 0.829564
vt 0.468292 0.824219
vt 0.468292 0.818873
vt 0.468292 0.824219
vt 0.468292 0.824219
vt 0.468292 0.818873
vt 0.468292 0.829564
vt 0.469884 0.824219
vt 0.461236 0.824219
vt 0.468408 0.820655
vt 0.461236 0.820655
vt 0.461236 0.827783
vt 0.468408 0.827783
vt 0.461236 0.827783
vt 0.464844 0.819179
vt 0.461236 0.824219
vt 0.461236 0.820655
vt 0.459804 0.824219
vt 0.461236 0.824219
vt 0.464844 0.829259
vt 0.461236 0.824219
vt 0.461236 0.820655
vt 0.461236 0.827783
vt 0.469884 0.824219
vt 0.465268 0.824219
vt 0.468408 0.820655
vt 0.465268 0.820655
vt 0.465268 0.827783
vt 0.468408 0.827783
vt 0.465268 0.827783
vt 0.464844 0.819179
vt 0.465268 0.824219
vt 0.461280 0.820655
vt 0.465268 0.820655
vt 0.464844 0.829259
vt 0.465268 0.824219
vt 0.459804 0.824219
vt 0.465268 0.824219
vt 0.461280 0.827783
vt 0.465268 0.820655
vt 0.465268 0.827783
vt 0.283931 0.675679
vt 0.275142 0.675679
vt 0.283931 0.652241
vt 0.278072 0.675679
vt 0.272212 0.663960
vt 0.272212 0.663960
vt 0.283931 0.652241
vt 0.275142 0.652241
vt 0.283931 0.675679
vt 0.278072 0.652241
vt 0.283931 0.675679
vt 0.275142 0.675679
vt 0.283931 0.652241
vt 0.278072 0.675679
vt 0.272212 0.663960
vt 0.272212 0.663960
vt 0.283931 0.652241
vt 0.275142 0.652241
vt 0.283931 0.675679
vt 0.278072 0.652241
vt 0.838998 0.760920
vt 0.832292 0.725152
vt 0.830903 0.760920
vt 0.840387 0.760877
vt 0.840387 0.717057
vt 0.840387 0.717011
vt 0.840387 0.760877
vt 0.832292 0.725106
vt 0.832292 0.760877
vt 0.939474 0.760920
vt 0.940863 0.760877
vt 0.940863 0.717057
vt 0.948958 0.760877
vt 0.838998 0.760920
vt 0.948958 0.725152
vt 0.948958 0.725106
vt 0.948958 0.760877
vt 0.939474 0.760920
vt 0.940863 0.717011
vt 0.940863 0.760877
vt 0.837847 0.764253
vt 0.829514 0.764210
vt 0.839236 0.764210
vt 0.839236 0.764210
vt 0.829514 0.764210
vt 0.940625 0.764253
vt 0.942014 0.764210
vt 0.837847 0.764253
vt 0.951736 0.764210
vt 0.940625 0.764253
vt 0.950347 0.764253
vt 0.942014 0.764210
vt 0.839236 0.714280
vt 0.839236 0.749766
vt 0.837847 0.749809
vt 0.829514 0.724002
vt 0.829514 0.749766
vt 0.829514 0.749766
vt 0.940625 0.749809
vt 0.829514 0.723956
vt 0.839236 0.714233
vt 0.839236 0.749766
vt 0.837847 0.749809
vt 0.951736 0.749766
vt 0.951736 0.724002
vt 0.942014 0.749766
vt 0.942014 0.714280
vt 0.950347 0.749809
vt 0.942014 0.714233
vt 0.942014 0.749766
vt 0.951736 0.723956
vt 0.940625 0.749809
vt 0.830903 0.749809
vt 0.840387 0.717057
vt 0.840387 0.749766
vt 0.838998 0.749809
vt 0.832292 0.725152
vt 0.832292 0.749766
vt 0.832292 0.725106
vt 0.939474 0.749809
vt 0.840387 0.749766
vt 0.840387 0.717011
vt 0.948958 0.749766
vt 0.948958 0.725152
vt 0.838998 0.749809
vt 0.940863 0.717057
vt 0.940863 0.749766
vt 0.940863 0.717011
vt 0.940863 0.749766
vt 0.948958 0.749766
vt 0.939474 0.749809
vt 0.948958 0.725106
vt 0.889236 0.764253
vt 0.889236 0.760920
vt 0.948958 0.775391
vt 0.951736 0.775344
vt 0.889236 0.749809
vt 0.889236 0.749809
vt 0.948958 0.775344
vt 0.889236 0.764253
vt 0.889236 0.760920
vt 0.832292 0.775391
vt 0.889236 0.749809
vt 0.829514 0.775391
vt 0.889236 0.749809
vt 0.832292 0.775391
s 0
usemtl electronics_etx_part_1
f 9/20/1 12/26/1 20/47/1 17/38/1
f 11/24/2 6/12/2 16/35/2 19/44/2
f 14/30/3 15/32/3 5/10/3 4/9/3
f 3/7/4 13/27/4 14/30/4 4/9/4
f 16/36/5 6/13/5 5/11/5 15/33/5
f 18/41/6 10/22/6 9/21/6 17/39/6
f 11/25/7 19/45/7 20/47/7 12/26/7
f 3/8/8 10/23/8 18/42/8 13/28/8
f 1/1/9 14/31/9 13/29/9
f 2/4/9 16/37/9 15/34/9
f 7/14/9 18/43/9 17/40/9
f 8/17/9 20/48/9 19/46/9
f 7/14/9 1/1/9 13/29/9 18/43/9
f 1/1/9 2/4/9 15/34/9 14/31/9
f 8/17/9 7/14/9 17/40/9 20/48/9
f 2/4/9 8/17/9 19/46/9 16/37/9
f 2/5/1 1/2/1 24/58/1 22/52/1
f 22/53/9 24/59/9 23/55/9 21/49/9
f 8/18/8 2/6/8 22/54/8 21/50/8
f 7/15/3 8/19/3 21/51/3 23/56/3
f 1/3/2 7/16/2 23/57/2 24/60/2
f 33/86/10 34/88/10 28/70/10 27/67/10
f 28/71/1 32/82/1 38/95/1
f 35/90/11 36/92/11 30/76/11 29/73/11
f 29/74/9 30/77/9 26/64/9 25/61/9
f 33/85/3 35/89/3 29/75/3 25/62/3
f 36/91/1 34/87/1 26/65/1 30/78/1
f 32/82/1 28/71/1 34/87/1 36/91/1
f 27/68/3 31/81/3 35/89/3 33/85/3
f 31/79/12 32/83/12 36/92/12 35/90/12
f 25/63/13 26/66/13 34/88/13 33/86/13
f 51/127/2 52/129/2 83/205/2 84/207/2
f 32/84/14 31/80/14 37/93/14 38/96/14
f 31/81/3 27/68/3 37/94/3
f 51/128/3 37/94/3 27/68/3 41/104/3
f 42/107/1 28/71/1 38/95/1 52/130/1
f 47/120/11 41/103/11 42/106/11 48/122/11
f 42/107/1 52/130/1 46/117/1
f 49/124/10 43/109/10 44/112/10 50/126/10
f 43/110/9 39/97/9 40/100/9 44/113/9
f 47/119/3 39/98/3 43/111/3 49/123/3
f 50/125/1 44/114/1 40/101/1 48/121/1
f 46/117/1 50/125/1 48/121/1 42/107/1
f 41/104/3 47/119/3 49/123/3 45/116/3
f 45/115/13 49/124/13 50/126/13 46/118/13
f 39/99/12 47/120/12 48/122/12 40/102/12
f 46/118/15 52/129/15 51/127/15 45/115/15
f 45/116/3 51/128/3 41/104/3
f 41/105/9 27/69/9 28/72/9 42/108/9
f 61/156/10 62/158/10 56/140/10 55/137/10
f 56/141/1 60/152/1 66/165/1
f 63/160/11 64/162/11 58/146/11 57/143/11
f 57/144/9 58/147/9 54/134/9 53/131/9
f 61/155/3 63/159/3 57/145/3 53/132/3
f 64/161/1 62/157/1 54/135/1 58/148/1
f 60/152/1 56/141/1 62/157/1 64/161/1
f 55/138/3 59/151/3 63/159/3 61/155/3
f 59/149/12 60/153/12 64/162/12 63/160/12
f 53/133/13 54/136/13 62/158/13 61/156/13
f 80/199/1 66/165/1 85/209/1 87/213/1
f 60/154/14 59/150/14 65/164/14 66/166/14
f 59/151/3 55/138/3 65/163/3
f 79/197/3 65/163/3 55/138/3 69/174/3
f 70/177/1 56/141/1 66/165/1 80/199/1
f 75/190/11 69/173/11 70/176/11 76/192/11
f 70/177/1 80/199/1 74/187/1
f 77/194/10 71/179/10 72/182/10 78/196/10
f 71/180/9 67/167/9 68/170/9 72/183/9
f 75/189/3 67/168/3 71/181/3 77/193/3
f 78/195/1 72/184/1 68/171/1 76/191/1
f 74/187/1 78/195/1 76/191/1 70/177/1
f 69/174/3 75/189/3 77/193/3 73/186/3
f 73/185/13 77/194/13 78/196/13 74/188/13
f 67/169/12 75/190/12 76/192/12 68/172/12
f 74/188/15 80/200/15 79/198/15 73/185/15
f 73/186/3 79/197/3 69/174/3
f 69/175/9 55/139/9 56/142/9 70/178/9
f 65/163/3 79/197/3 88/215/3 86/211/3
f 66/166/8 65/164/8 86/212/8 85/210/8
f 52/130/1 38/95/1 81/201/1 83/206/1
f 79/198/2 80/200/2 87/214/2 88/216/2
f 38/96/8 37/93/8 82/203/8 81/202/8
f 37/94/3 51/128/3 84/208/3 82/204/3
f 97/242/10 98/244/10 92/226/10 91/223/10
f 92/227/1 96/238/1 102/251/1
f 99/246/11 100/248/11 94/232/11 93/229/11
f 93/230/9 94/233/9 90/220/9 89/217/9
f 97/241/3 99/245/3 93/231/3 89/218/3
f 100/247/1 98/243/1 90/221/1 94/234/1
f 96/238/1 92/227/1 98/243/1 100/247/1
f 91/224/3 95/237/3 99/245/3 97/241/3
f 95/235/12 96/239/12 100/248/12 99/246/12
f 89/219/13 90/222/13 98/244/13 97/242/13
f 115/283/2 116/285/2 147/361/2 148/363/2
f 96/240/14 95/236/14 101/249/14 102/252/14
f 95/237/3 91/224/3 101/250/3
f 115/284/3 101/250/3 91/224/3 105/260/3
f 106/263/1 92/227/1 102/251/1 116/286/1
f 111/276/11 105/259/11 106/262/11 112/278/11
f 106/263/1 116/286/1 110/273/1
f 113/280/10 107/265/10 108/268/10 114/282/10
f 107/266/9 103/253/9 104/256/9 108/269/9
f 111/275/3 103/254/3 107/267/3 113/279/3
f 114/281/1 108/270/1 104/257/1 112/277/1
f 110/273/1 114/281/1 112/277/1 106/263/1
f 105/260/3 111/275/3 113/279/3 109/272/3
f 109/271/13 113/280/13 114/282/13 110/274/13
f 103/255/12 111/276/12 112/278/12 104/258/12
f 110/274/15 116/285/15 115/283/15 109/271/15
f 109/272/3 115/284/3 105/260/3
f 105/261/9 91/225/9 92/228/9 106/264/9
f 125/312/10 126/314/10 120/296/10 119/293/10
f 120/297/1 124/308/1 130/321/1
f 127/316/11 128/318/11 122/302/11 121/299/11
f 121/300/9 122/303/9 118/290/9 117/287/9
f 125/311/3 127/315/3 121/301/3 117/288/3
f 128/317/1 126/313/1 118/291/1 122/304/1
f 124/308/1 120/297/1 126/313/1 128/317/1
f 119/294/3 123/307/3 127/315/3 125/311/3
f 123/305/12 124/309/12 128/318/12 127/316/12
f 117/289/13 118/292/13 126/314/13 125/312/13
f 144/355/1 130/321/1 149/365/1 151/369/1
f 124/310/14 123/306/14 129/320/14 130/322/14
f 123/307/3 119/294/3 129/319/3
f 143/353/3 129/319/3 119/294/3 133/330/3
f 134/333/1 120/297/1 130/321/1 144/355/1
f 139/346/11 133/329/11 134/332/11 140/348/11
f 134/333/1 144/355/1 138/343/1
f 141/350/10 135/335/10 136/338/10 142/352/10
f 135/336/9 131/323/9 132/326/9 136/339/9
f 139/345/3 131/324/3 135/337/3 141/349/3
f 142/351/1 136/340/1 132/327/1 140/347/1
f 138/343/1 142/351/1 140/347/1 134/333/1
f 133/330/3 139/345/3 141/349/3 137/342/3
f 137/341/13 141/350/13 142/352/13 138/344/13
f 131/325/12 139/346/12 140/348/12 132/328/12
f 138/344/15 144/356/15 143/354/15 137/341/15
f 137/342/3 143/353/3 133/330/3
f 133/331/9 119/295/9 120/298/9 134/334/9
f 129/319/3 143/353/3 152/371/3 150/367/3
f 130/322/8 129/320/8 150/368/8 149/366/8
f 116/286/1 102/251/1 145/357/1 147/362/1
f 143/354/2 144/356/2 151/370/2 152/372/2
f 102/252/8 101/249/8 146/359/8 145/358/8
f 101/250/3 115/284/3 148/364/3 146/360/3
f 161/398/10 162/400/10 156/382/10 155/379/10
f 156/383/1 160/394/1 166/407/1
f 163/402/11 164/404/11 158/388/11 157/385/11
f 157/386/9 158/389/9 154/376/9 153/373/9
f 161/397/3 163/401/3 157/387/3 153/374/3
f 164/403/1 162/399/1 154/377/1 158/390/1
f 160/394/1 156/383/1 162/399/1 164/403/1
f 155/380/3 159/393/3 163/401/3 161/397/3
f 159/391/12 160/395/12 164/404/12 163/402/12
f 153/375/13 154/378/13 162/400/13 161/398/13
f 179/439/2 180/441/2 211/517/2 212/519/2
f 160/396/14 159/392/14 165/405/14 166/408/14
f 159/393/3 155/380/3 165/406/3
f 179/440/3 165/406/3 155/380/3 169/416/3
f 170/419/1 156/383/1 166/407/1 180/442/1
f 175/432/11 169/415/11 170/418/11 176/434/11
f 170/419/1 180/442/1 174/429/1
f 177/436/10 171/421/10 172/424/10 178/438/10
f 171/422/9 167/409/9 168/412/9 172/425/9
f 175/431/3 167/410/3 171/423/3 177/435/3
f 178/437/1 172/426/1 168/413/1 176/433/1
f 174/429/1 178/437/1 176/433/1 170/419/1
f 169/416/3 175/431/3 177/435/3 173/428/3
f 173/427/13 177/436/13 178/438/13 174/430/13
f 167/411/12 175/432/12 176/434/12 168/414/12
f 174/430/15 180/441/15 179/439/15 173/427/15
f 173/428/3 179/440/3 169/416/3
f 169/417/9 155/381/9 156/384/9 170/420/9
f 189/468/10 190/470/10 184/452/10 183/449/10
f 184/453/1 188/464/1 194/477/1
f 191/472/11 192/474/11 186/458/11 185/455/11
f 185/456/9 186/459/9 182/446/9 181/443/9
f 189/467/3 191/471/3 185/457/3 181/444/3
f 192/473/1 190/469/1 182/447/1 186/460/1
f 188/464/1 184/453/1 190/469/1 192/473/1
f 183/450/3 187/463/3 191/471/3 189/467/3
f 187/461/12 188/465/12 192/474/12 191/472/12
f 181/445/13 182/448/13 190/470/13 189/468/13
f 208/511/1 194/477/1 213/521/1 215/525/1
f 188/466/14 187/462/14 193/476/14 194/478/14
f 187/463/3 183/450/3 193/475/3
f 207/509/3 193/475/3 183/450/3 197/486/3
f 198/489/1 184/453/1 194/477/1 208/511/1
f 203/502/11 197/485/11 198/488/11 204/504/11
f 198/489/1 208/511/1 202/499/1
f 205/506/10 199/491/10 200/494/10 206/508/10
f 199/492/9 195/479/9 196/482/9 200/495/9
f 203/501/3 195/480/3 199/493/3 205/505/3
f 206/507/1 200/496/1 196/483/1 204/503/1
f 202/499/1 206/507/1 204/503/1 198/489/1
f 197/486/3 203/501/3 205/505/3 201/498/3
f 201/497/13 205/506/13 206/508/13 202/500/13
f 195/481/12 203/502/12 204/504/12 196/484/12
f 202/500/15 208/512/15 207/510/15 201/497/15
f 201/498/3 207/509/3 197/486/3
f 197/487/9 183/451/9 184/454/9 198/490/9
f 193/475/3 207/509/3 216/527/3 214/523/3
f 194/478/8 193/476/8 214/524/8 213/522/8
f 180/442/1 166/407/1 209/513/1 211/518/1
f 207/510/2 208/512/2 215/526/2 216/528/2
f 166/408/8 165/405/8 210/515/8 209/514/8
f 165/406/3 179/440/3 212/520/3 210/516/3
f 225/554/10 226/556/10 220/538/10 219/535/10
f 220/539/1 224/550/1 230/563/1
f 227/558/11 228/560/11 222/544/11 221/541/11
f 221/542/9 222/545/9 218/532/9 217/529/9
f 225/553/3 227/557/3 221/543/3 217/530/3
f 228/559/1 226/555/1 218/533/1 222/546/1
f 224/550/1 220/539/1 226/555/1 228/559/1
f 219/536/3 223/549/3 227/557/3 225/553/3
f 223/547/12 224/551/12 228/560/12 227/558/12
f 217/531/13 218/534/13 226/556/13 225/554/13
f 243/595/2 244/597/2 275/673/2 276/675/2
f 224/552/14 223/548/14 229/561/14 230/564/14
f 223/549/3 219/536/3 229/562/3
f 243/596/3 229/562/3 219/536/3 233/572/3
f 234/575/1 220/539/1 230/563/1 244/598/1
f 239/588/11 233/571/11 234/574/11 240/590/11
f 234/575/1 244/598/1 238/585/1
f 241/592/10 235/577/10 236/580/10 242/594/10
f 235/578/9 231/565/9 232/568/9 236/581/9
f 239/587/3 231/566/3 235/579/3 241/591/3
f 242/593/1 236/582/1 232/569/1 240/589/1
f 238/585/1 242/593/1 240/589/1 234/575/1
f 233/572/3 239/587/3 241/591/3 237/584/3
f 237/583/13 241/592/13 242/594/13 238/586/13
f 231/567/12 239/588/12 240/590/12 232/570/12
f 238/586/15 244/597/15 243/595/15 237/583/15
f 237/584/3 243/596/3 233/572/3
f 233/573/9 219/537/9 220/540/9 234/576/9
f 253/624/10 254/626/10 248/608/10 247/605/10
f 248/609/1 252/620/1 258/633/1
f 255/628/11 256/630/11 250/614/11 249/611/11
f 249/612/9 250/615/9 246/602/9 245/599/9
f 253/623/3 255/627/3 249/613/3 245/600/3
f 256/629/1 254/625/1 246/603/1 250/616/1
f 252/620/1 248/609/1 254/625/1 256/629/1
f 247/606/3 251/619/3 255/627/3 253/623/3
f 251/617/12 252/621/12 256/630/12 255/628/12
f 245/601/13 246/604/13 254/626/13 253/624/13
f 272/667/1 258/633/1 277/677/1 279/681/1
f 252/622/14 251/618/14 257/632/14 258/634/14
f 251/619/3 247/606/3 257/631/3
f 271/665/3 257/631/3 247/606/3 261/642/3
f 262/645/1 248/609/1 258/633/1 272/667/1
f 267/658/11 261/641/11 262/644/11 268/660/11
f 262/645/1 272/667/1 266/655/1
f 269/662/10 263/647/10 264/650/10 270/664/10
f 263/648/9 259/635/9 260/638/9 264/651/9
f 267/657/3 259/636/3 263/649/3 269/661/3
f 270/663/1 264/652/1 260/639/1 268/659/1
f 266/655/1 270/663/1 268/659/1 262/645/1
f 261/642/3 267/657/3 269/661/3 265/654/3
f 265/653/13 269/662/13 270/664/13 266/656/13
f 259/637/12 267/658/12 268/660/12 260/640/12
f 266/656/15 272/668/15 271/666/15 265/653/15
f 265/654/3 271/665/3 261/642/3
f 261/643/9 247/607/9 248/610/9 262/646/9
f 257/631/3 271/665/3 280/683/3 278/679/3
f 258/634/8 257/632/8 278/680/8 277/678/8
f 244/598/1 230/563/1 273/669/1 275/674/1
f 271/666/2 272/668/2 279/682/2 280/684/2
f 230/564/8 229/561/8 274/671/8 273/670/8
f 229/562/3 243/596/3 276/676/3 274/672/3
f 289/701/9 290/703/9 291/706/9 292/709/9 283/690/9 284/692/9 281/685/9 282/688/9
f 293/711/8 296/715/8 291/707/8 290/704/8
f 295/714/1 288/700/1 283/691/1 292/710/1
f 281/686/2 284/693/2 287/698/2 286/696/2
f 285/695/5 282/689/5 281/687/5 286/697/5
f 283/691/7 288/700/7 287/699/7 284/694/7
f 289/702/4 294/713/4 293/712/4 290/705/4
f 295/714/6 292/710/6 291/708/6 296/716/6
f 285/695/3 294/713/3 289/702/3 282/689/3
s 1
f 303/730/16 299/722/17 297/717/18 298/719/19 300/724/20 301/726/21 302/728/22 304/732/23
f 310/741/24 303/731/16 304/733/23 312/743/25
f 312/744/25 304/734/23 302/729/22 311/742/26
f 303/731/16 310/741/24 307/738/27 299/723/17
f 299/723/17 307/738/27 305/735/28 297/718/18
f 311/742/26 302/729/22 301/727/21 309/740/29
f 309/740/29 301/727/21 300/725/20 308/739/30
f 297/718/18 305/735/28 306/736/31 298/720/19
f 298/721/19 306/737/31 308/739/30 300/725/20
s 0
f 321/761/9 322/763/9 323/766/9 324/769/9 315/750/9 316/752/9 313/745/9 314/748/9
f 325/771/8 328/775/8 323/767/8 322/764/8
f 327/774/1 320/760/1 315/751/1 324/770/1
f 313/746/2 316/753/2 319/758/2 318/756/2
f 317/755/5 314/749/5 313/747/5 318/757/5
f 315/751/7 320/760/7 319/759/7 316/754/7
f 321/762/4 326/773/4 325/772/4 322/765/4
f 327/774/6 324/770/6 323/768/6 328/776/6
f 317/755/3 326/773/3 321/762/3 314/749/3
s 1
f 335/790/32 331/782/33 329/777/34 330/779/35 332/784/36 333/786/37 334/788/38 336/792/39
f 342/801/40 335/791/32 336/793/39 344/803/41
f 344/804/41 336/794/39 334/789/38 343/802/42
f 335/791/32 342/801/40 339/798/43 331/783/33
f 331/783/33 339/798/43 337/795/44 329/778/34
f 343/802/42 334/789/38 333/787/37 341/800/45
f 341/800/45 333/787/37 332/785/36 340/799/46
f 329/778/34 337/795/44 338/796/47 330/780/35
f 330/781/35 338/797/47 340/799/46 332/785/36
s 0
f 353/821/9 354/823/9 355/826/9 356/829/9 347/810/9 348/812/9 345/805/9 346/808/9
f 357/831/8 360/835/8 355/827/8 354/824/8
f 359/834/1 352/820/1 347/811/1 356/830/1
f 345/806/2 348/813/2 351/818/2 350/816/2
f 349/815/5 346/809/5 345/807/5 350/817/5
f 347/811/7 352/820/7 351/819/7 348/814/7
f 353/822/4 358/833/4 357/832/4 354/825/4
f 359/834/6 356/830/6 355/828/6 360/836/6
f 349/815/3 358/833/3 353/822/3 346/809/3
s 1
f 367/850/37 363/842/38 361/837/39 362/839/32 364/844/33 365/846/34 366/848/35 368/852/36
f 374/861/45 367/851/37 368/853/36 376/863/46
f 376/864/46 368/854/36 366/849/35 375/862/47
f 367/851/37 374/861/45 371/858/42 363/843/38
f 363/843/38 371/858/42 369/855/41 361/838/39
f 375/862/47 366/849/35 365/847/34 373/860/44
f 373/860/44 365/847/34 364/845/33 372/859/48
f 361/838/39 369/855/41 370/856/40 362/840/32
f 362/841/32 370/857/40 372/859/48 364/845/33
s 0
f 385/881/9 386/883/9 387/886/9 388/889/9 379/870/9 380/872/9 377/865/9 378/868/9
f 389/891/8 392/895/8 387/887/8 386/884/8
f 391/894/1 384/880/1 379/871/1 388/890/1
f 377/866/2 380/873/2 383/878/2 382/876/2
f 381/875/5 378/869/5 377/867/5 382/877/5
f 379/871/7 384/880/7 383/879/7 380/874/7
f 385/882/4 390/893/4 389/892/4 386/885/4
f 391/894/6 388/890/6 387/888/6 392/896/6
f 381/875/3 390/893/3 385/882/3 378/869/3
s 1
f 399/910/17 395/902/18 393/897/19 394/899/20 396/904/21 397/906/22 398/908/23 400/912/16
f 406/921/27 399/911/17 400/913/16 408/923/24
f 408/924/24 400/914/16 398/909/23 407/922/25
f 399/911/17 406/921/27 403/918/28 395/903/18
f 395/903/18 403/918/28 401/915/31 393/898/19
f 407/922/25 398/909/23 397/907/22 405/920/26
f 405/920/26 397/907/22 396/905/21 404/919/29
f 393/898/19 401/915/31 402/916/30 394/900/20
f 394/901/20 402/917/30 404/919/29 396/905/21
s 0
f 413/935/1 414/937/1 412/932/1 411/929/1
f 417/941/9 418/944/9 410/927/9 409/925/9
f 415/939/8 413/936/8 411/930/8 417/942/8
f 416/940/2 410/928/2 418/945/2
f 414/938/2 416/940/2 418/945/2 412/933/2
f 415/939/8 417/942/8 409/926/8
f 411/931/49 412/934/49 418/946/49 417/943/49
f 423/957/1 424/959/1 422/954/1 421/951/1
f 427/963/9 428/966/9 420/949/9 419/947/9
f 425/961/8 423/958/8 421/952/8 427/964/8
f 426/962/2 420/950/2 428/967/2
f 424/960/2 426/962/2 428/967/2 422/955/2
f 425/961/8 427/964/8 419/948/8
f 421/953/49 422/956/49 428/968/49 427/965/49
f 433/979/1 434/981/1 432/976/1 431/973/1
f 437/985/9 438/988/9 430/971/9 429/969/9
f 435/983/8 433/980/8 431/974/8 437/986/8
f 436/984/2 430/972/2 438/989/2
f 434/982/2 436/984/2 438/989/2 432/977/2
f 435/983/8 437/986/8 429/970/8
f 431/975/49 432/978/49 438/990/49 437/987/49
f 443/1001/1 444/1003/1 442/998/1 441/995/1
f 447/1007/9 448/1010/9 440/993/9 439/991/9
f 445/1005/8 443/1002/8 441/996/8 447/1008/8
f 446/1006/2 440/994/2 448/1011/2
f 444/1004/2 446/1006/2 448/1011/2 442/999/2
f 445/1005/8 447/1008/8 439/992/8
f 441/997/49 442/1000/49 448/1012/49 447/1009/49
f 453/1023/3 454/1025/3 452/1020/3 451/1017/3
f 457/1029/9 458/1032/9 450/1015/9 449/1013/9
f 455/1027/2 453/1024/2 451/1018/2 457/1030/2
f 456/1028/8 450/1016/8 458/1033/8
f 454/1026/8 456/1028/8 458/1033/8 452/1021/8
f 455/1027/2 457/1030/2 449/1014/2
f 451/1019/50 452/1022/50 458/1034/50 457/1031/50
f 463/1045/3 464/1047/3 462/1042/3 461/1039/3
f 467/1051/9 468/1054/9 460/1037/9 459/1035/9
f 465/1049/2 463/1046/2 461/1040/2 467/1052/2
f 466/1050/8 460/1038/8 468/1055/8
f 464/1048/8 466/1050/8 468/1055/8 462/1043/8
f 465/1049/2 467/1052/2 459/1036/2
f 461/1041/50 462/1044/50 468/1056/50 467/1053/50
f 473/1067/3 474/1069/3 472/1064/3 471/1061/3
f 477/1073/9 478/1076/9 470/1059/9 469/1057/9
f 475/1071/2 473/1068/2 471/1062/2 477/1074/2
f 476/1072/8 470/1060/8 478/1077/8
f 474/1070/8 476/1072/8 478/1077/8 472/1065/8
f 475/1071/2 477/1074/2 469/1058/2
f 471/1063/50 472/1066/50 478/1078/50 477/1075/50
f 483/1089/3 484/1091/3 482/1086/3 481/1083/3
f 487/1095/9 488/1098/9 480/1081/9 479/1079/9
f 485/1093/2 483/1090/2 481/1084/2 487/1096/2
f 486/1094/8 480/1082/8 488/1099/8
f 484/1092/8 486/1094/8 488/1099/8 482/1087/8
f 485/1093/2 487/1096/2 479/1080/2
f 481/1085/50 482/1088/50 488/1100/50 487/1097/50
f 489/1101/2 490/1104/2 492/1109/2 491/1107/2
f 495/1117/8 496/1119/8 494/1114/8 493/1111/8
f 493/1112/9 494/1115/9 490/1105/9 489/1102/9
f 491/1108/3 495/1118/3 493/1113/3 489/1103/3
f 496/1120/1 492/1110/1 490/1106/1 494/1116/1
s 1
f 503/1132/51 505/1136/51 498/1123/51 497/1121/51
f 497/1121/52 498/1123/52 501/1129/52 499/1124/52
f 511/1147/53 507/1138/53 500/1127/53 502/1131/53
f 502/1131/54 500/1127/54 499/1125/54 501/1130/54
f 510/1145/55 508/1140/55 509/1143/55 512/1148/55
f 512/1148/56 509/1143/56 507/1138/56 511/1147/56
f 505/1136/57 503/1132/57 504/1134/57 506/1137/57
f 506/1137/58 504/1134/58 508/1141/58 510/1146/58
f 499/1126/59 500/1128/59 507/1139/59 509/1144/59 508/1142/59 504/1135/59 503/1133/59 497/1122/59
f 513/1151/2 514/1152/2 516/1157/2 515/1156/2
f 515/1154/1 516/1158/1 520/1167/1 519/1164/1
f 519/1166/8 520/1168/8 518/1162/8 517/1161/8
f 517/1159/3 518/1163/3 514/1153/3 513/1149/3
f 517/1160/60 513/1150/60 521/1169/60 523/1175/60
f 522/1172/59 524/1178/59 523/1176/59 521/1170/59
f 515/1155/61 519/1165/61 524/1179/61 522/1173/61
f 513/1151/2 515/1156/2 522/1174/2 521/1171/2
f 519/1166/8 517/1161/8 523/1177/8 524/1180/8
f 525/1183/2 526/1184/2 528/1189/2 527/1188/2
f 527/1186/1 528/1190/1 532/1199/1 531/1196/1
f 531/1198/8 532/1200/8 530/1194/8 529/1193/8
f 529/1191/3 530/1195/3 526/1185/3 525/1181/3
f 529/1192/60 525/1182/60 533/1201/60 535/1207/60
f 534/1204/59 536/1210/59 535/1208/59 533/1202/59
f 527/1187/61 531/1197/61 536/1211/61 534/1205/61
f 525/1183/2 527/1188/2 534/1206/2 533/1203/2
f 531/1198/8 529/1193/8 535/1209/8 536/1212/8
f 550/1242/9 552/1247/9 551/1244/9 542/1223/9 541/1221/9 538/1215/9 545/1230/9 546/1233/9
f 571/1271/3 545/1231/3 538/1216/5 553/1249/5
f 553/1249/5 538/1216/5 541/1222/2 561/1257/2
f 568/1265/1 547/1235/1 540/1219/7 556/1252/7
f 556/1252/7 540/1219/7 539/1218/2 559/1255/2
f 564/1260/8 548/1238/8 549/1240/6 565/1261/6
f 565/1261/6 549/1240/6 547/1236/1 568/1264/1
f 573/1274/3 543/1225/3 544/1228/4 574/1276/4
f 574/1276/4 544/1228/4 548/1238/8 564/1260/8
f 539/1217/59 540/1220/59 547/1237/59 549/1241/59 548/1239/59 544/1229/59 543/1226/59 537/1213/59
f 546/1234/4 576/1278/4 562/1258/8 550/1243/8
f 576/1278/62 575/1277/62 563/1259/63 562/1258/63
f 575/1277/64 574/1276/64 564/1260/65 563/1259/65
f 545/1232/3 571/1270/3 576/1278/4 546/1234/4
f 571/1270/66 572/1272/66 575/1277/62 576/1278/62
f 572/1272/67 573/1274/67 574/1276/64 575/1277/64
f 552/1248/6 567/1263/6 570/1268/1 551/1245/1
f 567/1263/68 566/1262/68 569/1266/69 570/1268/69
f 566/1262/70 565/1261/70 568/1264/71 569/1266/71
f 550/1243/8 562/1258/8 567/1263/6 552/1248/6
f 562/1258/63 563/1259/63 566/1262/68 567/1263/68
f 563/1259/65 564/1260/65 565/1261/70 566/1262/70
f 542/1224/7 558/1254/7 561/1257/2 541/1222/2
f 558/1254/72 557/1253/72 560/1256/73 561/1257/73
f 557/1253/74 556/1252/74 559/1255/75 560/1256/75
f 551/1246/1 570/1269/1 558/1254/7 542/1224/7
f 570/1269/69 569/1267/69 557/1253/72 558/1254/72
f 569/1267/71 568/1265/71 556/1252/74 557/1253/74
f 537/1214/5 555/1251/5 559/1255/2 539/1218/2
f 555/1251/76 554/1250/76 560/1256/75 559/1255/75
f 554/1250/77 553/1249/77 561/1257/73 560/1256/73
f 543/1227/3 573/1275/3 555/1251/5 537/1214/5
f 573/1275/67 572/1273/67 554/1250/76 555/1251/76
f 572/1273/66 571/1271/66 553/1249/77 554/1250/77
f 583/1290/51 585/1294/51 578/1281/51 577/1279/51
f 577/1279/52 578/1281/52 581/1287/52 579/1282/52
f 591/1305/53 587/1296/53 580/1285/53 582/1289/53
f 582/1289/54 580/1285/54 579/1283/54 581/1288/54
f 590/1303/55 588/1298/55 589/1301/55 592/1306/55
f 592/1306/56 589/1301/56 587/1296/56 591/1305/56
f 585/1294/57 583/1290/57 584/1292/57 586/1295/57
f 586/1295/58 584/1292/58 588/1299/58 590/1304/58
f 579/1284/59 580/1286/59 587/1297/59 589/1302/59 588/1300/59 584/1293/59 583/1291/59 577/1280/59
f 593/1309/2 594/1310/2 596/1315/2 595/1314/2
f 595/1312/1 596/1316/1 600/1325/1 599/1322/1
f 599/1324/8 600/1326/8 598/1320/8 597/1319/8
f 597/1317/3 598/1321/3 594/1311/3 593/1307/3
f 597/1318/60 593/1308/60 601/1327/60 603/1333/60
f 602/1330/59 604/1336/59 603/1334/59 601/1328/59
f 595/1313/61 599/1323/61 604/1337/61 602/1331/61
f 593/1309/2 595/1314/2 602/1332/2 601/1329/2
f 599/1324/8 597/1319/8 603/1335/8 604/1338/8
f 605/1341/2 606/1342/2 608/1347/2 607/1346/2
f 607/1344/1 608/1348/1 612/1357/1 611/1354/1
f 611/1356/8 612/1358/8 610/1352/8 609/1351/8
f 609/1349/3 610/1353/3 606/1343/3 605/1339/3
f 609/1350/60 605/1340/60 613/1359/60 615/1365/60
f 614/1362/59 616/1368/59 615/1366/59 613/1360/59
f 607/1345/61 611/1355/61 616/1369/61 614/1363/61
f 605/1341/2 607/1346/2 614/1364/2 613/1361/2
f 611/1356/8 609/1351/8 615/1367/8 616/1370/8
f 630/1400/9 632/1405/9 631/1402/9 622/1381/9 621/1379/9 618/1373/9 625/1388/9 626/1391/9
f 651/1429/3 625/1389/3 618/1374/5 633/1407/5
f 633/1407/5 618/1374/5 621/1380/2 641/1415/2
f 648/1423/1 627/1393/1 620/1377/7 636/1410/7
f 636/1410/7 620/1377/7 619/1376/2 639/1413/2
f 644/1418/8 628/1396/8 629/1398/6 645/1419/6
f 645/1419/6 629/1398/6 627/1394/1 648/1422/1
f 653/1432/3 623/1383/3 624/1386/4 654/1434/4
f 654/1434/4 624/1386/4 628/1396/8 644/1418/8
f 619/1375/59 620/1378/59 627/1395/59 629/1399/59 628/1397/59 624/1387/59 623/1384/59 617/1371/59
f 626/1392/4 656/1436/4 642/1416/8 630/1401/8
f 656/1436/78 655/1435/78 643/1417/79 642/1416/79
f 655/1435/80 654/1434/80 644/1418/81 643/1417/81
f 625/1390/3 651/1428/3 656/1436/4 626/1392/4
f 651/1428/82 652/1430/82 655/1435/78 656/1436/78
f 652/1430/83 653/1432/83 654/1434/80 655/1435/80
f 632/1406/6 647/1421/6 650/1426/1 631/1403/1
f 647/1421/84 646/1420/84 649/1424/85 650/1426/85
f 646/1420/86 645/1419/86 648/1422/87 649/1424/87
f 630/1401/8 642/1416/8 647/1421/6 632/1406/6
f 642/1416/79 643/1417/79 646/1420/84 647/1421/84
f 643/1417/81 644/1418/81 645/1419/86 646/1420/86
f 622/1382/7 638/1412/7 641/1415/2 621/1380/2
f 638/1412/88 637/1411/88 640/1414/89 641/1415/89
f 637/1411/90 636/1410/90 639/1413/91 640/1414/91
f 631/1404/1 650/1427/1 638/1412/7 622/1382/7
f 650/1427/85 649/1425/85 637/1411/88 638/1412/88
f 649/1425/87 648/1423/87 636/1410/90 637/1411/90
f 617/1372/5 635/1409/5 639/1413/2 619/1376/2
f 635/1409/92 634/1408/92 640/1414/91 639/1413/91
f 634/1408/93 633/1407/93 641/1415/89 640/1414/89
f 623/1385/3 653/1433/3 635/1409/5 617/1372/5
f 653/1433/83 652/1431/83 634/1408/92 635/1409/92
f 652/1431/82 651/1429/82 633/1407/93 634/1408/93
f 670/1466/3 672/1471/3 671/1468/3 662/1447/3 661/1445/3 658/1439/3 665/1454/3 666/1457/3
f 663/1449/59 665/1455/59 658/1440/15 657/1437/15
f 657/1437/15 658/1440/15 661/1446/2 659/1441/2
f 671/1469/9 667/1459/9 660/1443/94 662/1448/94
f 662/1448/94 660/1443/94 659/1441/2 661/1446/2
f 670/1467/8 668/1462/8 669/1464/95 672/1472/95
f 672/1472/95 669/1464/95 667/1460/9 671/1470/9
f 665/1456/59 663/1450/59 664/1452/14 666/1458/14
f 666/1458/14 664/1452/14 668/1462/8 670/1467/8
f 659/1442/1 660/1444/1 667/1461/1 669/1465/1 668/1463/1 664/1453/1 663/1451/1 657/1438/1
f 679/1484/96 681/1488/96 674/1475/96 673/1473/96
f 673/1473/97 674/1475/97 677/1481/97 675/1476/97
f 687/1499/98 683/1490/98 676/1479/98 678/1483/98
f 678/1483/99 676/1479/99 675/1477/99 677/1482/99
f 686/1497/100 684/1492/100 685/1495/100 688/1500/100
f 688/1500/101 685/1495/101 683/1490/101 687/1499/101
f 681/1488/102 679/1484/102 680/1486/102 682/1489/102
f 682/1489/103 680/1486/103 684/1493/103 686/1498/103
f 675/1478/1 676/1480/1 683/1491/1 685/1496/1 684/1494/1 680/1487/1 679/1485/1 673/1474/1
f 713/1568/2 690/1504/2 692/1509/2 714/1571/2
f 714/1569/104 692/1510/9 696/1521/9 715/1572/104
f 715/1573/8 696/1522/8 694/1515/8 716/1577/8
f 716/1576/105 694/1516/59 690/1505/59 713/1567/105
f 693/1511/60 689/1501/60 697/1523/60 699/1529/60
f 698/1526/59 700/1532/59 699/1530/59 697/1524/59
f 691/1506/61 695/1517/61 700/1533/61 698/1527/61
f 689/1503/2 691/1508/2 698/1528/2 697/1525/2
f 695/1518/8 693/1512/8 699/1531/8 700/1534/8
f 717/1579/2 702/1538/2 704/1543/2 718/1582/2
f 718/1580/104 704/1544/9 708/1553/9 719/1583/104
f 719/1584/8 708/1554/8 706/1548/8 720/1587/8
f 720/1586/105 706/1549/59 702/1539/59 717/1578/105
f 705/1545/60 701/1535/60 709/1555/60 711/1561/60
f 710/1558/59 712/1564/59 711/1562/59 709/1556/59
f 703/1540/61 707/1550/61 712/1565/61 710/1559/61
f 701/1537/2 703/1542/2 710/1560/2 709/1557/2
f 707/1551/8 705/1547/8 711/1563/8 712/1566/8
f 693/1513/106 716/1576/105 713/1567/105 689/1502/106
f 695/1519/8 715/1574/8 716/1577/8 693/1514/8
f 691/1507/1 714/1570/104 715/1575/104 695/1520/1
f 689/1503/2 713/1568/2 714/1571/2 691/1508/2
f 705/1546/106 720/1586/105 717/1578/105 701/1536/106
f 707/1551/8 719/1584/8 720/1587/8 705/1547/8
f 703/1541/1 718/1581/104 719/1585/104 707/1552/1
f 701/1537/2 717/1579/2 718/1582/2 703/1542/2
f 727/1599/102 729/1603/102 722/1590/102 721/1588/102
f 721/1588/103 722/1590/103 725/1596/103 723/1591/103
f 735/1614/101 731/1605/101 724/1594/101 726/1598/101
f 726/1598/100 724/1594/100 723/1592/100 725/1597/100
f 734/1612/99 732/1607/99 733/1610/99 736/1615/99
f 736/1615/98 733/1610/98 731/1605/98 735/1614/98
f 729/1603/96 727/1599/96 728/1601/96 730/1604/96
f 730/1604/97 728/1601/97 732/1608/97 734/1613/97
f 723/1593/3 724/1595/3 731/1606/3 733/1611/3 732/1609/3 728/1602/3 727/1600/3 721/1589/3
f 761/1683/8 738/1619/8 740/1624/8 762/1686/8
f 762/1684/107 740/1625/9 744/1636/9 763/1687/107
f 763/1688/2 744/1637/2 742/1630/2 764/1692/2
f 764/1691/108 742/1631/59 738/1620/59 761/1682/108
f 741/1626/61 737/1616/61 745/1638/61 747/1644/61
f 746/1641/59 748/1647/59 747/1645/59 745/1639/59
f 739/1621/60 743/1632/60 748/1648/60 746/1642/60
f 737/1618/8 739/1623/8 746/1643/8 745/1640/8
f 743/1633/2 741/1627/2 747/1646/2 748/1649/2
f 765/1694/8 750/1653/8 752/1658/8 766/1697/8
f 766/1695/107 752/1659/9 756/1668/9 767/1698/107
f 767/1699/2 756/1669/2 754/1663/2 768/1702/2
f 768/1701/108 754/1664/59 750/1654/59 765/1693/108
f 753/1660/61 749/1650/61 757/1670/61 759/1676/61
f 758/1673/59 760/1679/59 759/1677/59 757/1671/59
f 751/1655/60 755/1665/60 760/1680/60 758/1674/60
f 749/1652/8 751/1657/8 758/1675/8 757/1672/8
f 755/1666/2 753/1662/2 759/1678/2 760/1681/2
f 741/1628/109 764/1691/108 761/1682/108 737/1617/109
f 743/1634/2 763/1689/2 764/1692/2 741/1629/2
f 739/1622/3 762/1685/107 763/1690/107 743/1635/3
f 737/1618/8 761/1683/8 762/1686/8 739/1623/8
f 753/1661/109 768/1701/108 765/1693/108 749/1651/109
f 755/1666/2 767/1699/2 768/1702/2 753/1662/2
f 751/1656/3 766/1696/107 767/1700/107 755/1667/3
f 749/1652/8 765/1694/8 766/1697/8 751/1657/8
f 782/1732/3 784/1737/3 783/1734/3 774/1713/3 773/1711/3 770/1705/3 777/1720/3 778/1723/3
f 775/1715/59 777/1721/59 770/1706/15 769/1703/15
f 769/1703/15 770/1706/15 773/1712/2 771/1707/2
f 783/1735/9 779/1725/9 772/1709/94 774/1714/94
f 774/1714/94 772/1709/94 771/1707/2 773/1712/2
f 782/1733/8 780/1728/8 781/1730/95 784/1738/95
f 784/1738/95 781/1730/95 779/1726/9 783/1736/9
f 777/1722/59 775/1716/59 776/1718/14 778/1724/14
f 778/1724/14 776/1718/14 780/1728/8 782/1733/8
f 771/1708/1 772/1710/1 779/1727/1 781/1731/1 780/1729/1 776/1719/1 775/1717/1 769/1704/1
f 791/1750/96 793/1754/96 786/1741/96 785/1739/96
f 785/1739/97 786/1741/97 789/1747/97 787/1742/97
f 799/1765/98 795/1756/98 788/1745/98 790/1749/98
f 790/1749/99 788/1745/99 787/1743/99 789/1748/99
f 798/1763/100 796/1758/100 797/1761/100 800/1766/100
f 800/1766/101 797/1761/101 795/1756/101 799/1765/101
f 793/1754/102 791/1750/102 792/1752/102 794/1755/102
f 794/1755/103 792/1752/103 796/1759/103 798/1764/103
f 787/1744/1 788/1746/1 795/1757/1 797/1762/1 796/1760/1 792/1753/1 791/1751/1 785/1740/1
f 825/1834/2 802/1770/2 804/1775/2 826/1837/2
f 826/1835/104 804/1776/9 808/1787/9 827/1838/104
f 827/1839/8 808/1788/8 806/1781/8 828/1843/8
f 828/1842/105 806/1782/59 802/1771/59 825/1833/105
f 805/1777/60 801/1767/60 809/1789/60 811/1795/60
f 810/1792/59 812/1798/59 811/1796/59 809/1790/59
f 803/1772/61 807/1783/61 812/1799/61 810/1793/61
f 801/1769/2 803/1774/2 810/1794/2 809/1791/2
f 807/1784/8 805/1778/8 811/1797/8 812/1800/8
f 829/1845/2 814/1804/2 816/1809/2 830/1848/2
f 830/1846/104 816/1810/9 820/1819/9 831/1849/104
f 831/1850/8 820/1820/8 818/1814/8 832/1853/8
f 832/1852/105 818/1815/59 814/1805/59 829/1844/105
f 817/1811/60 813/1801/60 821/1821/60 823/1827/60
f 822/1824/59 824/1830/59 823/1828/59 821/1822/59
f 815/1806/61 819/1816/61 824/1831/61 822/1825/61
f 813/1803/2 815/1808/2 822/1826/2 821/1823/2
f 819/1817/8 817/1813/8 823/1829/8 824/1832/8
f 805/1779/106 828/1842/105 825/1833/105 801/1768/106
f 807/1785/8 827/1840/8 828/1843/8 805/1780/8
f 803/1773/1 826/1836/104 827/1841/104 807/1786/1
f 801/1769/2 825/1834/2 826/1837/2 803/1774/2
f 817/1812/106 832/1852/105 829/1844/105 813/1802/106
f 819/1817/8 831/1850/8 832/1853/8 817/1813/8
f 815/1807/1 830/1847/104 831/1851/104 819/1818/1
f 813/1803/2 829/1845/2 830/1848/2 815/1808/2
f 839/1865/102 841/1869/102 834/1856/102 833/1854/102
f 833/1854/103 834/1856/103 837/1862/103 835/1857/103
f 847/1880/101 843/1871/101 836/1860/101 838/1864/101
f 838/1864/100 836/1860/100 835/1858/100 837/1863/100
f 846/1878/99 844/1873/99 845/1876/99 848/1881/99
f 848/1881/98 845/1876/98 843/1871/98 847/1880/98
f 841/1869/96 839/1865/96 840/1867/96 842/1870/96
f 842/1870/97 840/1867/97 844/1874/97 846/1879/97
f 835/1859/3 836/1861/3 843/1872/3 845/1877/3 844/1875/3 840/1868/3 839/1866/3 833/1855/3
f 873/1949/8 850/1885/8 852/1890/8 874/1952/8
f 874/1950/107 852/1891/9 856/1902/9 875/1953/107
f 875/1954/2 856/1903/2 854/1896/2 876/1958/2
f 876/1957/108 854/1897/59 850/1886/59 873/1948/108
f 853/1892/61 849/1882/61 857/1904/61 859/1910/61
f 858/1907/59 860/1913/59 859/1911/59 857/1905/59
f 851/1887/60 855/1898/60 860/1914/60 858/1908/60
f 849/1884/8 851/1889/8 858/1909/8 857/1906/8
f 855/1899/2 853/1893/2 859/1912/2 860/1915/2
f 877/1960/8 862/1919/8 864/1924/8 878/1963/8
f 878/1961/107 864/1925/9 868/1934/9 879/1964/107
f 879/1965/2 868/1935/2 866/1929/2 880/1968/2
f 880/1967/108 866/1930/59 862/1920/59 877/1959/108
f 865/1926/61 861/1916/61 869/1936/61 871/1942/61
f 870/1939/59 872/1945/59 871/1943/59 869/1937/59
f 863/1921/60 867/1931/60 872/1946/60 870/1940/60
f 861/1918/8 863/1923/8 870/1941/8 869/1938/8
f 867/1932/2 865/1928/2 871/1944/2 872/1947/2
f 853/1894/109 876/1957/108 873/1948/108 849/1883/109
f 855/1900/2 875/1955/2 876/1958/2 853/1895/2
f 851/1888/3 874/1951/107 875/1956/107 855/1901/3
f 849/1884/8 873/1949/8 874/1952/8 851/1889/8
f 865/1927/109 880/1967/108 877/1959/108 861/1917/109
f 867/1932/2 879/1965/2 880/1968/2 865/1928/2
f 863/1922/3 878/1962/107 879/1966/107 867/1933/3
f 861/1918/8 877/1960/8 878/1963/8 863/1923/8
f 894/1998/3 896/2003/3 895/2000/3 886/1979/3 885/1977/3 882/1971/3 889/1986/3 890/1989/3
f 887/1981/59 889/1987/59 882/1972/15 881/1969/15
f 881/1969/15 882/1972/15 885/1978/2 883/1973/2
f 895/2001/9 891/1991/9 884/1975/94 886/1980/94
f 886/1980/94 884/1975/94 883/1973/2 885/1978/2
f 894/1999/8 892/1994/8 893/1996/95 896/2004/95
f 896/2004/95 893/1996/95 891/1992/9 895/2002/9
f 889/1988/59 887/1982/59 888/1984/14 890/1990/14
f 890/1990/14 888/1984/14 892/1994/8 894/1999/8
f 883/1974/1 884/1976/1 891/1993/1 893/1997/1 892/1995/1 888/1985/1 887/1983/1 881/1970/1
f 903/2016/96 905/2020/96 898/2007/96 897/2005/96
f 897/2005/97 898/2007/97 901/2013/97 899/2008/97
f 911/2031/98 907/2022/98 900/2011/98 902/2015/98
f 902/2015/99 900/2011/99 899/2009/99 901/2014/99
f 910/2029/100 908/2024/100 909/2027/100 912/2032/100
f 912/2032/101 909/2027/101 907/2022/101 911/2031/101
f 905/2020/102 903/2016/102 904/2018/102 906/2021/102
f 906/2021/103 904/2018/103 908/2025/103 910/2030/103
f 899/2010/1 900/2012/1 907/2023/1 909/2028/1 908/2026/1 904/2019/1 903/2017/1 897/2006/1
f 937/2100/2 914/2036/2 916/2041/2 938/2103/2
f 938/2101/104 916/2042/9 920/2053/9 939/2104/104
f 939/2105/8 920/2054/8 918/2047/8 940/2109/8
f 940/2108/105 918/2048/59 914/2037/59 937/2099/105
f 917/2043/60 913/2033/60 921/2055/60 923/2061/60
f 922/2058/59 924/2064/59 923/2062/59 921/2056/59
f 915/2038/61 919/2049/61 924/2065/61 922/2059/61
f 913/2035/2 915/2040/2 922/2060/2 921/2057/2
f 919/2050/8 917/2044/8 923/2063/8 924/2066/8
f 941/2111/2 926/2070/2 928/2075/2 942/2114/2
f 942/2112/104 928/2076/9 932/2085/9 943/2115/104
f 943/2116/8 932/2086/8 930/2080/8 944/2119/8
f 944/2118/105 930/2081/59 926/2071/59 941/2110/105
f 929/2077/60 925/2067/60 933/2087/60 935/2093/60
f 934/2090/59 936/2096/59 935/2094/59 933/2088/59
f 927/2072/61 931/2082/61 936/2097/61 934/2091/61
f 925/2069/2 927/2074/2 934/2092/2 933/2089/2
f 931/2083/8 929/2079/8 935/2095/8 936/2098/8
f 917/2045/106 940/2108/105 937/2099/105 913/2034/106
f 919/2051/8 939/2106/8 940/2109/8 917/2046/8
f 915/2039/1 938/2102/104 939/2107/104 919/2052/1
f 913/2035/2 937/2100/2 938/2103/2 915/2040/2
f 929/2078/106 944/2118/105 941/2110/105 925/2068/106
f 931/2083/8 943/2116/8 944/2119/8 929/2079/8
f 927/2073/1 942/2113/104 943/2117/104 931/2084/1
f 925/2069/2 941/2111/2 942/2114/2 927/2074/2
f 951/2131/102 953/2135/102 946/2122/102 945/2120/102
f 945/2120/103 946/2122/103 949/2128/103 947/2123/103
f 959/2146/101 955/2137/101 948/2126/101 950/2130/101
f 950/2130/100 948/2126/100 947/2124/100 949/2129/100
f 958/2144/99 956/2139/99 957/2142/99 960/2147/99
f 960/2147/98 957/2142/98 955/2137/98 959/2146/98
f 953/2135/96 951/2131/96 952/2133/96 954/2136/96
f 954/2136/97 952/2133/97 956/2140/97 958/2145/97
f 947/2125/3 948/2127/3 955/2138/3 957/2143/3 956/2141/3 952/2134/3 951/2132/3 945/2121/3
f 985/2215/8 962/2151/8 964/2156/8 986/2218/8
f 986/2216/107 964/2157/9 968/2168/9 987/2219/107
f 987/2220/2 968/2169/2 966/2162/2 988/2224/2
f 988/2223/108 966/2163/59 962/2152/59 985/2214/108
f 965/2158/61 961/2148/61 969/2170/61 971/2176/61
f 970/2173/59 972/2179/59 971/2177/59 969/2171/59
f 963/2153/60 967/2164/60 972/2180/60 970/2174/60
f 961/2150/8 963/2155/8 970/2175/8 969/2172/8
f 967/2165/2 965/2159/2 971/2178/2 972/2181/2
f 989/2226/8 974/2185/8 976/2190/8 990/2229/8
f 990/2227/107 976/2191/9 980/2200/9 991/2230/107
f 991/2231/2 980/2201/2 978/2195/2 992/2234/2
f 992/2233/108 978/2196/59 974/2186/59 989/2225/108
f 977/2192/61 973/2182/61 981/2202/61 983/2208/61
f 982/2205/59 984/2211/59 983/2209/59 981/2203/59
f 975/2187/60 979/2197/60 984/2212/60 982/2206/60
f 973/2184/8 975/2189/8 982/2207/8 981/2204/8
f 979/2198/2 977/2194/2 983/2210/2 984/2213/2
f 965/2160/109 988/2223/108 985/2214/108 961/2149/109
f 967/2166/2 987/2221/2 988/2224/2 965/2161/2
f 963/2154/3 986/2217/107 987/2222/107 967/2167/3
f 961/2150/8 985/2215/8 986/2218/8 963/2155/8
f 977/2193/109 992/2233/108 989/2225/108 973/2183/109
f 979/2198/2 991/2231/2 992/2234/2 977/2194/2
f 975/2188/3 990/2228/107 991/2232/107 979/2199/3
f 973/2184/8 989/2226/8 990/2229/8 975/2189/8
f 1006/2264/3 1008/2269/3 1007/2266/3 998/2245/3 997/2243/3 994/2237/3 1001/2252/3 1002/2255/3
f 999/2247/59 1001/2253/59 994/2238/15 993/2235/15
f 993/2235/15 994/2238/15 997/2244/2 995/2239/2
f 1007/2267/9 1003/2257/9 996/2241/94 998/2246/94
f 998/2246/94 996/2241/94 995/2239/2 997/2244/2
f 1006/2265/8 1004/2260/8 1005/2262/95 1008/2270/95
f 1008/2270/95 1005/2262/95 1003/2258/9 1007/2268/9
f 1001/2254/59 999/2248/59 1000/2250/14 1002/2256/14
f 1002/2256/14 1000/2250/14 1004/2260/8 1006/2265/8
f 995/2240/1 996/2242/1 1003/2259/1 1005/2263/1 1004/2261/1 1000/2251/1 999/2249/1 993/2236/1
f 1015/2282/96 1017/2286/96 1010/2273/96 1009/2271/96
f 1009/2271/97 1010/2273/97 1013/2279/97 1011/2274/97
f 1023/2297/98 1019/2288/98 1012/2277/98 1014/2281/98
f 1014/2281/99 1012/2277/99 1011/2275/99 1013/2280/99
f 1022/2295/100 1020/2290/100 1021/2293/100 1024/2298/100
f 1024/2298/101 1021/2293/101 1019/2288/101 1023/2297/101
f 1017/2286/102 1015/2282/102 1016/2284/102 1018/2287/102
f 1018/2287/103 1016/2284/103 1020/2291/103 1022/2296/103
f 1011/2276/1 1012/2278/1 1019/2289/1 1021/2294/1 1020/2292/1 1016/2285/1 1015/2283/1 1009/2272/1
f 1049/2366/2 1026/2302/2 1028/2307/2 1050/2369/2
f 1050/2367/104 1028/2308/9 1032/2319/9 1051/2370/104
f 1051/2371/8 1032/2320/8 1030/2313/8 1052/2375/8
f 1052/2374/105 1030/2314/59 1026/2303/59 1049/2365/105
f 1029/2309/60 1025/2299/60 1033/2321/60 1035/2327/60
f 1034/2324/59 1036/2330/59 1035/2328/59 1033/2322/59
f 1027/2304/61 1031/2315/61 1036/2331/61 1034/2325/61
f 1025/2301/2 1027/2306/2 1034/2326/2 1033/2323/2
f 1031/2316/8 1029/2310/8 1035/2329/8 1036/2332/8
f 1053/2377/2 1038/2336/2 1040/2341/2 1054/2380/2
f 1054/2378/104 1040/2342/9 1044/2351/9 1055/2381/104
f 1055/2382/8 1044/2352/8 1042/2346/8 1056/2385/8
f 1056/2384/105 1042/2347/59 1038/2337/59 1053/2376/105
f 1041/2343/60 1037/2333/60 1045/2353/60 1047/2359/60
f 1046/2356/59 1048/2362/59 1047/2360/59 1045/2354/59
f 1039/2338/61 1043/2348/61 1048/2363/61 1046/2357/61
f 1037/2335/2 1039/2340/2 1046/2358/2 1045/2355/2
f 1043/2349/8 1041/2345/8 1047/2361/8 1048/2364/8
f 1029/2311/106 1052/2374/105 1049/2365/105 1025/2300/106
f 1031/2317/8 1051/2372/8 1052/2375/8 1029/2312/8
f 1027/2305/1 1050/2368/104 1051/2373/104 1031/2318/1
f 1025/2301/2 1049/2366/2 1050/2369/2 1027/2306/2
f 1041/2344/106 1056/2384/105 1053/2376/105 1037/2334/106
f 1043/2349/8 1055/2382/8 1056/2385/8 1041/2345/8
f 1039/2339/1 1054/2379/104 1055/2383/104 1043/2350/1
f 1037/2335/2 1053/2377/2 1054/2380/2 1039/2340/2
f 1063/2397/102 1065/2401/102 1058/2388/102 1057/2386/102
f 1057/2386/103 1058/2388/103 1061/2394/103 1059/2389/103
f 1071/2412/101 1067/2403/101 1060/2392/101 1062/2396/101
f 1062/2396/100 1060/2392/100 1059/2390/100 1061/2395/100
f 1070/2410/99 1068/2405/99 1069/2408/99 1072/2413/99
f 1072/2413/98 1069/2408/98 1067/2403/98 1071/2412/98
f 1065/2401/96 1063/2397/96 1064/2399/96 1066/2402/96
f 1066/2402/97 1064/2399/97 1068/2406/97 1070/2411/97
f 1059/2391/3 1060/2393/3 1067/2404/3 1069/2409/3 1068/2407/3 1064/2400/3 1063/2398/3 1057/2387/3
f 1097/2481/8 1074/2417/8 1076/2422/8 1098/2484/8
f 1098/2482/107 1076/2423/9 1080/2434/9 1099/2485/107
f 1099/2486/2 1080/2435/2 1078/2428/2 1100/2490/2
f 1100/2489/108 1078/2429/59 1074/2418/59 1097/2480/108
f 1077/2424/61 1073/2414/61 1081/2436/61 1083/2442/61
f 1082/2439/59 1084/2445/59 1083/2443/59 1081/2437/59
f 1075/2419/60 1079/2430/60 1084/2446/60 1082/2440/60
f 1073/2416/8 1075/2421/8 1082/2441/8 1081/2438/8
f 1079/2431/2 1077/2425/2 1083/2444/2 1084/2447/2
f 1101/2492/8 1086/2451/8 1088/2456/8 1102/2495/8
f 1102/2493/107 1088/2457/9 1092/2466/9 1103/2496/107
f 1103/2497/2 1092/2467/2 1090/2461/2 1104/2500/2
f 1104/2499/108 1090/2462/59 1086/2452/59 1101/2491/108
f 1089/2458/61 1085/2448/61 1093/2468/61 1095/2474/61
f 1094/2471/59 1096/2477/59 1095/2475/59 1093/2469/59
f 1087/2453/60 1091/2463/60 1096/2478/60 1094/2472/60
f 1085/2450/8 1087/2455/8 1094/2473/8 1093/2470/8
f 1091/2464/2 1089/2460/2 1095/2476/2 1096/2479/2
f 1077/2426/109 1100/2489/108 1097/2480/108 1073/2415/109
f 1079/2432/2 1099/2487/2 1100/2490/2 1077/2427/2
f 1075/2420/3 1098/2483/107 1099/2488/107 1079/2433/3
f 1073/2416/8 1097/2481/8 1098/2484/8 1075/2421/8
f 1089/2459/109 1104/2499/108 1101/2491/108 1085/2449/109
f 1091/2464/2 1103/2497/2 1104/2500/2 1089/2460/2
f 1087/2454/3 1102/2494/107 1103/2498/107 1091/2465/3
f 1085/2450/8 1101/2492/8 1102/2495/8 1087/2455/8
f 1118/2530/3 1120/2535/3 1119/2532/3 1110/2511/3 1109/2509/3 1106/2503/3 1113/2518/3 1114/2521/3
f 1111/2513/59 1113/2519/59 1106/2504/15 1105/2501/15
f 1105/2501/15 1106/2504/15 1109/2510/2 1107/2505/2
f 1119/2533/9 1115/2523/9 1108/2507/94 1110/2512/94
f 1110/2512/94 1108/2507/94 1107/2505/2 1109/2510/2
f 1118/2531/8 1116/2526/8 1117/2528/95 1120/2536/95
f 1120/2536/95 1117/2528/95 1115/2524/9 1119/2534/9
f 1113/2520/59 1111/2514/59 1112/2516/14 1114/2522/14
f 1114/2522/14 1112/2516/14 1116/2526/8 1118/2531/8
f 1107/2506/1 1108/2508/1 1115/2525/1 1117/2529/1 1116/2527/1 1112/2517/1 1111/2515/1 1105/2502/1
f 1127/2548/96 1129/2552/96 1122/2539/96 1121/2537/96
f 1121/2537/97 1122/2539/97 1125/2545/97 1123/2540/97
f 1135/2563/98 1131/2554/98 1124/2543/98 1126/2547/98
f 1126/2547/99 1124/2543/99 1123/2541/99 1125/2546/99
f 1134/2561/100 1132/2556/100 1133/2559/100 1136/2564/100
f 1136/2564/101 1133/2559/101 1131/2554/101 1135/2563/101
f 1129/2552/102 1127/2548/102 1128/2550/102 1130/2553/102
f 1130/2553/103 1128/2550/103 1132/2557/103 1134/2562/103
f 1123/2542/1 1124/2544/1 1131/2555/1 1133/2560/1 1132/2558/1 1128/2551/1 1127/2549/1 1121/2538/1
f 1161/2632/2 1138/2568/2 1140/2573/2 1162/2635/2
f 1162/2633/104 1140/2574/9 1144/2585/9 1163/2636/104
f 1163/2637/8 1144/2586/8 1142/2579/8 1164/2641/8
f 1164/2640/105 1142/2580/59 1138/2569/59 1161/2631/105
f 1141/2575/60 1137/2565/60 1145/2587/60 1147/2593/60
f 1146/2590/59 1148/2596/59 1147/2594/59 1145/2588/59
f 1139/2570/61 1143/2581/61 1148/2597/61 1146/2591/61
f 1137/2567/2 1139/2572/2 1146/2592/2 1145/2589/2
f 1143/2582/8 1141/2576/8 1147/2595/8 1148/2598/8
f 1165/2643/2 1150/2602/2 1152/2607/2 1166/2646/2
f 1166/2644/104 1152/2608/9 1156/2617/9 1167/2647/104
f 1167/2648/8 1156/2618/8 1154/2612/8 1168/2651/8
f 1168/2650/105 1154/2613/59 1150/2603/59 1165/2642/105
f 1153/2609/60 1149/2599/60 1157/2619/60 1159/2625/60
f 1158/2622/59 1160/2628/59 1159/2626/59 1157/2620/59
f 1151/2604/61 1155/2614/61 1160/2629/61 1158/2623/61
f 1149/2601/2 1151/2606/2 1158/2624/2 1157/2621/2
f 1155/2615/8 1153/2611/8 1159/2627/8 1160/2630/8
f 1141/2577/106 1164/2640/105 1161/2631/105 1137/2566/106
f 1143/2583/8 1163/2638/8 1164/2641/8 1141/2578/8
f 1139/2571/1 1162/2634/104 1163/2639/104 1143/2584/1
f 1137/2567/2 1161/2632/2 1162/2635/2 1139/2572/2
f 1153/2610/106 1168/2650/105 1165/2642/105 1149/2600/106
f 1155/2615/8 1167/2648/8 1168/2651/8 1153/2611/8
f 1151/2605/1 1166/2645/104 1167/2649/104 1155/2616/1
f 1149/2601/2 1165/2643/2 1166/2646/2 1151/2606/2
f 1175/2663/102 1177/2667/102 1170/2654/102 1169/2652/102
f 1169/2652/103 1170/2654/103 1173/2660/103 1171/2655/103
f 1183/2678/101 1179/2669/101 1172/2658/101 1174/2662/101
f 1174/2662/100 1172/2658/100 1171/2656/100 1173/2661/100
f 1182/2676/99 1180/2671/99 1181/2674/99 1184/2679/99
f 1184/2679/98 1181/2674/98 1179/2669/98 1183/2678/98
f 1177/2667/96 1175/2663/96 1176/2665/96 1178/2668/96
f 1178/2668/97 1176/2665/97 1180/2672/97 1182/2677/97
f 1171/2657/3 1172/2659/3 1179/2670/3 1181/2675/3 1180/2673/3 1176/2666/3 1175/2664/3 1169/2653/3
f 1209/2747/8 1186/2683/8 1188/2688/8 1210/2750/8
f 1210/2748/107 1188/2689/9 1192/2700/9 1211/2751/107
f 1211/2752/2 1192/2701/2 1190/2694/2 1212/2756/2
f 1212/2755/108 1190/2695/59 1186/2684/59 1209/2746/108
f 1189/2690/61 1185/2680/61 1193/2702/61 1195/2708/61
f 1194/2705/59 1196/2711/59 1195/2709/59 1193/2703/59
f 1187/2685/60 1191/2696/60 1196/2712/60 1194/2706/60
f 1185/2682/8 1187/2687/8 1194/2707/8 1193/2704/8
f 1191/2697/2 1189/2691/2 1195/2710/2 1196/2713/2
f 1213/2758/8 1198/2717/8 1200/2722/8 1214/2761/8
f 1214/2759/107 1200/2723/9 1204/2732/9 1215/2762/107
f 1215/2763/2 1204/2733/2 1202/2727/2 1216/2766/2
f 1216/2765/108 1202/2728/59 1198/2718/59 1213/2757/108
f 1201/2724/61 1197/2714/61 1205/2734/61 1207/2740/61
f 1206/2737/59 1208/2743/59 1207/2741/59 1205/2735/59
f 1199/2719/60 1203/2729/60 1208/2744/60 1206/2738/60
f 1197/2716/8 1199/2721/8 1206/2739/8 1205/2736/8
f 1203/2730/2 1201/2726/2 1207/2742/2 1208/2745/2
f 1189/2692/109 1212/2755/108 1209/2746/108 1185/2681/109
f 1191/2698/2 1211/2753/2 1212/2756/2 1189/2693/2
f 1187/2686/3 1210/2749/107 1211/2754/107 1191/2699/3
f 1185/2682/8 1209/2747/8 1210/2750/8 1187/2687/8
f 1201/2725/109 1216/2765/108 1213/2757/108 1197/2715/109
f 1203/2730/2 1215/2763/2 1216/2766/2 1201/2726/2
f 1199/2720/3 1214/2760/107 1215/2764/107 1203/2731/3
f 1197/2716/8 1213/2758/8 1214/2761/8 1199/2721/8
f 1230/2796/3 1232/2801/3 1231/2798/3 1222/2777/3 1221/2775/3 1218/2769/3 1225/2784/3 1226/2787/3
f 1223/2779/59 1225/2785/59 1218/2770/15 1217/2767/15
f 1217/2767/15 1218/2770/15 1221/2776/2 1219/2771/2
f 1231/2799/9 1227/2789/9 1220/2773/94 1222/2778/94
f 1222/2778/94 1220/2773/94 1219/2771/2 1221/2776/2
f 1230/2797/8 1228/2792/8 1229/2794/95 1232/2802/95
f 1232/2802/95 1229/2794/95 1227/2790/9 1231/2800/9
f 1225/2786/59 1223/2780/59 1224/2782/14 1226/2788/14
f 1226/2788/14 1224/2782/14 1228/2792/8 1230/2797/8
f 1219/2772/1 1220/2774/1 1227/2791/1 1229/2795/1 1228/2793/1 1224/2783/1 1223/2781/1 1217/2768/1
f 1239/2814/96 1241/2818/96 1234/2805/96 1233/2803/96
f 1233/2803/97 1234/2805/97 1237/2811/97 1235/2806/97
f 1247/2829/98 1243/2820/98 1236/2809/98 1238/2813/98
f 1238/2813/99 1236/2809/99 1235/2807/99 1237/2812/99
f 1246/2827/100 1244/2822/100 1245/2825/100 1248/2830/100
f 1248/2830/101 1245/2825/101 1243/2820/101 1247/2829/101
f 1241/2818/102 1239/2814/102 1240/2816/102 1242/2819/102
f 1242/2819/103 1240/2816/103 1244/2823/103 1246/2828/103
f 1235/2808/1 1236/2810/1 1243/2821/1 1245/2826/1 1244/2824/1 1240/2817/1 1239/2815/1 1233/2804/1
f 1273/2898/2 1250/2834/2 1252/2839/2 1274/2901/2
f 1274/2899/104 1252/2840/9 1256/2851/9 1275/2902/104
f 1275/2903/8 1256/2852/8 1254/2845/8 1276/2907/8
f 1276/2906/105 1254/2846/59 1250/2835/59 1273/2897/105
f 1253/2841/60 1249/2831/60 1257/2853/60 1259/2859/60
f 1258/2856/59 1260/2862/59 1259/2860/59 1257/2854/59
f 1251/2836/61 1255/2847/61 1260/2863/61 1258/2857/61
f 1249/2833/2 1251/2838/2 1258/2858/2 1257/2855/2
f 1255/2848/8 1253/2842/8 1259/2861/8 1260/2864/8
f 1277/2909/2 1262/2868/2 1264/2873/2 1278/2912/2
f 1278/2910/104 1264/2874/9 1268/2883/9 1279/2913/104
f 1279/2914/8 1268/2884/8 1266/2878/8 1280/2917/8
f 1280/2916/105 1266/2879/59 1262/2869/59 1277/2908/105
f 1265/2875/60 1261/2865/60 1269/2885/60 1271/2891/60
f 1270/2888/59 1272/2894/59 1271/2892/59 1269/2886/59
f 1263/2870/61 1267/2880/61 1272/2895/61 1270/2889/61
f 1261/2867/2 1263/2872/2 1270/2890/2 1269/2887/2
f 1267/2881/8 1265/2877/8 1271/2893/8 1272/2896/8
f 1253/2843/106 1276/2906/105 1273/2897/105 1249/2832/106
f 1255/2849/8 1275/2904/8 1276/2907/8 1253/2844/8
f 1251/2837/1 1274/2900/104 1275/2905/104 1255/2850/1
f 1249/2833/2 1273/2898/2 1274/2901/2 1251/2838/2
f 1265/2876/106 1280/2916/105 1277/2908/105 1261/2866/106
f 1267/2881/8 1279/2914/8 1280/2917/8 1265/2877/8
f 1263/2871/1 1278/2911/104 1279/2915/104 1267/2882/1
f 1261/2867/2 1277/2909/2 1278/2912/2 1263/2872/2
f 1287/2929/102 1289/2933/102 1282/2920/102 1281/2918/102
f 1281/2918/103 1282/2920/103 1285/2926/103 1283/2921/103
f 1295/2944/101 1291/2935/101 1284/2924/101 1286/2928/101
f 1286/2928/100 1284/2924/100 1283/2922/100 1285/2927/100
f 1294/2942/99 1292/2937/99 1293/2940/99 1296/2945/99
f 1296/2945/98 1293/2940/98 1291/2935/98 1295/2944/98
f 1289/2933/96 1287/2929/96 1288/2931/96 1290/2934/96
f 1290/2934/97 1288/2931/97 1292/2938/97 1294/2943/97
f 1283/2923/3 1284/2925/3 1291/2936/3 1293/2941/3 1292/2939/3 1288/2932/3 1287/2930/3 1281/2919/3
f 1321/3013/8 1298/2949/8 1300/2954/8 1322/3016/8
f 1322/3014/107 1300/2955/9 1304/2966/9 1323/3017/107
f 1323/3018/2 1304/2967/2 1302/2960/2 1324/3022/2
f 1324/3021/108 1302/2961/59 1298/2950/59 1321/3012/108
f 1301/2956/61 1297/2946/61 1305/2968/61 1307/2974/61
f 1306/2971/59 1308/2977/59 1307/2975/59 1305/2969/59
f 1299/2951/60 1303/2962/60 1308/2978/60 1306/2972/60
f 1297/2948/8 1299/2953/8 1306/2973/8 1305/2970/8
f 1303/2963/2 1301/2957/2 1307/2976/2 1308/2979/2
f 1325/3024/8 1310/2983/8 1312/2988/8 1326/3027/8
f 1326/3025/107 1312/2989/9 1316/2998/9 1327/3028/107
f 1327/3029/2 1316/2999/2 1314/2993/2 1328/3032/2
f 1328/3031/108 1314/2994/59 1310/2984/59 1325/3023/108
f 1313/2990/61 1309/2980/61 1317/3000/61 1319/3006/61
f 1318/3003/59 1320/3009/59 1319/3007/59 1317/3001/59
f 1311/2985/60 1315/2995/60 1320/3010/60 1318/3004/60
f 1309/2982/8 1311/2987/8 1318/3005/8 1317/3002/8
f 1315/2996/2 1313/2992/2 1319/3008/2 1320/3011/2
f 1301/2958/109 1324/3021/108 1321/3012/108 1297/2947/109
f 1303/2964/2 1323/3019/2 1324/3022/2 1301/2959/2
f 1299/2952/3 1322/3015/107 1323/3020/107 1303/2965/3
f 1297/2948/8 1321/3013/8 1322/3016/8 1299/2953/8
f 1313/2991/109 1328/3031/108 1325/3023/108 1309/2981/109
f 1315/2996/2 1327/3029/2 1328/3032/2 1313/2992/2
f 1311/2986/3 1326/3026/107 1327/3030/107 1315/2997/3
f 1309/2982/8 1325/3024/8 1326/3027/8 1311/2987/8
f 1342/3062/3 1344/3067/3 1343/3064/3 1334/3043/3 1333/3041/3 1330/3035/3 1337/3050/3 1338/3053/3
f 1335/3045/59 1337/3051/59 1330/3036/15 1329/3033/15
f 1329/3033/15 1330/3036/15 1333/3042/2 1331/3037/2
f 1343/3065/9 1339/3055/9 1332/3039/94 1334/3044/94
f 1334/3044/94 1332/3039/94 1331/3037/2 1333/3042/2
f 1342/3063/8 1340/3058/8 1341/3060/95 1344/3068/95
f 1344/3068/95 1341/3060/95 1339/3056/9 1343/3066/9
f 1337/3052/59 1335/3046/59 1336/3048/14 1338/3054/14
f 1338/3054/14 1336/3048/14 1340/3058/8 1342/3063/8
f 1331/3038/1 1332/3040/1 1339/3057/1 1341/3061/1 1340/3059/1 1336/3049/1 1335/3047/1 1329/3034/1
f 1351/3080/96 1353/3084/96 1346/3071/96 1345/3069/96
f 1345/3069/97 1346/3071/97 1349/3077/97 1347/3072/97
f 1359/3095/98 1355/3086/98 1348/3075/98 1350/3079/98
f 1350/3079/99 1348/3075/99 1347/3073/99 1349/3078/99
f 1358/3093/100 1356/3088/100 1357/3091/100 1360/3096/100
f 1360/3096/101 1357/3091/101 1355/3086/101 1359/3095/101
f 1353/3084/102 1351/3080/102 1352/3082/102 1354/3085/102
f 1354/3085/103 1352/3082/103 1356/3089/103 1358/3094/103
f 1347/3074/1 1348/3076/1 1355/3087/1 1357/3092/1 1356/3090/1 1352/3083/1 1351/3081/1 1345/3070/1
f 1385/3164/2 1362/3100/2 1364/3105/2 1386/3167/2
f 1386/3165/104 1364/3106/9 1368/3117/9 1387/3168/104
f 1387/3169/8 1368/3118/8 1366/3111/8 1388/3173/8
f 1388/3172/105 1366/3112/59 1362/3101/59 1385/3163/105
f 1365/3107/60 1361/3097/60 1369/3119/60 1371/3125/60
f 1370/3122/59 1372/3128/59 1371/3126/59 1369/3120/59
f 1363/3102/61 1367/3113/61 1372/3129/61 1370/3123/61
f 1361/3099/2 1363/3104/2 1370/3124/2 1369/3121/2
f 1367/3114/8 1365/3108/8 1371/3127/8 1372/3130/8
f 1389/3175/2 1374/3134/2 1376/3139/2 1390/3178/2
f 1390/3176/104 1376/3140/9 1380/3149/9 1391/3179/104
f 1391/3180/8 1380/3150/8 1378/3144/8 1392/3183/8
f 1392/3182/105 1378/3145/59 1374/3135/59 1389/3174/105
f 1377/3141/60 1373/3131/60 1381/3151/60 1383/3157/60
f 1382/3154/59 1384/3160/59 1383/3158/59 1381/3152/59
f 1375/3136/61 1379/3146/61 1384/3161/61 1382/3155/61
f 1373/3133/2 1375/3138/2 1382/3156/2 1381/3153/2
f 1379/3147/8 1377/3143/8 1383/3159/8 1384/3162/8
f 1365/3109/106 1388/3172/105 1385/3163/105 1361/3098/106
f 1367/3115/8 1387/3170/8 1388/3173/8 1365/3110/8
f 1363/3103/1 1386/3166/104 1387/3171/104 1367/3116/1
f 1361/3099/2 1385/3164/2 1386/3167/2 1363/3104/2
f 1377/3142/106 1392/3182/105 1389/3174/105 1373/3132/106
f 1379/3147/8 1391/3180/8 1392/3183/8 1377/3143/8
f 1375/3137/1 1390/3177/104 1391/3181/104 1379/3148/1
f 1373/3133/2 1389/3175/2 1390/3178/2 1375/3138/2
f 1399/3195/102 1401/3199/102 1394/3186/102 1393/3184/102
f 1393/3184/103 1394/3186/103 1397/3192/103 1395/3187/103
f 1407/3210/101 1403/3201/101 1396/3190/101 1398/3194/101
f 1398/3194/100 1396/3190/100 1395/3188/100 1397/3193/100
f 1406/3208/99 1404/3203/99 1405/3206/99 1408/3211/99
f 1408/3211/98 1405/3206/98 1403/3201/98 1407/3210/98
f 1401/3199/96 1399/3195/96 1400/3197/96 1402/3200/96
f 1402/3200/97 1400/3197/97 1404/3204/97 1406/3209/97
f 1395/3189/3 1396/3191/3 1403/3202/3 1405/3207/3 1404/3205/3 1400/3198/3 1399/3196/3 1393/3185/3
f 1433/3279/8 1410/3215/8 1412/3220/8 1434/3282/8
f 1434/3280/107 1412/3221/9 1416/3232/9 1435/3283/107
f 1435/3284/2 1416/3233/2 1414/3226/2 1436/3288/2
f 1436/3287/108 1414/3227/59 1410/3216/59 1433/3278/108
f 1413/3222/61 1409/3212/61 1417/3234/61 1419/3240/61
f 1418/3237/59 1420/3243/59 1419/3241/59 1417/3235/59
f 1411/3217/60 1415/3228/60 1420/3244/60 1418/3238/60
f 1409/3214/8 1411/3219/8 1418/3239/8 1417/3236/8
f 1415/3229/2 1413/3223/2 1419/3242/2 1420/3245/2
f 1437/3290/8 1422/3249/8 1424/3254/8 1438/3293/8
f 1438/3291/107 1424/3255/9 1428/3264/9 1439/3294/107
f 1439/3295/2 1428/3265/2 1426/3259/2 1440/3298/2
f 1440/3297/108 1426/3260/59 1422/3250/59 1437/3289/108
f 1425/3256/61 1421/3246/61 1429/3266/61 1431/3272/61
f 1430/3269/59 1432/3275/59 1431/3273/59 1429/3267/59
f 1423/3251/60 1427/3261/60 1432/3276/60 1430/3270/60
f 1421/3248/8 1423/3253/8 1430/3271/8 1429/3268/8
f 1427/3262/2 1425/3258/2 1431/3274/2 1432/3277/2
f 1413/3224/109 1436/3287/108 1433/3278/108 1409/3213/109
f 1415/3230/2 1435/3285/2 1436/3288/2 1413/3225/2
f 1411/3218/3 1434/3281/107 1435/3286/107 1415/3231/3
f 1409/3214/8 1433/3279/8 1434/3282/8 1411/3219/8
f 1425/3257/109 1440/3297/108 1437/3289/108 1421/3247/109
f 1427/3262/2 1439/3295/2 1440/3298/2 1425/3258/2
f 1423/3252/3 1438/3292/107 1439/3296/107 1427/3263/3
f 1421/3248/8 1437/3290/8 1438/3293/8 1423/3253/8
s 0
f 1441/3299/110 1442/3302/110 1447/3309/110 1448/3312/110
f 1442/3303/2 1452/3324/2 1455/3328/2 1444/3306/2
f 1451/3320/1 1450/3317/1 1453/3325/1 1456/3329/1
f 1446/3308/2 1447/3310/2 1442/3303/2 1444/3306/2
f 1446/3308/2 1475/3362/2 1478/3367/2 1447/3310/2
f 1442/3304/9 1441/3300/9 1449/3315/9 1450/3318/9 1451/3321/9 1452/3323/9
f 1443/3305/8 1454/3327/8 1449/3316/8 1441/3301/8
f 1449/3316/6 1454/3327/6 1453/3326/6 1450/3319/6
f 1455/3328/7 1452/3324/7 1451/3322/7 1456/3330/7
s 1
f 1463/3344/111 1459/3336/112 1457/3331/113 1458/3333/114 1460/3338/115 1461/3340/116 1462/3342/117 1464/3346/118
f 1470/3355/119 1463/3345/111 1464/3347/118 1472/3357/120
f 1472/3358/120 1464/3348/118 1462/3343/117 1471/3356/121
f 1463/3345/111 1470/3355/119 1467/3352/122 1459/3337/112
f 1459/3337/112 1467/3352/122 1465/3349/123 1457/3332/113
f 1471/3356/121 1462/3343/117 1461/3341/116 1469/3354/124
f 1469/3354/124 1461/3341/116 1460/3339/115 1468/3353/125
f 1457/3332/113 1465/3349/123 1466/3350/126 1458/3334/114
f 1458/3335/114 1466/3351/126 1468/3353/125 1460/3339/115
s 0
f 1473/3359/3 1480/3372/3 1477/3366/3 1476/3364/3
f 1447/3311/9 1478/3368/9 1477/3365/9 1480/3373/9 1479/3370/9 1448/3313/9
f 1441/3301/8 1448/3314/8 1445/3307/8 1443/3305/8
f 1475/3363/5 1476/3364/5 1477/3366/5 1478/3369/5
f 1479/3371/4 1480/3374/4 1473/3360/4 1474/3361/4
f 1448/3314/8 1479/3371/8 1474/3361/8 1445/3307/8
f 1481/3375/110 1482/3378/110 1487/3385/110 1488/3388/110
f 1482/3379/2 1492/3400/2 1495/3404/2 1484/3382/2
f 1491/3396/1 1490/3393/1 1493/3401/1 1496/3405/1
f 1486/3384/2 1487/3386/2 1482/3379/2 1484/3382/2
f 1486/3384/2 1515/3438/2 1518/3443/2 1487/3386/2
f 1482/3380/9 1481/3376/9 1489/3391/9 1490/3394/9 1491/3397/9 1492/3399/9
f 1483/3381/8 1494/3403/8 1489/3392/8 1481/3377/8
f 1489/3392/6 1494/3403/6 1493/3402/6 1490/3395/6
f 1495/3404/7 1492/3400/7 1491/3398/7 1496/3406/7
s 1
f 1503/3420/21 1499/3412/22 1497/3407/23 1498/3409/16 1500/3414/17 1501/3416/18 1502/3418/19 1504/3422/20
f 1510/3431/29 1503/3421/21 1504/3423/20 1512/3433/30
f 1512/3434/30 1504/3424/20 1502/3419/19 1511/3432/31
f 1503/3421/21 1510/3431/29 1507/3428/26 1499/3413/22
f 1499/3413/22 1507/3428/26 1505/3425/25 1497/3408/23
f 1511/3432/31 1502/3419/19 1501/3417/18 1509/3430/28
f 1509/3430/28 1501/3417/18 1500/3415/17 1508/3429/27
f 1497/3408/23 1505/3425/25 1506/3426/24 1498/3410/16
f 1498/3411/16 1506/3427/24 1508/3429/27 1500/3415/17
s 0
f 1513/3435/3 1520/3448/3 1517/3442/3 1516/3440/3
f 1487/3387/9 1518/3444/9 1517/3441/9 1520/3449/9 1519/3446/9 1488/3389/9
f 1481/3377/8 1488/3390/8 1485/3383/8 1483/3381/8
f 1515/3439/5 1516/3440/5 1517/3442/5 1518/3445/5
f 1519/3447/4 1520/3450/4 1513/3436/4 1514/3437/4
f 1488/3390/8 1519/3447/8 1514/3437/8 1485/3383/8
f 1521/3451/127 1522/3454/127 1527/3461/127 1528/3464/127
f 1522/3455/8 1532/3476/8 1535/3480/8 1524/3458/8
f 1531/3472/3 1530/3469/3 1533/3477/3 1536/3481/3
f 1526/3460/8 1527/3462/8 1522/3455/8 1524/3458/8
f 1526/3460/8 1555/3514/8 1558/3519/8 1527/3462/8
f 1522/3456/9 1521/3452/9 1529/3467/9 1530/3470/9 1531/3473/9 1532/3475/9
f 1523/3457/2 1534/3479/2 1529/3468/2 1521/3453/2
f 1529/3468/5 1534/3479/5 1533/3478/5 1530/3471/5
f 1535/3480/4 1532/3476/4 1531/3474/4 1536/3482/4
s 1
f 1543/3496/115 1539/3488/116 1537/3483/117 1538/3485/118 1540/3490/111 1541/3492/112 1542/3494/113 1544/3498/114
f 1550/3507/125 1543/3497/115 1544/3499/114 1552/3509/126
f 1552/3510/126 1544/3500/114 1542/3495/113 1551/3508/123
f 1543/3497/115 1550/3507/125 1547/3504/124 1539/3489/116
f 1539/3489/116 1547/3504/124 1545/3501/121 1537/3484/117
f 1551/3508/123 1542/3495/113 1541/3493/112 1549/3506/122
f 1549/3506/122 1541/3493/112 1540/3491/111 1548/3505/119
f 1537/3484/117 1545/3501/121 1546/3502/120 1538/3486/118
f 1538/3487/118 1546/3503/120 1548/3505/119 1540/3491/111
s 0
f 1553/3511/1 1560/3524/1 1557/3518/1 1556/3516/1
f 1527/3463/9 1558/3520/9 1557/3517/9 1560/3525/9 1559/3522/9 1528/3465/9
f 1521/3453/2 1528/3466/2 1525/3459/2 1523/3457/2
f 1555/3515/6 1556/3516/6 1557/3518/6 1558/3521/6
f 1559/3523/7 1560/3526/7 1553/3512/7 1554/3513/7
f 1528/3466/2 1559/3523/2 1554/3513/2 1525/3459/2
f 1561/3527/127 1562/3530/127 1567/3537/127 1568/3540/127
f 1562/3531/8 1572/3552/8 1575/3556/8 1564/3534/8
f 1571/3548/3 1570/3545/3 1573/3553/3 1576/3557/3
f 1566/3536/8 1567/3538/8 1562/3531/8 1564/3534/8
f 1566/3536/8 1595/3590/8 1598/3595/8 1567/3538/8
f 1562/3532/9 1561/3528/9 1569/3543/9 1570/3546/9 1571/3549/9 1572/3551/9
f 1563/3533/2 1574/3555/2 1569/3544/2 1561/3529/2
f 1569/3544/5 1574/3555/5 1573/3554/5 1570/3547/5
f 1575/3556/4 1572/3552/4 1571/3550/4 1576/3558/4
s 1
f 1583/3572/17 1579/3564/18 1577/3559/19 1578/3561/20 1580/3566/21 1581/3568/22 1582/3570/23 1584/3574/16
f 1590/3583/27 1583/3573/17 1584/3575/16 1592/3585/24
f 1592/3586/24 1584/3576/16 1582/3571/23 1591/3584/25
f 1583/3573/17 1590/3583/27 1587/3580/28 1579/3565/18
f 1579/3565/18 1587/3580/28 1585/3577/31 1577/3560/19
f 1591/3584/25 1582/3571/23 1581/3569/22 1589/3582/26
f 1589/3582/26 1581/3569/22 1580/3567/21 1588/3581/29
f 1577/3560/19 1585/3577/31 1586/3578/30 1578/3562/20
f 1578/3563/20 1586/3579/30 1588/3581/29 1580/3567/21
s 0
f 1593/3587/1 1600/3600/1 1597/3594/1 1596/3592/1
f 1567/3539/9 1598/3596/9 1597/3593/9 1600/3601/9 1599/3598/9 1568/3541/9
f 1561/3529/2 1568/3542/2 1565/3535/2 1563/3533/2
f 1595/3591/6 1596/3592/6 1597/3594/6 1598/3597/6
f 1599/3599/7 1600/3602/7 1593/3588/7 1594/3589/7
f 1568/3542/2 1599/3599/2 1594/3589/2 1565/3535/2
s 1
f 1601/3603/128 1607/3613/129 1612/3621/130 1606/3611/131
f 1602/3605/132 1608/3615/133 1607/3614/129 1601/3604/128
f 1603/3607/134 1609/3617/135 1608/3616/133 1602/3606/132
f 1604/3609/136 1610/3619/137 1609/3618/135 1603/3608/134
f 1606/3612/131 1612/3622/130 1611/3620/138 1605/3610/139
f 1607/3613/129 1613/3623/140 1618/3631/141 1612/3621/130
f 1608/3615/133 1614/3625/142 1613/3624/140 1607/3614/129
f 1609/3617/135 1615/3627/143 1614/3626/142 1608/3616/133
f 1610/3619/137 1616/3629/144 1615/3628/143 1609/3618/135
f 1612/3622/130 1618/3632/141 1617/3630/145 1611/3620/138
f 1613/3623/140 1619/3633/146 1624/3641/147 1618/3631/141
f 1614/3625/142 1620/3635/148 1619/3634/146 1613/3624/140
f 1615/3627/143 1621/3637/149 1620/3636/148 1614/3626/142
f 1616/3629/144 1622/3639/150 1621/3638/149 1615/3628/143
f 1618/3632/141 1624/3642/147 1623/3640/151 1617/3630/145
f 1619/3633/146 1625/3643/152 1630/3659/153 1624/3641/147
f 1620/3635/148 1626/3647/154 1625/3644/152 1619/3634/146
f 1621/3637/149 1627/3651/155 1626/3648/154 1620/3636/148
f 1622/3639/150 1628/3655/156 1627/3652/155 1621/3638/149
f 1624/3642/147 1630/3660/153 1629/3657/157 1623/3640/151
f 1626/3649/154 1632/3667/158 1631/3663/159 1625/3645/152
f 1627/3653/155 1633/3671/160 1632/3668/158 1626/3650/154
f 1628/3656/156 1634/3675/161 1633/3672/160 1627/3654/155
f 1630/3661/153 1636/3679/162 1635/3677/163 1629/3658/157
f 1625/3646/152 1631/3664/159 1636/3680/162 1630/3662/153
f 1631/3665/159 1637/3683/164 1642/3691/165 1636/3681/162
f 1632/3669/158 1638/3685/166 1637/3684/164 1631/3666/159
f 1633/3673/160 1639/3687/167 1638/3686/166 1632/3670/158
f 1634/3676/161 1640/3689/168 1639/3688/167 1633/3674/160
f 1636/3682/162 1642/3692/165 1641/3690/169 1635/3678/163
f 1637/3683/164 1643/3693/170 1648/3701/171 1642/3691/165
f 1638/3685/166 1644/3695/172 1643/3694/170 1637/3684/164
f 1639/3687/167 1645/3697/173 1644/3696/172 1638/3686/166
f 1640/3689/168 1646/3699/174 1645/3698/173 1639/3688/167
f 1642/3692/165 1648/3702/171 1647/3700/175 1641/3690/169
f 1643/3693/170 1649/3703/176 1654/3711/177 1648/3701/171
f 1644/3695/172 1650/3705/178 1649/3704/176 1643/3694/170
f 1645/3697/173 1651/3707/179 1650/3706/178 1644/3696/172
f 1646/3699/174 1652/3709/180 1651/3708/179 1645/3698/173
f 1648/3702/171 1654/3712/177 1653/3710/181 1647/3700/175
f 1649/3703/176 1655/3713/182 1660/3721/183 1654/3711/177
f 1650/3705/178 1656/3715/184 1655/3714/182 1649/3704/176
f 1651/3707/179 1657/3717/185 1656/3716/184 1650/3706/178
f 1652/3709/180 1658/3719/186 1657/3718/185 1651/3708/179
f 1654/3712/177 1660/3722/183 1659/3720/187 1653/3710/181
f 1661/3723/188 1667/3733/189 1672/3741/190 1666/3731/191
f 1662/3725/192 1668/3735/193 1667/3734/189 1661/3724/188
f 1663/3727/194 1669/3737/195 1668/3736/193 1662/3726/192
f 1664/3729/196 1670/3739/197 1669/3738/195 1663/3728/194
f 1666/3732/191 1672/3742/190 1671/3740/198 1665/3730/199
f 1667/3733/189 1673/3743/200 1678/3751/201 1672/3741/190
f 1668/3735/193 1674/3745/202 1673/3744/200 1667/3734/189
f 1669/3737/195 1675/3747/203 1674/3746/202 1668/3736/193
f 1670/3739/197 1676/3749/204 1675/3748/203 1669/3738/195
f 1672/3742/190 1678/3752/201 1677/3750/205 1671/3740/198
f 1673/3743/200 1679/3753/206 1684/3761/207 1678/3751/201
f 1674/3745/202 1680/3755/208 1679/3754/206 1673/3744/200
f 1675/3747/203 1681/3757/209 1680/3756/208 1674/3746/202
f 1676/3749/204 1682/3759/210 1681/3758/209 1675/3748/203
f 1678/3752/201 1684/3762/207 1683/3760/211 1677/3750/205
f 1679/3753/206 1685/3763/212 1690/3771/213 1684/3761/207
f 1680/3755/208 1686/3765/214 1685/3764/212 1679/3754/206
f 1681/3757/209 1687/3767/215 1686/3766/214 1680/3756/208
f 1682/3759/210 1688/3769/216 1687/3768/215 1681/3758/209
f 1684/3762/207 1690/3772/213 1689/3770/217 1683/3760/211
f 1685/3763/212 1691/3773/218 1696/3781/219 1690/3771/213
f 1686/3765/214 1692/3775/220 1691/3774/218 1685/3764/212
f 1687/3767/215 1693/3777/221 1692/3776/220 1686/3766/214
f 1688/3769/216 1694/3779/222 1693/3778/221 1687/3768/215
f 1690/3772/213 1696/3782/219 1695/3780/223 1689/3770/217
f 1691/3773/218 1697/3783/224 1702/3791/225 1696/3781/219
f 1692/3775/220 1698/3785/226 1697/3784/224 1691/3774/218
f 1693/3777/221 1699/3787/227 1698/3786/226 1692/3776/220
f 1694/3779/222 1700/3789/228 1699/3788/227 1693/3778/221
f 1696/3782/219 1702/3792/225 1701/3790/229 1695/3780/223
f 1697/3783/224 1703/3793/230 1708/3801/231 1702/3791/225
f 1698/3785/226 1704/3795/232 1703/3794/230 1697/3784/224
f 1699/3787/227 1705/3797/233 1704/3796/232 1698/3786/226
f 1700/3789/228 1706/3799/234 1705/3798/233 1699/3788/227
f 1702/3792/225 1708/3802/231 1707/3800/235 1701/3790/229
f 1703/3793/230 1709/3803/236 1714/3811/237 1708/3801/231
f 1704/3795/232 1710/3805/238 1709/3804/236 1703/3794/230
f 1705/3797/233 1711/3807/239 1710/3806/238 1704/3796/232
f 1706/3799/234 1712/3809/240 1711/3808/239 1705/3798/233
f 1708/3802/231 1714/3812/237 1713/3810/241 1707/3800/235
f 1709/3803/236 1715/3813/242 1720/3821/243 1714/3811/237
f 1710/3805/238 1716/3815/244 1715/3814/242 1709/3804/236
f 1711/3807/239 1717/3817/245 1716/3816/244 1710/3806/238
f 1712/3809/240 1718/3819/246 1717/3818/245 1711/3808/239
f 1714/3812/237 1720/3822/243 1719/3820/247 1713/3810/241
f 1721/3823/248 1727/3833/249 1732/3841/250 1726/3831/251
f 1722/3825/252 1728/3835/253 1727/3834/249 1721/3824/248
f 1723/3827/254 1729/3837/255 1728/3836/253 1722/3826/252
f 1724/3829/256 1730/3839/257 1729/3838/255 1723/3828/254
f 1726/3832/251 1732/3842/250 1731/3840/258 1725/3830/259
f 1727/3833/249 1733/3843/260 1738/3851/261 1732/3841/250
f 1728/3835/253 1734/3845/262 1733/3844/260 1727/3834/249
f 1729/3837/255 1735/3847/263 1734/3846/262 1728/3836/253
f 1730/3839/257 1736/3849/264 1735/3848/263 1729/3838/255
f 1732/3842/250 1738/3852/261 1737/3850/265 1731/3840/258
f 1733/3843/260 1739/3853/266 1744/3861/267 1738/3851/261
f 1734/3845/262 1740/3855/268 1739/3854/266 1733/3844/260
f 1735/3847/263 1741/3857/269 1740/3856/268 1734/3846/262
f 1736/3849/264 1742/3859/270 1741/3858/269 1735/3848/263
f 1738/3852/261 1744/3862/267 1743/3860/271 1737/3850/265
f 1739/3853/266 1745/3863/272 1750/3871/273 1744/3861/267
f 1740/3855/268 1746/3865/274 1745/3864/272 1739/3854/266
f 1741/3857/269 1747/3867/275 1746/3866/274 1740/3856/268
f 1742/3859/270 1748/3869/276 1747/3868/275 1741/3858/269
f 1744/3862/267 1750/3872/273 1749/3870/277 1743/3860/271
f 1745/3863/272 1751/3873/278 1756/3881/279 1750/3871/273
f 1746/3865/274 1752/3875/280 1751/3874/278 1745/3864/272
f 1747/3867/275 1753/3877/281 1752/3876/280 1746/3866/274
f 1748/3869/276 1754/3879/282 1753/3878/281 1747/3868/275
f 1750/3872/273 1756/3882/279 1755/3880/283 1749/3870/277
f 1751/3873/278 1757/3883/284 1762/3891/285 1756/3881/279
f 1752/3875/280 1758/3885/286 1757/3884/284 1751/3874/278
f 1753/3877/281 1759/3887/287 1758/3886/286 1752/3876/280
f 1754/3879/282 1760/3889/288 1759/3888/287 1753/3878/281
f 1756/3882/279 1762/3892/285 1761/3890/289 1755/3880/283
f 1757/3883/284 1763/3893/290 1768/3901/291 1762/3891/285
f 1758/3885/286 1764/3895/292 1763/3894/290 1757/3884/284
f 1759/3887/287 1765/3897/293 1764/3896/292 1758/3886/286
f 1760/3889/288 1766/3899/294 1765/3898/293 1759/3888/287
f 1762/3892/285 1768/3902/291 1767/3900/295 1761/3890/289
f 1769/3903/296 1775/3913/297 1780/3921/298 1774/3911/299
f 1770/3905/300 1776/3915/301 1775/3914/297 1769/3904/296
f 1771/3907/302 1777/3917/303 1776/3916/301 1770/3906/300
f 1772/3909/304 1778/3919/305 1777/3918/303 1771/3908/302
f 1774/3912/299 1780/3922/298 1779/3920/306 1773/3910/307
f 1775/3913/297 1781/3923/308 1786/3931/309 1780/3921/298
f 1776/3915/301 1782/3925/310 1781/3924/308 1775/3914/297
f 1777/3917/303 1783/3927/311 1782/3926/310 1776/3916/301
f 1778/3919/305 1784/3929/312 1783/3928/311 1777/3918/303
f 1780/3922/298 1786/3932/309 1785/3930/313 1779/3920/306
f 1781/3923/308 1787/3933/314 1792/3949/315 1786/3931/309
f 1782/3925/310 1788/3937/316 1787/3934/314 1781/3924/308
f 1783/3927/311 1789/3941/317 1788/3938/316 1782/3926/310
f 1784/3929/312 1790/3945/318 1789/3942/317 1783/3928/311
f 1786/3932/309 1792/3950/315 1791/3947/319 1785/3930/313
f 1787/3935/314 1793/3953/320 1798/3969/321 1792/3951/315
f 1788/3939/316 1794/3957/322 1793/3954/320 1787/3936/314
f 1789/3943/317 1795/3961/323 1794/3958/322 1788/3940/316
f 1790/3946/318 1796/3965/324 1795/3962/323 1789/3944/317
f 1792/3952/315 1798/3970/321 1797/3967/325 1791/3948/319
f 1793/3955/320 1799/3973/326 1804/3981/327 1798/3971/321
f 1794/3959/322 1800/3975/328 1799/3974/326 1793/3956/320
f 1795/3963/323 1801/3977/329 1800/3976/328 1794/3960/322
f 1796/3966/324 1802/3979/330 1801/3978/329 1795/3964/323
f 1798/3972/321 1804/3982/327 1803/3980/331 1797/3968/325
f 1799/3973/326 1805/3983/332 1810/3991/333 1804/3981/327
f 1800/3975/328 1806/3985/334 1805/3984/332 1799/3974/326
f 1801/3977/329 1807/3987/335 1806/3986/334 1800/3976/328
f 1802/3979/330 1808/3989/336 1807/3988/335 1801/3978/329
f 1804/3982/327 1810/3992/333 1809/3990/337 1803/3980/331
f 1805/3983/332 1811/3993/338 1816/4001/339 1810/3991/333
f 1806/3985/334 1812/3995/340 1811/3994/338 1805/3984/332
f 1807/3987/335 1813/3997/341 1812/3996/340 1806/3986/334
f 1808/3989/336 1814/3999/342 1813/3998/341 1807/3988/335
f 1810/3992/333 1816/4002/339 1815/4000/343 1809/3990/337
f 1811/3993/338 1817/4003/344 1822/4011/345 1816/4001/339
f 1812/3995/340 1818/4005/346 1817/4004/344 1811/3994/338
f 1813/3997/341 1819/4007/347 1818/4006/346 1812/3996/340
f 1814/3999/342 1820/4009/348 1819/4008/347 1813/3998/341
f 1816/4002/339 1822/4012/345 1821/4010/349 1815/4000/343
s 0
f 1829/4026/1 1825/4018/1 1823/4013/1 1824/4015/1 1826/4020/1 1827/4022/1 1828/4024/1 1830/4028/1
f 1836/4037/101 1829/4027/101 1830/4029/101 1838/4039/101
f 1838/4040/98 1830/4030/98 1828/4025/98 1837/4038/98
f 1829/4027/100 1836/4037/100 1833/4034/100 1825/4019/100
f 1825/4019/103 1833/4034/103 1831/4031/103 1823/4014/103
f 1837/4038/99 1828/4025/99 1827/4023/99 1835/4036/99
f 1835/4036/97 1827/4023/97 1826/4021/97 1834/4035/97
f 1823/4014/102 1831/4031/102 1832/4032/102 1824/4016/102
f 1824/4017/96 1832/4033/96 1834/4035/96 1826/4021/96
f 1847/4057/3 1849/4062/3 1852/4068/3 1854/4072/3 1853/4070/3 1851/4066/3 1850/4064/3 1848/4059/3
f 1845/4053/1 1841/4046/1 1839/4041/1 1840/4043/1 1842/4048/1 1843/4050/1 1844/4051/1 1846/4056/1
f 1852/4069/101 1845/4054/101 1846/4055/101 1854/4073/101
f 1854/4074/98 1846/4056/98 1844/4052/98 1853/4071/98
f 1845/4054/100 1852/4069/100 1849/4063/100 1841/4047/100
f 1841/4047/103 1849/4063/103 1847/4058/103 1839/4042/103
f 1853/4071/99 1844/4052/99 1843/4050/99 1851/4067/99
f 1851/4067/97 1843/4050/97 1842/4049/97 1850/4065/97
f 1839/4042/102 1847/4058/102 1848/4060/102 1840/4044/102
f 1840/4045/96 1848/4061/96 1850/4065/96 1842/4049/96
f 1856/4078/2 1858/4082/2 1862/4089/2 1865/4097/2
f 1856/4078/2 1870/4112/2 1873/4119/2 1858/4082/2
f 1869/4109/1 1868/4106/1 1871/4115/1 1874/4121/1
f 1859/4083/8 1857/4081/8 1855/4077/8 1864/4094/8
f 1855/4075/1 1856/4079/1 1865/4098/1 1866/4100/1 1863/4091/1 1864/4095/1
f 1856/4080/9 1855/4076/9 1867/4103/9 1868/4107/9 1869/4110/9 1870/4113/9
f 1857/4081/8 1872/4117/8 1867/4104/8 1855/4077/8
f 1863/4092/9 1866/4101/9 1861/4087/9 1860/4085/9
f 1859/4084/95 1864/4096/95 1863/4093/95 1860/4086/95
f 1865/4099/94 1862/4090/94 1861/4088/94 1866/4102/94
f 1867/4105/6 1872/4118/6 1871/4116/6 1868/4108/6
f 1873/4120/7 1870/4114/7 1869/4111/7 1874/4122/7
f 1881/4136/9 1877/4128/9 1875/4123/9 1876/4125/9 1878/4130/9 1879/4132/9 1880/4134/9 1882/4138/9
f 1888/4147/53 1881/4137/53 1882/4139/53 1890/4149/53
f 1890/4150/56 1882/4140/56 1880/4135/56 1889/4148/56
f 1881/4137/54 1888/4147/54 1885/4144/54 1877/4129/54
f 1877/4129/52 1885/4144/52 1883/4141/52 1875/4124/52
f 1889/4148/55 1880/4135/55 1879/4133/55 1887/4146/55
f 1887/4146/58 1879/4133/58 1878/4131/58 1886/4145/58
f 1875/4124/51 1883/4141/51 1884/4142/51 1876/4126/51
f 1876/4127/57 1884/4143/57 1886/4145/57 1878/4131/57
f 1899/4167/59 1901/4172/59 1904/4178/59 1906/4182/59 1905/4180/59 1903/4176/59 1902/4174/59 1900/4169/59
f 1897/4163/9 1893/4156/9 1891/4151/9 1892/4153/9 1894/4158/9 1895/4160/9 1896/4161/9 1898/4166/9
f 1904/4179/53 1897/4164/53 1898/4165/53 1906/4183/53
f 1906/4184/56 1898/4166/56 1896/4162/56 1905/4181/56
f 1897/4164/54 1904/4179/54 1901/4173/54 1893/4157/54
f 1893/4157/52 1901/4173/52 1899/4168/52 1891/4152/52
f 1905/4181/55 1896/4162/55 1895/4160/55 1903/4177/55
f 1903/4177/58 1895/4160/58 1894/4159/58 1902/4175/58
f 1891/4152/51 1899/4168/51 1900/4170/51 1892/4154/51
f 1892/4155/57 1900/4171/57 1902/4175/57 1894/4159/57
f 1913/4198/9 1909/4190/9 1907/4185/9 1908/4187/9 1910/4192/9 1911/4194/9 1912/4196/9 1914/4200/9
f 1920/4209/53 1913/4199/53 1914/4201/53 1922/4211/53
f 1922/4212/56 1914/4202/56 1912/4197/56 1921/4210/56
f 1913/4199/54 1920/4209/54 1917/4206/54 1909/4191/54
f 1909/4191/52 1917/4206/52 1915/4203/52 1907/4186/52
f 1921/4210/55 1912/4197/55 1911/4195/55 1919/4208/55
f 1919/4208/58 1911/4195/58 1910/4193/58 1918/4207/58
f 1907/4186/51 1915/4203/51 1916/4204/51 1908/4188/51
f 1908/4189/57 1916/4205/57 1918/4207/57 1910/4193/57
f 1931/4229/59 1933/4234/59 1936/4240/59 1938/4244/59 1937/4242/59 1935/4238/59 1934/4236/59 1932/4231/59
f 1929/4225/9 1925/4218/9 1923/4213/9 1924/4215/9 1926/4220/9 1927/4222/9 1928/4223/9 1930/4228/9
f 1936/4241/53 1929/4226/53 1930/4227/53 1938/4245/53
f 1938/4246/56 1930/4228/56 1928/4224/56 1937/4243/56
f 1929/4226/54 1936/4241/54 1933/4235/54 1925/4219/54
f 1925/4219/52 1933/4235/52 1931/4230/52 1923/4214/52
f 1937/4243/55 1928/4224/55 1927/4222/55 1935/4239/55
f 1935/4239/58 1927/4222/58 1926/4221/58 1934/4237/58
f 1923/4214/51 1931/4230/51 1932/4232/51 1924/4216/51
f 1924/4217/57 1932/4233/57 1934/4237/57 1926/4221/57
f 1941/4251/8 1943/4253/8 1939/4247/8
f 1944/4255/2 1942/4252/2 1940/4249/2
f 1944/4256/104 1940/4250/104 1939/4248/104 1943/4254/104
f 1947/4261/8 1949/4263/8 1945/4257/8
f 1950/4265/2 1948/4262/2 1946/4259/2
f 1950/4266/104 1946/4260/104 1945/4258/104 1949/4264/104
f 1957/4280/3 1953/4272/3 1951/4267/3 1952/4269/3 1954/4274/3 1955/4276/3 1956/4278/3 1958/4282/3
f 1964/4291/98 1957/4281/98 1958/4283/98 1966/4293/98
f 1966/4294/101 1958/4284/101 1956/4279/101 1965/4292/101
f 1957/4281/99 1964/4291/99 1961/4288/99 1953/4273/99
f 1953/4273/97 1961/4288/97 1959/4285/97 1951/4268/97
f 1965/4292/100 1956/4279/100 1955/4277/100 1963/4290/100
f 1963/4290/103 1955/4277/103 1954/4275/103 1962/4289/103
f 1951/4268/96 1959/4285/96 1960/4286/96 1952/4270/96
f 1952/4271/102 1960/4287/102 1962/4289/102 1954/4275/102
f 1975/4311/1 1977/4316/1 1980/4322/1 1982/4326/1 1981/4324/1 1979/4320/1 1978/4318/1 1976/4313/1
f 1973/4307/3 1969/4300/3 1967/4295/3 1968/4297/3 1970/4302/3 1971/4304/3 1972/4305/3 1974/4310/3
f 1980/4323/98 1973/4308/98 1974/4309/98 1982/4327/98
f 1982/4328/101 1974/4310/101 1972/4306/101 1981/4325/101
f 1973/4308/99 1980/4323/99 1977/4317/99 1969/4301/99
f 1969/4301/97 1977/4317/97 1975/4312/97 1967/4296/97
f 1981/4325/100 1972/4306/100 1971/4304/100 1979/4321/100
f 1979/4321/103 1971/4304/103 1970/4303/103 1978/4319/103
f 1967/4296/96 1975/4312/96 1976/4314/96 1968/4298/96
f 1968/4299/102 1976/4315/102 1978/4319/102 1970/4303/102
f 1984/4332/8 1986/4336/8 1990/4343/8 1993/4351/8
f 1984/4332/8 1998/4366/8 2001/4373/8 1986/4336/8
f 1997/4363/3 1996/4360/3 1999/4369/3 2002/4375/3
f 1987/4337/2 1985/4335/2 1983/4331/2 1992/4348/2
f 1983/4329/3 1984/4333/3 1993/4352/3 1994/4354/3 1991/4345/3 1992/4349/3
f 1984/4334/9 1983/4330/9 1995/4357/9 1996/4361/9 1997/4364/9 1998/4367/9
f 1985/4335/2 2000/4371/2 1995/4358/2 1983/4331/2
f 1991/4346/9 1994/4355/9 1989/4341/9 1988/4339/9
f 1987/4338/94 1992/4350/94 1991/4347/94 1988/4340/94
f 1993/4353/95 1990/4344/95 1989/4342/95 1994/4356/95
f 1995/4359/5 2000/4372/5 1999/4370/5 1996/4362/5
f 2001/4374/4 1998/4368/4 1997/4365/4 2002/4376/4
f 2009/4390/9 2005/4382/9 2003/4377/9 2004/4379/9 2006/4384/9 2007/4386/9 2008/4388/9 2010/4392/9
f 2016/4401/57 2009/4391/57 2010/4393/57 2018/4403/57
f 2018/4404/51 2010/4394/51 2008/4389/51 2017/4402/51
f 2009/4391/58 2016/4401/58 2013/4398/58 2005/4383/58
f 2005/4383/55 2013/4398/55 2011/4395/55 2003/4378/55
f 2017/4402/52 2008/4389/52 2007/4387/52 2015/4400/52
f 2015/4400/54 2007/4387/54 2006/4385/54 2014/4399/54
f 2003/4378/56 2011/4395/56 2012/4396/56 2004/4380/56
f 2004/4381/53 2012/4397/53 2014/4399/53 2006/4385/53
f 2027/4421/59 2029/4426/59 2032/4432/59 2034/4436/59 2033/4434/59 2031/4430/59 2030/4428/59 2028/4423/59
f 2025/4417/9 2021/4410/9 2019/4405/9 2020/4407/9 2022/4412/9 2023/4414/9 2024/4415/9 2026/4420/9
f 2032/4433/57 2025/4418/57 2026/4419/57 2034/4437/57
f 2034/4438/51 2026/4420/51 2024/4416/51 2033/4435/51
f 2025/4418/58 2032/4433/58 2029/4427/58 2021/4411/58
f 2021/4411/55 2029/4427/55 2027/4422/55 2019/4406/55
f 2033/4435/52 2024/4416/52 2023/4414/52 2031/4431/52
f 2031/4431/54 2023/4414/54 2022/4413/54 2030/4429/54
f 2019/4406/56 2027/4422/56 2028/4424/56 2020/4408/56
f 2020/4409/53 2028/4425/53 2030/4429/53 2022/4413/53
f 2041/4452/9 2037/4444/9 2035/4439/9 2036/4441/9 2038/4446/9 2039/4448/9 2040/4450/9 2042/4454/9
f 2048/4463/57 2041/4453/57 2042/4455/57 2050/4465/57
f 2050/4466/51 2042/4456/51 2040/4451/51 2049/4464/51
f 2041/4453/58 2048/4463/58 2045/4460/58 2037/4445/58
f 2037/4445/55 2045/4460/55 2043/4457/55 2035/4440/55
f 2049/4464/52 2040/4451/52 2039/4449/52 2047/4462/52
f 2047/4462/54 2039/4449/54 2038/4447/54 2046/4461/54
f 2035/4440/56 2043/4457/56 2044/4458/56 2036/4442/56
f 2036/4443/53 2044/4459/53 2046/4461/53 2038/4447/53
f 2059/4483/59 2061/4488/59 2064/4494/59 2066/4498/59 2065/4496/59 2063/4492/59 2062/4490/59 2060/4485/59
f 2057/4479/9 2053/4472/9 2051/4467/9 2052/4469/9 2054/4474/9 2055/4476/9 2056/4477/9 2058/4482/9
f 2064/4495/57 2057/4480/57 2058/4481/57 2066/4499/57
f 2066/4500/51 2058/4482/51 2056/4478/51 2065/4497/51
f 2057/4480/58 2064/4495/58 2061/4489/58 2053/4473/58
f 2053/4473/55 2061/4489/55 2059/4484/55 2051/4468/55
f 2065/4497/52 2056/4478/52 2055/4476/52 2063/4493/52
f 2063/4493/54 2055/4476/54 2054/4475/54 2062/4491/54
f 2051/4468/56 2059/4484/56 2060/4486/56 2052/4470/56
f 2052/4471/53 2060/4487/53 2062/4491/53 2054/4475/53
f 2069/4505/2 2071/4507/2 2067/4501/2
f 2072/4509/8 2070/4506/8 2068/4503/8
f 2072/4510/107 2068/4504/107 2067/4502/107 2071/4508/107
f 2075/4515/2 2077/4517/2 2073/4511/2
f 2078/4519/8 2076/4516/8 2074/4513/8
f 2078/4520/107 2074/4514/107 2073/4512/107 2077/4518/107
f 2116/4602/9 2112/4595/9 2085/4536/9 2086/4539/9 2081/4526/9 2082/4528/9
f 2092/4548/8 2111/4593/8 2113/4597/8 2099/4563/8
f 2090/4545/7 2097/4558/7 2098/4562/7 2089/4544/7
f 2092/4549/4 2099/4564/4 2100/4566/4 2091/4547/4
f 2094/4551/6 2101/4568/6 2102/4572/6 2093/4550/6
f 2091/4547/3 2100/4566/3 2095/4554/3 2088/4543/3
f 2090/4546/2 2115/4600/2 2117/4603/2 2097/4559/2
f 2084/4533/7 2083/4531/7 2108/4587/7 2107/4583/7
f 2082/4529/4 2081/4527/4 2106/4581/4 2105/4578/4
f 2080/4523/6 2079/4521/6 2104/4576/6 2103/4573/6
f 2081/4527/3 2086/4540/3 2109/4589/3 2106/4581/3
f 2103/4574/9 2104/4577/9 2096/4556/9 2095/4553/9
f 2105/4579/9 2106/4582/9 2098/4561/9 2097/4560/9
f 2107/4584/9 2108/4586/9 2100/4567/9 2099/4565/9
f 2109/4588/9 2110/4592/9 2102/4571/9 2101/4569/9
f 2108/4586/9 2103/4574/9 2095/4553/9 2100/4567/9
f 2118/4606/9 2105/4579/9 2097/4560/9 2117/4604/9
f 2114/4599/9 2107/4584/9 2099/4565/9 2113/4596/9
f 2106/4582/9 2109/4588/9 2101/4569/9 2098/4561/9
f 2086/4540/5 2085/4537/5 2110/4590/5 2109/4589/5
f 2089/4544/1 2098/4562/1 2101/4570/1 2094/4552/1
f 2083/4531/1 2080/4524/1 2103/4575/1 2108/4587/1
f 2116/4601/8 2082/4530/8 2105/4580/8 2118/4605/8
f 2112/4594/2 2084/4534/2 2107/4585/2 2114/4598/2
f 2085/4538/2 2112/4594/2 2114/4598/2 2110/4591/2
f 2115/4600/2 2087/4541/2 2096/4555/2 2117/4603/2
f 2110/4592/9 2114/4599/9 2113/4596/9 2102/4571/9
f 2079/4521/8 2116/4601/8 2118/4605/8 2104/4576/8
f 2104/4577/9 2118/4606/9 2117/4604/9 2096/4556/9
f 2111/4593/8 2093/4550/8 2102/4572/8 2113/4597/8
f 2083/4532/9 2084/4535/9 2112/4595/9 2116/4602/9 2079/4522/9 2080/4525/9
f 2088/4543/5 2095/4554/5 2096/4557/5 2087/4542/5
o fuse_box_etx_1_puzzle_piece_child_2
v 0.059999 -0.081750 0.072000
v 0.086249 -0.108000 0.072000
v 0.086249 -0.018000 0.072000
v 0.059999 -0.044250 0.072000
v 0.092463 -0.093000 0.042000
v 0.074999 -0.075537 0.042000
v 0.074999 -0.050463 0.042000
v 0.092463 -0.033000 0.042000
v 0.123749 -0.108000 0.072000
v 0.149999 -0.081750 0.072000
v 0.149999 -0.044250 0.072000
v 0.123749 -0.018000 0.072000
v 0.134999 -0.075537 0.042000
v 0.117536 -0.093000 0.042000
v 0.117536 -0.033000 0.042000
v 0.134999 -0.050463 0.042000
v 0.059999 -0.081750 0.042000
v 0.086249 -0.108000 0.042000
v 0.086249 -0.018000 0.042000
v 0.059999 -0.044250 0.042000
v 0.123749 -0.108000 0.042000
v 0.149999 -0.081750 0.042000
v 0.149999 -0.044250 0.042000
v 0.123749 -0.018000 0.042000
v 0.074999 -0.075537 0.027000
v 0.092463 -0.093000 0.027000
v 0.092463 -0.033000 0.027000
v 0.074999 -0.050463 0.027000
v 0.117536 -0.093000 0.027000
v 0.134999 -0.075537 0.027000
v 0.134999 -0.050463 0.027000
v 0.117536 -0.033000 0.027000
v 0.082499 -0.072375 0.087000
v 0.095624 -0.040500 0.087000
v 0.082499 -0.053625 0.087000
v 0.127499 -0.072375 0.087000
v 0.127499 -0.053625 0.087000
v 0.114374 -0.040500 0.087000
v 0.082499 -0.072375 0.072000
v 0.095624 -0.040500 0.072000
v 0.082499 -0.053625 0.072000
v 0.127499 -0.072375 0.072000
v 0.127499 -0.053625 0.072000
v 0.114374 -0.040500 0.072000
v 0.157499 -0.068625 0.072000
v 0.153749 -0.072375 0.072000
v 0.153749 -0.072375 0.087000
v 0.157499 -0.068625 0.087000
v 0.157499 -0.057375 0.087000
v 0.153749 -0.053625 0.087000
v 0.153749 -0.053625 0.072000
v 0.157499 -0.057375 0.072000
v 0.095624 -0.085500 0.087000
v 0.114374 -0.085500 0.087000
v 0.095624 -0.085500 0.072000
v 0.114374 -0.085500 0.072000
v 0.099374 -0.115500 0.072000
v 0.095624 -0.111750 0.072000
v 0.095624 -0.111750 0.087000
v 0.099374 -0.115500 0.087000
v 0.110624 -0.115500 0.087000
v 0.114374 -0.111750 0.087000
v 0.114374 -0.111750 0.072000
v 0.110624 -0.115500 0.072000
v 0.092112 -0.050112 0.094155
v 0.086774 -0.063000 0.094155
v 0.104999 -0.044775 0.094155
v 0.092112 -0.075886 0.094155
v 0.104999 -0.081224 0.094155
v 0.117886 -0.075886 0.094155
v 0.117886 -0.050112 0.094155
v 0.123224 -0.063000 0.094155
v 0.092112 -0.050112 0.086865
v 0.086774 -0.063000 0.086865
v 0.104999 -0.044775 0.086865
v 0.092112 -0.075886 0.086865
v 0.104999 -0.081224 0.086865
v 0.117886 -0.050112 0.086865
v 0.117886 -0.075886 0.086865
v 0.123224 -0.063000 0.086865
vn -0.0000 -0.0000 1.0000
vn 1.0000 -0.0000 -0.0000
vn -0.0000 1.0000 -0.0000
vn -1.0000 -0.0000 -0.0000
vn -0.7071 -0.7071 -0.0000
vn -0.7071 0.7071 -0.0000
vn 0.7071 -0.7071 -0.0000
vn 0.7071 0.7071 -0.0000
vn -0.0000 -1.0000 -0.0000
vn -0.0000 -0.0000 -1.0000
vn 0.5490 0.5490 0.6303
vn -0.0000 0.7764 0.6303
vn -0.5490 0.5490 0.6303
vn -0.7764 -0.0000 0.6303
vn -0.5490 -0.5490 0.6303
vn -0.0000 -0.7764 0.6303
vn 0.5490 -0.5490 0.6303
vn 0.7764 -0.0000 0.6303
vt 0.816665 1.000484
vt 0.832031 0.960938
vt 0.832031 0.945312
vt 0.806112 0.989931
vt 0.832031 0.960938
vt 0.832031 0.945312
vt 0.842294 0.989931
vt 0.832031 0.960938
vt 0.832031 0.945312
vt 0.831741 1.000484
vt 0.832031 0.945312
vt 0.832031 0.960938
vt 0.812142 0.977353
vt 0.839844 0.960938
vt 0.839844 0.951172
vt 0.819163 0.970333
vt 0.839844 0.951172
vt 0.839844 0.960938
vt 0.829243 0.970333
vt 0.839844 0.960938
vt 0.839844 0.951172
vt 0.836264 0.977353
vt 0.839844 0.960938
vt 0.839844 0.951172
vt 0.806112 0.974856
vt 0.832031 0.945312
vt 0.832031 0.960938
vt 0.816665 0.964303
vt 0.832031 0.945312
vt 0.832031 0.960938
vt 0.831741 0.964303
vt 0.832031 0.960938
vt 0.832031 0.945312
vt 0.842294 0.974856
vt 0.832031 0.945312
vt 0.832031 0.960938
vt 0.839844 0.960938
vt 0.819163 0.994454
vt 0.839844 0.951172
vt 0.812142 0.987434
vt 0.839844 0.951172
vt 0.839844 0.960938
vt 0.836264 0.987434
vt 0.839844 0.951172
vt 0.839844 0.960938
vt 0.839844 0.951172
vt 0.829243 0.994454
vt 0.839844 0.960938
vt 0.845703 0.960938
vt 0.845703 0.945312
vt 0.816665 0.964303
vt 0.845703 0.960938
vt 0.845703 0.945312
vt 0.806112 0.974856
vt 0.845703 0.960938
vt 0.845703 0.945312
vt 0.842294 0.974856
vt 0.845703 0.945312
vt 0.845703 0.960938
vt 0.831741 0.964303
vt 0.845703 0.945312
vt 0.845703 0.960938
vt 0.806112 0.989931
vt 0.845703 0.945312
vt 0.845703 0.960938
vt 0.816665 1.000484
vt 0.845703 0.960938
vt 0.845703 0.945312
vt 0.831741 1.000484
vt 0.845703 0.945312
vt 0.845703 0.960938
vt 0.842294 0.989931
vt 0.833984 0.951172
vt 0.833984 0.960938
vt 0.833984 0.960938
vt 0.833984 0.951172
vt 0.833984 0.960938
vt 0.833984 0.951172
vt 0.833984 0.960938
vt 0.833984 0.951172
vt 0.833984 0.951172
vt 0.833984 0.960938
vt 0.833984 0.960938
vt 0.833984 0.951172
vt 0.833984 0.951172
vt 0.833984 0.960938
vt 0.833984 0.951172
vt 0.833984 0.960938
vt 0.164429 0.242151
vt 0.176929 0.242151
vt 0.169897 0.255432
vt 0.169897 0.236682
vt 0.164429 0.249963
vt 0.176929 0.249963
vt 0.164429 0.236682
vt 0.183179 0.242151
vt 0.183179 0.236682
vt 0.183179 0.236682
vt 0.183179 0.249963
vt 0.177710 0.255432
vt 0.177710 0.236682
vt 0.183179 0.242151
vt 0.169897 0.242932
vt 0.183179 0.249963
vt 0.164429 0.242932
vt 0.182813 0.242578
vt 0.183179 0.242932
vt 0.182813 0.250391
vt 0.183179 0.242932
vt 0.177710 0.242932
vt 0.195312 0.244141
vt 0.183179 0.243713
vt 0.195679 0.242932
vt 0.193750 0.242578
vt 0.194116 0.242932
vt 0.194116 0.242151
vt 0.194116 0.236682
vt 0.176929 0.243713
vt 0.195679 0.243713
vt 0.195679 0.236682
vt 0.176929 0.248401
vt 0.195679 0.248401
vt 0.195679 0.236682
vt 0.194116 0.249963
vt 0.194116 0.236682
vt 0.193750 0.250391
vt 0.194116 0.242932
vt 0.195312 0.248828
vt 0.183179 0.248401
vt 0.195679 0.242932
vt 0.169897 0.236682
vt 0.176929 0.236682
vt 0.176929 0.236682
vt 0.177710 0.236682
vt 0.169531 0.237109
vt 0.183179 0.236682
vt 0.177710 0.242932
vt 0.177344 0.237109
vt 0.183179 0.236682
vt 0.171094 0.224609
vt 0.171460 0.242932
vt 0.183179 0.224182
vt 0.169531 0.226172
vt 0.183179 0.225745
vt 0.169897 0.225745
vt 0.176929 0.225745
vt 0.171460 0.236682
vt 0.171460 0.224182
vt 0.176929 0.224182
vt 0.176147 0.236682
vt 0.176147 0.224182
vt 0.176929 0.224182
vt 0.177710 0.225745
vt 0.176929 0.225745
vt 0.177344 0.226172
vt 0.183179 0.225745
vt 0.175781 0.224609
vt 0.176147 0.242932
vt 0.183179 0.224182
vt 0.450919 0.220703
vt 0.453549 0.220703
vt 0.448705 0.215357
vt 0.453549 0.215357
vt 0.453549 0.226049
vt 0.448705 0.226049
vt 0.453549 0.226049
vt 0.443359 0.213143
vt 0.453549 0.220703
vt 0.438014 0.215357
vt 0.453549 0.215357
vt 0.435799 0.220703
vt 0.453549 0.220703
vt 0.443359 0.228263
vt 0.453549 0.220703
vt 0.438014 0.226049
vt 0.453549 0.215357
vt 0.453549 0.226049
vt 0.456573 0.220703
vt 0.456573 0.215357
vt 0.456573 0.226049
vt 0.456573 0.226049
vt 0.456573 0.220703
vt 0.456573 0.215357
vt 0.456573 0.220703
vt 0.456573 0.220703
vt 0.456573 0.215357
vt 0.456573 0.226049
s 0
usemtl electronics_etx_part_1
f 2127/4631/350 2128/4634/350 2129/4637/350 2130/4640/350 2121/4613/350 2122/4616/350 2119/4607/350 2120/4610/350
f 2140/4670/351 2141/4673/351 2129/4638/351 2128/4635/351
f 2142/4676/352 2137/4661/352 2121/4614/352 2130/4641/352
f 2119/4608/353 2122/4617/353 2138/4664/353 2135/4655/353
f 2134/4652/351 2131/4643/351 2148/4689/351 2149/4691/351
f 2136/4658/354 2120/4611/354 2119/4609/354 2135/4656/354
f 2121/4615/355 2137/4662/355 2138/4665/355 2122/4618/355
f 2127/4632/356 2139/4667/356 2140/4671/356 2128/4636/356
f 2142/4677/357 2130/4642/357 2129/4639/357 2141/4674/357
f 2136/4659/358 2139/4668/358 2127/4633/358 2120/4612/358
f 2124/4622/359 2123/4619/359 2136/4660/359 2135/4657/359
f 2126/4628/359 2125/4625/359 2138/4666/359 2137/4663/359
f 2132/4646/359 2131/4644/359 2140/4672/359 2139/4669/359
f 2134/4653/359 2133/4649/359 2142/4678/359 2141/4675/359
f 2123/4619/359 2132/4646/359 2139/4669/359 2136/4660/359
f 2125/4625/359 2124/4622/359 2135/4657/359 2138/4666/359
f 2133/4649/359 2126/4628/359 2137/4663/359 2142/4678/359
f 2131/4644/359 2134/4653/359 2141/4675/359 2140/4672/359
f 2124/4623/353 2125/4626/353 2146/4685/353 2143/4679/353
f 2133/4650/357 2134/4654/357 2149/4692/357 2150/4693/357
f 2125/4627/355 2126/4629/355 2145/4683/355 2146/4686/355
f 2126/4630/352 2133/4651/352 2150/4694/352 2145/4684/352
f 2132/4647/358 2123/4620/358 2144/4681/358 2147/4687/358
f 2131/4645/356 2132/4648/356 2147/4688/356 2148/4690/356
f 2123/4621/354 2124/4624/354 2143/4680/354 2144/4682/354
f 2172/4740/350 2154/4702/350 2155/4705/350 2156/4706/350 2152/4697/350 2153/4699/350 2151/4695/350 2171/4737/350
f 2162/4716/352 2158/4709/352 2152/4698/352 2156/4707/352
f 2151/4696/353 2153/4700/353 2159/4710/353 2157/4708/353
f 2173/4742/354 2171/4738/354 2151/4696/354 2157/4708/354
f 2152/4698/355 2158/4709/355 2159/4711/355 2153/4701/355
f 2172/4740/356 2174/4743/356 2160/4713/356 2154/4703/356
f 2162/4716/357 2156/4707/357 2155/4704/357 2161/4715/357
f 2160/4712/359 2161/4714/359 2169/4732/359 2170/4734/359 2163/4717/359 2164/4720/359
f 2163/4718/351 2170/4735/351 2167/4727/351 2166/4724/351
f 2161/4715/352 2155/4704/352 2168/4731/352 2169/4733/352
f 2155/4705/350 2154/4702/350 2165/4722/350 2166/4725/350 2167/4728/350 2168/4730/350
f 2163/4719/356 2166/4726/356 2165/4723/356 2164/4721/356
f 2167/4729/357 2170/4736/357 2169/4733/357 2168/4731/357
f 2154/4703/358 2160/4713/358 2164/4721/358 2165/4723/358
f 2173/4741/359 2174/4744/359 2181/4761/359 2182/4763/359 2175/4746/359 2176/4749/359
f 2175/4747/358 2182/4764/358 2179/4756/358 2178/4753/358
f 2174/4745/351 2172/4739/351 2180/4760/351 2181/4762/351
f 2172/4740/350 2171/4737/350 2177/4751/350 2178/4754/350 2179/4757/350 2180/4759/350
f 2175/4748/354 2178/4755/354 2177/4752/354 2176/4750/354
f 2179/4758/356 2182/4765/356 2181/4762/356 2180/4760/356
f 2171/4738/353 2173/4742/353 2176/4750/353 2177/4752/353
s 1
f 2189/4779/360 2185/4771/361 2183/4766/362 2184/4768/363 2186/4773/364 2187/4775/365 2188/4777/366 2190/4781/367
f 2196/4790/357 2189/4780/360 2190/4782/367 2198/4792/351
f 2198/4793/351 2190/4783/367 2188/4778/366 2197/4791/356
f 2189/4780/360 2196/4790/357 2193/4787/352 2185/4772/361
f 2185/4772/361 2193/4787/352 2191/4784/355 2183/4767/362
f 2197/4791/356 2188/4778/366 2187/4776/365 2195/4789/358
f 2195/4789/358 2187/4776/365 2186/4774/364 2194/4788/354
f 2183/4767/362 2191/4784/355 2192/4785/353 2184/4769/363
f 2184/4770/363 2192/4786/353 2194/4788/354 2186/4774/364
o fuse_box_etx_1_puzzle_piece_child
v -0.150000 -0.081750 0.072000
v -0.123750 -0.108000 0.072000
v -0.123750 -0.018000 0.072000
v -0.150000 -0.044250 0.072000
v -0.117537 -0.093000 0.042000
v -0.135000 -0.075537 0.042000
v -0.135000 -0.050463 0.042000
v -0.117537 -0.033000 0.042000
v -0.086250 -0.108000 0.072000
v -0.060000 -0.081750 0.072000
v -0.060000 -0.044250 0.072000
v -0.086250 -0.018000 0.072000
v -0.075000 -0.075537 0.042000
v -0.092464 -0.093000 0.042000
v -0.092464 -0.033000 0.042000
v -0.075000 -0.050463 0.042000
v -0.150000 -0.081750 0.042000
v -0.123750 -0.108000 0.042000
v -0.123750 -0.018000 0.042000
v -0.150000 -0.044250 0.042000
v -0.086250 -0.108000 0.042000
v -0.060000 -0.081750 0.042000
v -0.060000 -0.044250 0.042000
v -0.086250 -0.018000 0.042000
v -0.135000 -0.075537 0.027000
v -0.117537 -0.093000 0.027000
v -0.117537 -0.033000 0.027000
v -0.135000 -0.050463 0.027000
v -0.092464 -0.093000 0.027000
v -0.075000 -0.075537 0.027000
v -0.075000 -0.050463 0.027000
v -0.092464 -0.033000 0.027000
v -0.127500 -0.072375 0.087000
v -0.114375 -0.085500 0.087000
v -0.114375 -0.040500 0.087000
v -0.127500 -0.053625 0.087000
v -0.095625 -0.085500 0.087000
v -0.082500 -0.072375 0.087000
v -0.082500 -0.053625 0.087000
v -0.095625 -0.040500 0.087000
v -0.127500 -0.072375 0.072000
v -0.114375 -0.085500 0.072000
v -0.114375 -0.040500 0.072000
v -0.127500 -0.053625 0.072000
v -0.095625 -0.085500 0.072000
v -0.082500 -0.072375 0.072000
v -0.082500 -0.053625 0.072000
v -0.095625 -0.040500 0.072000
v -0.052500 -0.068625 0.072000
v -0.056250 -0.072375 0.072000
v -0.056250 -0.072375 0.087000
v -0.052500 -0.068625 0.087000
v -0.052500 -0.057375 0.087000
v -0.056250 -0.053625 0.087000
v -0.056250 -0.053625 0.072000
v -0.052500 -0.057375 0.072000
v -0.086774 -0.062999 0.094155
v -0.092112 -0.050112 0.094155
v -0.092112 -0.075886 0.094155
v -0.104999 -0.044774 0.094155
v -0.117886 -0.050112 0.094155
v -0.123224 -0.062999 0.094155
v -0.104999 -0.081224 0.094155
v -0.117886 -0.075886 0.094155
v -0.086774 -0.062999 0.086865
v -0.092112 -0.050112 0.086865
v -0.092112 -0.075886 0.086865
v -0.104999 -0.044774 0.086865
v -0.117886 -0.050112 0.086865
v -0.104999 -0.081224 0.086865
v -0.123224 -0.062999 0.086865
v -0.117886 -0.075886 0.086865
vn -0.0000 -0.0000 1.0000
vn 1.0000 -0.0000 -0.0000
vn -0.0000 1.0000 -0.0000
vn -1.0000 -0.0000 -0.0000
vn -0.7071 -0.7071 -0.0000
vn -0.7071 0.7071 -0.0000
vn 0.7071 -0.7071 -0.0000
vn 0.7071 0.7071 -0.0000
vn -0.0000 -1.0000 -0.0000
vn -0.0000 -0.0000 -1.0000
vn -0.0000 -0.7764 0.6303
vn 0.5490 -0.5490 0.6303
vn 0.7764 -0.0000 0.6303
vn 0.5490 0.5490 0.6303
vn -0.0000 0.7764 0.6303
vn -0.5490 0.5490 0.6303
vn -0.7764 -0.0000 0.6303
vn -0.5490 -0.5490 0.6303
vt 0.816665 1.000484
vt 0.832031 0.960938
vt 0.832031 0.945312
vt 0.806112 0.989931
vt 0.832031 0.960938
vt 0.832031 0.945312
vt 0.842294 0.989931
vt 0.832031 0.960938
vt 0.832031 0.945312
vt 0.831741 1.000484
vt 0.832031 0.945312
vt 0.832031 0.960938
vt 0.812142 0.977353
vt 0.839844 0.960938
vt 0.839844 0.951172
vt 0.819163 0.970333
vt 0.839844 0.951172
vt 0.839844 0.960938
vt 0.829243 0.970333
vt 0.839844 0.960938
vt 0.839844 0.951172
vt 0.836264 0.977353
vt 0.839844 0.960938
vt 0.839844 0.951172
vt 0.806112 0.974856
vt 0.832031 0.945312
vt 0.832031 0.960938
vt 0.816665 0.964303
vt 0.832031 0.945312
vt 0.832031 0.960938
vt 0.831741 0.964303
vt 0.832031 0.960938
vt 0.832031 0.945312
vt 0.842294 0.974856
vt 0.832031 0.945312
vt 0.832031 0.960938
vt 0.839844 0.960938
vt 0.819163 0.994454
vt 0.839844 0.951172
vt 0.812142 0.987434
vt 0.839844 0.951172
vt 0.839844 0.960938
vt 0.836264 0.987434
vt 0.839844 0.951172
vt 0.839844 0.960938
vt 0.839844 0.951172
vt 0.829243 0.994454
vt 0.839844 0.960938
vt 0.845703 0.960938
vt 0.845703 0.945312
vt 0.816665 0.964303
vt 0.845703 0.960938
vt 0.845703 0.945312
vt 0.806112 0.974856
vt 0.845703 0.960938
vt 0.845703 0.945312
vt 0.842294 0.974856
vt 0.845703 0.945312
vt 0.845703 0.960938
vt 0.831741 0.964303
vt 0.845703 0.945312
vt 0.845703 0.960938
vt 0.806112 0.989931
vt 0.845703 0.945312
vt 0.845703 0.960938
vt 0.816665 1.000484
vt 0.845703 0.960938
vt 0.845703 0.945312
vt 0.831741 1.000484
vt 0.845703 0.945312
vt 0.845703 0.960938
vt 0.842294 0.989931
vt 0.833984 0.951172
vt 0.833984 0.960938
vt 0.833984 0.960938
vt 0.833984 0.951172
vt 0.833984 0.960938
vt 0.833984 0.951172
vt 0.833984 0.960938
vt 0.833984 0.951172
vt 0.833984 0.951172
vt 0.833984 0.960938
vt 0.833984 0.960938
vt 0.833984 0.951172
vt 0.833984 0.951172
vt 0.833984 0.960938
vt 0.833984 0.951172
vt 0.833984 0.960938
vt 0.164303 0.236388
vt 0.176611 0.236388
vt 0.164303 0.237157
vt 0.169688 0.231004
vt 0.169688 0.237157
vt 0.169688 0.249465
vt 0.169688 0.237157
vt 0.164303 0.244081
vt 0.176611 0.244081
vt 0.164303 0.237157
vt 0.177380 0.231004
vt 0.177380 0.237157
vt 0.182764 0.236388
vt 0.182764 0.237157
vt 0.182764 0.237157
vt 0.182764 0.244081
vt 0.177380 0.249465
vt 0.177380 0.237157
vt 0.182764 0.236388
vt 0.164303 0.243311
vt 0.169688 0.243311
vt 0.169688 0.243311
vt 0.182764 0.244081
vt 0.164303 0.243311
vt 0.177380 0.243311
vt 0.182764 0.236388
vt 0.182764 0.243311
vt 0.182764 0.244081
vt 0.182764 0.243311
vt 0.177380 0.243311
vt 0.195072 0.237927
vt 0.182764 0.237927
vt 0.195072 0.243311
vt 0.193534 0.236388
vt 0.193534 0.243311
vt 0.193534 0.236388
vt 0.193534 0.237157
vt 0.176611 0.237927
vt 0.195072 0.237927
vt 0.195072 0.237157
vt 0.176611 0.242542
vt 0.195072 0.242542
vt 0.195072 0.237157
vt 0.193534 0.244081
vt 0.193534 0.237157
vt 0.193534 0.244081
vt 0.193534 0.243311
vt 0.195072 0.242542
vt 0.182764 0.242542
vt 0.195072 0.243311
vt 0.450919 0.220703
vt 0.453549 0.220703
vt 0.448705 0.215357
vt 0.453549 0.215357
vt 0.453549 0.226049
vt 0.448705 0.226049
vt 0.453549 0.226049
vt 0.443359 0.213143
vt 0.453549 0.220703
vt 0.438014 0.215357
vt 0.453549 0.215357
vt 0.435799 0.220703
vt 0.453549 0.220703
vt 0.443359 0.228263
vt 0.453549 0.220703
vt 0.438014 0.226049
vt 0.453549 0.215357
vt 0.453549 0.226049
vt 0.456573 0.220703
vt 0.456573 0.215357
vt 0.456573 0.226049
vt 0.456573 0.226049
vt 0.456573 0.220703
vt 0.456573 0.215357
vt 0.456573 0.220703
vt 0.456573 0.220703
vt 0.456573 0.215357
vt 0.456573 0.226049
s 0
usemtl electronics_etx_part_1
f 2207/4818/368 2208/4821/368 2209/4824/368 2210/4827/368 2201/4800/368 2202/4803/368 2199/4794/368 2200/4797/368
f 2220/4857/369 2221/4860/369 2209/4825/369 2208/4822/369
f 2222/4863/370 2217/4848/370 2201/4801/370 2210/4828/370
f 2199/4795/371 2202/4804/371 2218/4851/371 2215/4842/371
f 2214/4839/369 2211/4830/369 2228/4876/369 2229/4878/369
f 2216/4845/372 2200/4798/372 2199/4796/372 2215/4843/372
f 2201/4802/373 2217/4849/373 2218/4852/373 2202/4805/373
f 2207/4819/374 2219/4854/374 2220/4858/374 2208/4823/374
f 2222/4864/375 2210/4829/375 2209/4826/375 2221/4861/375
f 2216/4846/376 2219/4855/376 2207/4820/376 2200/4799/376
f 2204/4809/377 2203/4806/377 2216/4847/377 2215/4844/377
f 2206/4815/377 2205/4812/377 2218/4853/377 2217/4850/377
f 2212/4833/377 2211/4831/377 2220/4859/377 2219/4856/377
f 2214/4840/377 2213/4836/377 2222/4865/377 2221/4862/377
f 2203/4806/377 2212/4833/377 2219/4856/377 2216/4847/377
f 2205/4812/377 2204/4809/377 2215/4844/377 2218/4853/377
f 2213/4836/377 2206/4815/377 2217/4850/377 2222/4865/377
f 2211/4831/377 2214/4840/377 2221/4862/377 2220/4859/377
f 2204/4810/371 2205/4813/371 2226/4872/371 2223/4866/371
f 2213/4837/375 2214/4841/375 2229/4879/375 2230/4880/375
f 2205/4814/373 2206/4816/373 2225/4870/373 2226/4873/373
f 2206/4817/370 2213/4838/370 2230/4881/370 2225/4871/370
f 2212/4834/376 2203/4807/376 2224/4868/376 2227/4874/376
f 2211/4832/374 2212/4835/374 2227/4875/374 2228/4877/374
f 2203/4808/372 2204/4811/372 2223/4867/372 2224/4869/372
f 2235/4892/368 2236/4894/368 2237/4897/368 2238/4898/368 2233/4887/368 2234/4889/368 2231/4882/368 2232/4885/368
f 2246/4911/370 2241/4903/370 2233/4888/370 2238/4899/370
f 2231/4883/371 2234/4890/371 2242/4904/371 2239/4900/371
f 2240/4902/372 2232/4886/372 2231/4884/372 2239/4901/372
f 2233/4888/373 2241/4903/373 2242/4905/373 2234/4891/373
f 2235/4893/374 2243/4906/374 2244/4908/374 2236/4895/374
f 2246/4911/375 2238/4899/375 2237/4896/375 2245/4910/375
f 2240/4902/376 2243/4906/376 2235/4893/376 2232/4886/376
f 2244/4907/377 2245/4909/377 2253/4927/377 2254/4929/377 2247/4912/377 2248/4915/377
f 2247/4913/369 2254/4930/369 2251/4922/369 2250/4919/369
f 2245/4910/370 2237/4896/370 2252/4926/370 2253/4928/370
f 2237/4897/368 2236/4894/368 2249/4917/368 2250/4920/368 2251/4923/368 2252/4925/368
f 2247/4914/374 2250/4921/374 2249/4918/374 2248/4916/374
f 2251/4924/375 2254/4931/375 2253/4928/375 2252/4926/375
f 2236/4895/376 2244/4908/376 2248/4916/376 2249/4918/376
s 1
f 2261/4945/378 2257/4937/379 2255/4932/380 2256/4934/381 2258/4939/382 2259/4941/383 2260/4943/384 2262/4947/385
f 2268/4956/376 2261/4946/378 2262/4948/385 2270/4958/372
f 2270/4959/372 2262/4949/385 2260/4944/384 2269/4957/371
f 2261/4946/378 2268/4956/376 2265/4953/374 2257/4938/379
f 2257/4938/379 2265/4953/374 2263/4950/369 2255/4933/380
f 2269/4957/371 2260/4944/384 2259/4942/383 2267/4955/373
f 2267/4955/373 2259/4942/383 2258/4940/382 2266/4954/370
f 2255/4933/380 2263/4950/369 2264/4951/375 2256/4935/381
f 2256/4936/381 2264/4952/375 2266/4954/370 2258/4940/382
o fuse_box_etx_1_puzzle_piece_child_1
v -0.045000 -0.081750 0.072000
v -0.018750 -0.108000 0.072000
v -0.018750 -0.018000 0.072000
v -0.045000 -0.044250 0.072000
v -0.012537 -0.093000 0.042000
v -0.030000 -0.075537 0.042000
v -0.030000 -0.050463 0.042000
v -0.012537 -0.033000 0.042000
v 0.018750 -0.108000 0.072000
v 0.045000 -0.081750 0.072000
v 0.045000 -0.044250 0.072000
v 0.018750 -0.018000 0.072000
v 0.030000 -0.075537 0.042000
v 0.012536 -0.093000 0.042000
v 0.012536 -0.033000 0.042000
v 0.030000 -0.050463 0.042000
v -0.045000 -0.081750 0.042000
v -0.018750 -0.108000 0.042000
v -0.018750 -0.018000 0.042000
v -0.045000 -0.044250 0.042000
v 0.018750 -0.108000 0.042000
v 0.045000 -0.081750 0.042000
v 0.045000 -0.044250 0.042000
v 0.018750 -0.018000 0.042000
v -0.030000 -0.075537 0.027000
v -0.012537 -0.093000 0.027000
v -0.012537 -0.033000 0.027000
v -0.030000 -0.050463 0.027000
v 0.012536 -0.093000 0.027000
v 0.030000 -0.075537 0.027000
v 0.030000 -0.050463 0.027000
v 0.012536 -0.033000 0.027000
v -0.009375 -0.085500 0.087000
v -0.009375 -0.040500 0.087000
v 0.009375 -0.085500 0.087000
v 0.022500 -0.072375 0.087000
v 0.022500 -0.053625 0.087000
v 0.009375 -0.040500 0.087000
v -0.022500 -0.072375 0.072000
v -0.009375 -0.085500 0.072000
v -0.009375 -0.040500 0.072000
v -0.022500 -0.053625 0.072000
v 0.009375 -0.085500 0.072000
v 0.022500 -0.072375 0.072000
v 0.022500 -0.053625 0.072000
v 0.009375 -0.040500 0.072000
v 0.052500 -0.068625 0.072000
v 0.048750 -0.072375 0.072000
v 0.048750 -0.072375 0.087000
v 0.052500 -0.068625 0.087000
v 0.052500 -0.057375 0.087000
v 0.048750 -0.053625 0.087000
v 0.048750 -0.053625 0.072000
v 0.052500 -0.057375 0.072000
v -0.022500 -0.072375 0.087000
v -0.022500 -0.053625 0.087000
v -0.052500 -0.068625 0.072000
v -0.048750 -0.072375 0.072000
v -0.048750 -0.072375 0.087000
v -0.052500 -0.068625 0.087000
v -0.052500 -0.057375 0.087000
v -0.048750 -0.053625 0.087000
v -0.048750 -0.053625 0.072000
v -0.052500 -0.057375 0.072000
v -0.000000 -0.044774 0.094155
v -0.012887 -0.050112 0.094155
v 0.012887 -0.050112 0.094155
v -0.018225 -0.062999 0.094155
v -0.012887 -0.075886 0.094155
v -0.000000 -0.081224 0.094155
v 0.018225 -0.062999 0.094155
v 0.012887 -0.075886 0.094155
v -0.000000 -0.044774 0.086865
v -0.012887 -0.050112 0.086865
v 0.012887 -0.050112 0.086865
v -0.018225 -0.062999 0.086865
v -0.012887 -0.075886 0.086865
v 0.018225 -0.062999 0.086865
v -0.000000 -0.081224 0.086865
v 0.012887 -0.075886 0.086865
vn -0.0000 -0.0000 1.0000
vn 1.0000 -0.0000 -0.0000
vn -0.0000 1.0000 -0.0000
vn -1.0000 -0.0000 -0.0000
vn -0.7071 -0.7071 -0.0000
vn -0.7071 0.7071 -0.0000
vn 0.7071 -0.7071 -0.0000
vn 0.7071 0.7071 -0.0000
vn -0.0000 -1.0000 -0.0000
vn -0.0000 -0.0000 -1.0000
vn 0.7764 -0.0000 0.6303
vn 0.5490 0.5490 0.6303
vn -0.0000 0.7764 0.6303
vn -0.5490 0.5490 0.6303
vn -0.7764 -0.0000 0.6303
vn -0.5490 -0.5490 0.6303
vn -0.0000 -0.7764 0.6303
vn 0.5490 -0.5490 0.6303
vt 0.816665 1.000484
vt 0.832031 0.960938
vt 0.832031 0.945312
vt 0.806112 0.989931
vt 0.832031 0.960938
vt 0.832031 0.945312
vt 0.842294 0.989931
vt 0.832031 0.960938
vt 0.832031 0.945312
vt 0.831741 1.000484
vt 0.832031 0.945312
vt 0.832031 0.960938
vt 0.812142 0.977353
vt 0.839844 0.960938
vt 0.839844 0.951172
vt 0.819163 0.970333
vt 0.839844 0.951172
vt 0.839844 0.960938
vt 0.829243 0.970333
vt 0.839844 0.960938
vt 0.839844 0.951172
vt 0.836264 0.977353
vt 0.839844 0.960938
vt 0.839844 0.951172
vt 0.806112 0.974856
vt 0.832031 0.945312
vt 0.832031 0.960938
vt 0.816665 0.964303
vt 0.832031 0.945312
vt 0.832031 0.960938
vt 0.831741 0.964303
vt 0.832031 0.960938
vt 0.832031 0.945312
vt 0.842294 0.974856
vt 0.832031 0.945312
vt 0.832031 0.960938
vt 0.839844 0.960938
vt 0.819163 0.994454
vt 0.839844 0.951172
vt 0.812142 0.987434
vt 0.839844 0.951172
vt 0.839844 0.960938
vt 0.836264 0.987434
vt 0.839844 0.951172
vt 0.839844 0.960938
vt 0.839844 0.951172
vt 0.829243 0.994454
vt 0.839844 0.960938
vt 0.845703 0.960938
vt 0.845703 0.945312
vt 0.816665 0.964303
vt 0.845703 0.960938
vt 0.845703 0.945312
vt 0.806112 0.974856
vt 0.845703 0.960938
vt 0.845703 0.945312
vt 0.842294 0.974856
vt 0.845703 0.945312
vt 0.845703 0.960938
vt 0.831741 0.964303
vt 0.845703 0.945312
vt 0.845703 0.960938
vt 0.806112 0.989931
vt 0.845703 0.945312
vt 0.845703 0.960938
vt 0.816665 1.000484
vt 0.845703 0.960938
vt 0.845703 0.945312
vt 0.831741 1.000484
vt 0.845703 0.945312
vt 0.845703 0.960938
vt 0.842294 0.989931
vt 0.833984 0.951172
vt 0.833984 0.960938
vt 0.833984 0.960938
vt 0.833984 0.951172
vt 0.833984 0.960938
vt 0.833984 0.951172
vt 0.833984 0.960938
vt 0.833984 0.951172
vt 0.833984 0.951172
vt 0.833984 0.960938
vt 0.833984 0.960938
vt 0.833984 0.951172
vt 0.833984 0.951172
vt 0.833984 0.960938
vt 0.833984 0.951172
vt 0.833984 0.960938
vt 0.175781 0.230859
vt 0.175781 0.237109
vt 0.175781 0.249609
vt 0.175781 0.237109
vt 0.183594 0.230859
vt 0.183594 0.237109
vt 0.189062 0.236328
vt 0.189062 0.237109
vt 0.189062 0.237109
vt 0.189062 0.244141
vt 0.183594 0.249609
vt 0.183594 0.237109
vt 0.170312 0.236328
vt 0.170312 0.243359
vt 0.175781 0.243359
vt 0.175781 0.243359
vt 0.170312 0.244141
vt 0.170312 0.243359
vt 0.183594 0.243359
vt 0.189062 0.236328
vt 0.189062 0.243359
vt 0.189062 0.244141
vt 0.189062 0.243359
vt 0.183594 0.243359
vt 0.201563 0.237891
vt 0.182813 0.237891
vt 0.201563 0.243359
vt 0.200000 0.236328
vt 0.200000 0.243359
vt 0.200000 0.236328
vt 0.200000 0.237109
vt 0.176562 0.237891
vt 0.201563 0.237891
vt 0.201563 0.237109
vt 0.176562 0.242578
vt 0.201563 0.242578
vt 0.201563 0.237109
vt 0.200000 0.244141
vt 0.200000 0.237109
vt 0.200000 0.244141
vt 0.200000 0.243359
vt 0.201563 0.242578
vt 0.182813 0.242578
vt 0.201563 0.243359
vt 0.170312 0.236328
vt 0.170312 0.237109
vt 0.170312 0.237109
vt 0.170312 0.244141
vt 0.157813 0.237891
vt 0.182813 0.237891
vt 0.157813 0.243359
vt 0.159375 0.236328
vt 0.159375 0.243359
vt 0.159375 0.236328
vt 0.159375 0.237109
vt 0.176562 0.237891
vt 0.157813 0.237891
vt 0.157813 0.237109
vt 0.176562 0.242578
vt 0.157813 0.242578
vt 0.157813 0.237109
vt 0.159375 0.244141
vt 0.159375 0.237109
vt 0.159375 0.244141
vt 0.159375 0.243359
vt 0.157813 0.242578
vt 0.182813 0.242578
vt 0.157813 0.243359
vt 0.450919 0.220703
vt 0.453549 0.220703
vt 0.448705 0.215357
vt 0.453549 0.215357
vt 0.453549 0.226049
vt 0.448705 0.226049
vt 0.453549 0.226049
vt 0.443359 0.213143
vt 0.453549 0.220703
vt 0.438014 0.215357
vt 0.453549 0.215357
vt 0.435799 0.220703
vt 0.453549 0.220703
vt 0.443359 0.228263
vt 0.453549 0.220703
vt 0.438014 0.226049
vt 0.453549 0.215357
vt 0.453549 0.226049
vt 0.456573 0.220703
vt 0.456573 0.215357
vt 0.456573 0.226049
vt 0.456573 0.226049
vt 0.456573 0.220703
vt 0.456573 0.215357
vt 0.456573 0.220703
vt 0.456573 0.220703
vt 0.456573 0.215357
vt 0.456573 0.226049
s 0
usemtl electronics_etx_part_1
f 2279/4984/386 2280/4987/386 2281/4990/386 2282/4993/386 2273/4966/386 2274/4969/386 2271/4960/386 2272/4963/386
f 2292/5023/387 2293/5026/387 2281/4991/387 2280/4988/387
f 2294/5029/388 2289/5014/388 2273/4967/388 2282/4994/388
f 2271/4961/389 2274/4970/389 2290/5017/389 2287/5008/389
f 2286/5005/387 2283/4996/387 2300/5042/387 2301/5044/387
f 2288/5011/390 2272/4964/390 2271/4962/390 2287/5009/390
f 2273/4968/391 2289/5015/391 2290/5018/391 2274/4971/391
f 2279/4985/392 2291/5020/392 2292/5024/392 2280/4989/392
f 2294/5030/393 2282/4995/393 2281/4992/393 2293/5027/393
f 2288/5012/394 2291/5021/394 2279/4986/394 2272/4965/394
f 2276/4975/395 2275/4972/395 2288/5013/395 2287/5010/395
f 2278/4981/395 2277/4978/395 2290/5019/395 2289/5016/395
f 2284/4999/395 2283/4997/395 2292/5025/395 2291/5022/395
f 2286/5006/395 2285/5002/395 2294/5031/395 2293/5028/395
f 2275/4972/395 2284/4999/395 2291/5022/395 2288/5013/395
f 2277/4978/395 2276/4975/395 2287/5010/395 2290/5019/395
f 2285/5002/395 2278/4981/395 2289/5016/395 2294/5031/395
f 2283/4997/395 2286/5006/395 2293/5028/395 2292/5025/395
f 2276/4976/389 2277/4979/389 2298/5038/389 2295/5032/389
f 2285/5003/393 2286/5007/393 2301/5045/393 2302/5046/393
f 2277/4980/391 2278/4982/391 2297/5036/391 2298/5039/391
f 2278/4983/388 2285/5004/388 2302/5047/388 2297/5037/388
f 2284/5000/394 2275/4973/394 2296/5034/394 2299/5040/394
f 2283/4998/392 2284/5001/392 2299/5041/392 2300/5043/392
f 2275/4974/390 2276/4977/390 2295/5033/390 2296/5035/390
f 2305/5052/386 2306/5054/386 2307/5057/386 2308/5058/386 2304/5050/386 2326/5095/386 2325/5092/386 2303/5048/386
f 2316/5071/388 2311/5063/388 2304/5051/388 2308/5059/388
f 2310/5062/390 2303/5049/390 2325/5093/390 2309/5061/390
f 2304/5051/391 2311/5063/391 2312/5065/391 2326/5094/391
f 2305/5053/392 2313/5066/392 2314/5068/392 2306/5055/392
f 2316/5071/393 2308/5059/393 2307/5056/393 2315/5070/393
f 2310/5062/394 2313/5066/394 2305/5053/394 2303/5049/394
f 2314/5067/395 2315/5069/395 2323/5087/395 2324/5089/395 2317/5072/395 2318/5075/395
f 2317/5073/387 2324/5090/387 2321/5082/387 2320/5079/387
f 2315/5070/388 2307/5056/388 2322/5086/388 2323/5088/388
f 2307/5057/386 2306/5054/386 2319/5077/386 2320/5080/386 2321/5083/386 2322/5085/386
f 2317/5074/392 2320/5081/392 2319/5078/392 2318/5076/392
f 2321/5084/393 2324/5091/393 2323/5088/393 2322/5086/393
f 2306/5055/394 2314/5068/394 2318/5076/394 2319/5078/394
f 2309/5060/395 2328/5099/395 2327/5096/395 2334/5113/395 2333/5111/395 2312/5064/395
f 2327/5097/389 2330/5103/389 2331/5106/389 2334/5114/389
f 2312/5065/388 2333/5112/388 2332/5110/388 2326/5094/388
f 2326/5095/386 2332/5109/386 2331/5107/386 2330/5104/386 2329/5101/386 2325/5092/386
f 2327/5098/390 2328/5100/390 2329/5102/390 2330/5105/390
f 2331/5108/391 2332/5110/391 2333/5112/391 2334/5115/391
f 2325/5093/394 2329/5102/394 2328/5100/394 2309/5061/394
s 1
f 2341/5129/396 2337/5121/397 2335/5116/398 2336/5118/399 2338/5123/400 2339/5125/401 2340/5127/402 2342/5131/403
f 2348/5140/387 2341/5130/396 2342/5132/403 2350/5142/392
f 2350/5143/392 2342/5133/403 2340/5128/402 2349/5141/394
f 2341/5130/396 2348/5140/387 2345/5137/393 2337/5122/397
f 2337/5122/397 2345/5137/393 2343/5134/388 2335/5117/398
f 2349/5141/394 2340/5128/402 2339/5126/401 2347/5139/390
f 2347/5139/390 2339/5126/401 2338/5124/400 2346/5138/389
f 2335/5117/398 2343/5134/388 2344/5135/391 2336/5119/399
f 2336/5120/399 2344/5136/391 2346/5138/389 2338/5124/400
o fuse_box_etx_1_puzzle_piece_child_8
v 0.150000 -0.254250 0.072000
v 0.123750 -0.228000 0.072000
v 0.123750 -0.318000 0.072000
v 0.150000 -0.291750 0.072000
v 0.117537 -0.243000 0.042000
v 0.135000 -0.260463 0.042000
v 0.135000 -0.285537 0.042000
v 0.117537 -0.303000 0.042000
v 0.086250 -0.228000 0.072000
v 0.060000 -0.254250 0.072000
v 0.060000 -0.291750 0.072000
v 0.086250 -0.318000 0.072000
v 0.075000 -0.260463 0.042000
v 0.092463 -0.243000 0.042000
v 0.092463 -0.303000 0.042000
v 0.075000 -0.285537 0.042000
v 0.150000 -0.254250 0.042000
v 0.123750 -0.228000 0.042000
v 0.123750 -0.318000 0.042000
v 0.150000 -0.291750 0.042000
v 0.086250 -0.228000 0.042000
v 0.060000 -0.254250 0.042000
v 0.060000 -0.291750 0.042000
v 0.086250 -0.318000 0.042000
v 0.135000 -0.260463 0.027000
v 0.117537 -0.243000 0.027000
v 0.117537 -0.303000 0.027000
v 0.135000 -0.285537 0.027000
v 0.092463 -0.243000 0.027000
v 0.075000 -0.260463 0.027000
v 0.075000 -0.285537 0.027000
v 0.092463 -0.303000 0.027000
v 0.127500 -0.263625 0.087000
v 0.114375 -0.250500 0.087000
v 0.114375 -0.295500 0.087000
v 0.127500 -0.282375 0.087000
v 0.095625 -0.250500 0.087000
v 0.082500 -0.263625 0.087000
v 0.082500 -0.282375 0.087000
v 0.095625 -0.295500 0.087000
v 0.127500 -0.263625 0.072000
v 0.114375 -0.250500 0.072000
v 0.114375 -0.295500 0.072000
v 0.127500 -0.282375 0.072000
v 0.095625 -0.250500 0.072000
v 0.082500 -0.263625 0.072000
v 0.082500 -0.282375 0.072000
v 0.095625 -0.295500 0.072000
v 0.052500 -0.267375 0.072000
v 0.056250 -0.263625 0.072000
v 0.056250 -0.263625 0.087000
v 0.052500 -0.267375 0.087000
v 0.052500 -0.278625 0.087000
v 0.056250 -0.282375 0.087000
v 0.056250 -0.282375 0.072000
v 0.052500 -0.278625 0.072000
v 0.086773 -0.273000 0.094155
v 0.092111 -0.285887 0.094155
v 0.092111 -0.260113 0.094155
v 0.104998 -0.291225 0.094155
v 0.117885 -0.285887 0.094155
v 0.123223 -0.273000 0.094155
v 0.104998 -0.254775 0.094155
v 0.117885 -0.260113 0.094155
v 0.086773 -0.273000 0.086865
v 0.092111 -0.285887 0.086865
v 0.092111 -0.260113 0.086865
v 0.104998 -0.291225 0.086865
v 0.117885 -0.285887 0.086865
v 0.104998 -0.254775 0.086865
v 0.123223 -0.273000 0.086865
v 0.117885 -0.260113 0.086865
vn -0.0000 -0.0000 1.0000
vn -1.0000 -0.0000 -0.0000
vn -0.0000 -1.0000 -0.0000
vn 1.0000 -0.0000 -0.0000
vn 0.7071 0.7071 -0.0000
vn 0.7071 -0.7071 -0.0000
vn -0.7071 0.7071 -0.0000
vn -0.7071 -0.7071 -0.0000
vn -0.0000 1.0000 -0.0000
vn -0.0000 -0.0000 -1.0000
vn -0.0000 0.7764 0.6303
vn -0.5490 0.5490 0.6303
vn -0.7764 -0.0000 0.6303
vn -0.5490 -0.5490 0.6303
vn -0.0000 -0.7764 0.6303
vn 0.5490 -0.5490 0.6303
vn 0.7764 -0.0000 0.6303
vn 0.5490 0.5490 0.6303
vt 0.816665 1.000484
vt 0.832031 0.960938
vt 0.832031 0.945312
vt 0.806112 0.989931
vt 0.832031 0.960938
vt 0.832031 0.945312
vt 0.842294 0.989931
vt 0.832031 0.960938
vt 0.832031 0.945312
vt 0.831741 1.000484
vt 0.832031 0.945312
vt 0.832031 0.960938
vt 0.812142 0.977353
vt 0.839844 0.960938
vt 0.839844 0.951172
vt 0.819163 0.970333
vt 0.839844 0.951172
vt 0.839844 0.960938
vt 0.829243 0.970333
vt 0.839844 0.960938
vt 0.839844 0.951172
vt 0.836264 0.977353
vt 0.839844 0.960938
vt 0.839844 0.951172
vt 0.806112 0.974856
vt 0.832031 0.945312
vt 0.832031 0.960938
vt 0.816665 0.964303
vt 0.832031 0.945312
vt 0.832031 0.960938
vt 0.831741 0.964303
vt 0.832031 0.960938
vt 0.832031 0.945312
vt 0.842294 0.974856
vt 0.832031 0.945312
vt 0.832031 0.960938
vt 0.839844 0.960938
vt 0.819163 0.994454
vt 0.839844 0.951172
vt 0.812142 0.987434
vt 0.839844 0.951172
vt 0.839844 0.960938
vt 0.836264 0.987434
vt 0.839844 0.951172
vt 0.839844 0.960938
vt 0.839844 0.951172
vt 0.829243 0.994454
vt 0.839844 0.960938
vt 0.845703 0.960938
vt 0.845703 0.945312
vt 0.816665 0.964303
vt 0.845703 0.960938
vt 0.845703 0.945312
vt 0.806112 0.974856
vt 0.845703 0.960938
vt 0.845703 0.945312
vt 0.842294 0.974856
vt 0.845703 0.945312
vt 0.845703 0.960938
vt 0.831741 0.964303
vt 0.845703 0.945312
vt 0.845703 0.960938
vt 0.806112 0.989931
vt 0.845703 0.945312
vt 0.845703 0.960938
vt 0.816665 1.000484
vt 0.845703 0.960938
vt 0.845703 0.945312
vt 0.831741 1.000484
vt 0.845703 0.945312
vt 0.845703 0.960938
vt 0.842294 0.989931
vt 0.833984 0.951172
vt 0.833984 0.960938
vt 0.833984 0.960938
vt 0.833984 0.951172
vt 0.833984 0.960938
vt 0.833984 0.951172
vt 0.833984 0.960938
vt 0.833984 0.951172
vt 0.833984 0.951172
vt 0.833984 0.960938
vt 0.833984 0.960938
vt 0.833984 0.951172
vt 0.833984 0.951172
vt 0.833984 0.960938
vt 0.833984 0.951172
vt 0.833984 0.960938
vt 0.164303 0.236388
vt 0.176611 0.236388
vt 0.164303 0.237157
vt 0.169688 0.231004
vt 0.169688 0.237157
vt 0.169688 0.249465
vt 0.169688 0.237157
vt 0.164303 0.244081
vt 0.176611 0.244081
vt 0.164303 0.237157
vt 0.177380 0.231004
vt 0.177380 0.237157
vt 0.182764 0.236388
vt 0.182764 0.237157
vt 0.182764 0.237157
vt 0.182764 0.244081
vt 0.177380 0.249465
vt 0.177380 0.237157
vt 0.182764 0.236388
vt 0.164303 0.243311
vt 0.169688 0.243311
vt 0.169688 0.243311
vt 0.182764 0.244081
vt 0.164303 0.243311
vt 0.177380 0.243311
vt 0.182764 0.236388
vt 0.182764 0.243311
vt 0.182764 0.244081
vt 0.182764 0.243311
vt 0.177380 0.243311
vt 0.195072 0.237927
vt 0.182764 0.237927
vt 0.195072 0.243311
vt 0.193534 0.236388
vt 0.193534 0.243311
vt 0.193534 0.236388
vt 0.193534 0.237157
vt 0.176611 0.237927
vt 0.195072 0.237927
vt 0.195072 0.237157
vt 0.176611 0.242542
vt 0.195072 0.242542
vt 0.195072 0.237157
vt 0.193534 0.244081
vt 0.193534 0.237157
vt 0.193534 0.244081
vt 0.193534 0.243311
vt 0.195072 0.242542
vt 0.182764 0.242542
vt 0.195072 0.243311
vt 0.450919 0.220703
vt 0.453549 0.220703
vt 0.448705 0.215357
vt 0.453549 0.215357
vt 0.453549 0.226049
vt 0.448705 0.226049
vt 0.453549 0.226049
vt 0.443359 0.213143
vt 0.453549 0.220703
vt 0.438014 0.215357
vt 0.453549 0.215357
vt 0.435799 0.220703
vt 0.453549 0.220703
vt 0.443359 0.228263
vt 0.453549 0.220703
vt 0.438014 0.226049
vt 0.453549 0.215357
vt 0.453549 0.226049
vt 0.456573 0.220703
vt 0.456573 0.215357
vt 0.456573 0.226049
vt 0.456573 0.226049
vt 0.456573 0.220703
vt 0.456573 0.215357
vt 0.456573 0.220703
vt 0.456573 0.220703
vt 0.456573 0.215357
vt 0.456573 0.226049
s 0
usemtl electronics_etx_part_1
f 2359/5168/404 2360/5171/404 2361/5174/404 2362/5177/404 2353/5150/404 2354/5153/404 2351/5144/404 2352/5147/404
f 2372/5207/405 2373/5210/405 2361/5175/405 2360/5172/405
f 2374/5213/406 2369/5198/406 2353/5151/406 2362/5178/406
f 2351/5145/407 2354/5154/407 2370/5201/407 2367/5192/407
f 2366/5189/405 2363/5180/405 2380/5226/405 2381/5228/405
f 2368/5195/408 2352/5148/408 2351/5146/408 2367/5193/408
f 2353/5152/409 2369/5199/409 2370/5202/409 2354/5155/409
f 2359/5169/410 2371/5204/410 2372/5208/410 2360/5173/410
f 2374/5214/411 2362/5179/411 2361/5176/411 2373/5211/411
f 2368/5196/412 2371/5205/412 2359/5170/412 2352/5149/412
f 2356/5159/413 2355/5156/413 2368/5197/413 2367/5194/413
f 2358/5165/413 2357/5162/413 2370/5203/413 2369/5200/413
f 2364/5183/413 2363/5181/413 2372/5209/413 2371/5206/413
f 2366/5190/413 2365/5186/413 2374/5215/413 2373/5212/413
f 2355/5156/413 2364/5183/413 2371/5206/413 2368/5197/413
f 2357/5162/413 2356/5159/413 2367/5194/413 2370/5203/413
f 2365/5186/413 2358/5165/413 2369/5200/413 2374/5215/413
f 2363/5181/413 2366/5190/413 2373/5212/413 2372/5209/413
f 2356/5160/407 2357/5163/407 2378/5222/407 2375/5216/407
f 2365/5187/411 2366/5191/411 2381/5229/411 2382/5230/411
f 2357/5164/409 2358/5166/409 2377/5220/409 2378/5223/409
f 2358/5167/406 2365/5188/406 2382/5231/406 2377/5221/406
f 2364/5184/412 2355/5157/412 2376/5218/412 2379/5224/412
f 2363/5182/410 2364/5185/410 2379/5225/410 2380/5227/410
f 2355/5158/408 2356/5161/408 2375/5217/408 2376/5219/408
f 2387/5242/404 2388/5244/404 2389/5247/404 2390/5248/404 2385/5237/404 2386/5239/404 2383/5232/404 2384/5235/404
f 2398/5261/406 2393/5253/406 2385/5238/406 2390/5249/406
f 2383/5233/407 2386/5240/407 2394/5254/407 2391/5250/407
f 2392/5252/408 2384/5236/408 2383/5234/408 2391/5251/408
f 2385/5238/409 2393/5253/409 2394/5255/409 2386/5241/409
f 2387/5243/410 2395/5256/410 2396/5258/410 2388/5245/410
f 2398/5261/411 2390/5249/411 2389/5246/411 2397/5260/411
f 2392/5252/412 2395/5256/412 2387/5243/412 2384/5236/412
f 2396/5257/413 2397/5259/413 2405/5277/413 2406/5279/413 2399/5262/413 2400/5265/413
f 2399/5263/405 2406/5280/405 2403/5272/405 2402/5269/405
f 2397/5260/406 2389/5246/406 2404/5276/406 2405/5278/406
f 2389/5247/404 2388/5244/404 2401/5267/404 2402/5270/404 2403/5273/404 2404/5275/404
f 2399/5264/410 2402/5271/410 2401/5268/410 2400/5266/410
f 2403/5274/411 2406/5281/411 2405/5278/411 2404/5276/411
f 2388/5245/412 2396/5258/412 2400/5266/412 2401/5268/412
s 1
f 2413/5295/414 2409/5287/415 2407/5282/416 2408/5284/417 2410/5289/418 2411/5291/419 2412/5293/420 2414/5297/421
f 2420/5306/412 2413/5296/414 2414/5298/421 2422/5308/408
f 2422/5309/408 2414/5299/421 2412/5294/420 2421/5307/407
f 2413/5296/414 2420/5306/412 2417/5303/410 2409/5288/415
f 2409/5288/415 2417/5303/410 2415/5300/405 2407/5283/416
f 2421/5307/407 2412/5294/420 2411/5292/419 2419/5305/409
f 2419/5305/409 2411/5292/419 2410/5290/418 2418/5304/406
f 2407/5283/416 2415/5300/405 2416/5301/411 2408/5285/417
f 2408/5286/417 2416/5302/411 2418/5304/406 2410/5290/418
o fuse_box_etx_1_puzzle_piece_child_5
v 0.086249 -0.123000 0.072000
v 0.059999 -0.149250 0.072000
v 0.149999 -0.149250 0.072000
v 0.123749 -0.123000 0.072000
v 0.074999 -0.155463 0.042000
v 0.092463 -0.138000 0.042000
v 0.117536 -0.138000 0.042000
v 0.134999 -0.155463 0.042000
v 0.059999 -0.186750 0.072000
v 0.086249 -0.213000 0.072000
v 0.123749 -0.213000 0.072000
v 0.149999 -0.186750 0.072000
v 0.092463 -0.198000 0.042000
v 0.074999 -0.180537 0.042000
v 0.134999 -0.180537 0.042000
v 0.117536 -0.198000 0.042000
v 0.086249 -0.123000 0.042000
v 0.059999 -0.149250 0.042000
v 0.149999 -0.149250 0.042000
v 0.123749 -0.123000 0.042000
v 0.059999 -0.186750 0.042000
v 0.086249 -0.213000 0.042000
v 0.123749 -0.213000 0.042000
v 0.149999 -0.186750 0.042000
v 0.092463 -0.138000 0.027000
v 0.074999 -0.155463 0.027000
v 0.134999 -0.155463 0.027000
v 0.117536 -0.138000 0.027000
v 0.074999 -0.180537 0.027000
v 0.092463 -0.198000 0.027000
v 0.117536 -0.198000 0.027000
v 0.134999 -0.180537 0.027000
v 0.095624 -0.145500 0.087000
v 0.127499 -0.158625 0.087000
v 0.114374 -0.145500 0.087000
v 0.095624 -0.190500 0.087000
v 0.114374 -0.190500 0.087000
v 0.127499 -0.177375 0.087000
v 0.095624 -0.145500 0.072000
v 0.127499 -0.158625 0.072000
v 0.114374 -0.145500 0.072000
v 0.095624 -0.190500 0.072000
v 0.114374 -0.190500 0.072000
v 0.127499 -0.177375 0.072000
v 0.099374 -0.220500 0.072000
v 0.095624 -0.216750 0.072000
v 0.095624 -0.216750 0.087000
v 0.099374 -0.220500 0.087000
v 0.110624 -0.220500 0.087000
v 0.114374 -0.216750 0.087000
v 0.114374 -0.216750 0.072000
v 0.110624 -0.220500 0.072000
v 0.082499 -0.158625 0.087000
v 0.082499 -0.177375 0.087000
v 0.082499 -0.158625 0.072000
v 0.082499 -0.177375 0.072000
v 0.052499 -0.162375 0.072000
v 0.056249 -0.158625 0.072000
v 0.056249 -0.158625 0.087000
v 0.052499 -0.162375 0.087000
v 0.052499 -0.173625 0.087000
v 0.056249 -0.177375 0.087000
v 0.056249 -0.177375 0.072000
v 0.052499 -0.173625 0.072000
v 0.117887 -0.155113 0.094155
v 0.105000 -0.149775 0.094155
v 0.123225 -0.168000 0.094155
v 0.092113 -0.155113 0.094155
v 0.086775 -0.168000 0.094155
v 0.092113 -0.180887 0.094155
v 0.117887 -0.180887 0.094155
v 0.105000 -0.186225 0.094155
v 0.117887 -0.155113 0.086865
v 0.105000 -0.149775 0.086865
v 0.123225 -0.168000 0.086865
v 0.092113 -0.155113 0.086865
v 0.086775 -0.168000 0.086865
v 0.117887 -0.180887 0.086865
v 0.092113 -0.180887 0.086865
v 0.105000 -0.186225 0.086865
vn -0.0000 -0.0000 1.0000
vn -0.0000 -1.0000 -0.0000
vn 1.0000 -0.0000 -0.0000
vn -0.0000 1.0000 -0.0000
vn -0.7071 0.7071 -0.0000
vn 0.7071 0.7071 -0.0000
vn -0.7071 -0.7071 -0.0000
vn 0.7071 -0.7071 -0.0000
vn -1.0000 -0.0000 -0.0000
vn -0.0000 -0.0000 -1.0000
vn 0.5490 -0.5490 0.6303
vn 0.7764 -0.0000 0.6303
vn 0.5490 0.5490 0.6303
vn -0.0000 0.7764 0.6303
vn -0.5490 0.5490 0.6303
vn -0.7764 -0.0000 0.6303
vn -0.5490 -0.5490 0.6303
vn -0.0000 -0.7764 0.6303
vt 0.816665 1.000484
vt 0.832031 0.960938
vt 0.832031 0.945312
vt 0.806112 0.989931
vt 0.832031 0.960938
vt 0.832031 0.945312
vt 0.842294 0.989931
vt 0.832031 0.960938
vt 0.832031 0.945312
vt 0.831741 1.000484
vt 0.832031 0.945312
vt 0.832031 0.960938
vt 0.812142 0.977353
vt 0.839844 0.960938
vt 0.839844 0.951172
vt 0.819163 0.970333
vt 0.839844 0.951172
vt 0.839844 0.960938
vt 0.829243 0.970333
vt 0.839844 0.960938
vt 0.839844 0.951172
vt 0.836264 0.977353
vt 0.839844 0.960938
vt 0.839844 0.951172
vt 0.806112 0.974856
vt 0.832031 0.945312
vt 0.832031 0.960938
vt 0.816665 0.964303
vt 0.832031 0.945312
vt 0.832031 0.960938
vt 0.831741 0.964303
vt 0.832031 0.960938
vt 0.832031 0.945312
vt 0.842294 0.974856
vt 0.832031 0.945312
vt 0.832031 0.960938
vt 0.839844 0.960938
vt 0.819163 0.994454
vt 0.839844 0.951172
vt 0.812142 0.987434
vt 0.839844 0.951172
vt 0.839844 0.960938
vt 0.836264 0.987434
vt 0.839844 0.951172
vt 0.839844 0.960938
vt 0.839844 0.951172
vt 0.829243 0.994454
vt 0.839844 0.960938
vt 0.845703 0.960938
vt 0.845703 0.945312
vt 0.816665 0.964303
vt 0.845703 0.960938
vt 0.845703 0.945312
vt 0.806112 0.974856
vt 0.845703 0.960938
vt 0.845703 0.945312
vt 0.842294 0.974856
vt 0.845703 0.945312
vt 0.845703 0.960938
vt 0.831741 0.964303
vt 0.845703 0.945312
vt 0.845703 0.960938
vt 0.806112 0.989931
vt 0.845703 0.945312
vt 0.845703 0.960938
vt 0.816665 1.000484
vt 0.845703 0.960938
vt 0.845703 0.945312
vt 0.831741 1.000484
vt 0.845703 0.945312
vt 0.845703 0.960938
vt 0.842294 0.989931
vt 0.833984 0.951172
vt 0.833984 0.960938
vt 0.833984 0.960938
vt 0.833984 0.951172
vt 0.833984 0.960938
vt 0.833984 0.951172
vt 0.833984 0.960938
vt 0.833984 0.951172
vt 0.833984 0.951172
vt 0.833984 0.960938
vt 0.833984 0.960938
vt 0.833984 0.951172
vt 0.833984 0.951172
vt 0.833984 0.960938
vt 0.833984 0.951172
vt 0.833984 0.960938
vt 0.164429 0.242151
vt 0.176929 0.242151
vt 0.169897 0.255432
vt 0.169897 0.236682
vt 0.164429 0.249963
vt 0.176929 0.249963
vt 0.164429 0.236682
vt 0.183179 0.242151
vt 0.183179 0.236682
vt 0.183179 0.236682
vt 0.183179 0.249963
vt 0.177710 0.255432
vt 0.177710 0.236682
vt 0.183179 0.242151
vt 0.169897 0.242932
vt 0.183179 0.249963
vt 0.164429 0.242932
vt 0.182813 0.242578
vt 0.183179 0.242932
vt 0.182813 0.250391
vt 0.183179 0.242932
vt 0.177710 0.242932
vt 0.195312 0.244141
vt 0.183179 0.243713
vt 0.195679 0.242932
vt 0.193750 0.242578
vt 0.194116 0.242932
vt 0.194116 0.242151
vt 0.194116 0.236682
vt 0.176929 0.243713
vt 0.195679 0.243713
vt 0.195679 0.236682
vt 0.176929 0.248401
vt 0.195679 0.248401
vt 0.195679 0.236682
vt 0.194116 0.249963
vt 0.194116 0.236682
vt 0.193750 0.250391
vt 0.194116 0.242932
vt 0.195312 0.248828
vt 0.183179 0.248401
vt 0.195679 0.242932
vt 0.169897 0.236682
vt 0.176929 0.236682
vt 0.176929 0.236682
vt 0.177710 0.236682
vt 0.169531 0.237109
vt 0.183179 0.236682
vt 0.177710 0.242932
vt 0.177344 0.237109
vt 0.183179 0.236682
vt 0.171094 0.224609
vt 0.171460 0.242932
vt 0.183179 0.224182
vt 0.169531 0.226172
vt 0.183179 0.225745
vt 0.169897 0.225745
vt 0.176929 0.225745
vt 0.171460 0.236682
vt 0.171460 0.224182
vt 0.176929 0.224182
vt 0.176147 0.236682
vt 0.176147 0.224182
vt 0.176929 0.224182
vt 0.177710 0.225745
vt 0.176929 0.225745
vt 0.177344 0.226172
vt 0.183179 0.225745
vt 0.175781 0.224609
vt 0.176147 0.242932
vt 0.183179 0.224182
vt 0.450919 0.220703
vt 0.453549 0.220703
vt 0.448705 0.215357
vt 0.453549 0.215357
vt 0.453549 0.226049
vt 0.448705 0.226049
vt 0.453549 0.226049
vt 0.443359 0.213143
vt 0.453549 0.220703
vt 0.438014 0.215357
vt 0.453549 0.215357
vt 0.435799 0.220703
vt 0.453549 0.220703
vt 0.443359 0.228263
vt 0.453549 0.220703
vt 0.438014 0.226049
vt 0.453549 0.215357
vt 0.453549 0.226049
vt 0.456573 0.220703
vt 0.456573 0.215357
vt 0.456573 0.226049
vt 0.456573 0.226049
vt 0.456573 0.220703
vt 0.456573 0.215357
vt 0.456573 0.220703
vt 0.456573 0.220703
vt 0.456573 0.215357
vt 0.456573 0.226049
s 0
usemtl electronics_etx_part_1
f 2431/5334/422 2432/5337/422 2433/5340/422 2434/5343/422 2425/5316/422 2426/5319/422 2423/5310/422 2424/5313/422
f 2444/5373/423 2445/5376/423 2433/5341/423 2432/5338/423
f 2446/5379/424 2441/5364/424 2425/5317/424 2434/5344/424
f 2423/5311/425 2426/5320/425 2442/5367/425 2439/5358/425
f 2438/5355/423 2435/5346/423 2452/5392/423 2453/5394/423
f 2440/5361/426 2424/5314/426 2423/5312/426 2439/5359/426
f 2425/5318/427 2441/5365/427 2442/5368/427 2426/5321/427
f 2431/5335/428 2443/5370/428 2444/5374/428 2432/5339/428
f 2446/5380/429 2434/5345/429 2433/5342/429 2445/5377/429
f 2440/5362/430 2443/5371/430 2431/5336/430 2424/5315/430
f 2428/5325/431 2427/5322/431 2440/5363/431 2439/5360/431
f 2430/5331/431 2429/5328/431 2442/5369/431 2441/5366/431
f 2436/5349/431 2435/5347/431 2444/5375/431 2443/5372/431
f 2438/5356/431 2437/5352/431 2446/5381/431 2445/5378/431
f 2427/5322/431 2436/5349/431 2443/5372/431 2440/5363/431
f 2429/5328/431 2428/5325/431 2439/5360/431 2442/5369/431
f 2437/5352/431 2430/5331/431 2441/5366/431 2446/5381/431
f 2435/5347/431 2438/5356/431 2445/5378/431 2444/5375/431
f 2428/5326/425 2429/5329/425 2450/5388/425 2447/5382/425
f 2437/5353/429 2438/5357/429 2453/5395/429 2454/5396/429
f 2429/5330/427 2430/5332/427 2449/5386/427 2450/5389/427
f 2430/5333/424 2437/5354/424 2454/5397/424 2449/5387/424
f 2436/5350/430 2427/5323/430 2448/5384/430 2451/5390/430
f 2435/5348/428 2436/5351/428 2451/5391/428 2452/5393/428
f 2427/5324/426 2428/5327/426 2447/5383/426 2448/5385/426
f 2476/5443/422 2458/5405/422 2459/5408/422 2460/5409/422 2456/5400/422 2457/5402/422 2455/5398/422 2475/5440/422
f 2466/5419/424 2462/5412/424 2456/5401/424 2460/5410/424
f 2455/5399/425 2457/5403/425 2463/5413/425 2461/5411/425
f 2477/5445/426 2475/5441/426 2455/5399/426 2461/5411/426
f 2456/5401/427 2462/5412/427 2463/5414/427 2457/5404/427
f 2476/5443/428 2478/5446/428 2464/5416/428 2458/5406/428
f 2466/5419/429 2460/5410/429 2459/5407/429 2465/5418/429
f 2464/5415/431 2465/5417/431 2473/5435/431 2474/5437/431 2467/5420/431 2468/5423/431
f 2467/5421/423 2474/5438/423 2471/5430/423 2470/5427/423
f 2465/5418/424 2459/5407/424 2472/5434/424 2473/5436/424
f 2459/5408/422 2458/5405/422 2469/5425/422 2470/5428/422 2471/5431/422 2472/5433/422
f 2467/5422/428 2470/5429/428 2469/5426/428 2468/5424/428
f 2471/5432/429 2474/5439/429 2473/5436/429 2472/5434/429
f 2458/5406/430 2464/5416/430 2468/5424/430 2469/5426/430
f 2477/5444/431 2478/5447/431 2485/5464/431 2486/5466/431 2479/5449/431 2480/5452/431
f 2479/5450/430 2486/5467/430 2483/5459/430 2482/5456/430
f 2478/5448/423 2476/5442/423 2484/5463/423 2485/5465/423
f 2476/5443/422 2475/5440/422 2481/5454/422 2482/5457/422 2483/5460/422 2484/5462/422
f 2479/5451/426 2482/5458/426 2481/5455/426 2480/5453/426
f 2483/5461/428 2486/5468/428 2485/5465/428 2484/5463/428
f 2475/5441/425 2477/5445/425 2480/5453/425 2481/5455/425
s 1
f 2493/5482/432 2489/5474/433 2487/5469/434 2488/5471/435 2490/5476/436 2491/5478/437 2492/5480/438 2494/5484/439
f 2500/5493/429 2493/5483/432 2494/5485/439 2502/5495/423
f 2502/5496/423 2494/5486/439 2492/5481/438 2501/5494/428
f 2493/5483/432 2500/5493/429 2497/5490/424 2489/5475/433
f 2489/5475/433 2497/5490/424 2495/5487/427 2487/5470/434
f 2501/5494/428 2492/5481/438 2491/5479/437 2499/5492/430
f 2499/5492/430 2491/5479/437 2490/5477/436 2498/5491/426
f 2487/5470/434 2495/5487/427 2496/5488/425 2488/5472/435
f 2488/5473/435 2496/5489/425 2498/5491/426 2490/5477/436
o fuse_box_etx_1_puzzle_piece_child_4
v -0.018750 -0.123000 0.072000
v -0.045000 -0.149250 0.072000
v 0.045000 -0.149250 0.072000
v 0.018750 -0.123000 0.072000
v -0.030000 -0.155463 0.042000
v -0.012537 -0.138000 0.042000
v 0.012536 -0.138000 0.042000
v 0.030000 -0.155463 0.042000
v -0.045000 -0.186750 0.072000
v -0.018750 -0.213000 0.072000
v 0.018750 -0.213000 0.072000
v 0.045000 -0.186750 0.072000
v -0.012537 -0.198000 0.042000
v -0.030000 -0.180537 0.042000
v 0.030000 -0.180537 0.042000
v 0.012536 -0.198000 0.042000
v -0.018750 -0.123000 0.042000
v -0.045000 -0.149250 0.042000
v 0.045000 -0.149250 0.042000
v 0.018750 -0.123000 0.042000
v -0.045000 -0.186750 0.042000
v -0.018750 -0.213000 0.042000
v 0.018750 -0.213000 0.042000
v 0.045000 -0.186750 0.042000
v -0.012537 -0.138000 0.027000
v -0.030000 -0.155463 0.027000
v 0.030000 -0.155463 0.027000
v 0.012536 -0.138000 0.027000
v -0.030000 -0.180537 0.027000
v -0.012537 -0.198000 0.027000
v 0.012536 -0.198000 0.027000
v 0.030000 -0.180537 0.027000
v -0.022500 -0.158625 0.087000
v 0.022500 -0.158625 0.087000
v -0.022500 -0.177375 0.087000
v -0.009375 -0.190500 0.087000
v 0.009375 -0.190500 0.087000
v 0.022500 -0.177375 0.087000
v -0.009375 -0.145500 0.072000
v -0.022500 -0.158625 0.072000
v 0.022500 -0.158625 0.072000
v 0.009375 -0.145500 0.072000
v -0.022500 -0.177375 0.072000
v -0.009375 -0.190500 0.072000
v 0.009375 -0.190500 0.072000
v 0.022500 -0.177375 0.072000
v -0.005625 -0.220500 0.072000
v -0.009375 -0.216750 0.072000
v -0.009375 -0.216750 0.087000
v -0.005625 -0.220500 0.087000
v 0.005625 -0.220500 0.087000
v 0.009375 -0.216750 0.087000
v 0.009375 -0.216750 0.072000
v 0.005625 -0.220500 0.072000
v -0.009375 -0.145500 0.087000
v 0.009375 -0.145500 0.087000
v -0.005625 -0.115500 0.072000
v -0.009375 -0.119250 0.072000
v -0.009375 -0.119250 0.087000
v -0.005625 -0.115500 0.087000
v 0.005625 -0.115500 0.087000
v 0.009375 -0.119250 0.087000
v 0.009375 -0.119250 0.072000
v 0.005625 -0.115500 0.072000
v 0.018226 -0.168000 0.094155
v 0.012888 -0.155113 0.094155
v 0.012888 -0.180887 0.094155
v 0.000001 -0.149775 0.094155
v -0.012886 -0.155113 0.094155
v -0.018224 -0.168000 0.094155
v 0.000001 -0.186225 0.094155
v -0.012886 -0.180887 0.094155
v 0.018226 -0.168000 0.086865
v 0.012888 -0.155113 0.086865
v 0.012888 -0.180887 0.086865
v 0.000001 -0.149775 0.086865
v -0.012886 -0.155113 0.086865
v 0.000001 -0.186225 0.086865
v -0.018224 -0.168000 0.086865
v -0.012886 -0.180887 0.086865
vn -0.0000 -0.0000 1.0000
vn -0.0000 -1.0000 -0.0000
vn 1.0000 -0.0000 -0.0000
vn -0.0000 1.0000 -0.0000
vn -0.7071 0.7071 -0.0000
vn 0.7071 0.7071 -0.0000
vn -0.7071 -0.7071 -0.0000
vn 0.7071 -0.7071 -0.0000
vn -1.0000 -0.0000 -0.0000
vn -0.0000 -0.0000 -1.0000
vn -0.0000 -0.7764 0.6303
vn 0.5490 -0.5490 0.6303
vn 0.7764 -0.0000 0.6303
vn 0.5490 0.5490 0.6303
vn -0.0000 0.7764 0.6303
vn -0.5490 0.5490 0.6303
vn -0.7764 -0.0000 0.6303
vn -0.5490 -0.5490 0.6303
vt 0.816665 1.000484
vt 0.832031 0.960938
vt 0.832031 0.945312
vt 0.806112 0.989931
vt 0.832031 0.960938
vt 0.832031 0.945312
vt 0.842294 0.989931
vt 0.832031 0.960938
vt 0.832031 0.945312
vt 0.831741 1.000484
vt 0.832031 0.945312
vt 0.832031 0.960938
vt 0.812142 0.977353
vt 0.839844 0.960938
vt 0.839844 0.951172
vt 0.819163 0.970333
vt 0.839844 0.951172
vt 0.839844 0.960938
vt 0.829243 0.970333
vt 0.839844 0.960938
vt 0.839844 0.951172
vt 0.836264 0.977353
vt 0.839844 0.960938
vt 0.839844 0.951172
vt 0.806112 0.974856
vt 0.832031 0.945312
vt 0.832031 0.960938
vt 0.816665 0.964303
vt 0.832031 0.945312
vt 0.832031 0.960938
vt 0.831741 0.964303
vt 0.832031 0.960938
vt 0.832031 0.945312
vt 0.842294 0.974856
vt 0.832031 0.945312
vt 0.832031 0.960938
vt 0.839844 0.960938
vt 0.819163 0.994454
vt 0.839844 0.951172
vt 0.812142 0.987434
vt 0.839844 0.951172
vt 0.839844 0.960938
vt 0.836264 0.987434
vt 0.839844 0.951172
vt 0.839844 0.960938
vt 0.839844 0.951172
vt 0.829243 0.994454
vt 0.839844 0.960938
vt 0.845703 0.960938
vt 0.845703 0.945312
vt 0.816665 0.964303
vt 0.845703 0.960938
vt 0.845703 0.945312
vt 0.806112 0.974856
vt 0.845703 0.960938
vt 0.845703 0.945312
vt 0.842294 0.974856
vt 0.845703 0.945312
vt 0.845703 0.960938
vt 0.831741 0.964303
vt 0.845703 0.945312
vt 0.845703 0.960938
vt 0.806112 0.989931
vt 0.845703 0.945312
vt 0.845703 0.960938
vt 0.816665 1.000484
vt 0.845703 0.960938
vt 0.845703 0.945312
vt 0.831741 1.000484
vt 0.845703 0.945312
vt 0.845703 0.960938
vt 0.842294 0.989931
vt 0.833984 0.951172
vt 0.833984 0.960938
vt 0.833984 0.960938
vt 0.833984 0.951172
vt 0.833984 0.960938
vt 0.833984 0.951172
vt 0.833984 0.960938
vt 0.833984 0.951172
vt 0.833984 0.951172
vt 0.833984 0.960938
vt 0.833984 0.960938
vt 0.833984 0.951172
vt 0.833984 0.951172
vt 0.833984 0.960938
vt 0.833984 0.951172
vt 0.833984 0.960938
vt 0.175781 0.230859
vt 0.175781 0.237109
vt 0.175781 0.249609
vt 0.175781 0.237109
vt 0.183594 0.230859
vt 0.183594 0.237109
vt 0.189062 0.236328
vt 0.189062 0.237109
vt 0.189062 0.237109
vt 0.189062 0.244141
vt 0.183594 0.249609
vt 0.183594 0.237109
vt 0.170312 0.236328
vt 0.170312 0.243359
vt 0.175781 0.243359
vt 0.175781 0.243359
vt 0.170312 0.244141
vt 0.170312 0.243359
vt 0.183594 0.243359
vt 0.189062 0.236328
vt 0.189062 0.243359
vt 0.189062 0.244141
vt 0.189062 0.243359
vt 0.183594 0.243359
vt 0.201563 0.237891
vt 0.182813 0.237891
vt 0.201563 0.243359
vt 0.200000 0.236328
vt 0.200000 0.243359
vt 0.200000 0.236328
vt 0.200000 0.237109
vt 0.176562 0.237891
vt 0.201563 0.237891
vt 0.201563 0.237109
vt 0.176562 0.242578
vt 0.201563 0.242578
vt 0.201563 0.237109
vt 0.200000 0.244141
vt 0.200000 0.237109
vt 0.200000 0.244141
vt 0.200000 0.243359
vt 0.201563 0.242578
vt 0.182813 0.242578
vt 0.201563 0.243359
vt 0.170312 0.236328
vt 0.170312 0.237109
vt 0.170312 0.237109
vt 0.170312 0.244141
vt 0.157813 0.237891
vt 0.182813 0.237891
vt 0.157813 0.243359
vt 0.159375 0.236328
vt 0.159375 0.243359
vt 0.159375 0.236328
vt 0.159375 0.237109
vt 0.176562 0.237891
vt 0.157813 0.237891
vt 0.157813 0.237109
vt 0.176562 0.242578
vt 0.157813 0.242578
vt 0.157813 0.237109
vt 0.159375 0.244141
vt 0.159375 0.237109
vt 0.159375 0.244141
vt 0.159375 0.243359
vt 0.157813 0.242578
vt 0.182813 0.242578
vt 0.157813 0.243359
vt 0.450919 0.220703
vt 0.453549 0.220703
vt 0.448705 0.215357
vt 0.453549 0.215357
vt 0.453549 0.226049
vt 0.448705 0.226049
vt 0.453549 0.226049
vt 0.443359 0.213143
vt 0.453549 0.220703
vt 0.438014 0.215357
vt 0.453549 0.215357
vt 0.435799 0.220703
vt 0.453549 0.220703
vt 0.443359 0.228263
vt 0.453549 0.220703
vt 0.438014 0.226049
vt 0.453549 0.215357
vt 0.453549 0.226049
vt 0.456573 0.220703
vt 0.456573 0.215357
vt 0.456573 0.226049
vt 0.456573 0.226049
vt 0.456573 0.220703
vt 0.456573 0.215357
vt 0.456573 0.220703
vt 0.456573 0.220703
vt 0.456573 0.215357
vt 0.456573 0.226049
s 0
usemtl electronics_etx_part_1
f 2511/5521/440 2512/5524/440 2513/5527/440 2514/5530/440 2505/5503/440 2506/5506/440 2503/5497/440 2504/5500/440
f 2524/5560/441 2525/5563/441 2513/5528/441 2512/5525/441
f 2526/5566/442 2521/5551/442 2505/5504/442 2514/5531/442
f 2503/5498/443 2506/5507/443 2522/5554/443 2519/5545/443
f 2518/5542/441 2515/5533/441 2532/5579/441 2533/5581/441
f 2520/5548/444 2504/5501/444 2503/5499/444 2519/5546/444
f 2505/5505/445 2521/5552/445 2522/5555/445 2506/5508/445
f 2511/5522/446 2523/5557/446 2524/5561/446 2512/5526/446
f 2526/5567/447 2514/5532/447 2513/5529/447 2525/5564/447
f 2520/5549/448 2523/5558/448 2511/5523/448 2504/5502/448
f 2508/5512/449 2507/5509/449 2520/5550/449 2519/5547/449
f 2510/5518/449 2509/5515/449 2522/5556/449 2521/5553/449
f 2516/5536/449 2515/5534/449 2524/5562/449 2523/5559/449
f 2518/5543/449 2517/5539/449 2526/5568/449 2525/5565/449
f 2507/5509/449 2516/5536/449 2523/5559/449 2520/5550/449
f 2509/5515/449 2508/5512/449 2519/5547/449 2522/5556/449
f 2517/5539/449 2510/5518/449 2521/5553/449 2526/5568/449
f 2515/5534/449 2518/5543/449 2525/5565/449 2524/5562/449
f 2508/5513/443 2509/5516/443 2530/5575/443 2527/5569/443
f 2517/5540/447 2518/5544/447 2533/5582/447 2534/5583/447
f 2509/5517/445 2510/5519/445 2529/5573/445 2530/5576/445
f 2510/5520/442 2517/5541/442 2534/5584/442 2529/5574/442
f 2516/5537/448 2507/5510/448 2528/5571/448 2531/5577/448
f 2515/5535/446 2516/5538/446 2531/5578/446 2532/5580/446
f 2507/5511/444 2508/5514/444 2527/5570/444 2528/5572/444
f 2537/5589/440 2538/5591/440 2539/5594/440 2540/5595/440 2536/5587/440 2558/5632/440 2557/5629/440 2535/5585/440
f 2548/5608/442 2543/5600/442 2536/5588/442 2540/5596/442
f 2542/5599/444 2535/5586/444 2557/5630/444 2541/5598/444
f 2536/5588/445 2543/5600/445 2544/5602/445 2558/5631/445
f 2537/5590/446 2545/5603/446 2546/5605/446 2538/5592/446
f 2548/5608/447 2540/5596/447 2539/5593/447 2547/5607/447
f 2542/5599/448 2545/5603/448 2537/5590/448 2535/5586/448
f 2546/5604/449 2547/5606/449 2555/5624/449 2556/5626/449 2549/5609/449 2550/5612/449
f 2549/5610/441 2556/5627/441 2553/5619/441 2552/5616/441
f 2547/5607/442 2539/5593/442 2554/5623/442 2555/5625/442
f 2539/5594/440 2538/5591/440 2551/5614/440 2552/5617/440 2553/5620/440 2554/5622/440
f 2549/5611/446 2552/5618/446 2551/5615/446 2550/5613/446
f 2553/5621/447 2556/5628/447 2555/5625/447 2554/5623/447
f 2538/5592/448 2546/5605/448 2550/5613/448 2551/5615/448
f 2541/5597/449 2560/5636/449 2559/5633/449 2566/5650/449 2565/5648/449 2544/5601/449
f 2559/5634/443 2562/5640/443 2563/5643/443 2566/5651/443
f 2544/5602/442 2565/5649/442 2564/5647/442 2558/5631/442
f 2558/5632/440 2564/5646/440 2563/5644/440 2562/5641/440 2561/5638/440 2557/5629/440
f 2559/5635/444 2560/5637/444 2561/5639/444 2562/5642/444
f 2563/5645/445 2564/5647/445 2565/5649/445 2566/5652/445
f 2557/5630/448 2561/5639/448 2560/5637/448 2541/5598/448
s 1
f 2573/5666/450 2569/5658/451 2567/5653/452 2568/5655/453 2570/5660/454 2571/5662/455 2572/5664/456 2574/5668/457
f 2580/5677/441 2573/5667/450 2574/5669/457 2582/5679/446
f 2582/5680/446 2574/5670/457 2572/5665/456 2581/5678/448
f 2573/5667/450 2580/5677/441 2577/5674/447 2569/5659/451
f 2569/5659/451 2577/5674/447 2575/5671/442 2567/5654/452
f 2581/5678/448 2572/5665/456 2571/5663/455 2579/5676/444
f 2579/5676/444 2571/5663/455 2570/5661/454 2578/5675/443
f 2567/5654/452 2575/5671/442 2576/5672/445 2568/5656/453
f 2568/5657/453 2576/5673/445 2578/5675/443 2570/5661/454
o fuse_box_etx_1_puzzle_piece_child_3
v -0.086251 -0.213000 0.072000
v -0.060001 -0.186750 0.072000
v -0.150001 -0.186750 0.072000
v -0.123751 -0.213000 0.072000
v -0.075001 -0.180537 0.042000
v -0.092464 -0.198000 0.042000
v -0.117537 -0.198000 0.042000
v -0.135001 -0.180537 0.042000
v -0.060001 -0.149250 0.072000
v -0.086251 -0.123000 0.072000
v -0.123751 -0.123000 0.072000
v -0.150001 -0.149250 0.072000
v -0.092464 -0.138000 0.042000
v -0.075001 -0.155463 0.042000
v -0.135001 -0.155463 0.042000
v -0.117537 -0.138000 0.042000
v -0.086251 -0.213000 0.042000
v -0.060001 -0.186750 0.042000
v -0.150001 -0.186750 0.042000
v -0.123751 -0.213000 0.042000
v -0.060001 -0.149250 0.042000
v -0.086251 -0.123000 0.042000
v -0.123751 -0.123000 0.042000
v -0.150001 -0.149250 0.042000
v -0.092464 -0.198000 0.027000
v -0.075001 -0.180537 0.027000
v -0.135001 -0.180537 0.027000
v -0.117537 -0.198000 0.027000
v -0.075001 -0.155463 0.027000
v -0.092464 -0.138000 0.027000
v -0.117537 -0.138000 0.027000
v -0.135001 -0.155463 0.027000
v -0.095626 -0.190500 0.087000
v -0.127501 -0.177375 0.087000
v -0.114376 -0.190500 0.087000
v -0.095626 -0.145500 0.087000
v -0.114376 -0.145500 0.087000
v -0.127501 -0.158625 0.087000
v -0.095626 -0.190500 0.072000
v -0.127501 -0.177375 0.072000
v -0.114376 -0.190500 0.072000
v -0.095626 -0.145500 0.072000
v -0.114376 -0.145500 0.072000
v -0.127501 -0.158625 0.072000
v -0.099376 -0.115500 0.072000
v -0.095626 -0.119250 0.072000
v -0.095626 -0.119250 0.087000
v -0.099376 -0.115500 0.087000
v -0.110626 -0.115500 0.087000
v -0.114376 -0.119250 0.087000
v -0.114376 -0.119250 0.072000
v -0.110626 -0.115500 0.072000
v -0.082501 -0.177375 0.087000
v -0.082501 -0.158625 0.087000
v -0.082501 -0.177375 0.072000
v -0.082501 -0.158625 0.072000
v -0.052501 -0.173625 0.072000
v -0.056251 -0.177375 0.072000
v -0.056251 -0.177375 0.087000
v -0.052501 -0.173625 0.087000
v -0.052501 -0.162375 0.087000
v -0.056251 -0.158625 0.087000
v -0.056251 -0.158625 0.072000
v -0.052501 -0.162375 0.072000
v -0.117888 -0.180887 0.094155
v -0.105001 -0.186225 0.094155
v -0.123226 -0.168000 0.094155
v -0.092114 -0.180887 0.094155
v -0.086776 -0.168000 0.094155
v -0.092114 -0.155113 0.094155
v -0.117888 -0.155113 0.094155
v -0.105001 -0.149775 0.094155
v -0.117888 -0.180887 0.086865
v -0.105001 -0.186225 0.086865
v -0.123226 -0.168000 0.086865
v -0.092114 -0.180887 0.086865
v -0.086776 -0.168000 0.086865
v -0.117888 -0.155113 0.086865
v -0.092114 -0.155113 0.086865
v -0.105001 -0.149775 0.086865
vn -0.0000 -0.0000 1.0000
vn -0.0000 1.0000 -0.0000
vn -1.0000 -0.0000 -0.0000
vn -0.0000 -1.0000 -0.0000
vn 0.7071 -0.7071 -0.0000
vn -0.7071 -0.7071 -0.0000
vn 0.7071 0.7071 -0.0000
vn -0.7071 0.7071 -0.0000
vn 1.0000 -0.0000 -0.0000
vn -0.0000 -0.0000 -1.0000
vn -0.5490 0.5490 0.6303
vn -0.7764 -0.0000 0.6303
vn -0.5490 -0.5490 0.6303
vn -0.0000 -0.7764 0.6303
vn 0.5490 -0.5490 0.6303
vn 0.7764 -0.0000 0.6303
vn 0.5490 0.5490 0.6303
vn -0.0000 0.7764 0.6303
vt 0.816665 1.000484
vt 0.832031 0.960938
vt 0.832031 0.945312
vt 0.806112 0.989931
vt 0.832031 0.960938
vt 0.832031 0.945312
vt 0.842294 0.989931
vt 0.832031 0.960938
vt 0.832031 0.945312
vt 0.831741 1.000484
vt 0.832031 0.945312
vt 0.832031 0.960938
vt 0.812142 0.977353
vt 0.839844 0.960938
vt 0.839844 0.951172
vt 0.819163 0.970333
vt 0.839844 0.951172
vt 0.839844 0.960938
vt 0.829243 0.970333
vt 0.839844 0.960938
vt 0.839844 0.951172
vt 0.836264 0.977353
vt 0.839844 0.960938
vt 0.839844 0.951172
vt 0.806112 0.974856
vt 0.832031 0.945312
vt 0.832031 0.960938
vt 0.816665 0.964303
vt 0.832031 0.945312
vt 0.832031 0.960938
vt 0.831741 0.964303
vt 0.832031 0.960938
vt 0.832031 0.945312
vt 0.842294 0.974856
vt 0.832031 0.945312
vt 0.832031 0.960938
vt 0.839844 0.960938
vt 0.819163 0.994454
vt 0.839844 0.951172
vt 0.812142 0.987434
vt 0.839844 0.951172
vt 0.839844 0.960938
vt 0.836264 0.987434
vt 0.839844 0.951172
vt 0.839844 0.960938
vt 0.839844 0.951172
vt 0.829243 0.994454
vt 0.839844 0.960938
vt 0.845703 0.960938
vt 0.845703 0.945312
vt 0.816665 0.964303
vt 0.845703 0.960938
vt 0.845703 0.945312
vt 0.806112 0.974856
vt 0.845703 0.960938
vt 0.845703 0.945312
vt 0.842294 0.974856
vt 0.845703 0.945312
vt 0.845703 0.960938
vt 0.831741 0.964303
vt 0.845703 0.945312
vt 0.845703 0.960938
vt 0.806112 0.989931
vt 0.845703 0.945312
vt 0.845703 0.960938
vt 0.816665 1.000484
vt 0.845703 0.960938
vt 0.845703 0.945312
vt 0.831741 1.000484
vt 0.845703 0.945312
vt 0.845703 0.960938
vt 0.842294 0.989931
vt 0.833984 0.951172
vt 0.833984 0.960938
vt 0.833984 0.960938
vt 0.833984 0.951172
vt 0.833984 0.960938
vt 0.833984 0.951172
vt 0.833984 0.960938
vt 0.833984 0.951172
vt 0.833984 0.951172
vt 0.833984 0.960938
vt 0.833984 0.960938
vt 0.833984 0.951172
vt 0.833984 0.951172
vt 0.833984 0.960938
vt 0.833984 0.951172
vt 0.833984 0.960938
vt 0.164429 0.242151
vt 0.176929 0.242151
vt 0.169897 0.255432
vt 0.169897 0.236682
vt 0.164429 0.249963
vt 0.176929 0.249963
vt 0.164429 0.236682
vt 0.183179 0.242151
vt 0.183179 0.236682
vt 0.183179 0.236682
vt 0.183179 0.249963
vt 0.177710 0.255432
vt 0.177710 0.236682
vt 0.183179 0.242151
vt 0.169897 0.242932
vt 0.183179 0.249963
vt 0.164429 0.242932
vt 0.182813 0.242578
vt 0.183179 0.242932
vt 0.182813 0.250391
vt 0.183179 0.242932
vt 0.177710 0.242932
vt 0.195312 0.244141
vt 0.183179 0.243713
vt 0.195679 0.242932
vt 0.193750 0.242578
vt 0.194116 0.242932
vt 0.194116 0.242151
vt 0.194116 0.236682
vt 0.176929 0.243713
vt 0.195679 0.243713
vt 0.195679 0.236682
vt 0.176929 0.248401
vt 0.195679 0.248401
vt 0.195679 0.236682
vt 0.194116 0.249963
vt 0.194116 0.236682
vt 0.193750 0.250391
vt 0.194116 0.242932
vt 0.195312 0.248828
vt 0.183179 0.248401
vt 0.195679 0.242932
vt 0.169897 0.236682
vt 0.176929 0.236682
vt 0.176929 0.236682
vt 0.177710 0.236682
vt 0.169531 0.237109
vt 0.183179 0.236682
vt 0.177710 0.242932
vt 0.177344 0.237109
vt 0.183179 0.236682
vt 0.171094 0.224609
vt 0.171460 0.242932
vt 0.183179 0.224182
vt 0.169531 0.226172
vt 0.183179 0.225745
vt 0.169897 0.225745
vt 0.176929 0.225745
vt 0.171460 0.236682
vt 0.171460 0.224182
vt 0.176929 0.224182
vt 0.176147 0.236682
vt 0.176147 0.224182
vt 0.176929 0.224182
vt 0.177710 0.225745
vt 0.176929 0.225745
vt 0.177344 0.226172
vt 0.183179 0.225745
vt 0.175781 0.224609
vt 0.176147 0.242932
vt 0.183179 0.224182
vt 0.450919 0.220703
vt 0.453549 0.220703
vt 0.448705 0.215357
vt 0.453549 0.215357
vt 0.453549 0.226049
vt 0.448705 0.226049
vt 0.453549 0.226049
vt 0.443359 0.213143
vt 0.453549 0.220703
vt 0.438014 0.215357
vt 0.453549 0.215357
vt 0.435799 0.220703
vt 0.453549 0.220703
vt 0.443359 0.228263
vt 0.453549 0.220703
vt 0.438014 0.226049
vt 0.453549 0.215357
vt 0.453549 0.226049
vt 0.456573 0.220703
vt 0.456573 0.215357
vt 0.456573 0.226049
vt 0.456573 0.226049
vt 0.456573 0.220703
vt 0.456573 0.215357
vt 0.456573 0.220703
vt 0.456573 0.220703
vt 0.456573 0.215357
vt 0.456573 0.226049
s 0
usemtl electronics_etx_part_1
f 2591/5705/458 2592/5708/458 2593/5711/458 2594/5714/458 2585/5687/458 2586/5690/458 2583/5681/458 2584/5684/458
f 2604/5744/459 2605/5747/459 2593/5712/459 2592/5709/459
f 2606/5750/460 2601/5735/460 2585/5688/460 2594/5715/460
f 2583/5682/461 2586/5691/461 2602/5738/461 2599/5729/461
f 2598/5726/459 2595/5717/459 2612/5763/459 2613/5765/459
f 2600/5732/462 2584/5685/462 2583/5683/462 2599/5730/462
f 2585/5689/463 2601/5736/463 2602/5739/463 2586/5692/463
f 2591/5706/464 2603/5741/464 2604/5745/464 2592/5710/464
f 2606/5751/465 2594/5716/465 2593/5713/465 2605/5748/465
f 2600/5733/466 2603/5742/466 2591/5707/466 2584/5686/466
f 2588/5696/467 2587/5693/467 2600/5734/467 2599/5731/467
f 2590/5702/467 2589/5699/467 2602/5740/467 2601/5737/467
f 2596/5720/467 2595/5718/467 2604/5746/467 2603/5743/467
f 2598/5727/467 2597/5723/467 2606/5752/467 2605/5749/467
f 2587/5693/467 2596/5720/467 2603/5743/467 2600/5734/467
f 2589/5699/467 2588/5696/467 2599/5731/467 2602/5740/467
f 2597/5723/467 2590/5702/467 2601/5737/467 2606/5752/467
f 2595/5718/467 2598/5727/467 2605/5749/467 2604/5746/467
f 2588/5697/461 2589/5700/461 2610/5759/461 2607/5753/461
f 2597/5724/465 2598/5728/465 2613/5766/465 2614/5767/465
f 2589/5701/463 2590/5703/463 2609/5757/463 2610/5760/463
f 2590/5704/460 2597/5725/460 2614/5768/460 2609/5758/460
f 2596/5721/466 2587/5694/466 2608/5755/466 2611/5761/466
f 2595/5719/464 2596/5722/464 2611/5762/464 2612/5764/464
f 2587/5695/462 2588/5698/462 2607/5754/462 2608/5756/462
f 2636/5814/458 2618/5776/458 2619/5779/458 2620/5780/458 2616/5771/458 2617/5773/458 2615/5769/458 2635/5811/458
f 2626/5790/460 2622/5783/460 2616/5772/460 2620/5781/460
f 2615/5770/461 2617/5774/461 2623/5784/461 2621/5782/461
f 2637/5816/462 2635/5812/462 2615/5770/462 2621/5782/462
f 2616/5772/463 2622/5783/463 2623/5785/463 2617/5775/463
f 2636/5814/464 2638/5817/464 2624/5787/464 2618/5777/464
f 2626/5790/465 2620/5781/465 2619/5778/465 2625/5789/465
f 2624/5786/467 2625/5788/467 2633/5806/467 2634/5808/467 2627/5791/467 2628/5794/467
f 2627/5792/459 2634/5809/459 2631/5801/459 2630/5798/459
f 2625/5789/460 2619/5778/460 2632/5805/460 2633/5807/460
f 2619/5779/458 2618/5776/458 2629/5796/458 2630/5799/458 2631/5802/458 2632/5804/458
f 2627/5793/464 2630/5800/464 2629/5797/464 2628/5795/464
f 2631/5803/465 2634/5810/465 2633/5807/465 2632/5805/465
f 2618/5777/466 2624/5787/466 2628/5795/466 2629/5797/466
f 2637/5815/467 2638/5818/467 2645/5835/467 2646/5837/467 2639/5820/467 2640/5823/467
f 2639/5821/466 2646/5838/466 2643/5830/466 2642/5827/466
f 2638/5819/459 2636/5813/459 2644/5834/459 2645/5836/459
f 2636/5814/458 2635/5811/458 2641/5825/458 2642/5828/458 2643/5831/458 2644/5833/458
f 2639/5822/462 2642/5829/462 2641/5826/462 2640/5824/462
f 2643/5832/464 2646/5839/464 2645/5836/464 2644/5834/464
f 2635/5812/461 2637/5816/461 2640/5824/461 2641/5826/461
s 1
f 2653/5853/468 2649/5845/469 2647/5840/470 2648/5842/471 2650/5847/472 2651/5849/473 2652/5851/474 2654/5855/475
f 2660/5864/465 2653/5854/468 2654/5856/475 2662/5866/459
f 2662/5867/459 2654/5857/475 2652/5852/474 2661/5865/464
f 2653/5854/468 2660/5864/465 2657/5861/460 2649/5846/469
f 2649/5846/469 2657/5861/460 2655/5858/463 2647/5841/470
f 2661/5865/464 2652/5852/474 2651/5850/473 2659/5863/466
f 2659/5863/466 2651/5850/473 2650/5848/472 2658/5862/462
f 2647/5841/470 2655/5858/463 2656/5859/461 2648/5843/471
f 2648/5844/471 2656/5860/461 2658/5862/462 2650/5848/472
o fuse_box_etx_1_puzzle_piece_child_6
v -0.060001 -0.254250 0.072000
v -0.086251 -0.228000 0.072000
v -0.086251 -0.318000 0.072000
v -0.060001 -0.291750 0.072000
v -0.092464 -0.243000 0.042000
v -0.075001 -0.260463 0.042000
v -0.075001 -0.285537 0.042000
v -0.092464 -0.303000 0.042000
v -0.123751 -0.228000 0.072000
v -0.150001 -0.254250 0.072000
v -0.150001 -0.291750 0.072000
v -0.123751 -0.318000 0.072000
v -0.135001 -0.260463 0.042000
v -0.117537 -0.243000 0.042000
v -0.117537 -0.303000 0.042000
v -0.135001 -0.285537 0.042000
v -0.060001 -0.254250 0.042000
v -0.086251 -0.228000 0.042000
v -0.086251 -0.318000 0.042000
v -0.060001 -0.291750 0.042000
v -0.123751 -0.228000 0.042000
v -0.150001 -0.254250 0.042000
v -0.150001 -0.291750 0.042000
v -0.123751 -0.318000 0.042000
v -0.075001 -0.260463 0.027000
v -0.092464 -0.243000 0.027000
v -0.092464 -0.303000 0.027000
v -0.075001 -0.285537 0.027000
v -0.117537 -0.243000 0.027000
v -0.135001 -0.260463 0.027000
v -0.135001 -0.285537 0.027000
v -0.117537 -0.303000 0.027000
v -0.082501 -0.263625 0.087000
v -0.095626 -0.295500 0.087000
v -0.082501 -0.282375 0.087000
v -0.127501 -0.263625 0.087000
v -0.127501 -0.282375 0.087000
v -0.114376 -0.295500 0.087000
v -0.082501 -0.263625 0.072000
v -0.095626 -0.295500 0.072000
v -0.082501 -0.282375 0.072000
v -0.127501 -0.263625 0.072000
v -0.127501 -0.282375 0.072000
v -0.114376 -0.295500 0.072000
v -0.157501 -0.267375 0.072000
v -0.153751 -0.263625 0.072000
v -0.153751 -0.263625 0.087000
v -0.157501 -0.267375 0.087000
v -0.157501 -0.278625 0.087000
v -0.153751 -0.282375 0.087000
v -0.153751 -0.282375 0.072000
v -0.157501 -0.278625 0.072000
v -0.095626 -0.250500 0.087000
v -0.114376 -0.250500 0.087000
v -0.095626 -0.250500 0.072000
v -0.114376 -0.250500 0.072000
v -0.099376 -0.220500 0.072000
v -0.095626 -0.224250 0.072000
v -0.095626 -0.224250 0.087000
v -0.099376 -0.220500 0.087000
v -0.110626 -0.220500 0.087000
v -0.114376 -0.224250 0.087000
v -0.114376 -0.224250 0.072000
v -0.110626 -0.220500 0.072000
v -0.092113 -0.285887 0.094155
v -0.086775 -0.273000 0.094155
v -0.105000 -0.291225 0.094155
v -0.092113 -0.260113 0.094155
v -0.105000 -0.254775 0.094155
v -0.117887 -0.260113 0.094155
v -0.117887 -0.285887 0.094155
v -0.123225 -0.273000 0.094155
v -0.092113 -0.285887 0.086865
v -0.086775 -0.273000 0.086865
v -0.105000 -0.291225 0.086865
v -0.092113 -0.260113 0.086865
v -0.105000 -0.254775 0.086865
v -0.117887 -0.285887 0.086865
v -0.117887 -0.260113 0.086865
v -0.123225 -0.273000 0.086865
vn -0.0000 -0.0000 1.0000
vn -1.0000 -0.0000 -0.0000
vn -0.0000 -1.0000 -0.0000
vn 1.0000 -0.0000 -0.0000
vn 0.7071 0.7071 -0.0000
vn 0.7071 -0.7071 -0.0000
vn -0.7071 0.7071 -0.0000
vn -0.7071 -0.7071 -0.0000
vn -0.0000 1.0000 -0.0000
vn -0.0000 -0.0000 -1.0000
vn -0.5490 -0.5490 0.6303
vn -0.0000 -0.7764 0.6303
vn 0.5490 -0.5490 0.6303
vn 0.7764 -0.0000 0.6303
vn 0.5490 0.5490 0.6303
vn -0.0000 0.7764 0.6303
vn -0.5490 0.5490 0.6303
vn -0.7764 -0.0000 0.6303
vt 0.816665 1.000484
vt 0.832031 0.960938
vt 0.832031 0.945312
vt 0.806112 0.989931
vt 0.832031 0.960938
vt 0.832031 0.945312
vt 0.842294 0.989931
vt 0.832031 0.960938
vt 0.832031 0.945312
vt 0.831741 1.000484
vt 0.832031 0.945312
vt 0.832031 0.960938
vt 0.812142 0.977353
vt 0.839844 0.960938
vt 0.839844 0.951172
vt 0.819163 0.970333
vt 0.839844 0.951172
vt 0.839844 0.960938
vt 0.829243 0.970333
vt 0.839844 0.960938
vt 0.839844 0.951172
vt 0.836264 0.977353
vt 0.839844 0.960938
vt 0.839844 0.951172
vt 0.806112 0.974856
vt 0.832031 0.945312
vt 0.832031 0.960938
vt 0.816665 0.964303
vt 0.832031 0.945312
vt 0.832031 0.960938
vt 0.831741 0.964303
vt 0.832031 0.960938
vt 0.832031 0.945312
vt 0.842294 0.974856
vt 0.832031 0.945312
vt 0.832031 0.960938
vt 0.839844 0.960938
vt 0.819163 0.994454
vt 0.839844 0.951172
vt 0.812142 0.987434
vt 0.839844 0.951172
vt 0.839844 0.960938
vt 0.836264 0.987434
vt 0.839844 0.951172
vt 0.839844 0.960938
vt 0.839844 0.951172
vt 0.829243 0.994454
vt 0.839844 0.960938
vt 0.845703 0.960938
vt 0.845703 0.945312
vt 0.816665 0.964303
vt 0.845703 0.960938
vt 0.845703 0.945312
vt 0.806112 0.974856
vt 0.845703 0.960938
vt 0.845703 0.945312
vt 0.842294 0.974856
vt 0.845703 0.945312
vt 0.845703 0.960938
vt 0.831741 0.964303
vt 0.845703 0.945312
vt 0.845703 0.960938
vt 0.806112 0.989931
vt 0.845703 0.945312
vt 0.845703 0.960938
vt 0.816665 1.000484
vt 0.845703 0.960938
vt 0.845703 0.945312
vt 0.831741 1.000484
vt 0.845703 0.945312
vt 0.845703 0.960938
vt 0.842294 0.989931
vt 0.833984 0.951172
vt 0.833984 0.960938
vt 0.833984 0.960938
vt 0.833984 0.951172
vt 0.833984 0.960938
vt 0.833984 0.951172
vt 0.833984 0.960938
vt 0.833984 0.951172
vt 0.833984 0.951172
vt 0.833984 0.960938
vt 0.833984 0.960938
vt 0.833984 0.951172
vt 0.833984 0.951172
vt 0.833984 0.960938
vt 0.833984 0.951172
vt 0.833984 0.960938
vt 0.164429 0.242151
vt 0.176929 0.242151
vt 0.169897 0.255432
vt 0.169897 0.236682
vt 0.164429 0.249963
vt 0.176929 0.249963
vt 0.164429 0.236682
vt 0.183179 0.242151
vt 0.183179 0.236682
vt 0.183179 0.236682
vt 0.183179 0.249963
vt 0.177710 0.255432
vt 0.177710 0.236682
vt 0.183179 0.242151
vt 0.169897 0.242932
vt 0.183179 0.249963
vt 0.164429 0.242932
vt 0.182813 0.242578
vt 0.183179 0.242932
vt 0.182813 0.250391
vt 0.183179 0.242932
vt 0.177710 0.242932
vt 0.195312 0.244141
vt 0.183179 0.243713
vt 0.195679 0.242932
vt 0.193750 0.242578
vt 0.194116 0.242932
vt 0.194116 0.242151
vt 0.194116 0.236682
vt 0.176929 0.243713
vt 0.195679 0.243713
vt 0.195679 0.236682
vt 0.176929 0.248401
vt 0.195679 0.248401
vt 0.195679 0.236682
vt 0.194116 0.249963
vt 0.194116 0.236682
vt 0.193750 0.250391
vt 0.194116 0.242932
vt 0.195312 0.248828
vt 0.183179 0.248401
vt 0.195679 0.242932
vt 0.169897 0.236682
vt 0.176929 0.236682
vt 0.176929 0.236682
vt 0.177710 0.236682
vt 0.169531 0.237109
vt 0.183179 0.236682
vt 0.177710 0.242932
vt 0.177344 0.237109
vt 0.183179 0.236682
vt 0.171094 0.224609
vt 0.171460 0.242932
vt 0.183179 0.224182
vt 0.169531 0.226172
vt 0.183179 0.225745
vt 0.169897 0.225745
vt 0.176929 0.225745
vt 0.171460 0.236682
vt 0.171460 0.224182
vt 0.176929 0.224182
vt 0.176147 0.236682
vt 0.176147 0.224182
vt 0.176929 0.224182
vt 0.177710 0.225745
vt 0.176929 0.225745
vt 0.177344 0.226172
vt 0.183179 0.225745
vt 0.175781 0.224609
vt 0.176147 0.242932
vt 0.183179 0.224182
vt 0.450919 0.220703
vt 0.453549 0.220703
vt 0.448705 0.215357
vt 0.453549 0.215357
vt 0.453549 0.226049
vt 0.448705 0.226049
vt 0.453549 0.226049
vt 0.443359 0.213143
vt 0.453549 0.220703
vt 0.438014 0.215357
vt 0.453549 0.215357
vt 0.435799 0.220703
vt 0.453549 0.220703
vt 0.443359 0.228263
vt 0.453549 0.220703
vt 0.438014 0.226049
vt 0.453549 0.215357
vt 0.453549 0.226049
vt 0.456573 0.220703
vt 0.456573 0.215357
vt 0.456573 0.226049
vt 0.456573 0.226049
vt 0.456573 0.220703
vt 0.456573 0.215357
vt 0.456573 0.220703
vt 0.456573 0.220703
vt 0.456573 0.215357
vt 0.456573 0.226049
s 0
usemtl electronics_etx_part_1
f 2671/5892/476 2672/5895/476 2673/5898/476 2674/5901/476 2665/5874/476 2666/5877/476 2663/5868/476 2664/5871/476
f 2684/5931/477 2685/5934/477 2673/5899/477 2672/5896/477
f 2686/5937/478 2681/5922/478 2665/5875/478 2674/5902/478
f 2663/5869/479 2666/5878/479 2682/5925/479 2679/5916/479
f 2678/5913/477 2675/5904/477 2692/5950/477 2693/5952/477
f 2680/5919/480 2664/5872/480 2663/5870/480 2679/5917/480
f 2665/5876/481 2681/5923/481 2682/5926/481 2666/5879/481
f 2671/5893/482 2683/5928/482 2684/5932/482 2672/5897/482
f 2686/5938/483 2674/5903/483 2673/5900/483 2685/5935/483
f 2680/5920/484 2683/5929/484 2671/5894/484 2664/5873/484
f 2668/5883/485 2667/5880/485 2680/5921/485 2679/5918/485
f 2670/5889/485 2669/5886/485 2682/5927/485 2681/5924/485
f 2676/5907/485 2675/5905/485 2684/5933/485 2683/5930/485
f 2678/5914/485 2677/5910/485 2686/5939/485 2685/5936/485
f 2667/5880/485 2676/5907/485 2683/5930/485 2680/5921/485
f 2669/5886/485 2668/5883/485 2679/5918/485 2682/5927/485
f 2677/5910/485 2670/5889/485 2681/5924/485 2686/5939/485
f 2675/5905/485 2678/5914/485 2685/5936/485 2684/5933/485
f 2668/5884/479 2669/5887/479 2690/5946/479 2687/5940/479
f 2677/5911/483 2678/5915/483 2693/5953/483 2694/5954/483
f 2669/5888/481 2670/5890/481 2689/5944/481 2690/5947/481
f 2670/5891/478 2677/5912/478 2694/5955/478 2689/5945/478
f 2676/5908/484 2667/5881/484 2688/5942/484 2691/5948/484
f 2675/5906/482 2676/5909/482 2691/5949/482 2692/5951/482
f 2667/5882/480 2668/5885/480 2687/5941/480 2688/5943/480
f 2716/6001/476 2698/5963/476 2699/5966/476 2700/5967/476 2696/5958/476 2697/5960/476 2695/5956/476 2715/5998/476
f 2706/5977/478 2702/5970/478 2696/5959/478 2700/5968/478
f 2695/5957/479 2697/5961/479 2703/5971/479 2701/5969/479
f 2717/6003/480 2715/5999/480 2695/5957/480 2701/5969/480
f 2696/5959/481 2702/5970/481 2703/5972/481 2697/5962/481
f 2716/6001/482 2718/6004/482 2704/5974/482 2698/5964/482
f 2706/5977/483 2700/5968/483 2699/5965/483 2705/5976/483
f 2704/5973/485 2705/5975/485 2713/5993/485 2714/5995/485 2707/5978/485 2708/5981/485
f 2707/5979/477 2714/5996/477 2711/5988/477 2710/5985/477
f 2705/5976/478 2699/5965/478 2712/5992/478 2713/5994/478
f 2699/5966/476 2698/5963/476 2709/5983/476 2710/5986/476 2711/5989/476 2712/5991/476
f 2707/5980/482 2710/5987/482 2709/5984/482 2708/5982/482
f 2711/5990/483 2714/5997/483 2713/5994/483 2712/5992/483
f 2698/5964/484 2704/5974/484 2708/5982/484 2709/5984/484
f 2717/6002/485 2718/6005/485 2725/6022/485 2726/6024/485 2719/6007/485 2720/6010/485
f 2719/6008/484 2726/6025/484 2723/6017/484 2722/6014/484
f 2718/6006/477 2716/6000/477 2724/6021/477 2725/6023/477
f 2716/6001/476 2715/5998/476 2721/6012/476 2722/6015/476 2723/6018/476 2724/6020/476
f 2719/6009/480 2722/6016/480 2721/6013/480 2720/6011/480
f 2723/6019/482 2726/6026/482 2725/6023/482 2724/6021/482
f 2715/5999/479 2717/6003/479 2720/6011/479 2721/6013/479
s 1
f 2733/6040/486 2729/6032/487 2727/6027/488 2728/6029/489 2730/6034/490 2731/6036/491 2732/6038/492 2734/6042/493
f 2740/6051/483 2733/6041/486 2734/6043/493 2742/6053/477
f 2742/6054/477 2734/6044/493 2732/6039/492 2741/6052/482
f 2733/6041/486 2740/6051/483 2737/6048/478 2729/6033/487
f 2729/6033/487 2737/6048/478 2735/6045/481 2727/6028/488
f 2741/6052/482 2732/6039/492 2731/6037/491 2739/6050/484
f 2739/6050/484 2731/6037/491 2730/6035/490 2738/6049/480
f 2727/6028/488 2735/6045/481 2736/6046/479 2728/6030/489
f 2728/6031/489 2736/6047/479 2738/6049/480 2730/6035/490
o fuse_box_etx_1_puzzle_piece_child_7
v -0.018750 -0.228000 0.072000
v -0.045000 -0.254250 0.072000
v 0.045000 -0.254250 0.072000
v 0.018750 -0.228000 0.072000
v -0.030000 -0.260463 0.042000
v -0.012537 -0.243000 0.042000
v 0.012536 -0.243000 0.042000
v 0.030000 -0.260463 0.042000
v -0.045000 -0.291750 0.072000
v -0.018750 -0.318000 0.072000
v 0.018750 -0.318000 0.072000
v 0.045000 -0.291750 0.072000
v -0.012537 -0.303000 0.042000
v -0.030000 -0.285537 0.042000
v 0.030000 -0.285537 0.042000
v 0.012536 -0.303000 0.042000
v -0.018750 -0.228000 0.042000
v -0.045000 -0.254250 0.042000
v 0.045000 -0.254250 0.042000
v 0.018750 -0.228000 0.042000
v -0.045000 -0.291750 0.042000
v -0.018750 -0.318000 0.042000
v 0.018750 -0.318000 0.042000
v 0.045000 -0.291750 0.042000
v -0.012537 -0.243000 0.027000
v -0.030000 -0.260463 0.027000
v 0.030000 -0.260463 0.027000
v 0.012536 -0.243000 0.027000
v -0.030000 -0.285537 0.027000
v -0.012537 -0.303000 0.027000
v 0.012536 -0.303000 0.027000
v 0.030000 -0.285537 0.027000
v -0.022500 -0.263625 0.087000
v 0.022500 -0.263625 0.087000
v -0.022500 -0.282375 0.087000
v -0.009375 -0.295500 0.087000
v 0.009375 -0.295500 0.087000
v 0.022500 -0.282375 0.087000
v -0.009375 -0.250500 0.072000
v -0.022500 -0.263625 0.072000
v 0.022500 -0.263625 0.072000
v 0.009375 -0.250500 0.072000
v -0.022500 -0.282375 0.072000
v -0.009375 -0.295500 0.072000
v 0.009375 -0.295500 0.072000
v 0.022500 -0.282375 0.072000
v -0.005625 -0.325500 0.072000
v -0.009375 -0.321750 0.072000
v -0.009375 -0.321750 0.087000
v -0.005625 -0.325500 0.087000
v 0.005625 -0.325500 0.087000
v 0.009375 -0.321750 0.087000
v 0.009375 -0.321750 0.072000
v 0.005625 -0.325500 0.072000
v -0.009375 -0.250500 0.087000
v 0.009375 -0.250500 0.087000
v -0.005625 -0.220500 0.072000
v -0.009375 -0.224250 0.072000
v -0.009375 -0.224250 0.087000
v -0.005625 -0.220500 0.087000
v 0.005625 -0.220500 0.087000
v 0.009375 -0.224250 0.087000
v 0.009375 -0.224250 0.072000
v 0.005625 -0.220500 0.072000
v 0.018226 -0.273000 0.094155
v 0.012888 -0.260113 0.094155
v 0.012888 -0.285887 0.094155
v 0.000001 -0.254775 0.094155
v -0.012886 -0.260113 0.094155
v -0.018224 -0.273000 0.094155
v 0.000001 -0.291225 0.094155
v -0.012886 -0.285887 0.094155
v 0.018226 -0.273000 0.086865
v 0.012888 -0.260113 0.086865
v 0.012888 -0.285887 0.086865
v 0.000001 -0.254775 0.086865
v -0.012886 -0.260113 0.086865
v 0.000001 -0.291225 0.086865
v -0.018224 -0.273000 0.086865
v -0.012886 -0.285887 0.086865
vn -0.0000 -0.0000 1.0000
vn -0.0000 -1.0000 -0.0000
vn 1.0000 -0.0000 -0.0000
vn -0.0000 1.0000 -0.0000
vn -0.7071 0.7071 -0.0000
vn 0.7071 0.7071 -0.0000
vn -0.7071 -0.7071 -0.0000
vn 0.7071 -0.7071 -0.0000
vn -1.0000 -0.0000 -0.0000
vn -0.0000 -0.0000 -1.0000
vn -0.0000 -0.7764 0.6303
vn 0.5490 -0.5490 0.6303
vn 0.7764 -0.0000 0.6303
vn 0.5490 0.5490 0.6303
vn -0.0000 0.7764 0.6303
vn -0.5490 0.5490 0.6303
vn -0.7764 -0.0000 0.6303
vn -0.5490 -0.5490 0.6303
vt 0.816665 1.000484
vt 0.832031 0.960938
vt 0.832031 0.945312
vt 0.806112 0.989931
vt 0.832031 0.960938
vt 0.832031 0.945312
vt 0.842294 0.989931
vt 0.832031 0.960938
vt 0.832031 0.945312
vt 0.831741 1.000484
vt 0.832031 0.945312
vt 0.832031 0.960938
vt 0.812142 0.977353
vt 0.839844 0.960938
vt 0.839844 0.951172
vt 0.819163 0.970333
vt 0.839844 0.951172
vt 0.839844 0.960938
vt 0.829243 0.970333
vt 0.839844 0.960938
vt 0.839844 0.951172
vt 0.836264 0.977353
vt 0.839844 0.960938
vt 0.839844 0.951172
vt 0.806112 0.974856
vt 0.832031 0.945312
vt 0.832031 0.960938
vt 0.816665 0.964303
vt 0.832031 0.945312
vt 0.832031 0.960938
vt 0.831741 0.964303
vt 0.832031 0.960938
vt 0.832031 0.945312
vt 0.842294 0.974856
vt 0.832031 0.945312
vt 0.832031 0.960938
vt 0.839844 0.960938
vt 0.819163 0.994454
vt 0.839844 0.951172
vt 0.812142 0.987434
vt 0.839844 0.951172
vt 0.839844 0.960938
vt 0.836264 0.987434
vt 0.839844 0.951172
vt 0.839844 0.960938
vt 0.839844 0.951172
vt 0.829243 0.994454
vt 0.839844 0.960938
vt 0.845703 0.960938
vt 0.845703 0.945312
vt 0.816665 0.964303
vt 0.845703 0.960938
vt 0.845703 0.945312
vt 0.806112 0.974856
vt 0.845703 0.960938
vt 0.845703 0.945312
vt 0.842294 0.974856
vt 0.845703 0.945312
vt 0.845703 0.960938
vt 0.831741 0.964303
vt 0.845703 0.945312
vt 0.845703 0.960938
vt 0.806112 0.989931
vt 0.845703 0.945312
vt 0.845703 0.960938
vt 0.816665 1.000484
vt 0.845703 0.960938
vt 0.845703 0.945312
vt 0.831741 1.000484
vt 0.845703 0.945312
vt 0.845703 0.960938
vt 0.842294 0.989931
vt 0.833984 0.951172
vt 0.833984 0.960938
vt 0.833984 0.960938
vt 0.833984 0.951172
vt 0.833984 0.960938
vt 0.833984 0.951172
vt 0.833984 0.960938
vt 0.833984 0.951172
vt 0.833984 0.951172
vt 0.833984 0.960938
vt 0.833984 0.960938
vt 0.833984 0.951172
vt 0.833984 0.951172
vt 0.833984 0.960938
vt 0.833984 0.951172
vt 0.833984 0.960938
vt 0.175781 0.230859
vt 0.175781 0.237109
vt 0.175781 0.249609
vt 0.175781 0.237109
vt 0.183594 0.230859
vt 0.183594 0.237109
vt 0.189062 0.236328
vt 0.189062 0.237109
vt 0.189062 0.237109
vt 0.189062 0.244141
vt 0.183594 0.249609
vt 0.183594 0.237109
vt 0.170312 0.236328
vt 0.170312 0.243359
vt 0.175781 0.243359
vt 0.175781 0.243359
vt 0.170312 0.244141
vt 0.170312 0.243359
vt 0.183594 0.243359
vt 0.189062 0.236328
vt 0.189062 0.243359
vt 0.189062 0.244141
vt 0.189062 0.243359
vt 0.183594 0.243359
vt 0.201563 0.237891
vt 0.182813 0.237891
vt 0.201563 0.243359
vt 0.200000 0.236328
vt 0.200000 0.243359
vt 0.200000 0.236328
vt 0.200000 0.237109
vt 0.176562 0.237891
vt 0.201563 0.237891
vt 0.201563 0.237109
vt 0.176562 0.242578
vt 0.201563 0.242578
vt 0.201563 0.237109
vt 0.200000 0.244141
vt 0.200000 0.237109
vt 0.200000 0.244141
vt 0.200000 0.243359
vt 0.201563 0.242578
vt 0.182813 0.242578
vt 0.201563 0.243359
vt 0.170312 0.236328
vt 0.170312 0.237109
vt 0.170312 0.237109
vt 0.170312 0.244141
vt 0.157813 0.237891
vt 0.182813 0.237891
vt 0.157813 0.243359
vt 0.159375 0.236328
vt 0.159375 0.243359
vt 0.159375 0.236328
vt 0.159375 0.237109
vt 0.176562 0.237891
vt 0.157813 0.237891
vt 0.157813 0.237109
vt 0.176562 0.242578
vt 0.157813 0.242578
vt 0.157813 0.237109
vt 0.159375 0.244141
vt 0.159375 0.237109
vt 0.159375 0.244141
vt 0.159375 0.243359
vt 0.157813 0.242578
vt 0.182813 0.242578
vt 0.157813 0.243359
vt 0.450919 0.220703
vt 0.453549 0.220703
vt 0.448705 0.215357
vt 0.453549 0.215357
vt 0.453549 0.226049
vt 0.448705 0.226049
vt 0.453549 0.226049
vt 0.443359 0.213143
vt 0.453549 0.220703
vt 0.438014 0.215357
vt 0.453549 0.215357
vt 0.435799 0.220703
vt 0.453549 0.220703
vt 0.443359 0.228263
vt 0.453549 0.220703
vt 0.438014 0.226049
vt 0.453549 0.215357
vt 0.453549 0.226049
vt 0.456573 0.220703
vt 0.456573 0.215357
vt 0.456573 0.226049
vt 0.456573 0.226049
vt 0.456573 0.220703
vt 0.456573 0.215357
vt 0.456573 0.220703
vt 0.456573 0.220703
vt 0.456573 0.215357
vt 0.456573 0.226049
s 0
usemtl electronics_etx_part_1
f 2751/6079/494 2752/6082/494 2753/6085/494 2754/6088/494 2745/6061/494 2746/6064/494 2743/6055/494 2744/6058/494
f 2764/6118/495 2765/6121/495 2753/6086/495 2752/6083/495
f 2766/6124/496 2761/6109/496 2745/6062/496 2754/6089/496
f 2743/6056/497 2746/6065/497 2762/6112/497 2759/6103/497
f 2758/6100/495 2755/6091/495 2772/6137/495 2773/6139/495
f 2760/6106/498 2744/6059/498 2743/6057/498 2759/6104/498
f 2745/6063/499 2761/6110/499 2762/6113/499 2746/6066/499
f 2751/6080/500 2763/6115/500 2764/6119/500 2752/6084/500
f 2766/6125/501 2754/6090/501 2753/6087/501 2765/6122/501
f 2760/6107/502 2763/6116/502 2751/6081/502 2744/6060/502
f 2748/6070/503 2747/6067/503 2760/6108/503 2759/6105/503
f 2750/6076/503 2749/6073/503 2762/6114/503 2761/6111/503
f 2756/6094/503 2755/6092/503 2764/6120/503 2763/6117/503
f 2758/6101/503 2757/6097/503 2766/6126/503 2765/6123/503
f 2747/6067/503 2756/6094/503 2763/6117/503 2760/6108/503
f 2749/6073/503 2748/6070/503 2759/6105/503 2762/6114/503
f 2757/6097/503 2750/6076/503 2761/6111/503 2766/6126/503
f 2755/6092/503 2758/6101/503 2765/6123/503 2764/6120/503
f 2748/6071/497 2749/6074/497 2770/6133/497 2767/6127/497
f 2757/6098/501 2758/6102/501 2773/6140/501 2774/6141/501
f 2749/6075/499 2750/6077/499 2769/6131/499 2770/6134/499
f 2750/6078/496 2757/6099/496 2774/6142/496 2769/6132/496
f 2756/6095/502 2747/6068/502 2768/6129/502 2771/6135/502
f 2755/6093/500 2756/6096/500 2771/6136/500 2772/6138/500
f 2747/6069/498 2748/6072/498 2767/6128/498 2768/6130/498
f 2777/6147/494 2778/6149/494 2779/6152/494 2780/6153/494 2776/6145/494 2798/6190/494 2797/6187/494 2775/6143/494
f 2788/6166/496 2783/6158/496 2776/6146/496 2780/6154/496
f 2782/6157/498 2775/6144/498 2797/6188/498 2781/6156/498
f 2776/6146/499 2783/6158/499 2784/6160/499 2798/6189/499
f 2777/6148/500 2785/6161/500 2786/6163/500 2778/6150/500
f 2788/6166/501 2780/6154/501 2779/6151/501 2787/6165/501
f 2782/6157/502 2785/6161/502 2777/6148/502 2775/6144/502
f 2786/6162/503 2787/6164/503 2795/6182/503 2796/6184/503 2789/6167/503 2790/6170/503
f 2789/6168/495 2796/6185/495 2793/6177/495 2792/6174/495
f 2787/6165/496 2779/6151/496 2794/6181/496 2795/6183/496
f 2779/6152/494 2778/6149/494 2791/6172/494 2792/6175/494 2793/6178/494 2794/6180/494
f 2789/6169/500 2792/6176/500 2791/6173/500 2790/6171/500
f 2793/6179/501 2796/6186/501 2795/6183/501 2794/6181/501
f 2778/6150/502 2786/6163/502 2790/6171/502 2791/6173/502
f 2781/6155/503 2800/6194/503 2799/6191/503 2806/6208/503 2805/6206/503 2784/6159/503
f 2799/6192/497 2802/6198/497 2803/6201/497 2806/6209/497
f 2784/6160/496 2805/6207/496 2804/6205/496 2798/6189/496
f 2798/6190/494 2804/6204/494 2803/6202/494 2802/6199/494 2801/6196/494 2797/6187/494
f 2799/6193/498 2800/6195/498 2801/6197/498 2802/6200/498
f 2803/6203/499 2804/6205/499 2805/6207/499 2806/6210/499
f 2797/6188/502 2801/6197/502 2800/6195/502 2781/6156/502
s 1
f 2813/6224/504 2809/6216/505 2807/6211/506 2808/6213/507 2810/6218/508 2811/6220/509 2812/6222/510 2814/6226/511
f 2820/6235/495 2813/6225/504 2814/6227/511 2822/6237/500
f 2822/6238/500 2814/6228/511 2812/6223/510 2821/6236/502
f 2813/6225/504 2820/6235/495 2817/6232/501 2809/6217/505
f 2809/6217/505 2817/6232/501 2815/6229/496 2807/6212/506
f 2821/6236/502 2812/6223/510 2811/6221/509 2819/6234/498
f 2819/6234/498 2811/6221/509 2810/6219/508 2818/6233/497
f 2807/6212/506 2815/6229/496 2816/6230/499 2808/6214/507
f 2808/6215/507 2816/6231/499 2818/6233/497 2810/6219/508
o fuse_box_etx_1_door
v 0.262499 -0.397499 0.270000
v 0.235499 -0.424499 0.270000
v -0.235501 -0.424499 0.270000
v -0.262501 -0.397499 0.270000
v 0.235499 0.370501 0.270000
v 0.262499 0.343501 0.270000
v -0.262501 0.343502 0.270000
v -0.235501 0.370501 0.270000
v 0.232499 -0.394738 0.270000
v -0.232740 -0.394499 0.270000
v 0.232738 0.340501 0.270000
v -0.232740 0.340501 0.270000
v -0.232740 0.340501 0.285000
v 0.232738 0.340501 0.285000
v 0.262499 -0.397499 0.285000
v 0.235499 -0.424499 0.285000
v -0.235501 -0.424499 0.285000
v -0.262501 -0.397499 0.285000
v 0.235499 0.370501 0.285000
v 0.262499 0.343501 0.285000
v -0.262501 0.343502 0.285000
v -0.235501 0.370501 0.285000
v 0.232499 -0.394738 0.285000
v -0.232740 -0.394499 0.285000
v 0.256499 -0.026999 0.270000
v 0.226619 -0.027118 0.270000
v 0.256499 -0.026999 0.285000
v 0.226619 -0.027118 0.285000
v -0.000001 0.336001 0.270000
v -0.000001 0.366001 0.270000
v -0.000001 0.336001 0.285000
v -0.000001 0.366001 0.285000
v -0.000001 -0.419999 0.270000
v -0.000121 -0.390118 0.270000
v -0.000001 -0.419999 0.285000
v -0.000121 -0.390118 0.285000
v -0.259501 -0.146998 0.270000
v -0.229740 -0.146999 0.270000
v -0.259501 -0.146998 0.285000
v -0.229740 -0.146999 0.285000
v 0.232499 -0.394738 0.276000
v -0.232740 -0.394499 0.276000
v 0.232738 0.340501 0.276000
v -0.232740 0.340501 0.276000
v 0.232499 -0.394738 0.277500
v -0.232740 -0.394499 0.277500
v 0.232738 0.340501 0.277500
v -0.232740 0.340501 0.277500
v -0.167940 0.275701 0.306000
v 0.167917 0.275701 0.306000
v 0.167720 -0.329904 0.306000
v -0.167940 -0.329732 0.306000
v -0.167940 0.275701 0.307500
v 0.167917 0.275701 0.307500
v 0.167720 -0.329904 0.307500
v -0.167940 -0.329732 0.307500
v -0.276483 0.222000 0.274194
v -0.276483 0.162000 0.274194
v -0.276483 0.222000 0.280806
v -0.271807 0.222000 0.285482
v -0.276483 0.162000 0.280806
v -0.271807 0.162000 0.285482
v -0.271807 0.222000 0.269518
v -0.265194 0.222000 0.269518
v -0.271807 0.162000 0.269518
v -0.265194 0.162000 0.269518
v -0.265194 0.222000 0.285482
v -0.260518 0.222000 0.274194
v -0.260518 0.222000 0.280806
v -0.260518 0.162000 0.274194
v -0.265194 0.162000 0.285482
v -0.260518 0.162000 0.280806
v -0.276483 -0.213000 0.274194
v -0.276483 -0.273000 0.274193
v -0.276483 -0.213000 0.280806
v -0.271807 -0.213000 0.285482
v -0.276483 -0.273000 0.280806
v -0.271807 -0.273000 0.285482
v -0.271807 -0.213000 0.269518
v -0.265194 -0.213000 0.269518
v -0.271807 -0.273000 0.269518
v -0.265194 -0.273000 0.269518
v -0.265194 -0.213000 0.285482
v -0.260518 -0.213000 0.274194
v -0.260518 -0.213000 0.280806
v -0.260518 -0.273000 0.274193
v -0.265194 -0.273000 0.285482
v -0.260518 -0.273000 0.280806
v -0.171000 0.084000 0.313500
v -0.171000 0.114000 0.313500
v -0.171000 0.084000 0.298500
v -0.171000 0.114000 0.298500
v 0.165000 0.084000 0.313500
v 0.165000 0.114000 0.313500
v 0.165000 0.084000 0.298500
v 0.165000 0.114000 0.298500
v -0.246000 0.084000 0.285000
v -0.246000 0.114000 0.285000
v -0.246000 0.084000 0.270000
v -0.246000 0.114000 0.270000
v 0.242999 0.084000 0.285000
v 0.242999 0.114000 0.285000
v 0.242999 0.084000 0.270000
v 0.242999 0.114000 0.270000
v -0.171001 -0.168000 0.313500
v -0.171001 -0.138000 0.313500
v -0.171001 -0.168000 0.298500
v -0.171001 -0.138000 0.298500
v 0.165000 -0.168000 0.313500
v 0.165000 -0.138000 0.313500
v 0.165000 -0.168000 0.298500
v 0.165000 -0.138000 0.298500
v -0.246000 -0.168000 0.285000
v -0.246000 -0.138000 0.285000
v -0.246000 -0.168000 0.270000
v -0.246000 -0.138000 0.270000
v 0.242999 -0.168000 0.285000
v 0.242999 -0.138000 0.285000
v 0.242999 -0.168000 0.270000
v 0.242999 -0.138000 0.270000
v 0.252705 -0.087000 0.320000
v 0.232705 -0.087000 0.320000
v 0.252705 -0.084000 0.314000
v 0.232705 -0.084000 0.314000
v 0.252705 0.033000 0.320000
v 0.232705 0.033000 0.320000
v 0.252705 0.030000 0.314000
v 0.232705 0.030000 0.314000
v 0.252705 0.053000 0.290000
v 0.232705 0.053000 0.290000
v 0.252705 0.050000 0.284000
v 0.232705 0.050000 0.284000
v 0.252705 0.073000 0.290000
v 0.232705 0.073000 0.290000
v 0.252705 0.073000 0.284000
v 0.252705 -0.107000 0.290000
v 0.232705 -0.107000 0.290000
v 0.252705 -0.104000 0.284000
v 0.232705 -0.104000 0.284000
v 0.252705 -0.127000 0.290000
v 0.232705 -0.127000 0.290000
v 0.252705 -0.127000 0.284000
v 0.232705 0.073000 0.284000
v 0.232705 -0.127000 0.284000
v 0.249441 0.060323 0.293098
v 0.249203 0.065790 0.293098
v 0.245744 0.056288 0.293098
v 0.245168 0.069487 0.293098
v 0.239701 0.069248 0.293098
v 0.236004 0.065214 0.293098
v 0.240277 0.056049 0.293098
v 0.236243 0.059746 0.293098
v 0.249441 0.060323 0.289899
v 0.249202 0.065790 0.289899
v 0.245744 0.056288 0.289899
v 0.245168 0.069487 0.289899
v 0.239701 0.069248 0.289899
v 0.240277 0.056049 0.289899
v 0.236004 0.065214 0.289899
v 0.236243 0.059746 0.289899
v 0.249441 -0.119395 0.293098
v 0.249203 -0.113928 0.293098
v 0.245744 -0.123429 0.293098
v 0.245168 -0.110231 0.293098
v 0.239701 -0.110469 0.293098
v 0.236004 -0.114504 0.293098
v 0.240277 -0.123668 0.293098
v 0.236243 -0.119971 0.293098
v 0.249441 -0.119395 0.289899
v 0.249202 -0.113928 0.289899
v 0.245744 -0.123429 0.289899
v 0.245168 -0.110231 0.289899
v 0.239701 -0.110469 0.289899
v 0.240277 -0.123668 0.289899
v 0.236004 -0.114504 0.289899
v 0.236243 -0.119971 0.289899
vn -0.0000 -0.0000 -1.0000
vn 1.0000 0.0062 -0.0000
vn -0.0191 -0.9998 -0.0000
vn -0.9999 -0.0160 -0.0000
vn -0.0000 -0.0000 1.0000
vn -0.7071 0.7071 -0.0000
vn 0.7071 -0.7071 -0.0000
vn 0.0193 -0.9998 -0.0000
vn -0.9999 0.0120 -0.0000
vn -0.7071 -0.7071 -0.0000
vn -0.0188 0.9998 -0.0000
vn 0.9999 -0.0162 -0.0000
vn 0.7071 0.7071 -0.0000
vn 0.0191 0.9998 -0.0000
vn 0.9999 0.0162 -0.0000
vn -0.9999 0.0166 -0.0000
vn -0.0191 0.9998 -0.0000
vn -0.0193 -0.9998 -0.0000
vn 0.0199 0.9998 -0.0000
vn 0.0191 -0.9998 -0.0000
vn -1.0000 -0.0061 -0.0000
vn 0.9999 -0.0121 -0.0000
vn -0.1327 -0.0000 -0.9912
vn -0.3976 -0.0000 -0.9176
vn 0.1638 -0.1638 -0.9728
vn 0.2200 -0.2200 -0.9504
vn -0.2200 -0.2199 -0.9504
vn -0.1638 -0.1637 -0.9728
vn -0.1637 0.1638 -0.9728
vn 0.1638 0.1637 -0.9728
vn 0.2201 0.2200 -0.9503
vn 0.1638 0.1637 0.9728
vn 0.1637 -0.1638 0.9728
vn 0.2199 -0.2201 0.9504
vn 0.2200 0.2199 0.9504
vn -0.2199 0.2201 -0.9504
vn -0.1638 0.1638 0.9728
vn -0.1638 -0.1637 0.9728
vn -0.2200 0.2200 0.9504
vn -0.2201 -0.2200 0.9503
vn -0.0000 -1.0000 -0.0000
vn -0.3827 -0.0000 -0.9239
vn -0.9239 -0.0000 -0.3827
vn -0.9239 -0.0000 0.3827
vn 0.3827 -0.0000 0.9239
vn -0.3827 -0.0000 0.9239
vn 0.9239 -0.0000 -0.3827
vn 0.9239 -0.0000 0.3827
vn 0.3827 -0.0000 -0.9239
vn -0.0000 1.0000 -0.0000
vn 0.1327 -0.0000 -0.9912
vn 0.1327 -0.0000 0.9912
vn -0.1327 -0.0000 0.9911
vn 0.4211 -0.0000 -0.9070
vn -0.4211 -0.0000 0.9070
vn 0.3976 -0.0000 0.9176
vn 1.0000 -0.0000 -0.0000
vn -1.0000 -0.0000 -0.0000
vn -0.0000 -0.8321 -0.5547
vn -0.0000 0.8321 0.5547
vn -0.0000 0.8321 -0.5547
vn -0.0000 -0.8321 0.5547
vn -0.2655 -0.7296 0.6303
vn 0.3281 -0.7036 0.6303
vn 0.7296 -0.2655 0.6303
vn 0.7036 0.3281 0.6303
vn 0.2655 0.7296 0.6303
vn -0.3281 0.7036 0.6303
vn -0.7296 0.2655 0.6303
vn -0.7036 -0.3281 0.6303
vn -0.3420 -0.9397 -0.0000
vn -0.9063 -0.4226 -0.0000
vn -0.9397 0.3420 -0.0000
vn 0.4226 -0.9063 -0.0000
vn 0.9397 -0.3420 -0.0000
vn -0.4226 0.9063 -0.0000
vn 0.3420 0.9397 -0.0000
vn 0.9063 0.4226 -0.0000
vt 0.544932 0.792416
vt 0.539289 0.792416
vt 0.533555 0.550610
vt 0.539289 0.802705
vt 0.534642 0.802705
vt 0.349430 0.802705
vt 0.539289 0.802705
vt 0.533555 0.735823
vt 0.539289 0.792416
vt 0.339140 0.792416
vt 0.534642 0.494017
vt 0.539289 0.494017
vt 0.533555 0.550610
vt 0.539289 0.504307
vt 0.544932 0.504307
vt 0.339140 0.504307
vt 0.533555 0.746112
vt 0.539289 0.504307
vt 0.533555 0.735823
vt 0.349430 0.494017
vt 0.539289 0.791361
vt 0.533555 0.551751
vt 0.533499 0.791363
vt 0.533555 0.734767
vt 0.350482 0.791272
vt 0.539289 0.791272
vt 0.533555 0.551662
vt 0.533590 0.505450
vt 0.539289 0.505448
vt 0.539289 0.505450
vt 0.533555 0.734771
vt 0.350482 0.505451
vt 0.533573 0.505451
vt 0.539272 0.734771
vt 0.350482 0.505451
vt 0.539272 0.551662
vt 0.533573 0.505448
vt 0.544932 0.792416
vt 0.533573 0.792416
vt 0.539272 0.550610
vt 0.533573 0.802705
vt 0.534642 0.802705
vt 0.349430 0.802705
vt 0.533573 0.802705
vt 0.539272 0.735823
vt 0.533573 0.792416
vt 0.339140 0.792416
vt 0.534642 0.494017
vt 0.533573 0.494017
vt 0.539272 0.550610
vt 0.533573 0.504307
vt 0.544932 0.504307
vt 0.339140 0.504307
vt 0.539272 0.746112
vt 0.533573 0.504307
vt 0.539272 0.735823
vt 0.349430 0.494017
vt 0.539272 0.551751
vt 0.533499 0.791363
vt 0.539272 0.734768
vt 0.350482 0.791272
vt 0.533573 0.791272
vt 0.539289 0.648361
vt 0.544932 0.648361
vt 0.533545 0.648407
vt 0.539289 0.648405
vt 0.533573 0.648361
vt 0.544932 0.648361
vt 0.533559 0.648406
vt 0.533555 0.643216
vt 0.442036 0.505450
vt 0.533555 0.643216
vt 0.442036 0.494017
vt 0.539272 0.643216
vt 0.442036 0.505450
vt 0.539272 0.643216
vt 0.442036 0.494017
vt 0.442036 0.802705
vt 0.533555 0.643216
vt 0.533555 0.643259
vt 0.441990 0.791318
vt 0.442036 0.802705
vt 0.539272 0.643216
vt 0.539272 0.643259
vt 0.441990 0.791318
vt 0.539289 0.695019
vt 0.339140 0.695013
vt 0.350482 0.695031
vt 0.539289 0.695026
vt 0.533573 0.695018
vt 0.339140 0.695013
vt 0.350482 0.695031
vt 0.533573 0.695026
vt 1.521531 -1.218761
vt -0.678877 -1.217666
vt 1.522627 2.218761
vt -0.678877 2.218760
vt 1.521531 -1.218761
vt -0.678877 -1.217666
vt 1.522627 2.218761
vt -0.678877 2.218760
vt -0.372401 1.915795
vt 1.216054 1.915796
vt 1.215149 -0.915644
vt -0.372398 -0.914852
vt -0.372401 1.915795
vt 1.216054 1.915796
vt 1.215149 -0.915643
vt -0.372397 -0.914852
vt 0.308594 0.888796
vt 0.293394 0.909734
vt 0.302407 0.900721
vt 0.308594 0.919798
vt 0.304688 0.888796
vt 0.289661 0.906001
vt 0.300781 0.888796
vt 0.289661 0.900721
vt 0.298673 0.896988
vt 0.304688 0.919798
vt 0.293394 0.896988
vt 0.300781 0.919798
vt 0.312500 0.888796
vt 0.296875 0.888796
vt 0.298673 0.909734
vt 0.300781 0.888796
vt 0.302407 0.906001
vt 0.302407 0.906001
vt 0.312500 0.919798
vt 0.296875 0.919798
vt 0.298673 0.909734
vt 0.300781 0.919798
vt 0.296875 0.888796
vt 0.312500 0.888796
vt 0.293394 0.896988
vt 0.304688 0.888796
vt 0.302407 0.900721
vt 0.308594 0.888796
vt 0.298673 0.896988
vt 0.293394 0.909734
vt 0.304688 0.919798
vt 0.289661 0.900721
vt 0.296875 0.919798
vt 0.312500 0.919798
vt 0.289661 0.906001
vt 0.308594 0.919798
vt 0.308594 0.888796
vt 0.293394 0.909734
vt 0.302407 0.900721
vt 0.308594 0.919798
vt 0.304688 0.888796
vt 0.289661 0.906001
vt 0.300781 0.888796
vt 0.289661 0.900721
vt 0.298673 0.896988
vt 0.304688 0.919798
vt 0.293394 0.896988
vt 0.300781 0.919798
vt 0.312500 0.888796
vt 0.296875 0.888796
vt 0.298673 0.909734
vt 0.300781 0.888796
vt 0.302407 0.906001
vt 0.302407 0.906001
vt 0.312500 0.919798
vt 0.296875 0.919798
vt 0.298673 0.909734
vt 0.300781 0.919798
vt 0.296875 0.888796
vt 0.312500 0.888796
vt 0.293394 0.896988
vt 0.304688 0.888796
vt 0.302407 0.900721
vt 0.308594 0.888796
vt 0.298673 0.896988
vt 0.293394 0.909734
vt 0.304688 0.919798
vt 0.289661 0.900721
vt 0.296875 0.919798
vt 0.312500 0.919798
vt 0.289661 0.906001
vt 0.308594 0.919798
vt 0.506562 0.726875
vt 0.533203 0.726562
vt 0.506562 0.726875
vt 0.544922 0.726562
vt 0.512812 0.726875
vt 0.533203 0.726562
vt 0.512812 0.726875
vt 0.544922 0.726562
vt 0.533203 0.585938
vt 0.506562 0.586875
vt 0.544922 0.585938
vt 0.506562 0.586875
vt 0.533203 0.585938
vt 0.512812 0.586875
vt 0.544922 0.585938
vt 0.512812 0.586875
vt 0.518438 0.758125
vt 0.533203 0.756232
vt 0.518438 0.758125
vt 0.544922 0.756232
vt 0.524688 0.758125
vt 0.533203 0.756232
vt 0.524688 0.758125
vt 0.544922 0.756232
vt 0.533203 0.556054
vt 0.518438 0.554375
vt 0.544922 0.556054
vt 0.518438 0.554375
vt 0.533203 0.556054
vt 0.524687 0.554375
vt 0.544922 0.556054
vt 0.524687 0.554375
vt 0.506562 0.726875
vt 0.339844 0.726562
vt 0.506562 0.726875
vt 0.351562 0.726562
vt 0.512812 0.726875
vt 0.339844 0.726562
vt 0.512812 0.726875
vt 0.351562 0.726562
vt 0.339844 0.585938
vt 0.506562 0.586875
vt 0.351562 0.585938
vt 0.506562 0.586875
vt 0.339844 0.585938
vt 0.512812 0.586875
vt 0.351562 0.585938
vt 0.512812 0.586875
vt 0.518438 0.758125
vt 0.339844 0.756232
vt 0.518438 0.758125
vt 0.351562 0.756232
vt 0.524688 0.758125
vt 0.339844 0.756232
vt 0.524688 0.758125
vt 0.351562 0.756232
vt 0.339844 0.556054
vt 0.518438 0.554375
vt 0.351563 0.556054
vt 0.518438 0.554375
vt 0.339844 0.556054
vt 0.524687 0.554375
vt 0.351563 0.556054
vt 0.524687 0.554375
vt 0.214844 0.601562
vt 0.219932 0.554670
vt 0.214844 0.595065
vt 0.222656 0.601562
vt 0.219933 0.554671
vt 0.222656 0.595065
vt 0.214844 0.557063
vt 0.222058 0.555843
vt 0.214844 0.562876
vt 0.222656 0.557063
vt 0.222058 0.555844
vt 0.222656 0.562876
vt 0.214844 0.554688
vt 0.214844 0.561185
vt 0.219933 0.601579
vt 0.222656 0.554688
vt 0.219933 0.601579
vt 0.222656 0.561185
vt 0.214844 0.599187
vt 0.214844 0.593374
vt 0.222058 0.600406
vt 0.222656 0.599187
vt 0.222058 0.600406
vt 0.222656 0.593374
vt 0.214844 0.548978
vt 0.214844 0.544922
vt 0.230561 0.609397
vt 0.222656 0.548978
vt 0.222656 0.544922
vt 0.230561 0.609397
vt 0.214844 0.608023
vt 0.232687 0.608224
vt 0.222656 0.608023
vt 0.232687 0.608224
vt 0.214844 0.537109
vt 0.230561 0.617215
vt 0.214844 0.544922
vt 0.222656 0.537109
vt 0.230561 0.617215
vt 0.222656 0.544922
vt 0.232687 0.617215
vt 0.214844 0.542969
vt 0.214844 0.607272
vt 0.230561 0.546853
vt 0.214844 0.611328
vt 0.222656 0.607272
vt 0.230561 0.546853
vt 0.222656 0.611328
vt 0.214844 0.548227
vt 0.232687 0.548026
vt 0.222656 0.548227
vt 0.232687 0.548026
vt 0.230561 0.539035
vt 0.214844 0.619141
vt 0.214844 0.611328
vt 0.230561 0.539035
vt 0.222656 0.619141
vt 0.222656 0.611328
vt 0.232687 0.539035
vt 0.214844 0.613281
vt 0.232687 0.617215
vt 0.222656 0.542969
vt 0.232687 0.539035
vt 0.222656 0.613281
vt 0.450919 0.205078
vt 0.453549 0.205078
vt 0.448705 0.199732
vt 0.453549 0.199732
vt 0.453549 0.210424
vt 0.448705 0.210424
vt 0.453549 0.210424
vt 0.443359 0.197518
vt 0.453549 0.205078
vt 0.438014 0.199732
vt 0.453549 0.199732
vt 0.435799 0.205078
vt 0.453549 0.205078
vt 0.443359 0.212638
vt 0.453549 0.205078
vt 0.438014 0.210424
vt 0.453549 0.199732
vt 0.453549 0.210424
vt 0.456932 0.205078
vt 0.456932 0.199732
vt 0.456932 0.210424
vt 0.456932 0.210424
vt 0.456932 0.205078
vt 0.456932 0.199732
vt 0.456932 0.205078
vt 0.456932 0.205078
vt 0.456932 0.199732
vt 0.456932 0.210424
vt 0.450919 0.205078
vt 0.453549 0.205078
vt 0.448705 0.199732
vt 0.453549 0.199732
vt 0.453549 0.210424
vt 0.448705 0.210424
vt 0.453549 0.210424
vt 0.443359 0.197518
vt 0.453549 0.205078
vt 0.438014 0.199732
vt 0.453549 0.199732
vt 0.435799 0.205078
vt 0.453549 0.205078
vt 0.443359 0.212638
vt 0.453549 0.205078
vt 0.438014 0.210424
vt 0.453549 0.199732
vt 0.453549 0.210424
vt 0.456932 0.205078
vt 0.456932 0.199732
vt 0.456932 0.210424
vt 0.456932 0.210424
vt 0.456932 0.205078
vt 0.456932 0.199732
vt 0.456932 0.205078
vt 0.456932 0.205078
vt 0.456932 0.199732
vt 0.456932 0.210424
s 1
usemtl electronics_etx_part_1
f 2831/6261/512 2823/6239/512 2824/6243/512
f 2832/6263/512 2825/6244/512 2826/6248/512
f 2833/6266/512 2827/6249/512 2828/6253/512
f 2834/6270/512 2829/6254/512 2830/6258/512
f 2860/6327/513 2834/6268/513 2835/6271/513 2862/6331/513
f 2855/6317/514 2824/6241/514 2838/6278/514 2857/6321/514
f 2848/6304/515 2831/6259/515 2845/6297/515 2850/6307/515
f 2845/6297/516 2838/6280/516 2837/6276/516
f 2846/6299/516 2840/6285/516 2839/6281/516
f 2836/6275/516 2842/6290/516 2841/6286/516
f 2835/6273/516 2844/6295/516 2843/6291/516
f 2848/6303/512 2847/6302/512 2823/6239/512 2831/6261/512
f 2856/6319/512 2855/6316/512 2825/6244/512 2832/6263/512
f 2860/6326/512 2859/6325/512 2829/6254/512 2834/6270/512
f 2851/6309/512 2852/6311/512 2827/6249/512 2833/6266/512
f 2853/6313/516 2836/6275/516 2841/6286/516 2854/6315/516
f 2862/6330/516 2835/6273/516 2843/6291/516 2861/6329/516
f 2858/6323/516 2846/6299/516 2839/6281/516 2857/6320/516
f 2830/6257/517 2829/6255/517 2843/6292/517 2844/6294/517
f 2824/6242/518 2823/6240/518 2837/6277/518 2838/6279/518
f 2851/6308/519 2833/6265/519 2836/6274/519 2853/6312/519
f 2859/6324/520 2826/6247/520 2840/6284/520 2861/6328/520
f 2850/6307/516 2845/6297/516 2837/6276/516 2849/6306/516
f 2826/6247/521 2825/6245/521 2839/6282/521 2840/6284/521
f 2856/6318/522 2832/6262/522 2846/6298/522 2858/6322/522
f 2847/6301/523 2828/6252/523 2842/6289/523 2849/6305/523
f 2828/6252/524 2827/6250/524 2841/6287/524 2842/6289/524
f 2852/6310/525 2830/6257/525 2844/6294/525 2854/6314/525
f 2823/6240/526 2847/6301/526 2849/6305/526 2837/6277/526
f 2836/6275/516 2850/6307/516 2849/6306/516 2842/6290/516
f 2833/6266/512 2828/6253/512 2847/6302/512 2848/6303/512
f 2833/6267/527 2848/6304/527 2850/6307/527 2836/6275/527
f 2827/6251/528 2852/6310/528 2854/6314/528 2841/6288/528
f 2834/6269/529 2851/6308/529 2853/6312/529 2835/6272/529
f 2835/6273/516 2853/6313/516 2854/6315/516 2844/6295/516
f 2834/6270/512 2830/6258/512 2852/6311/512 2851/6309/512
f 2831/6260/530 2856/6318/530 2858/6322/530 2845/6296/530
f 2845/6297/516 2858/6323/516 2857/6320/516 2838/6280/516
f 2831/6261/512 2824/6243/512 2855/6316/512 2856/6319/512
f 2825/6246/531 2855/6317/531 2857/6321/531 2839/6283/531
f 2829/6256/532 2859/6324/532 2861/6328/532 2843/6293/532
f 2846/6299/516 2862/6330/516 2861/6329/516 2840/6285/516
f 2832/6263/512 2826/6248/512 2859/6325/512 2860/6326/512
f 2832/6264/533 2860/6327/533 2862/6331/533 2846/6300/533
f 2917/6432/534 2918/6434/534 2926/6450/535 2925/6448/535
f 2892/6377/552 2894/6382/552 2893/6379/552 2884/6358/552 2883/6356/552 2880/6350/552 2887/6365/552 2888/6368/552
f 2885/6360/553 2887/6366/553 2880/6351/554 2879/6348/554
f 2879/6348/554 2880/6351/554 2883/6357/555 2881/6352/555
f 2893/6380/556 2889/6370/556 2882/6354/557 2884/6359/557
f 2884/6359/557 2882/6354/557 2881/6352/555 2883/6357/555
f 2892/6378/558 2890/6373/558 2891/6375/559 2894/6383/559
f 2894/6383/559 2891/6375/559 2889/6371/556 2893/6381/556
f 2887/6367/553 2885/6361/553 2886/6363/560 2888/6369/560
f 2888/6369/560 2886/6363/560 2890/6373/558 2892/6378/558
f 2881/6353/561 2882/6355/561 2889/6372/561 2891/6376/561 2890/6374/561 2886/6364/561 2885/6362/561 2879/6349/561
f 2908/6413/552 2910/6418/552 2909/6415/552 2900/6394/552 2899/6392/552 2896/6386/552 2903/6401/552 2904/6404/552
f 2901/6396/553 2903/6402/553 2896/6387/554 2895/6384/554
f 2895/6384/554 2896/6387/554 2899/6393/555 2897/6388/555
f 2909/6416/556 2905/6406/556 2898/6390/557 2900/6395/557
f 2900/6395/557 2898/6390/557 2897/6388/555 2899/6393/555
f 2908/6414/558 2906/6409/558 2907/6411/559 2910/6419/559
f 2910/6419/559 2907/6411/559 2905/6407/556 2909/6417/556
f 2903/6403/553 2901/6397/553 2902/6399/560 2904/6405/560
f 2904/6405/560 2902/6399/560 2906/6409/558 2908/6414/558
f 2897/6389/561 2898/6391/561 2905/6408/561 2907/6412/561 2906/6410/561 2902/6400/561 2901/6398/561 2895/6385/561
f 2933/6464/534 2934/6466/534 2942/6482/535 2941/6480/535
f 2913/6425/562 2914/6427/562 2918/6434/534 2917/6432/534
f 2912/6422/561 2914/6426/561 2922/6442/561 2920/6438/561
f 2915/6428/563 2916/6430/563 2912/6423/564 2911/6421/564
f 2913/6424/552 2917/6433/552 2915/6429/552 2911/6420/552
f 2918/6435/561 2914/6426/561 2912/6422/561 2916/6431/561
f 2913/6424/552 2911/6420/552 2919/6436/552 2921/6440/552
f 2914/6427/562 2913/6425/562 2921/6441/565 2922/6443/565
f 2911/6421/564 2912/6423/564 2920/6439/566 2919/6437/566
f 2916/6430/563 2915/6428/563 2923/6444/567 2924/6446/567
f 2915/6429/552 2917/6433/552 2925/6449/552 2923/6445/552
f 2918/6435/561 2916/6431/561 2924/6447/561 2926/6451/561
f 2929/6457/562 2930/6459/562 2934/6466/534 2933/6464/534
f 2928/6454/561 2930/6458/561 2938/6474/561 2936/6470/561
f 2931/6460/563 2932/6462/563 2928/6455/564 2927/6453/564
f 2929/6456/552 2933/6465/552 2931/6461/552 2927/6452/552
f 2934/6467/561 2930/6458/561 2928/6454/561 2932/6463/561
f 2929/6456/552 2927/6452/552 2935/6468/552 2937/6472/552
f 2930/6459/562 2929/6457/562 2937/6473/565 2938/6475/565
f 2927/6453/564 2928/6455/564 2936/6471/566 2935/6469/566
f 2932/6462/563 2931/6460/563 2939/6476/567 2940/6478/567
f 2931/6461/552 2933/6465/552 2941/6481/552 2939/6477/552
f 2934/6467/561 2932/6463/561 2940/6479/561 2942/6483/561
f 2945/6490/512 2946/6493/512 2950/6505/512 2949/6502/512
f 2947/6496/516 2948/6499/516 2944/6487/516 2943/6484/516
f 2945/6491/568 2949/6504/568 2947/6498/568 2943/6485/568
f 2950/6506/569 2946/6494/569 2944/6488/569 2948/6500/569
f 2950/6506/569 2948/6500/569 2952/6513/569 2954/6517/569
f 2949/6503/570 2950/6507/570 2954/6516/570 2953/6514/570
f 2948/6501/571 2947/6497/571 2951/6508/571 2952/6511/571
f 2947/6498/568 2949/6504/568 2953/6515/568 2951/6510/568
f 2952/6512/516 2951/6509/516 2955/6518/516 2956/6521/516
f 2951/6510/568 2953/6515/568 2957/6524/568 2955/6519/568
f 2954/6517/569 2952/6513/569 2956/6522/569 2965/6544/569
f 2944/6488/569 2946/6494/569 2961/6535/569 2959/6530/569
f 2945/6491/568 2943/6485/568 2958/6527/568 2960/6533/568
f 2946/6495/572 2945/6492/572 2960/6532/572 2961/6534/572
f 2943/6486/573 2944/6489/573 2959/6529/573 2958/6526/573
f 2959/6530/569 2961/6535/569 2966/6546/569 2963/6539/569
f 2960/6533/568 2958/6527/568 2962/6536/568 2964/6542/568
f 2958/6528/516 2959/6531/516 2963/6540/516 2962/6537/516
f 2956/6523/561 2955/6520/561 2957/6525/561 2965/6545/561
f 2962/6538/552 2963/6541/552 2966/6547/552 2964/6543/552
f 2973/6561/574 2969/6553/575 2967/6548/576 2968/6550/577 2970/6555/578 2971/6557/579 2972/6559/580 2974/6563/581
f 2980/6572/582 2973/6562/574 2974/6564/581 2982/6574/583
f 2982/6575/583 2974/6565/581 2972/6560/580 2981/6573/584
f 2973/6562/574 2980/6572/582 2977/6569/585 2969/6554/575
f 2969/6554/575 2977/6569/585 2975/6566/586 2967/6549/576
f 2981/6573/584 2972/6560/580 2971/6558/579 2979/6571/587
f 2979/6571/587 2971/6558/579 2970/6556/578 2978/6570/588
f 2967/6549/576 2975/6566/586 2976/6567/589 2968/6551/577
f 2968/6552/577 2976/6568/589 2978/6570/588 2970/6556/578
f 2989/6589/574 2985/6581/575 2983/6576/576 2984/6578/577 2986/6583/578 2987/6585/579 2988/6587/580 2990/6591/581
f 2996/6600/582 2989/6590/574 2990/6592/581 2998/6602/583
f 2998/6603/583 2990/6593/581 2988/6588/580 2997/6601/584
f 2989/6590/574 2996/6600/582 2993/6597/585 2985/6582/575
f 2985/6582/575 2993/6597/585 2991/6594/586 2983/6577/576
f 2997/6601/584 2988/6588/580 2987/6586/579 2995/6599/587
f 2995/6599/587 2987/6586/579 2986/6584/578 2994/6598/588
f 2983/6577/576 2991/6594/586 2992/6595/589 2984/6579/577
f 2984/6580/577 2992/6596/589 2994/6598/588 2986/6584/578
usemtl grate_etx_1
f 2871/6340/536 2866/6335/537 2865/6334/538 2872/6341/539
f 2871/6340/536 2872/6341/539 2873/6342/540 2874/6343/541
f 2871/6340/536 2874/6343/541 2864/6333/542 2866/6335/537
f 2876/6345/543 2877/6346/544 2867/6336/545 2869/6338/546
f 2874/6343/541 2873/6342/540 2863/6332/547 2864/6333/542
f 2875/6344/548 2878/6347/549 2877/6346/544 2876/6345/543
f 2878/6347/549 2875/6344/548 2870/6339/550 2868/6337/551
f 2877/6346/544 2878/6347/549 2868/6337/551 2867/6336/545
f 2873/6342/540 2872/6341/539 2865/6334/538 2863/6332/547
f 2875/6344/548 2876/6345/543 2869/6338/546 2870/6339/550
