# Blender 3.4.0
# www.blender.org
mtllib fuse_box_etx_1_1.mtl
o fuse_etx_yellow_1
v -0.162000 0.093001 0.115500
v -0.162000 0.282001 0.115500
v -0.181092 0.093001 0.107592
v -0.189000 0.093001 0.088500
v -0.181092 0.282001 0.107592
v -0.189000 0.282001 0.088500
v -0.142908 0.093001 0.107592
v -0.135000 0.093001 0.088500
v -0.142908 0.282001 0.107592
v -0.135000 0.282001 0.088500
v -0.181092 0.093001 0.069408
v -0.142908 0.093001 0.069408
v -0.162000 0.093001 0.061500
v -0.142908 0.282001 0.069408
v -0.181092 0.282001 0.069408
v -0.162000 0.282001 0.061500
vn -0.0000 1.0000 -0.0000
vn 0.7071 -0.0000 0.7071
vn -0.0000 -0.0000 1.0000
vn -0.7071 -0.0000 0.7071
vn -0.7071 -0.0000 -0.7071
vn -1.0000 -0.0000 -0.0000
vn 0.7071 -0.0000 -0.7071
vn -0.0000 -0.0000 -1.0000
vn 1.0000 -0.0000 -0.0000
vn -0.0000 -1.0000 -0.0000
vt 0.296875 0.291016
vt 0.342222 0.365234
vt 0.351235 0.356222
vt 0.296875 0.349609
vt 0.289062 0.291016
vt 0.338489 0.361501
vt 0.281250 0.291016
vt 0.338489 0.356222
vt 0.347501 0.352488
vt 0.289062 0.349609
vt 0.342222 0.352488
vt 0.281250 0.349609
vt 0.304688 0.291016
vt 0.273438 0.291016
vt 0.347501 0.365234
vt 0.281250 0.291016
vt 0.351235 0.361501
vt 0.351235 0.361501
vt 0.304688 0.349609
vt 0.273438 0.349609
vt 0.347501 0.365234
vt 0.281250 0.349609
vt 0.273438 0.291016
vt 0.304688 0.291016
vt 0.342222 0.352488
vt 0.289062 0.291016
vt 0.351235 0.356222
vt 0.296875 0.291016
vt 0.347501 0.352488
vt 0.342222 0.365234
vt 0.289062 0.349609
vt 0.338489 0.356222
vt 0.273438 0.349609
vt 0.304688 0.349609
vt 0.338489 0.361501
vt 0.296875 0.349609
s 1
usemtl electronics_etx_part_1
f 14/30/1 16/35/1 15/32/1 6/11/1 5/9/1 2/3/1 9/18/1 10/21/1
f 7/13/2 9/19/2 2/4/3 1/1/3
f 1/1/3 2/4/3 5/10/4 3/5/4
f 15/33/5 11/23/5 4/7/6 6/12/6
f 6/12/6 4/7/6 3/5/4 5/10/4
f 14/31/7 12/26/7 13/28/8 16/36/8
f 16/36/8 13/28/8 11/24/5 15/34/5
f 9/20/2 7/14/2 8/16/9 10/22/9
f 10/22/9 8/16/9 12/26/7 14/31/7
f 3/6/10 4/8/10 11/25/10 13/29/10 12/27/10 8/17/10 7/15/10 1/2/10
o fuse_box_etx_1_1
v 0.243000 -0.404999 0.270000
v -0.243000 -0.404999 0.270000
v 0.270000 -0.404999 0.000000
v 0.243000 -0.431999 0.000000
v -0.243000 -0.431999 0.000000
v -0.270000 -0.404999 0.000000
v 0.243000 0.351001 0.270000
v -0.243000 0.351001 0.270000
v 0.243000 0.378001 0.000000
v 0.270000 0.351001 0.000000
v -0.270000 0.351001 0.000000
v -0.243000 0.378001 0.000000
v 0.270000 -0.404999 0.270000
v 0.243000 -0.431999 0.270000
v -0.243000 -0.431999 0.270000
v -0.270000 -0.404999 0.270000
v 0.243000 0.378001 0.270000
v 0.270000 0.351001 0.270000
v -0.270000 0.351001 0.270000
v -0.243000 0.378001 0.270000
v -0.243000 0.351001 0.027000
v -0.243000 -0.404999 0.027000
v 0.243000 0.351001 0.027000
v 0.243000 -0.404999 0.027000
v 0.178200 0.260401 0.116100
v 0.178200 0.276601 0.116100
v 0.178200 0.260401 0.062100
v 0.178200 0.276601 0.062100
v 0.186300 0.260401 0.116100
v 0.186300 0.276601 0.116100
v 0.186300 0.260401 0.062100
v 0.186300 0.276601 0.062100
v 0.189000 0.260401 0.089100
v 0.189000 0.276601 0.089100
v 0.197100 0.260401 0.089100
v 0.197100 0.276601 0.089100
v 0.178199 0.260401 0.054000
v 0.178199 0.276601 0.054000
v 0.145800 0.260401 0.116100
v 0.145800 0.276601 0.116100
v 0.145800 0.260401 0.062100
v 0.145800 0.276601 0.062100
v 0.137700 0.260401 0.116100
v 0.137700 0.276601 0.116100
v 0.137700 0.260401 0.062100
v 0.137700 0.276601 0.062100
v 0.135000 0.260401 0.089100
v 0.135000 0.276601 0.089100
v 0.126900 0.260401 0.089100
v 0.126900 0.276601 0.089100
v 0.145800 0.260401 0.054000
v 0.145800 0.276601 0.054000
v 0.178200 0.098401 0.116100
v 0.178200 0.114601 0.116100
v 0.178200 0.098401 0.062100
v 0.178200 0.114601 0.062100
v 0.186300 0.098401 0.116100
v 0.186300 0.114601 0.116100
v 0.186300 0.098401 0.062100
v 0.186300 0.114601 0.062100
v 0.189000 0.098401 0.089100
v 0.189000 0.114601 0.089100
v 0.197100 0.098401 0.089100
v 0.197100 0.114601 0.089100
v 0.178199 0.098401 0.054000
v 0.178199 0.114601 0.054000
v 0.145800 0.098401 0.116100
v 0.145800 0.114601 0.116100
v 0.145800 0.098401 0.062100
v 0.145800 0.114601 0.062100
v 0.137700 0.098401 0.116100
v 0.137700 0.114601 0.116100
v 0.137700 0.098401 0.062100
v 0.137700 0.114601 0.062100
v 0.135000 0.098401 0.089100
v 0.135000 0.114601 0.089100
v 0.126900 0.098401 0.089100
v 0.126900 0.114601 0.089100
v 0.145800 0.098401 0.054000
v 0.145800 0.114601 0.054000
v 0.178199 0.276601 0.027000
v 0.178199 0.260401 0.027000
v 0.145800 0.276601 0.027000
v 0.145800 0.260401 0.027000
v 0.178199 0.114601 0.027000
v 0.178199 0.098401 0.027000
v 0.145800 0.114601 0.027000
v 0.145800 0.098401 0.027000
v 0.070200 0.260401 0.116100
v 0.070200 0.276601 0.116100
v 0.070200 0.260401 0.062100
v 0.070200 0.276601 0.062100
v 0.078300 0.260401 0.116100
v 0.078300 0.276601 0.116100
v 0.078300 0.260401 0.062100
v 0.078300 0.276601 0.062100
v 0.081000 0.260401 0.089100
v 0.081000 0.276601 0.089100
v 0.089100 0.260401 0.089100
v 0.089100 0.276601 0.089100
v 0.070200 0.260401 0.054000
v 0.070200 0.276601 0.054000
v 0.037800 0.260401 0.116100
v 0.037800 0.276601 0.116100
v 0.037800 0.260401 0.062100
v 0.037800 0.276601 0.062100
v 0.029700 0.260401 0.116100
v 0.029700 0.276601 0.116100
v 0.029700 0.260401 0.062100
v 0.029700 0.276601 0.062100
v 0.027000 0.260401 0.089100
v 0.027000 0.276601 0.089100
v 0.018900 0.260401 0.089100
v 0.018900 0.276601 0.089100
v 0.037800 0.260401 0.054000
v 0.037800 0.276601 0.054000
v 0.070200 0.098401 0.116100
v 0.070200 0.114601 0.116100
v 0.070200 0.098401 0.062100
v 0.070200 0.114601 0.062100
v 0.078300 0.098401 0.116100
v 0.078300 0.114601 0.116100
v 0.078300 0.098401 0.062100
v 0.078300 0.114601 0.062100
v 0.081000 0.098401 0.089100
v 0.081000 0.114601 0.089100
v 0.089100 0.098401 0.089100
v 0.089100 0.114601 0.089100
v 0.070200 0.098401 0.054000
v 0.070200 0.114601 0.054000
v 0.037800 0.098401 0.116100
v 0.037800 0.114601 0.116100
v 0.037800 0.098401 0.062100
v 0.037800 0.114601 0.062100
v 0.029700 0.098401 0.116100
v 0.029700 0.114601 0.116100
v 0.029700 0.098401 0.062100
v 0.029700 0.114601 0.062100
v 0.027000 0.098401 0.089100
v 0.027000 0.114601 0.089100
v 0.018900 0.098401 0.089100
v 0.018900 0.114601 0.089100
v 0.037800 0.098401 0.054000
v 0.037800 0.114601 0.054000
v 0.070200 0.276601 0.027000
v 0.070200 0.260401 0.027000
v 0.037800 0.276601 0.027000
v 0.037800 0.260401 0.027000
v 0.070200 0.114601 0.027000
v 0.070200 0.098401 0.027000
v 0.037800 0.114601 0.027000
v 0.037800 0.098401 0.027000
v -0.037801 0.260401 0.116100
v -0.037801 0.276601 0.116100
v -0.037801 0.260401 0.062100
v -0.037801 0.276601 0.062100
v -0.029701 0.260401 0.116100
v -0.029701 0.276601 0.116100
v -0.029701 0.260401 0.062100
v -0.029701 0.276601 0.062100
v -0.027001 0.260401 0.089100
v -0.027001 0.276601 0.089100
v -0.018901 0.260401 0.089100
v -0.018901 0.276601 0.089100
v -0.037801 0.260401 0.054000
v -0.037801 0.276601 0.054000
v -0.070200 0.260401 0.116100
v -0.070200 0.276601 0.116100
v -0.070200 0.260401 0.062100
v -0.070200 0.276601 0.062100
v -0.078300 0.260401 0.116100
v -0.078300 0.276601 0.116100
v -0.078300 0.260401 0.062100
v -0.078300 0.276601 0.062100
v -0.081000 0.260401 0.089100
v -0.081000 0.276601 0.089100
v -0.089100 0.260401 0.089100
v -0.089100 0.276601 0.089100
v -0.070200 0.260401 0.054000
v -0.070200 0.276601 0.054000
v -0.037801 0.098401 0.116100
v -0.037801 0.114601 0.116100
v -0.037801 0.098401 0.062100
v -0.037801 0.114601 0.062100
v -0.029701 0.098401 0.116100
v -0.029701 0.114601 0.116100
v -0.029701 0.098401 0.062100
v -0.029701 0.114601 0.062100
v -0.027001 0.098401 0.089100
v -0.027001 0.114601 0.089100
v -0.018901 0.098401 0.089100
v -0.018901 0.114601 0.089100
v -0.037801 0.098401 0.054000
v -0.037801 0.114601 0.054000
v -0.070200 0.098401 0.116100
v -0.070200 0.114601 0.116100
v -0.070200 0.098401 0.062100
v -0.070200 0.114601 0.062100
v -0.078300 0.098401 0.116100
v -0.078300 0.114601 0.116100
v -0.078300 0.098401 0.062100
v -0.078300 0.114601 0.062100
v -0.081000 0.098401 0.089100
v -0.081000 0.114601 0.089100
v -0.089100 0.098401 0.089100
v -0.089100 0.114601 0.089100
v -0.070200 0.098401 0.054000
v -0.070200 0.114601 0.054000
v -0.037801 0.276601 0.027000
v -0.037801 0.260401 0.027000
v -0.070200 0.276601 0.027000
v -0.070200 0.260401 0.027000
v -0.037801 0.114601 0.027000
v -0.037801 0.098401 0.027000
v -0.070200 0.114601 0.027000
v -0.070200 0.098401 0.027000
v -0.145800 0.260401 0.116100
v -0.145800 0.276601 0.116100
v -0.145800 0.260401 0.062100
v -0.145800 0.276601 0.062100
v -0.137700 0.260401 0.116100
v -0.137700 0.276601 0.116100
v -0.137700 0.260401 0.062100
v -0.137700 0.276601 0.062100
v -0.135000 0.260401 0.089100
v -0.135000 0.276601 0.089100
v -0.126900 0.260401 0.089100
v -0.126900 0.276601 0.089100
v -0.145801 0.260401 0.054000
v -0.145801 0.276601 0.054000
v -0.178200 0.260401 0.116100
v -0.178200 0.276601 0.116100
v -0.178200 0.260401 0.062100
v -0.178200 0.276601 0.062100
v -0.186300 0.260401 0.116100
v -0.186300 0.276601 0.116100
v -0.186300 0.260401 0.062100
v -0.186300 0.276601 0.062100
v -0.189000 0.260401 0.089100
v -0.189000 0.276601 0.089100
v -0.197100 0.260401 0.089100
v -0.197100 0.276601 0.089100
v -0.178200 0.260401 0.054000
v -0.178200 0.276601 0.054000
v -0.145800 0.098401 0.116100
v -0.145800 0.114601 0.116100
v -0.145800 0.098401 0.062100
v -0.145800 0.114601 0.062100
v -0.137700 0.098401 0.116100
v -0.137700 0.114601 0.116100
v -0.137700 0.098401 0.062100
v -0.137700 0.114601 0.062100
v -0.135000 0.098401 0.089100
v -0.135000 0.114601 0.089100
v -0.126900 0.098401 0.089100
v -0.126900 0.114601 0.089100
v -0.145801 0.098401 0.054000
v -0.145801 0.114601 0.054000
v -0.178200 0.098401 0.116100
v -0.178200 0.114601 0.116100
v -0.178200 0.098401 0.062100
v -0.178200 0.114601 0.062100
v -0.186300 0.098401 0.116100
v -0.186300 0.114601 0.116100
v -0.186300 0.098401 0.062100
v -0.186300 0.114601 0.062100
v -0.189000 0.098401 0.089100
v -0.189000 0.114601 0.089100
v -0.197100 0.098401 0.089100
v -0.197100 0.114601 0.089100
v -0.178200 0.098401 0.054000
v -0.178200 0.114601 0.054000
v -0.145801 0.276601 0.027000
v -0.145801 0.260401 0.027000
v -0.178200 0.276601 0.027000
v -0.178200 0.260401 0.027000
v -0.145801 0.114601 0.027000
v -0.145801 0.098401 0.027000
v -0.178200 0.114601 0.027000
v -0.178200 0.098401 0.027000
v 0.139499 0.162000 0.051000
v 0.146999 0.154500 0.051000
v 0.146999 0.222000 0.051000
v 0.139499 0.214500 0.051000
v 0.146999 0.154500 0.027000
v 0.139499 0.162000 0.027000
v 0.139499 0.214500 0.027000
v 0.146999 0.222000 0.027000
v 0.176999 0.154500 0.051000
v 0.184499 0.162000 0.051000
v 0.184499 0.214500 0.051000
v 0.176999 0.222000 0.051000
v 0.184499 0.162000 0.027000
v 0.176999 0.154500 0.027000
v 0.176999 0.222000 0.027000
v 0.184499 0.214500 0.027000
v 0.153446 0.207170 0.058571
v 0.143080 0.195858 0.058571
v 0.168775 0.207840 0.058571
v 0.143749 0.180529 0.058571
v 0.155062 0.170163 0.058571
v 0.170391 0.170832 0.058571
v 0.180088 0.197474 0.058571
v 0.180757 0.182145 0.058571
v 0.153446 0.207170 0.050552
v 0.143080 0.195858 0.050552
v 0.168775 0.207840 0.050552
v 0.143749 0.180529 0.050552
v 0.155062 0.170163 0.050552
v 0.180088 0.197474 0.050552
v 0.170391 0.170832 0.050552
v 0.180757 0.182145 0.050552
v 0.031499 0.162000 0.051000
v 0.038999 0.154500 0.051000
v 0.038999 0.222000 0.051000
v 0.031499 0.214500 0.051000
v 0.038999 0.154500 0.027000
v 0.031499 0.162000 0.027000
v 0.031499 0.214500 0.027000
v 0.038999 0.222000 0.027000
v 0.068999 0.154500 0.051000
v 0.076499 0.162000 0.051000
v 0.076499 0.214500 0.051000
v 0.068999 0.222000 0.051000
v 0.076499 0.162000 0.027000
v 0.068999 0.154500 0.027000
v 0.068999 0.222000 0.027000
v 0.076499 0.214500 0.027000
v 0.070340 0.200500 0.058571
v 0.057400 0.208744 0.058571
v 0.073661 0.185520 0.058571
v 0.042420 0.205423 0.058571
v 0.034176 0.192482 0.058571
v 0.037497 0.177502 0.058571
v 0.065417 0.172579 0.058571
v 0.050437 0.169258 0.058571
v 0.070340 0.200500 0.050552
v 0.057400 0.208744 0.050552
v 0.073661 0.185520 0.050552
v 0.042420 0.205423 0.050552
v 0.034176 0.192482 0.050552
v 0.065417 0.172579 0.050552
v 0.037497 0.177502 0.050552
v 0.050437 0.169258 0.050552
v -0.076501 0.162000 0.051000
v -0.069001 0.154500 0.051000
v -0.069001 0.222000 0.051000
v -0.076501 0.214500 0.051000
v -0.069001 0.154500 0.027000
v -0.076501 0.162000 0.027000
v -0.076501 0.214500 0.027000
v -0.069001 0.222000 0.027000
v -0.039001 0.154500 0.051000
v -0.031501 0.162000 0.051000
v -0.031501 0.214500 0.051000
v -0.039001 0.222000 0.051000
v -0.031501 0.162000 0.027000
v -0.039001 0.154500 0.027000
v -0.039001 0.222000 0.027000
v -0.031501 0.214500 0.027000
v -0.057563 0.169258 0.058571
v -0.042583 0.172579 0.058571
v -0.070504 0.177502 0.058571
v -0.034339 0.185520 0.058571
v -0.037660 0.200500 0.058571
v -0.050600 0.208744 0.058571
v -0.073824 0.192482 0.058571
v -0.065580 0.205423 0.058571
v -0.057563 0.169258 0.050552
v -0.042583 0.172579 0.050552
v -0.070504 0.177502 0.050552
v -0.034339 0.185520 0.050552
v -0.037660 0.200500 0.050552
v -0.073824 0.192482 0.050552
v -0.050600 0.208744 0.050552
v -0.065580 0.205423 0.050552
v -0.184501 0.162000 0.051000
v -0.177001 0.154500 0.051000
v -0.177001 0.222000 0.051000
v -0.184501 0.214500 0.051000
v -0.177001 0.154500 0.027000
v -0.184501 0.162000 0.027000
v -0.184501 0.214500 0.027000
v -0.177001 0.222000 0.027000
v -0.147001 0.154500 0.051000
v -0.139501 0.162000 0.051000
v -0.139501 0.214500 0.051000
v -0.147001 0.222000 0.051000
v -0.139501 0.162000 0.027000
v -0.147001 0.154500 0.027000
v -0.147001 0.222000 0.027000
v -0.139501 0.214500 0.027000
v -0.180920 0.195858 0.058571
v -0.180251 0.180529 0.058571
v -0.170554 0.207170 0.058571
v -0.168938 0.170163 0.058571
v -0.153609 0.170832 0.058571
v -0.143243 0.182145 0.058571
v -0.155225 0.207840 0.058571
v -0.143912 0.197474 0.058571
v -0.180920 0.195858 0.050552
v -0.180251 0.180529 0.050552
v -0.170554 0.207170 0.050552
v -0.168938 0.170163 0.050552
v -0.153609 0.170832 0.050552
v -0.155225 0.207840 0.050552
v -0.143243 0.182145 0.050552
v -0.143912 0.197474 0.050552
v 0.056699 -0.404999 0.208500
v 0.040499 -0.404999 0.208500
v 0.056699 -0.367199 0.154500
v 0.040499 -0.367199 0.154500
v 0.056699 -0.367199 0.027000
v 0.040499 -0.367199 0.027000
v 0.056699 -0.404999 0.027000
v 0.040499 -0.404999 0.027000
v 0.056699 -0.391199 0.208500
v 0.040499 -0.391199 0.208500
v 0.148499 -0.404999 0.208500
v 0.132299 -0.404999 0.208500
v 0.148499 -0.367199 0.154500
v 0.132299 -0.367199 0.154500
v 0.148499 -0.367199 0.027000
v 0.132299 -0.367199 0.027000
v 0.148499 -0.404999 0.027000
v 0.132299 -0.404999 0.027000
v 0.148499 -0.391199 0.208500
v 0.132299 -0.391199 0.208500
v -0.132301 -0.404999 0.208500
v -0.148501 -0.404999 0.208500
v -0.132301 -0.367199 0.154500
v -0.148501 -0.367199 0.154500
v -0.132301 -0.367199 0.027000
v -0.148501 -0.367199 0.027000
v -0.132301 -0.404999 0.027000
v -0.148501 -0.404999 0.027000
v -0.132301 -0.391199 0.208500
v -0.148501 -0.391199 0.208500
v -0.040501 -0.404999 0.208500
v -0.056701 -0.404999 0.208500
v -0.040501 -0.367199 0.154500
v -0.056701 -0.367199 0.154500
v -0.040501 -0.367199 0.027000
v -0.056701 -0.367199 0.027000
v -0.040501 -0.404999 0.027000
v -0.056701 -0.404999 0.027000
v -0.040501 -0.391199 0.208500
v -0.056701 -0.391199 0.208500
v -0.056700 0.350999 0.208500
v -0.040500 0.350999 0.208500
v -0.056700 0.313199 0.154500
v -0.040500 0.313199 0.154500
v -0.056700 0.313199 0.027000
v -0.040500 0.313199 0.027000
v -0.056700 0.350999 0.027000
v -0.040500 0.350999 0.027000
v -0.056700 0.337199 0.208500
v -0.040500 0.337199 0.208500
v -0.148499 0.350999 0.208500
v -0.132299 0.350999 0.208500
v -0.148499 0.313199 0.154500
v -0.132299 0.313199 0.154500
v -0.148499 0.313199 0.027000
v -0.132299 0.313199 0.027000
v -0.148499 0.350999 0.027000
v -0.132299 0.350999 0.027000
v -0.148499 0.337199 0.208500
v -0.132299 0.337199 0.208500
v 0.132300 0.350999 0.208500
v 0.148500 0.350999 0.208500
v 0.132300 0.313199 0.154500
v 0.148500 0.313199 0.154500
v 0.132300 0.313199 0.027000
v 0.148500 0.313199 0.027000
v 0.132300 0.350999 0.027000
v 0.148500 0.350999 0.027000
v 0.132300 0.337199 0.208500
v 0.148500 0.337199 0.208500
v 0.040501 0.350999 0.208500
v 0.056701 0.350999 0.208500
v 0.040501 0.313199 0.154500
v 0.056701 0.313199 0.154500
v 0.040501 0.313199 0.027000
v 0.056701 0.313199 0.027000
v 0.040501 0.350999 0.027000
v 0.056701 0.350999 0.027000
v 0.040501 0.337199 0.208500
v 0.056701 0.337199 0.208500
v -0.240000 -0.348000 0.033000
v -0.240000 0.012000 0.033000
v -0.240000 -0.348000 0.027000
v -0.240000 0.012000 0.027000
v 0.240000 -0.348000 0.033000
v 0.240000 0.012000 0.033000
v 0.240000 -0.348000 0.027000
v 0.240000 0.012000 0.027000
v 0.175802 -0.180706 0.037500
v 0.175802 -0.180706 0.042000
v 0.170530 -0.167978 0.037500
v 0.175802 -0.155250 0.037500
v 0.170530 -0.167978 0.042000
v 0.175802 -0.155250 0.042000
v 0.188530 -0.185978 0.037500
v 0.201258 -0.180706 0.037500
v 0.188530 -0.185978 0.042000
v 0.201258 -0.180706 0.042000
v 0.188530 -0.149978 0.037500
v 0.206530 -0.167978 0.037500
v 0.201258 -0.155250 0.037500
v 0.206530 -0.167978 0.042000
v 0.188530 -0.149978 0.042000
v 0.201258 -0.155250 0.042000
v 0.179530 -0.172178 0.019500
v 0.179530 -0.172178 0.037500
v 0.179530 -0.163778 0.019500
v 0.179530 -0.163778 0.037500
v 0.181330 -0.172178 0.019500
v 0.181330 -0.172178 0.037500
v 0.181330 -0.163778 0.019500
v 0.181330 -0.163778 0.037500
v 0.179530 -0.171278 0.017700
v 0.179530 -0.164678 0.017700
v 0.181330 -0.171278 0.017700
v 0.181330 -0.164678 0.017700
v 0.195730 -0.172178 0.019500
v 0.195730 -0.172178 0.037500
v 0.195730 -0.163778 0.019500
v 0.195730 -0.163778 0.037500
v 0.197530 -0.172178 0.019500
v 0.197530 -0.172178 0.037500
v 0.197530 -0.163778 0.019500
v 0.197530 -0.163778 0.037500
v 0.195730 -0.171278 0.017700
v 0.195730 -0.164678 0.017700
v 0.197530 -0.171278 0.017700
v 0.197530 -0.164678 0.017700
v 0.174784 -0.181724 0.042000
v 0.174784 -0.181724 0.097500
v 0.169090 -0.167978 0.042000
v 0.174784 -0.154232 0.042000
v 0.169090 -0.167978 0.097500
v 0.174784 -0.154232 0.097500
v 0.188530 -0.187418 0.042000
v 0.202276 -0.181724 0.042000
v 0.188530 -0.187418 0.097500
v 0.202276 -0.181724 0.097500
v 0.188530 -0.148538 0.042000
v 0.207970 -0.167978 0.042000
v 0.202276 -0.154232 0.042000
v 0.207970 -0.167978 0.097500
v 0.188530 -0.148538 0.097500
v 0.202276 -0.154232 0.097500
v 0.174784 -0.181724 0.061500
v 0.176158 -0.180350 0.057000
v 0.174784 -0.181724 0.052500
v 0.174784 -0.154232 0.052500
v 0.176158 -0.155607 0.057000
v 0.174784 -0.154232 0.061500
v 0.169090 -0.167978 0.052500
v 0.171034 -0.167978 0.057000
v 0.169090 -0.167978 0.061500
v 0.207970 -0.167978 0.061500
v 0.206026 -0.167978 0.057000
v 0.207970 -0.167978 0.052500
v 0.202276 -0.154232 0.052500
v 0.200901 -0.155607 0.057000
v 0.202276 -0.154232 0.061500
v 0.188530 -0.148538 0.052500
v 0.188530 -0.150482 0.057000
v 0.188530 -0.148538 0.061500
v 0.188530 -0.187418 0.061500
v 0.188530 -0.185474 0.057000
v 0.188530 -0.187418 0.052500
v 0.202276 -0.181724 0.052500
v 0.200901 -0.180350 0.057000
v 0.202276 -0.181724 0.061500
v -0.207728 -0.180728 0.037500
v -0.207728 -0.180728 0.042000
v -0.213001 -0.168000 0.037500
v -0.207728 -0.155272 0.037500
v -0.213001 -0.168000 0.042000
v -0.207728 -0.155272 0.042000
v -0.195001 -0.186000 0.037500
v -0.182273 -0.180728 0.037500
v -0.195001 -0.186000 0.042000
v -0.182273 -0.180728 0.042000
v -0.195001 -0.150000 0.037500
v -0.177001 -0.168000 0.037500
v -0.182273 -0.155272 0.037500
v -0.177001 -0.168000 0.042000
v -0.195001 -0.150000 0.042000
v -0.182273 -0.155272 0.042000
v -0.204001 -0.172200 0.019500
v -0.204001 -0.172200 0.037500
v -0.204001 -0.163800 0.019500
v -0.204001 -0.163800 0.037500
v -0.202201 -0.172200 0.019500
v -0.202201 -0.172200 0.037500
v -0.202201 -0.163800 0.019500
v -0.202201 -0.163800 0.037500
v -0.204001 -0.171300 0.017700
v -0.204001 -0.164700 0.017700
v -0.202201 -0.171300 0.017700
v -0.202201 -0.164700 0.017700
v -0.187801 -0.172200 0.019500
v -0.187801 -0.172200 0.037500
v -0.187801 -0.163800 0.019500
v -0.187801 -0.163800 0.037500
v -0.186001 -0.172200 0.019500
v -0.186001 -0.172200 0.037500
v -0.186001 -0.163800 0.019500
v -0.186001 -0.163800 0.037500
v -0.187801 -0.171300 0.017700
v -0.187801 -0.164700 0.017700
v -0.186001 -0.171300 0.017700
v -0.186001 -0.164700 0.017700
v -0.212183 -0.185182 0.042000
v -0.212183 -0.185182 0.112500
v -0.219301 -0.168000 0.042000
v -0.212183 -0.150817 0.042000
v -0.219301 -0.168000 0.112500
v -0.212183 -0.150817 0.112500
v -0.195001 -0.192300 0.042000
v -0.177818 -0.185182 0.042000
v -0.195001 -0.192300 0.112500
v -0.177818 -0.185182 0.112500
v -0.195001 -0.143700 0.042000
v -0.170701 -0.168000 0.042000
v -0.177818 -0.150817 0.042000
v -0.170701 -0.168000 0.112500
v -0.195001 -0.143700 0.112500
v -0.177818 -0.150817 0.112500
v -0.212183 -0.185182 0.061500
v -0.210465 -0.183464 0.057000
v -0.212183 -0.185182 0.052500
v -0.212183 -0.150817 0.052500
v -0.210465 -0.152535 0.057000
v -0.212183 -0.150817 0.061500
v -0.219301 -0.168000 0.052500
v -0.216871 -0.168000 0.057000
v -0.219301 -0.168000 0.061500
v -0.170701 -0.168000 0.061500
v -0.173131 -0.168000 0.057000
v -0.170701 -0.168000 0.052500
v -0.177818 -0.150817 0.052500
v -0.179536 -0.152535 0.057000
v -0.177818 -0.150817 0.061500
v -0.195001 -0.143700 0.052500
v -0.195001 -0.146130 0.057000
v -0.195001 -0.143700 0.061500
v -0.195001 -0.192300 0.061500
v -0.195001 -0.189870 0.057000
v -0.195001 -0.192300 0.052500
v -0.177818 -0.185182 0.052500
v -0.179536 -0.183464 0.057000
v -0.177818 -0.185182 0.061500
v 0.195752 -0.207893 0.038863
v 0.195752 -0.282893 0.038863
v 0.192589 -0.207893 0.046500
v 0.195752 -0.207893 0.054137
v 0.192589 -0.282893 0.046500
v 0.195752 -0.282893 0.054137
v 0.203389 -0.207893 0.035700
v 0.211025 -0.207893 0.038863
v 0.203389 -0.282893 0.035700
v 0.211025 -0.282893 0.038863
v 0.203389 -0.207893 0.057300
v 0.214189 -0.207893 0.046500
v 0.211025 -0.207893 0.054137
v 0.214189 -0.282893 0.046500
v 0.203389 -0.282893 0.057300
v 0.211025 -0.282893 0.054137
v 0.197025 -0.205643 0.040136
v 0.197025 -0.207893 0.040136
v 0.194389 -0.205643 0.046500
v 0.197025 -0.205643 0.052864
v 0.194389 -0.207893 0.046500
v 0.197025 -0.207893 0.052864
v 0.203389 -0.205643 0.037500
v 0.209753 -0.205643 0.040136
v 0.203389 -0.207893 0.037500
v 0.209753 -0.207893 0.040136
v 0.203389 -0.205643 0.055500
v 0.212389 -0.205643 0.046500
v 0.209753 -0.205643 0.052864
v 0.212389 -0.207893 0.046500
v 0.203389 -0.207893 0.055500
v 0.209753 -0.207893 0.052864
v 0.198889 -0.201293 0.031950
v 0.198889 -0.205643 0.044400
v 0.198889 -0.197093 0.031950
v 0.198889 -0.205643 0.048600
v 0.200207 -0.201293 0.031950
v 0.200207 -0.205643 0.044400
v 0.200207 -0.197093 0.031950
v 0.200207 -0.205643 0.048600
v 0.198889 -0.200843 0.031050
v 0.198889 -0.197543 0.031050
v 0.200207 -0.200843 0.031050
v 0.200207 -0.197543 0.031050
v 0.206571 -0.201293 0.031950
v 0.206571 -0.205643 0.044400
v 0.206571 -0.197093 0.031950
v 0.206571 -0.205643 0.048600
v 0.207889 -0.201293 0.031950
v 0.207889 -0.205643 0.044400
v 0.207889 -0.197093 0.031950
v 0.207889 -0.205643 0.048600
v 0.206571 -0.200843 0.031050
v 0.206571 -0.197543 0.031050
v 0.207889 -0.200843 0.031050
v 0.207889 -0.197543 0.031050
v 0.198889 -0.201143 0.044400
v 0.198889 -0.197093 0.048600
v 0.200207 -0.197093 0.048600
v 0.200207 -0.201143 0.044400
v 0.206571 -0.201143 0.044400
v 0.206571 -0.197093 0.048600
v 0.207889 -0.197093 0.048600
v 0.207889 -0.201143 0.044400
v 0.209753 -0.285143 0.040136
v 0.209753 -0.282893 0.040136
v 0.212389 -0.285143 0.046500
v 0.209753 -0.285143 0.052864
v 0.212389 -0.282893 0.046500
v 0.209753 -0.282893 0.052864
v 0.203389 -0.285143 0.037500
v 0.197025 -0.285143 0.040136
v 0.203389 -0.282893 0.037500
v 0.197025 -0.282893 0.040136
v 0.203389 -0.285143 0.055500
v 0.194389 -0.285143 0.046500
v 0.197025 -0.285143 0.052864
v 0.194389 -0.282893 0.046500
v 0.203389 -0.282893 0.055500
v 0.197025 -0.282893 0.052864
v 0.207889 -0.289493 0.031950
v 0.207889 -0.285143 0.044400
v 0.207889 -0.293693 0.031950
v 0.207889 -0.285143 0.048600
v 0.206571 -0.289493 0.031950
v 0.206571 -0.285143 0.044400
v 0.206571 -0.293693 0.031950
v 0.206571 -0.285143 0.048600
v 0.207889 -0.289943 0.031050
v 0.207889 -0.293243 0.031050
v 0.206571 -0.289943 0.031050
v 0.206571 -0.293243 0.031050
v 0.200207 -0.289493 0.031950
v 0.200207 -0.285143 0.044400
v 0.200207 -0.293693 0.031950
v 0.200207 -0.285143 0.048600
v 0.198889 -0.289493 0.031950
v 0.198889 -0.285143 0.044400
v 0.198889 -0.293693 0.031950
v 0.198889 -0.285143 0.048600
v 0.200207 -0.289943 0.031050
v 0.200207 -0.293243 0.031050
v 0.198889 -0.289943 0.031050
v 0.198889 -0.293243 0.031050
v 0.207889 -0.289643 0.044400
v 0.207889 -0.293693 0.048600
v 0.206571 -0.293693 0.048600
v 0.206571 -0.289643 0.044400
v 0.200207 -0.289643 0.044400
v 0.200207 -0.293693 0.048600
v 0.198889 -0.293693 0.048600
v 0.198889 -0.289643 0.044400
v -0.200255 -0.063893 0.037691
v -0.200255 -0.123893 0.037691
v -0.202785 -0.063893 0.043800
v -0.200255 -0.063893 0.049909
v -0.202785 -0.123893 0.043800
v -0.200255 -0.123893 0.049909
v -0.194145 -0.063893 0.035160
v -0.188036 -0.063893 0.037691
v -0.194145 -0.123893 0.035160
v -0.188036 -0.123893 0.037691
v -0.194145 -0.063893 0.052440
v -0.185505 -0.063893 0.043800
v -0.188036 -0.063893 0.049909
v -0.185505 -0.123893 0.043800
v -0.194145 -0.123893 0.052440
v -0.188036 -0.123893 0.049909
v -0.199237 -0.062093 0.038709
v -0.199237 -0.063893 0.038709
v -0.201346 -0.062093 0.043800
v -0.199237 -0.062093 0.048891
v -0.201346 -0.063893 0.043800
v -0.199237 -0.063893 0.048891
v -0.194145 -0.062093 0.036600
v -0.189054 -0.062093 0.038709
v -0.194145 -0.063893 0.036600
v -0.189054 -0.063893 0.038709
v -0.194145 -0.062093 0.051000
v -0.186945 -0.062093 0.043800
v -0.189054 -0.062093 0.048891
v -0.186945 -0.063893 0.043800
v -0.194145 -0.063893 0.051000
v -0.189054 -0.063893 0.048891
v -0.197745 -0.058613 0.032160
v -0.197745 -0.062093 0.042120
v -0.197745 -0.055253 0.032160
v -0.197745 -0.062093 0.045480
v -0.196691 -0.058613 0.032160
v -0.196691 -0.062093 0.042120
v -0.196691 -0.055253 0.032160
v -0.196691 -0.062093 0.045480
v -0.197745 -0.058253 0.031440
v -0.197745 -0.055613 0.031440
v -0.196691 -0.058253 0.031440
v -0.196691 -0.055613 0.031440
v -0.191600 -0.058613 0.032160
v -0.191600 -0.062093 0.042120
v -0.191600 -0.055253 0.032160
v -0.191600 -0.062093 0.045480
v -0.190545 -0.058613 0.032160
v -0.190545 -0.062093 0.042120
v -0.190545 -0.055253 0.032160
v -0.190545 -0.062093 0.045480
v -0.191600 -0.058253 0.031440
v -0.191600 -0.055613 0.031440
v -0.190545 -0.058253 0.031440
v -0.190545 -0.055613 0.031440
v -0.197745 -0.058493 0.042120
v -0.197745 -0.055253 0.045480
v -0.196691 -0.055253 0.045480
v -0.196691 -0.058493 0.042120
v -0.191600 -0.058493 0.042120
v -0.191600 -0.055253 0.045480
v -0.190545 -0.055253 0.045480
v -0.190545 -0.058493 0.042120
v -0.189054 -0.125693 0.038709
v -0.189054 -0.123893 0.038709
v -0.186945 -0.125693 0.043800
v -0.189054 -0.125693 0.048891
v -0.186945 -0.123893 0.043800
v -0.189054 -0.123893 0.048891
v -0.194145 -0.125693 0.036600
v -0.199237 -0.125693 0.038709
v -0.194145 -0.123893 0.036600
v -0.199237 -0.123893 0.038709
v -0.194145 -0.125693 0.051000
v -0.201346 -0.125693 0.043800
v -0.199237 -0.125693 0.048891
v -0.201346 -0.123893 0.043800
v -0.194145 -0.123893 0.051000
v -0.199237 -0.123893 0.048891
v -0.190545 -0.129173 0.032160
v -0.190545 -0.125693 0.042120
v -0.190545 -0.132533 0.032160
v -0.190545 -0.125693 0.045480
v -0.191600 -0.129173 0.032160
v -0.191600 -0.125693 0.042120
v -0.191600 -0.132533 0.032160
v -0.191600 -0.125693 0.045480
v -0.190545 -0.129533 0.031440
v -0.190545 -0.132173 0.031440
v -0.191600 -0.129533 0.031440
v -0.191600 -0.132173 0.031440
v -0.196691 -0.129173 0.032160
v -0.196691 -0.125693 0.042120
v -0.196691 -0.132533 0.032160
v -0.196691 -0.125693 0.045480
v -0.197745 -0.129173 0.032160
v -0.197745 -0.125693 0.042120
v -0.197745 -0.132533 0.032160
v -0.197745 -0.125693 0.045480
v -0.196691 -0.129533 0.031440
v -0.196691 -0.132173 0.031440
v -0.197745 -0.129533 0.031440
v -0.197745 -0.132173 0.031440
v -0.190545 -0.129293 0.042120
v -0.190545 -0.132533 0.045480
v -0.191600 -0.132533 0.045480
v -0.191600 -0.129293 0.042120
v -0.196691 -0.129293 0.042120
v -0.196691 -0.132533 0.045480
v -0.197745 -0.132533 0.045480
v -0.197745 -0.129293 0.042120
v -0.225782 -0.056393 0.038863
v -0.225782 -0.131393 0.038863
v -0.228946 -0.056393 0.046500
v -0.225782 -0.056393 0.054137
v -0.228946 -0.131393 0.046500
v -0.225782 -0.131393 0.054137
v -0.218146 -0.056393 0.035700
v -0.210509 -0.056393 0.038863
v -0.218146 -0.131393 0.035700
v -0.210509 -0.131393 0.038863
v -0.218146 -0.056393 0.057300
v -0.207346 -0.056393 0.046500
v -0.210509 -0.056393 0.054137
v -0.207346 -0.131393 0.046500
v -0.218146 -0.131393 0.057300
v -0.210509 -0.131393 0.054137
v -0.224510 -0.054143 0.040136
v -0.224510 -0.056393 0.040136
v -0.227146 -0.054143 0.046500
v -0.224510 -0.054143 0.052864
v -0.227146 -0.056393 0.046500
v -0.224510 -0.056393 0.052864
v -0.218146 -0.054143 0.037500
v -0.211782 -0.054143 0.040136
v -0.218146 -0.056393 0.037500
v -0.211782 -0.056393 0.040136
v -0.218146 -0.054143 0.055500
v -0.209146 -0.054143 0.046500
v -0.211782 -0.054143 0.052864
v -0.209146 -0.056393 0.046500
v -0.218146 -0.056393 0.055500
v -0.211782 -0.056393 0.052864
v -0.222646 -0.049793 0.031950
v -0.222646 -0.054143 0.044400
v -0.222646 -0.045593 0.031950
v -0.222646 -0.054143 0.048600
v -0.221327 -0.049793 0.031950
v -0.221327 -0.054143 0.044400
v -0.221327 -0.045593 0.031950
v -0.221327 -0.054143 0.048600
v -0.222646 -0.049343 0.031050
v -0.222646 -0.046043 0.031050
v -0.221327 -0.049343 0.031050
v -0.221327 -0.046043 0.031050
v -0.214964 -0.049793 0.031950
v -0.214964 -0.054143 0.044400
v -0.214964 -0.045593 0.031950
v -0.214964 -0.054143 0.048600
v -0.213646 -0.049793 0.031950
v -0.213646 -0.054143 0.044400
v -0.213646 -0.045593 0.031950
v -0.213646 -0.054143 0.048600
v -0.214964 -0.049343 0.031050
v -0.214964 -0.046043 0.031050
v -0.213646 -0.049343 0.031050
v -0.213646 -0.046043 0.031050
v -0.222646 -0.049643 0.044400
v -0.222646 -0.045593 0.048600
v -0.221327 -0.045593 0.048600
v -0.221327 -0.049643 0.044400
v -0.214964 -0.049643 0.044400
v -0.214964 -0.045593 0.048600
v -0.213646 -0.045593 0.048600
v -0.213646 -0.049643 0.044400
v -0.211782 -0.133643 0.040136
v -0.211782 -0.131393 0.040136
v -0.209146 -0.133643 0.046500
v -0.211782 -0.133643 0.052864
v -0.209146 -0.131393 0.046500
v -0.211782 -0.131393 0.052864
v -0.218146 -0.133643 0.037500
v -0.224510 -0.133643 0.040136
v -0.218146 -0.131393 0.037500
v -0.224510 -0.131393 0.040136
v -0.218146 -0.133643 0.055500
v -0.227146 -0.133643 0.046500
v -0.224510 -0.133643 0.052864
v -0.227146 -0.131393 0.046500
v -0.218146 -0.131393 0.055500
v -0.224510 -0.131393 0.052864
v -0.213646 -0.137993 0.031950
v -0.213646 -0.133643 0.044400
v -0.213646 -0.142193 0.031950
v -0.213646 -0.133643 0.048600
v -0.214964 -0.137993 0.031950
v -0.214964 -0.133643 0.044400
v -0.214964 -0.142193 0.031950
v -0.214964 -0.133643 0.048600
v -0.213646 -0.138443 0.031050
v -0.213646 -0.141743 0.031050
v -0.214964 -0.138443 0.031050
v -0.214964 -0.141743 0.031050
v -0.221327 -0.137993 0.031950
v -0.221327 -0.133643 0.044400
v -0.221327 -0.142193 0.031950
v -0.221327 -0.133643 0.048600
v -0.222646 -0.137993 0.031950
v -0.222646 -0.133643 0.044400
v -0.222646 -0.142193 0.031950
v -0.222646 -0.133643 0.048600
v -0.221327 -0.138443 0.031050
v -0.221327 -0.141743 0.031050
v -0.222646 -0.138443 0.031050
v -0.222646 -0.141743 0.031050
v -0.213646 -0.138143 0.044400
v -0.213646 -0.142193 0.048600
v -0.214964 -0.142193 0.048600
v -0.214964 -0.138143 0.044400
v -0.221327 -0.138143 0.044400
v -0.221327 -0.142193 0.048600
v -0.222646 -0.142193 0.048600
v -0.222646 -0.138143 0.044400
v -0.213262 -0.207623 0.038863
v -0.213262 -0.282623 0.038863
v -0.216425 -0.207623 0.046500
v -0.213262 -0.207623 0.054137
v -0.216425 -0.282623 0.046500
v -0.213262 -0.282623 0.054137
v -0.205625 -0.207623 0.035700
v -0.197988 -0.207623 0.038863
v -0.205625 -0.282623 0.035700
v -0.197988 -0.282623 0.038863
v -0.205625 -0.207623 0.057300
v -0.194825 -0.207623 0.046500
v -0.197988 -0.207623 0.054137
v -0.194825 -0.282623 0.046500
v -0.205625 -0.282623 0.057300
v -0.197988 -0.282623 0.054137
v -0.211989 -0.205373 0.040136
v -0.211989 -0.207623 0.040136
v -0.214625 -0.205373 0.046500
v -0.211989 -0.205373 0.052864
v -0.214625 -0.207623 0.046500
v -0.211989 -0.207623 0.052864
v -0.205625 -0.205373 0.037500
v -0.199261 -0.205373 0.040136
v -0.205625 -0.207623 0.037500
v -0.199261 -0.207623 0.040136
v -0.205625 -0.205373 0.055500
v -0.196625 -0.205373 0.046500
v -0.199261 -0.205373 0.052864
v -0.196625 -0.207623 0.046500
v -0.205625 -0.207623 0.055500
v -0.199261 -0.207623 0.052864
v -0.210125 -0.201023 0.031950
v -0.210125 -0.205373 0.044400
v -0.210125 -0.196823 0.031950
v -0.210125 -0.205373 0.048600
v -0.208807 -0.201023 0.031950
v -0.208807 -0.205373 0.044400
v -0.208807 -0.196823 0.031950
v -0.208807 -0.205373 0.048600
v -0.210125 -0.200573 0.031050
v -0.210125 -0.197273 0.031050
v -0.208807 -0.200573 0.031050
v -0.208807 -0.197273 0.031050
v -0.202443 -0.201023 0.031950
v -0.202443 -0.205373 0.044400
v -0.202443 -0.196823 0.031950
v -0.202443 -0.205373 0.048600
v -0.201125 -0.201023 0.031950
v -0.201125 -0.205373 0.044400
v -0.201125 -0.196823 0.031950
v -0.201125 -0.205373 0.048600
v -0.202443 -0.200573 0.031050
v -0.202443 -0.197273 0.031050
v -0.201125 -0.200573 0.031050
v -0.201125 -0.197273 0.031050
v -0.210125 -0.200873 0.044400
v -0.210125 -0.196823 0.048600
v -0.208807 -0.196823 0.048600
v -0.208807 -0.200873 0.044400
v -0.202443 -0.200873 0.044400
v -0.202443 -0.196823 0.048600
v -0.201125 -0.196823 0.048600
v -0.201125 -0.200873 0.044400
v -0.199261 -0.284873 0.040136
v -0.199261 -0.282623 0.040136
v -0.196625 -0.284873 0.046500
v -0.199261 -0.284873 0.052864
v -0.196625 -0.282623 0.046500
v -0.199261 -0.282623 0.052864
v -0.205625 -0.284873 0.037500
v -0.211989 -0.284873 0.040136
v -0.205625 -0.282623 0.037500
v -0.211989 -0.282623 0.040136
v -0.205625 -0.284873 0.055500
v -0.214625 -0.284873 0.046500
v -0.211989 -0.284873 0.052864
v -0.214625 -0.282623 0.046500
v -0.205625 -0.282623 0.055500
v -0.211989 -0.282623 0.052864
v -0.201125 -0.289223 0.031950
v -0.201125 -0.284873 0.044400
v -0.201125 -0.293423 0.031950
v -0.201125 -0.284873 0.048600
v -0.202443 -0.289223 0.031950
v -0.202443 -0.284873 0.044400
v -0.202443 -0.293423 0.031950
v -0.202443 -0.284873 0.048600
v -0.201125 -0.289673 0.031050
v -0.201125 -0.292973 0.031050
v -0.202443 -0.289673 0.031050
v -0.202443 -0.292973 0.031050
v -0.208807 -0.289223 0.031950
v -0.208807 -0.284873 0.044400
v -0.208807 -0.293423 0.031950
v -0.208807 -0.284873 0.048600
v -0.210125 -0.289223 0.031950
v -0.210125 -0.284873 0.044400
v -0.210125 -0.293423 0.031950
v -0.210125 -0.284873 0.048600
v -0.208807 -0.289673 0.031050
v -0.208807 -0.292973 0.031050
v -0.210125 -0.289673 0.031050
v -0.210125 -0.292973 0.031050
v -0.201125 -0.289373 0.044400
v -0.201125 -0.293423 0.048600
v -0.202443 -0.293423 0.048600
v -0.202443 -0.289373 0.044400
v -0.208807 -0.289373 0.044400
v -0.208807 -0.293423 0.048600
v -0.210125 -0.293423 0.048600
v -0.210125 -0.289373 0.044400
v 0.190279 -0.071393 0.041918
v 0.190279 -0.116393 0.041918
v 0.188381 -0.071393 0.046500
v 0.190279 -0.071393 0.051082
v 0.188381 -0.116393 0.046500
v 0.190279 -0.116393 0.051082
v 0.194861 -0.071393 0.040020
v 0.199444 -0.071393 0.041918
v 0.194861 -0.116393 0.040020
v 0.199444 -0.116393 0.041918
v 0.194861 -0.071393 0.052980
v 0.201341 -0.071393 0.046500
v 0.199444 -0.071393 0.051082
v 0.201341 -0.116393 0.046500
v 0.194861 -0.116393 0.052980
v 0.199444 -0.116393 0.051082
v 0.191043 -0.070043 0.042682
v 0.191043 -0.071393 0.042682
v 0.189461 -0.070043 0.046500
v 0.191043 -0.070043 0.050319
v 0.189461 -0.071393 0.046500
v 0.191043 -0.071393 0.050319
v 0.194861 -0.070043 0.041100
v 0.198680 -0.070043 0.042682
v 0.194861 -0.071393 0.041100
v 0.198680 -0.071393 0.042682
v 0.194861 -0.070043 0.051900
v 0.200261 -0.070043 0.046500
v 0.198680 -0.070043 0.050319
v 0.200261 -0.071393 0.046500
v 0.194861 -0.071393 0.051900
v 0.198680 -0.071393 0.050319
v 0.192161 -0.067433 0.037770
v 0.192161 -0.070043 0.045240
v 0.192161 -0.064913 0.037770
v 0.192161 -0.070043 0.047760
v 0.192952 -0.067433 0.037770
v 0.192952 -0.070043 0.045240
v 0.192952 -0.064913 0.037770
v 0.192952 -0.070043 0.047760
v 0.192161 -0.067163 0.037230
v 0.192161 -0.065183 0.037230
v 0.192952 -0.067163 0.037230
v 0.192952 -0.065183 0.037230
v 0.196771 -0.067433 0.037770
v 0.196771 -0.070043 0.045240
v 0.196771 -0.064913 0.037770
v 0.196771 -0.070043 0.047760
v 0.197561 -0.067433 0.037770
v 0.197561 -0.070043 0.045240
v 0.197561 -0.064913 0.037770
v 0.197561 -0.070043 0.047760
v 0.196771 -0.067163 0.037230
v 0.196771 -0.065183 0.037230
v 0.197561 -0.067163 0.037230
v 0.197561 -0.065183 0.037230
v 0.192161 -0.067343 0.045240
v 0.192161 -0.064913 0.047760
v 0.192952 -0.064913 0.047760
v 0.192952 -0.067343 0.045240
v 0.196771 -0.067343 0.045240
v 0.196771 -0.064913 0.047760
v 0.197561 -0.064913 0.047760
v 0.197561 -0.067343 0.045240
v 0.198680 -0.117743 0.042682
v 0.198680 -0.116393 0.042682
v 0.200261 -0.117743 0.046500
v 0.198680 -0.117743 0.050319
v 0.200261 -0.116393 0.046500
v 0.198680 -0.116393 0.050319
v 0.194861 -0.117743 0.041100
v 0.191043 -0.117743 0.042682
v 0.194861 -0.116393 0.041100
v 0.191043 -0.116393 0.042682
v 0.194861 -0.117743 0.051900
v 0.189461 -0.117743 0.046500
v 0.191043 -0.117743 0.050319
v 0.189461 -0.116393 0.046500
v 0.194861 -0.116393 0.051900
v 0.191043 -0.116393 0.050319
v 0.197561 -0.120353 0.037770
v 0.197561 -0.117743 0.045240
v 0.197561 -0.122873 0.037770
v 0.197561 -0.117743 0.047760
v 0.196771 -0.120353 0.037770
v 0.196771 -0.117743 0.045240
v 0.196771 -0.122873 0.037770
v 0.196771 -0.117743 0.047760
v 0.197561 -0.120623 0.037230
v 0.197561 -0.122603 0.037230
v 0.196771 -0.120623 0.037230
v 0.196771 -0.122603 0.037230
v 0.192952 -0.120353 0.037770
v 0.192952 -0.117743 0.045240
v 0.192952 -0.122873 0.037770
v 0.192952 -0.117743 0.047760
v 0.192161 -0.120353 0.037770
v 0.192161 -0.117743 0.045240
v 0.192161 -0.122873 0.037770
v 0.192161 -0.117743 0.047760
v 0.192952 -0.120623 0.037230
v 0.192952 -0.122603 0.037230
v 0.192161 -0.120623 0.037230
v 0.192161 -0.122603 0.037230
v 0.197561 -0.120443 0.045240
v 0.197561 -0.122873 0.047760
v 0.196771 -0.122873 0.047760
v 0.196771 -0.120443 0.045240
v 0.192952 -0.120443 0.045240
v 0.192952 -0.122873 0.047760
v 0.192161 -0.122873 0.047760
v 0.192161 -0.120443 0.045240
v 0.211049 -0.056393 0.038863
v 0.211049 -0.131393 0.038863
v 0.207886 -0.056393 0.046500
v 0.211049 -0.056393 0.054137
v 0.207886 -0.131393 0.046500
v 0.211049 -0.131393 0.054137
v 0.218686 -0.056393 0.035700
v 0.226323 -0.056393 0.038863
v 0.218686 -0.131393 0.035700
v 0.226323 -0.131393 0.038863
v 0.218686 -0.056393 0.057300
v 0.229486 -0.056393 0.046500
v 0.226323 -0.056393 0.054137
v 0.229486 -0.131393 0.046500
v 0.218686 -0.131393 0.057300
v 0.226323 -0.131393 0.054137
v 0.212322 -0.054143 0.040136
v 0.212322 -0.056393 0.040136
v 0.209686 -0.054143 0.046500
v 0.212322 -0.054143 0.052864
v 0.209686 -0.056393 0.046500
v 0.212322 -0.056393 0.052864
v 0.218686 -0.054143 0.037500
v 0.225050 -0.054143 0.040136
v 0.218686 -0.056393 0.037500
v 0.225050 -0.056393 0.040136
v 0.218686 -0.054143 0.055500
v 0.227686 -0.054143 0.046500
v 0.225050 -0.054143 0.052864
v 0.227686 -0.056393 0.046500
v 0.218686 -0.056393 0.055500
v 0.225050 -0.056393 0.052864
v 0.214186 -0.049793 0.031950
v 0.214186 -0.054143 0.044400
v 0.214186 -0.045593 0.031950
v 0.214186 -0.054143 0.048600
v 0.215504 -0.049793 0.031950
v 0.215504 -0.054143 0.044400
v 0.215504 -0.045593 0.031950
v 0.215504 -0.054143 0.048600
v 0.214186 -0.049343 0.031050
v 0.214186 -0.046043 0.031050
v 0.215504 -0.049343 0.031050
v 0.215504 -0.046043 0.031050
v 0.221868 -0.049793 0.031950
v 0.221868 -0.054143 0.044400
v 0.221868 -0.045593 0.031950
v 0.221868 -0.054143 0.048600
v 0.223186 -0.049793 0.031950
v 0.223186 -0.054143 0.044400
v 0.223186 -0.045593 0.031950
v 0.223186 -0.054143 0.048600
v 0.221868 -0.049343 0.031050
v 0.221868 -0.046043 0.031050
v 0.223186 -0.049343 0.031050
v 0.223186 -0.046043 0.031050
v 0.214186 -0.049643 0.044400
v 0.214186 -0.045593 0.048600
v 0.215504 -0.045593 0.048600
v 0.215504 -0.049643 0.044400
v 0.221868 -0.049643 0.044400
v 0.221868 -0.045593 0.048600
v 0.223186 -0.045593 0.048600
v 0.223186 -0.049643 0.044400
v 0.225050 -0.133643 0.040136
v 0.225050 -0.131393 0.040136
v 0.227686 -0.133643 0.046500
v 0.225050 -0.133643 0.052864
v 0.227686 -0.131393 0.046500
v 0.225050 -0.131393 0.052864
v 0.218686 -0.133643 0.037500
v 0.212322 -0.133643 0.040136
v 0.218686 -0.131393 0.037500
v 0.212322 -0.131393 0.040136
v 0.218686 -0.133643 0.055500
v 0.209686 -0.133643 0.046500
v 0.212322 -0.133643 0.052864
v 0.209686 -0.131393 0.046500
v 0.218686 -0.131393 0.055500
v 0.212322 -0.131393 0.052864
v 0.223186 -0.137993 0.031950
v 0.223186 -0.133643 0.044400
v 0.223186 -0.142193 0.031950
v 0.223186 -0.133643 0.048600
v 0.221868 -0.137993 0.031950
v 0.221868 -0.133643 0.044400
v 0.221868 -0.142193 0.031950
v 0.221868 -0.133643 0.048600
v 0.223186 -0.138443 0.031050
v 0.223186 -0.141743 0.031050
v 0.221868 -0.138443 0.031050
v 0.221868 -0.141743 0.031050
v 0.215504 -0.137993 0.031950
v 0.215504 -0.133643 0.044400
v 0.215504 -0.142193 0.031950
v 0.215504 -0.133643 0.048600
v 0.214186 -0.137993 0.031950
v 0.214186 -0.133643 0.044400
v 0.214186 -0.142193 0.031950
v 0.214186 -0.133643 0.048600
v 0.215504 -0.138443 0.031050
v 0.215504 -0.141743 0.031050
v 0.214186 -0.138443 0.031050
v 0.214186 -0.141743 0.031050
v 0.223186 -0.138143 0.044400
v 0.223186 -0.142193 0.048600
v 0.221868 -0.142193 0.048600
v 0.221868 -0.138143 0.044400
v 0.215504 -0.138143 0.044400
v 0.215504 -0.142193 0.048600
v 0.214186 -0.142193 0.048600
v 0.214186 -0.138143 0.044400
v -0.163800 0.016861 0.031860
v -0.196200 0.016861 0.031860
v -0.163800 0.012001 0.027000
v -0.196200 0.012001 0.027000
v -0.163800 0.012001 0.032700
v -0.196200 0.012001 0.032700
v -0.196200 0.012001 0.037200
v -0.163800 0.012001 0.037200
v -0.163800 0.044401 0.031860
v -0.171900 0.052501 0.031860
v -0.188100 0.052501 0.031860
v -0.196200 0.044401 0.031860
v -0.171900 0.052501 0.027000
v -0.163800 0.044401 0.027000
v -0.196200 0.044401 0.027000
v -0.188100 0.052501 0.027000
v -0.183979 0.025761 0.036264
v -0.176454 0.025433 0.036264
v -0.189068 0.031315 0.036264
v -0.170900 0.030521 0.036264
v -0.170572 0.038047 0.036264
v -0.175660 0.043600 0.036264
v -0.188739 0.038840 0.036264
v -0.183186 0.043929 0.036264
v -0.183979 0.025761 0.031860
v -0.176454 0.025433 0.031860
v -0.189068 0.031315 0.031860
v -0.170900 0.030521 0.031860
v -0.170572 0.038047 0.031860
v -0.188739 0.038840 0.031860
v -0.175660 0.043600 0.031860
v -0.183186 0.043929 0.031860
v -0.172800 -0.002999 0.032700
v -0.163800 0.006001 0.032700
v -0.196200 0.006001 0.032700
v -0.187200 -0.002999 0.032700
v -0.187200 -0.002999 0.037200
v -0.196200 0.006001 0.037200
v -0.163800 0.006001 0.037200
v -0.172800 -0.002999 0.037200
v 0.196200 0.016861 0.031860
v 0.163800 0.016861 0.031860
v 0.196200 0.012001 0.027000
v 0.163800 0.012001 0.027000
v 0.196200 0.012001 0.032700
v 0.163800 0.012001 0.032700
v 0.163800 0.012001 0.037200
v 0.196200 0.012001 0.037200
v 0.196200 0.044401 0.031860
v 0.188100 0.052501 0.031860
v 0.171900 0.052501 0.031860
v 0.163800 0.044401 0.031860
v 0.188100 0.052501 0.027000
v 0.196200 0.044401 0.027000
v 0.163800 0.044401 0.027000
v 0.171900 0.052501 0.027000
v 0.189428 0.031315 0.036264
v 0.189100 0.038840 0.036264
v 0.184339 0.025762 0.036264
v 0.183546 0.043929 0.036264
v 0.176021 0.043600 0.036264
v 0.170932 0.038047 0.036264
v 0.176814 0.025433 0.036264
v 0.171261 0.030522 0.036264
v 0.189428 0.031315 0.031860
v 0.189099 0.038840 0.031860
v 0.184339 0.025762 0.031860
v 0.183546 0.043929 0.031860
v 0.176021 0.043600 0.031860
v 0.176814 0.025433 0.031860
v 0.170932 0.038047 0.031860
v 0.171261 0.030522 0.031860
v 0.187200 -0.002999 0.032700
v 0.196200 0.006001 0.032700
v 0.163800 0.006001 0.032700
v 0.172800 -0.002999 0.032700
v 0.172800 -0.002999 0.037200
v 0.163800 0.006001 0.037200
v 0.196200 0.006001 0.037200
v 0.187200 -0.002999 0.037200
v 0.163800 -0.352860 0.031860
v 0.196200 -0.352860 0.031860
v 0.163800 -0.348000 0.027000
v 0.196200 -0.348000 0.027000
v 0.163800 -0.348000 0.032700
v 0.196200 -0.348000 0.032700
v 0.196200 -0.348000 0.037200
v 0.163800 -0.348000 0.037200
v 0.163800 -0.380400 0.031860
v 0.171900 -0.388500 0.031860
v 0.188100 -0.388500 0.031860
v 0.196200 -0.380400 0.031860
v 0.171900 -0.388500 0.027000
v 0.163800 -0.380400 0.027000
v 0.196200 -0.380400 0.027000
v 0.188100 -0.388500 0.027000
v 0.183978 -0.361760 0.036264
v 0.176453 -0.361431 0.036264
v 0.189067 -0.367313 0.036264
v 0.170900 -0.366520 0.036264
v 0.170571 -0.374045 0.036264
v 0.175660 -0.379599 0.036264
v 0.188739 -0.374838 0.036264
v 0.183185 -0.379927 0.036264
v 0.183978 -0.361760 0.031860
v 0.176453 -0.361431 0.031860
v 0.189067 -0.367313 0.031860
v 0.170900 -0.366520 0.031860
v 0.170571 -0.374045 0.031860
v 0.188739 -0.374838 0.031860
v 0.175660 -0.379599 0.031860
v 0.183185 -0.379927 0.031860
v 0.172800 -0.333000 0.032700
v 0.163800 -0.342000 0.032700
v 0.196200 -0.342000 0.032700
v 0.187200 -0.333000 0.032700
v 0.187200 -0.333000 0.037200
v 0.196200 -0.342000 0.037200
v 0.163800 -0.342000 0.037200
v 0.172800 -0.333000 0.037200
v -0.196200 -0.352860 0.031860
v -0.163800 -0.352860 0.031860
v -0.196200 -0.348000 0.027000
v -0.163800 -0.348000 0.027000
v -0.196200 -0.348000 0.032700
v -0.163800 -0.348000 0.032700
v -0.163800 -0.348000 0.037200
v -0.196200 -0.348000 0.037200
v -0.196200 -0.380400 0.031860
v -0.188100 -0.388500 0.031860
v -0.171900 -0.388500 0.031860
v -0.163800 -0.380400 0.031860
v -0.188100 -0.388500 0.027000
v -0.196200 -0.380400 0.027000
v -0.163800 -0.380400 0.027000
v -0.171900 -0.388500 0.027000
v -0.189428 -0.367314 0.036264
v -0.189100 -0.374839 0.036264
v -0.184340 -0.361760 0.036264
v -0.183546 -0.379928 0.036264
v -0.176021 -0.379599 0.036264
v -0.170932 -0.374046 0.036264
v -0.176814 -0.361432 0.036264
v -0.171261 -0.366521 0.036264
v -0.189428 -0.367314 0.031860
v -0.189100 -0.374839 0.031860
v -0.184340 -0.361760 0.031860
v -0.183546 -0.379928 0.031860
v -0.176021 -0.379599 0.031860
v -0.176814 -0.361432 0.031860
v -0.170932 -0.374046 0.031860
v -0.171261 -0.366521 0.031860
v -0.187200 -0.333000 0.032700
v -0.196200 -0.342000 0.032700
v -0.163800 -0.342000 0.032700
v -0.172800 -0.333000 0.032700
v -0.172800 -0.333000 0.037200
v -0.163800 -0.342000 0.037200
v -0.196200 -0.342000 0.037200
v -0.187200 -0.333000 0.037200
v -0.021130 -0.033806 0.039637
v -0.016930 -0.033806 0.039637
v -0.014830 -0.033806 0.036000
v -0.016930 -0.033806 0.032363
v -0.021130 -0.033806 0.032363
v -0.023230 -0.033806 0.036000
v -0.023779 -0.024199 0.039637
v -0.020171 -0.021599 0.039637
v -0.018366 -0.020299 0.036000
v -0.020171 -0.021599 0.032363
v -0.023779 -0.024199 0.032363
v -0.025584 -0.025499 0.036000
v -0.031461 -0.014454 0.039637
v -0.028743 -0.010580 0.039637
v -0.027384 -0.008643 0.036000
v -0.028743 -0.010580 0.032363
v -0.031461 -0.014454 0.032363
v -0.032821 -0.016391 0.036000
v -0.043434 -0.004654 0.039637
v -0.041265 -0.000302 0.039637
v -0.040181 0.001874 0.036000
v -0.041265 -0.000302 0.032363
v -0.043434 -0.004654 0.032363
v -0.044519 -0.006830 0.036000
v -0.058599 0.005127 0.039637
v -0.056713 0.009667 0.039637
v -0.055770 0.011938 0.036000
v -0.056713 0.009667 0.032363
v -0.058599 0.005127 0.032363
v -0.059542 0.002856 0.036000
v -0.129310 0.046698 0.039637
v -0.127152 0.051058 0.039637
v -0.126073 0.053238 0.036000
v -0.127152 0.051058 0.032363
v -0.129310 0.046698 0.032363
v -0.130390 0.044518 0.036000
v -0.144200 0.058648 0.039637
v -0.141607 0.062646 0.039637
v -0.140311 0.064645 0.036000
v -0.141607 0.062646 0.032363
v -0.144200 0.058648 0.032363
v -0.145497 0.056649 0.036000
v -0.155887 0.071724 0.039637
v -0.152641 0.074949 0.039637
v -0.151018 0.076562 0.036000
v -0.152641 0.074949 0.032363
v -0.155887 0.071724 0.032363
v -0.157509 0.070111 0.036000
v -0.163232 0.086287 0.039637
v -0.159268 0.087967 0.039637
v -0.157286 0.088807 0.036000
v -0.159268 0.087967 0.032363
v -0.163232 0.086287 0.032363
v -0.165214 0.085447 0.036000
v -0.164886 0.102495 0.039637
v -0.160715 0.101906 0.039637
v -0.158629 0.101611 0.036000
v -0.160715 0.101906 0.032363
v -0.164886 0.102495 0.032363
v -0.166972 0.102789 0.036000
v -0.007057 -0.033803 0.039638
v -0.002857 -0.033810 0.039638
v -0.000757 -0.033814 0.036000
v -0.002857 -0.033810 0.032363
v -0.007057 -0.033803 0.032363
v -0.009157 -0.033799 0.036000
v -0.008106 -0.023382 0.039542
v -0.004016 -0.022223 0.039532
v -0.001963 -0.021731 0.035891
v -0.004000 -0.022399 0.032259
v -0.008089 -0.023558 0.032269
v -0.010142 -0.024049 0.035910
v -0.011032 -0.013370 0.039288
v -0.007197 -0.011298 0.039257
v -0.005254 -0.010412 0.035606
v -0.007146 -0.011598 0.031987
v -0.010981 -0.013670 0.032018
v -0.012924 -0.014556 0.035669
v -0.015475 -0.003563 0.038926
v -0.011900 -0.000896 0.038874
v -0.010073 0.000255 0.035214
v -0.011821 -0.001261 0.031606
v -0.015396 -0.003928 0.031658
v -0.017223 -0.005079 0.035318
v -0.040478 0.036698 0.037449
v -0.037031 0.039601 0.037383
v -0.035319 0.040953 0.033714
v -0.037055 0.039402 0.030110
v -0.040501 0.036499 0.030176
v -0.042213 0.035147 0.033845
v -0.046450 0.047850 0.037348
v -0.042811 0.050385 0.037285
v -0.041040 0.051623 0.033617
v -0.042908 0.050326 0.030011
v -0.046547 0.047790 0.030074
v -0.048319 0.046552 0.033743
v -0.051459 0.059795 0.037468
v -0.047588 0.061765 0.037399
v -0.045740 0.062816 0.033728
v -0.047763 0.061897 0.030127
v -0.051634 0.059927 0.030196
v -0.053482 0.058876 0.033867
v -0.055063 0.072712 0.037866
v -0.050983 0.073915 0.037773
v -0.049064 0.074704 0.034094
v -0.051225 0.074288 0.030509
v -0.055304 0.073085 0.030602
v -0.057223 0.072297 0.034281
v -0.056819 0.086758 0.038599
v -0.052628 0.087047 0.038458
v -0.050670 0.087515 0.034762
v -0.052902 0.087695 0.031208
v -0.057093 0.087406 0.031349
v -0.059051 0.086938 0.035045
v -0.056291 0.102069 0.039720
v -0.052132 0.101405 0.039510
v -0.050185 0.101537 0.035790
v -0.052397 0.102332 0.032280
v -0.056556 0.102995 0.032491
v -0.058503 0.102864 0.036211
v 0.006624 -0.033759 0.039638
v 0.010823 -0.033854 0.039638
v 0.012923 -0.033901 0.036000
v 0.010823 -0.033854 0.032363
v 0.006624 -0.033759 0.032363
v 0.004524 -0.033712 0.036000
v 0.007817 -0.022253 0.039533
v 0.011915 -0.023366 0.039542
v 0.013955 -0.024011 0.035909
v 0.011897 -0.023543 0.032268
v 0.007799 -0.022429 0.032260
v 0.005759 -0.021784 0.035892
v 0.010754 -0.011391 0.039259
v 0.014640 -0.013319 0.039287
v 0.016558 -0.014435 0.035666
v 0.014589 -0.013623 0.032017
v 0.010703 -0.011696 0.031989
v 0.008786 -0.010580 0.035610
v 0.015012 -0.001032 0.038876
v 0.018679 -0.003510 0.038924
v 0.020474 -0.004935 0.035314
v 0.018601 -0.003882 0.031656
v 0.014935 -0.001405 0.031609
v 0.013140 0.000020 0.035219
v 0.047176 0.061567 0.037402
v 0.051090 0.059728 0.037465
v 0.053129 0.058880 0.033861
v 0.051254 0.059871 0.030193
v 0.047339 0.061710 0.030130
v 0.045300 0.062558 0.033735
v 0.050368 0.073787 0.037778
v 0.054457 0.072626 0.037862
v 0.056612 0.072235 0.034272
v 0.054680 0.073005 0.030597
v 0.050592 0.074166 0.030513
v 0.048436 0.074557 0.034103
v 0.052055 0.087026 0.038466
v 0.056242 0.086659 0.038592
v 0.058464 0.086797 0.035029
v 0.056499 0.087301 0.031341
v 0.052311 0.087668 0.031215
v 0.050090 0.087530 0.034778
v 0.051897 0.101516 0.039523
v 0.056076 0.101976 0.039709
v 0.058292 0.102661 0.036186
v 0.056329 0.102884 0.032478
v 0.052150 0.102424 0.032292
v 0.049934 0.101740 0.035815
v 0.020238 -0.033723 0.039638
v 0.024436 -0.033890 0.039638
v 0.026535 -0.033973 0.036000
v 0.024436 -0.033890 0.032363
v 0.020238 -0.033723 0.032363
v 0.018139 -0.033640 0.036000
v 0.023749 -0.021483 0.039528
v 0.027328 -0.024144 0.039547
v 0.029099 -0.025546 0.035919
v 0.027292 -0.024289 0.032273
v 0.023713 -0.021628 0.032255
v 0.021942 -0.020226 0.035882
v 0.032442 -0.010417 0.039251
v 0.035159 -0.014292 0.039297
v 0.036477 -0.016334 0.035683
v 0.035078 -0.014500 0.032025
v 0.032362 -0.010625 0.031979
v 0.031043 -0.008583 0.035592
v 0.044956 -0.000073 0.038871
v 0.047143 -0.004410 0.038933
v 0.048188 -0.006691 0.035328
v 0.047044 -0.004634 0.031661
v 0.044856 -0.000297 0.031600
v 0.043812 0.001984 0.035205
v 0.129086 0.051515 0.037283
v 0.131304 0.047200 0.037351
v 0.132446 0.044984 0.033748
v 0.131371 0.047082 0.030077
v 0.129154 0.051398 0.030009
v 0.128011 0.053614 0.033612
v 0.142866 0.063022 0.037397
v 0.145536 0.059100 0.037471
v 0.146957 0.057126 0.033871
v 0.145709 0.059074 0.030198
v 0.143039 0.062996 0.030125
v 0.141618 0.064970 0.033725
v 0.153122 0.075127 0.037770
v 0.156462 0.072048 0.037871
v 0.158293 0.070589 0.034289
v 0.156783 0.072208 0.030605
v 0.153443 0.075287 0.030504
v 0.151613 0.076746 0.034086
v 0.158921 0.087783 0.038432
v 0.162948 0.086360 0.038623
v 0.165196 0.085905 0.035095
v 0.163416 0.086873 0.031376
v 0.159389 0.088296 0.031185
v 0.157141 0.088751 0.034713
v 0.159575 0.101259 0.039425
v 0.163695 0.102144 0.039787
v 0.165998 0.103086 0.036362
v 0.164182 0.103141 0.032576
v 0.160062 0.102256 0.032214
v 0.157758 0.101315 0.035639
v 0.021478 0.398250 0.032522
v -0.000000 0.398250 0.023625
v 0.030375 0.398250 0.054000
v -0.021479 0.398250 0.032522
v -0.030375 0.398250 0.054000
v -0.021479 0.398250 0.075478
v 0.021478 0.398250 0.075478
v -0.000000 0.398250 0.084375
v 0.021478 0.386100 0.032522
v -0.000000 0.386100 0.023625
v 0.030375 0.386100 0.054000
v -0.021479 0.386100 0.032522
v -0.030375 0.386100 0.054000
v 0.021478 0.386100 0.075478
v -0.021479 0.386100 0.075478
v -0.000000 0.386100 0.084375
v 0.014319 0.414450 0.039681
v -0.000000 0.414450 0.033750
v 0.020250 0.414450 0.054000
v -0.014319 0.414450 0.039681
v -0.020250 0.414450 0.054000
v -0.014319 0.414450 0.068319
v 0.014319 0.414450 0.068319
v -0.000000 0.414450 0.074250
v 0.014319 0.398250 0.039681
v -0.000000 0.398250 0.033750
v 0.020250 0.398250 0.054000
v -0.014319 0.398250 0.039681
v -0.020250 0.398250 0.054000
v 0.014319 0.398250 0.068319
v -0.014319 0.398250 0.068319
v -0.000000 0.398250 0.074250
v 0.108000 0.386100 0.008100
v -0.108000 0.386100 0.008100
v 0.108000 0.378000 0.000000
v -0.108000 0.378000 0.000000
v 0.108000 0.378000 0.081000
v 0.094500 0.378000 0.094500
v -0.094500 0.378000 0.094500
v -0.108000 0.378000 0.081000
v 0.094500 0.386100 0.094500
v 0.108000 0.386100 0.081000
v -0.108000 0.386100 0.081000
v -0.094500 0.386100 0.094500
v 0.108000 0.432000 0.008100
v 0.094500 0.445500 0.008100
v -0.094500 0.445500 0.008100
v -0.108000 0.432000 0.008100
v 0.094500 0.445500 0.000000
v 0.108000 0.432000 0.000000
v -0.108000 0.432000 0.000000
v -0.094500 0.445500 0.000000
v -0.091187 0.402913 0.015255
v -0.078300 0.397575 0.015255
v -0.096525 0.415800 0.015255
v -0.065413 0.402913 0.015255
v -0.060075 0.415800 0.015255
v -0.065413 0.428687 0.015255
v -0.091187 0.428687 0.015255
v -0.078300 0.434025 0.015255
v -0.091187 0.402913 0.007965
v -0.078300 0.397575 0.007965
v -0.096525 0.415800 0.007965
v -0.065413 0.402913 0.007965
v -0.060075 0.415800 0.007965
v -0.091187 0.428687 0.007965
v -0.065413 0.428687 0.007965
v -0.078300 0.434025 0.007965
v -0.086891 0.407209 0.024975
v -0.078300 0.403650 0.024975
v -0.090450 0.415800 0.024975
v -0.069709 0.407209 0.024975
v -0.066150 0.415800 0.024975
v -0.069709 0.424391 0.024975
v -0.086891 0.424391 0.024975
v -0.078300 0.427950 0.024975
v -0.086891 0.407209 0.015255
v -0.078300 0.403650 0.015255
v -0.090450 0.415800 0.015255
v -0.069709 0.407209 0.015255
v -0.066150 0.415800 0.015255
v -0.086891 0.424391 0.015255
v -0.069709 0.424391 0.015255
v -0.078300 0.427950 0.015255
v 0.065413 0.402913 0.015255
v 0.078300 0.397575 0.015255
v 0.060075 0.415800 0.015255
v 0.091187 0.402913 0.015255
v 0.096525 0.415800 0.015255
v 0.091187 0.428687 0.015255
v 0.065413 0.428687 0.015255
v 0.078300 0.434025 0.015255
v 0.065413 0.402913 0.007965
v 0.078300 0.397575 0.007965
v 0.060075 0.415800 0.007965
v 0.091187 0.402913 0.007965
v 0.096525 0.415800 0.007965
v 0.065413 0.428687 0.007965
v 0.091187 0.428687 0.007965
v 0.078300 0.434025 0.007965
v 0.069709 0.407209 0.024975
v 0.078300 0.403650 0.024975
v 0.066150 0.415800 0.024975
v 0.086891 0.407209 0.024975
v 0.090450 0.415800 0.024975
v 0.086891 0.424391 0.024975
v 0.069709 0.424391 0.024975
v 0.078300 0.427950 0.024975
v 0.069709 0.407209 0.015255
v 0.078300 0.403650 0.015255
v 0.066150 0.415800 0.015255
v 0.086891 0.407209 0.015255
v 0.090450 0.415800 0.015255
v 0.069709 0.424391 0.015255
v 0.086891 0.424391 0.015255
v 0.078300 0.427950 0.015255
v 0.048600 0.386100 0.054000
v 0.040500 0.386100 0.054000
v 0.048600 0.386100 0.008100
v 0.040500 0.386100 0.008100
v 0.048600 0.432000 0.008100
v 0.040500 0.432000 0.008100
v -0.040500 0.386100 0.054000
v -0.048600 0.386100 0.054000
v -0.040500 0.386100 0.008100
v -0.048600 0.386100 0.008100
v -0.040500 0.432000 0.008100
v -0.048600 0.432000 0.008100
v -0.021479 -0.452250 0.032522
v -0.000000 -0.452250 0.023625
v -0.030375 -0.452250 0.054000
v 0.021478 -0.452250 0.032522
v 0.030375 -0.452250 0.054000
v 0.021478 -0.452250 0.075478
v -0.021479 -0.452250 0.075478
v -0.000000 -0.452250 0.084375
v -0.021479 -0.440100 0.032522
v -0.000000 -0.440100 0.023625
v -0.030375 -0.440100 0.054000
v 0.021478 -0.440100 0.032522
v 0.030375 -0.440100 0.054000
v -0.021479 -0.440100 0.075478
v 0.021478 -0.440100 0.075478
v -0.000000 -0.440100 0.084375
v -0.014319 -0.468450 0.039681
v -0.000000 -0.468450 0.033750
v -0.020250 -0.468450 0.054000
v 0.014319 -0.468450 0.039681
v 0.020250 -0.468450 0.054000
v 0.014319 -0.468450 0.068319
v -0.014319 -0.468450 0.068319
v -0.000000 -0.468450 0.074250
v -0.014319 -0.452250 0.039681
v -0.000000 -0.452250 0.033750
v -0.020250 -0.452250 0.054000
v 0.014319 -0.452250 0.039681
v 0.020250 -0.452250 0.054000
v -0.014319 -0.452250 0.068319
v 0.014319 -0.452250 0.068319
v -0.000000 -0.452250 0.074250
v -0.108001 -0.440100 0.008100
v 0.107999 -0.440100 0.008100
v -0.108001 -0.432000 0.000000
v 0.107999 -0.432000 0.000000
v -0.108001 -0.432000 0.081000
v -0.094501 -0.432000 0.094500
v 0.094499 -0.432000 0.094500
v 0.107999 -0.432000 0.081000
v -0.094501 -0.440100 0.094500
v -0.108001 -0.440100 0.081000
v 0.107999 -0.440100 0.081000
v 0.094499 -0.440100 0.094500
v -0.108001 -0.486000 0.008100
v -0.094501 -0.499500 0.008100
v 0.094499 -0.499500 0.008100
v 0.107999 -0.486000 0.008100
v -0.094501 -0.499500 0.000000
v -0.108001 -0.486000 0.000000
v 0.107999 -0.486000 0.000000
v 0.094499 -0.499500 0.000000
v 0.091186 -0.456912 0.015255
v 0.078299 -0.451574 0.015255
v 0.096524 -0.469799 0.015255
v 0.065412 -0.456912 0.015255
v 0.060074 -0.469799 0.015255
v 0.065412 -0.482686 0.015255
v 0.091186 -0.482686 0.015255
v 0.078299 -0.488024 0.015255
v 0.091186 -0.456912 0.007965
v 0.078299 -0.451574 0.007965
v 0.096524 -0.469799 0.007965
v 0.065412 -0.456912 0.007965
v 0.060074 -0.469799 0.007965
v 0.091186 -0.482686 0.007965
v 0.065412 -0.482686 0.007965
v 0.078299 -0.488024 0.007965
v 0.086891 -0.461208 0.024975
v 0.078299 -0.457649 0.024975
v 0.090449 -0.469799 0.024975
v 0.069708 -0.461208 0.024975
v 0.066149 -0.469799 0.024975
v 0.069708 -0.478391 0.024975
v 0.086891 -0.478391 0.024975
v 0.078299 -0.481949 0.024975
v 0.086891 -0.461208 0.015255
v 0.078299 -0.457649 0.015255
v 0.090449 -0.469799 0.015255
v 0.069708 -0.461208 0.015255
v 0.066149 -0.469799 0.015255
v 0.086891 -0.478391 0.015255
v 0.069708 -0.478391 0.015255
v 0.078299 -0.481949 0.015255
v -0.065414 -0.456912 0.015255
v -0.078301 -0.451574 0.015255
v -0.060076 -0.469800 0.015255
v -0.091188 -0.456913 0.015255
v -0.096526 -0.469800 0.015255
v -0.091188 -0.482687 0.015255
v -0.065414 -0.482687 0.015255
v -0.078301 -0.488025 0.015255
v -0.065414 -0.456912 0.007965
v -0.078301 -0.451575 0.007965
v -0.060076 -0.469800 0.007965
v -0.091188 -0.456913 0.007965
v -0.096526 -0.469800 0.007965
v -0.065414 -0.482687 0.007965
v -0.091188 -0.482687 0.007965
v -0.078301 -0.488025 0.007965
v -0.069709 -0.461208 0.024975
v -0.078301 -0.457650 0.024975
v -0.066151 -0.469800 0.024975
v -0.086892 -0.461208 0.024975
v -0.090451 -0.469800 0.024975
v -0.086892 -0.478391 0.024975
v -0.069709 -0.478391 0.024975
v -0.078301 -0.481950 0.024975
v -0.069709 -0.461208 0.015255
v -0.078301 -0.457650 0.015255
v -0.066151 -0.469800 0.015255
v -0.086892 -0.461208 0.015255
v -0.090451 -0.469800 0.015255
v -0.069709 -0.478391 0.015255
v -0.086892 -0.478391 0.015255
v -0.078301 -0.481950 0.015255
v -0.048601 -0.440100 0.054000
v -0.040501 -0.440100 0.054000
v -0.048601 -0.440100 0.008100
v -0.040501 -0.440100 0.008100
v -0.048601 -0.486000 0.008100
v -0.040501 -0.486000 0.008100
v 0.040499 -0.440100 0.054000
v 0.048599 -0.440100 0.054000
v 0.040499 -0.440100 0.008100
v 0.048599 -0.440100 0.008100
v 0.040499 -0.486000 0.008100
v 0.048599 -0.486000 0.008100
v -0.172500 -0.123643 0.036000
v -0.150644 -0.145500 0.036000
v -0.150644 -0.040500 0.036000
v -0.172500 -0.062357 0.036000
v 0.150643 -0.145500 0.036000
v 0.172500 -0.123643 0.036000
v 0.172500 -0.062357 0.036000
v 0.150643 -0.040500 0.036000
v -0.180000 -0.126750 0.027000
v -0.153750 -0.153000 0.027000
v -0.153750 -0.033000 0.027000
v -0.180000 -0.059250 0.027000
v 0.153750 -0.153000 0.027000
v 0.180000 -0.126750 0.027000
v 0.180000 -0.059250 0.027000
v 0.153750 -0.033000 0.027000
v -0.153750 -0.153000 0.036000
v -0.180000 -0.126750 0.036000
v -0.180000 -0.059250 0.036000
v -0.153750 -0.033000 0.036000
v 0.180000 -0.126750 0.036000
v 0.153750 -0.153000 0.036000
v 0.153750 -0.033000 0.036000
v 0.180000 -0.059250 0.036000
v -0.153750 -0.153000 0.081000
v -0.180000 -0.126750 0.081000
v -0.180000 -0.059250 0.081000
v -0.153750 -0.033000 0.081000
v 0.180000 -0.126750 0.081000
v 0.153750 -0.153000 0.081000
v 0.153750 -0.033000 0.081000
v 0.180000 -0.059250 0.081000
v -0.150644 -0.145500 0.081000
v -0.172500 -0.123643 0.081000
v -0.172500 -0.062357 0.081000
v -0.150644 -0.040500 0.081000
v 0.172500 -0.123643 0.081000
v 0.150643 -0.145500 0.081000
v 0.150643 -0.040500 0.081000
v 0.172500 -0.062357 0.081000
v 0.180000 -0.112500 0.036000
v 0.180000 -0.075000 0.036000
v 0.180000 -0.075000 0.027000
v 0.180000 -0.112500 0.027000
v 0.172500 -0.112500 0.036000
v 0.172500 -0.075000 0.036000
v 0.180000 -0.112500 0.081000
v 0.180000 -0.075000 0.081000
v 0.172500 -0.112500 0.081000
v 0.172500 -0.075000 0.081000
v -0.180000 -0.112500 0.036000
v -0.180000 -0.075000 0.036000
v -0.180000 -0.075000 0.027000
v -0.180000 -0.112500 0.027000
v -0.172500 -0.112500 0.036000
v -0.172500 -0.075000 0.036000
v -0.180000 -0.112500 0.081000
v -0.180000 -0.075000 0.081000
v -0.172500 -0.112500 0.081000
v -0.172500 -0.075000 0.081000
v 0.180000 -0.105000 0.036000
v 0.180000 -0.082500 0.036000
v 0.180000 -0.082500 0.027000
v 0.180000 -0.105000 0.027000
v 0.172500 -0.105000 0.036000
v 0.172500 -0.082500 0.036000
v 0.180000 -0.105000 0.060000
v 0.180000 -0.082500 0.060000
v 0.172500 -0.105000 0.060000
v 0.172500 -0.082500 0.060000
v -0.180000 -0.105000 0.036000
v -0.180000 -0.082500 0.036000
v -0.180000 -0.082500 0.027000
v -0.180000 -0.105000 0.027000
v -0.172500 -0.105000 0.036000
v -0.172500 -0.082500 0.036000
v -0.180000 -0.105000 0.060000
v -0.180000 -0.082500 0.060000
v -0.172500 -0.105000 0.060000
v -0.172500 -0.082500 0.060000
v 0.166499 -0.120000 0.118501
v 0.166499 -0.127500 0.111001
v 0.166499 -0.060000 0.111001
v 0.166499 -0.067500 0.118501
v 0.142499 -0.127500 0.111001
v 0.142499 -0.120000 0.118501
v 0.142499 -0.067500 0.118501
v 0.142499 -0.060000 0.111001
v 0.166499 -0.127500 0.081001
v 0.166499 -0.120000 0.073501
v 0.166499 -0.067500 0.073501
v 0.166499 -0.060000 0.081001
v 0.142499 -0.120000 0.073501
v 0.142499 -0.127500 0.081001
v 0.142499 -0.060000 0.081001
v 0.142499 -0.067500 0.073501
v 0.174070 -0.081500 0.079659
v 0.174070 -0.073256 0.092600
v 0.174070 -0.096480 0.076338
v 0.174070 -0.076577 0.107580
v 0.174070 -0.089518 0.115824
v 0.174070 -0.104498 0.112503
v 0.174070 -0.109421 0.084583
v 0.174070 -0.112742 0.099563
v 0.166051 -0.081500 0.079659
v 0.166051 -0.073256 0.092600
v 0.166051 -0.096480 0.076338
v 0.166051 -0.076577 0.107580
v 0.166051 -0.089518 0.115824
v 0.166051 -0.109421 0.084583
v 0.166051 -0.104498 0.112503
v 0.166051 -0.112742 0.099563
v 0.142499 -0.120000 0.073501
v 0.166499 -0.120000 0.073501
v 0.166499 -0.067500 0.073501
v 0.142499 -0.067500 0.073501
v 0.142499 -0.120000 0.036001
v 0.166499 -0.120000 0.036001
v 0.166499 -0.067500 0.036001
v 0.142499 -0.067500 0.036001
v -0.082500 -0.116250 0.148500
v -0.082500 -0.145500 0.119250
v -0.082500 -0.040500 0.119250
v -0.082500 -0.069750 0.148500
v -0.082500 -0.145500 0.036000
v -0.082500 -0.040500 0.036000
v -0.097500 -0.116250 0.148500
v -0.097500 -0.145500 0.119250
v -0.097500 -0.040500 0.119250
v -0.097500 -0.069750 0.148500
v -0.097500 -0.145500 0.036000
v -0.097500 -0.040500 0.036000
v -0.022500 -0.116250 0.148500
v -0.022500 -0.145500 0.119250
v -0.022500 -0.040500 0.119250
v -0.022500 -0.069750 0.148500
v -0.022500 -0.145500 0.036000
v -0.022500 -0.040500 0.036000
v -0.037500 -0.116250 0.148500
v -0.037500 -0.145500 0.119250
v -0.037500 -0.040500 0.119250
v -0.037500 -0.069750 0.148500
v -0.037500 -0.145500 0.036000
v -0.037500 -0.040500 0.036000
v 0.037500 -0.116250 0.148500
v 0.037500 -0.145500 0.119250
v 0.037500 -0.040500 0.119250
v 0.037500 -0.069750 0.148500
v 0.037500 -0.145500 0.036000
v 0.037500 -0.040500 0.036000
v 0.022500 -0.116250 0.148500
v 0.022500 -0.145500 0.119250
v 0.022500 -0.040500 0.119250
v 0.022500 -0.069750 0.148500
v 0.022500 -0.145500 0.036000
v 0.022500 -0.040500 0.036000
v 0.097500 -0.116250 0.148500
v 0.097500 -0.145500 0.119250
v 0.097500 -0.040500 0.119250
v 0.097500 -0.069750 0.148500
v 0.097500 -0.145500 0.036000
v 0.097500 -0.040500 0.036000
v 0.082500 -0.116250 0.148500
v 0.082500 -0.145500 0.119250
v 0.082500 -0.040500 0.119250
v 0.082500 -0.069750 0.148500
v 0.082500 -0.145500 0.036000
v 0.082500 -0.040500 0.036000
v -0.166500 -0.120000 0.118501
v -0.166500 -0.127500 0.111001
v -0.166500 -0.060000 0.111001
v -0.166500 -0.067500 0.118501
v -0.142501 -0.127500 0.111001
v -0.142501 -0.120000 0.118501
v -0.142501 -0.067500 0.118501
v -0.142501 -0.060000 0.111001
v -0.166500 -0.127500 0.081001
v -0.166500 -0.120000 0.073501
v -0.166500 -0.067500 0.073501
v -0.166500 -0.060000 0.081001
v -0.142501 -0.120000 0.073501
v -0.142501 -0.127500 0.081001
v -0.142501 -0.060000 0.081001
v -0.142501 -0.067500 0.073501
v -0.174071 -0.081500 0.079660
v -0.174071 -0.073256 0.092600
v -0.174071 -0.096480 0.076338
v -0.174071 -0.076577 0.107580
v -0.174071 -0.089518 0.115824
v -0.174071 -0.104498 0.112503
v -0.174071 -0.109421 0.084583
v -0.174071 -0.112742 0.099563
v -0.166052 -0.081500 0.079660
v -0.166052 -0.073256 0.092600
v -0.166052 -0.096480 0.076338
v -0.166052 -0.076577 0.107580
v -0.166052 -0.089518 0.115824
v -0.166052 -0.109421 0.084583
v -0.166052 -0.104498 0.112503
v -0.166052 -0.112742 0.099563
v -0.142501 -0.120000 0.073501
v -0.166500 -0.120000 0.073501
v -0.166500 -0.067500 0.073501
v -0.142501 -0.067500 0.073501
v -0.142501 -0.120000 0.036001
v -0.166500 -0.120000 0.036001
v -0.166500 -0.067500 0.036001
v -0.142501 -0.067500 0.036001
v -0.172500 -0.273643 0.036000
v -0.150644 -0.295500 0.036000
v -0.150644 -0.190500 0.036000
v -0.172500 -0.212357 0.036000
v 0.150643 -0.295500 0.036000
v 0.172500 -0.273643 0.036000
v 0.172500 -0.212357 0.036000
v 0.150643 -0.190500 0.036000
v -0.180000 -0.276750 0.027000
v -0.153750 -0.303000 0.027000
v -0.153750 -0.183000 0.027000
v -0.180000 -0.209250 0.027000
v 0.153750 -0.303000 0.027000
v 0.180000 -0.276750 0.027000
v 0.180000 -0.209250 0.027000
v 0.153750 -0.183000 0.027000
v -0.153750 -0.303000 0.036000
v -0.180000 -0.276750 0.036000
v -0.180000 -0.209250 0.036000
v -0.153750 -0.183000 0.036000
v 0.180000 -0.276750 0.036000
v 0.153750 -0.303000 0.036000
v 0.153750 -0.183000 0.036000
v 0.180000 -0.209250 0.036000
v -0.153750 -0.303000 0.081000
v -0.180000 -0.276750 0.081000
v -0.180000 -0.209250 0.081000
v -0.153750 -0.183000 0.081000
v 0.180000 -0.276750 0.081000
v 0.153750 -0.303000 0.081000
v 0.153750 -0.183000 0.081000
v 0.180000 -0.209250 0.081000
v -0.150644 -0.295500 0.081000
v -0.172500 -0.273643 0.081000
v -0.172500 -0.212357 0.081000
v -0.150644 -0.190500 0.081000
v 0.172500 -0.273643 0.081000
v 0.150643 -0.295500 0.081000
v 0.150643 -0.190500 0.081000
v 0.172500 -0.212357 0.081000
v 0.180000 -0.262500 0.036000
v 0.180000 -0.225000 0.036000
v 0.180000 -0.225000 0.027000
v 0.180000 -0.262500 0.027000
v 0.172500 -0.262500 0.036000
v 0.172500 -0.225000 0.036000
v 0.180000 -0.262500 0.081000
v 0.180000 -0.225000 0.081000
v 0.172500 -0.262500 0.081000
v 0.172500 -0.225000 0.081000
v -0.180000 -0.262500 0.036000
v -0.180000 -0.225000 0.036000
v -0.180000 -0.225000 0.027000
v -0.180000 -0.262500 0.027000
v -0.172500 -0.262500 0.036000
v -0.172500 -0.225000 0.036000
v -0.180000 -0.262500 0.081000
v -0.180000 -0.225000 0.081000
v -0.172500 -0.262500 0.081000
v -0.172500 -0.225000 0.081000
v 0.180000 -0.255000 0.036000
v 0.180000 -0.232500 0.036000
v 0.180000 -0.232500 0.027000
v 0.180000 -0.255000 0.027000
v 0.172500 -0.255000 0.036000
v 0.172500 -0.232500 0.036000
v 0.180000 -0.255000 0.060000
v 0.180000 -0.232500 0.060000
v 0.172500 -0.255000 0.060000
v 0.172500 -0.232500 0.060000
v -0.180000 -0.255000 0.036000
v -0.180000 -0.232500 0.036000
v -0.180000 -0.232500 0.027000
v -0.180000 -0.255000 0.027000
v -0.172500 -0.255000 0.036000
v -0.172500 -0.232500 0.036000
v -0.180000 -0.255000 0.060000
v -0.180000 -0.232500 0.060000
v -0.172500 -0.255000 0.060000
v -0.172500 -0.232500 0.060000
v 0.166499 -0.270000 0.118501
v 0.166499 -0.277500 0.111001
v 0.166499 -0.210000 0.111001
v 0.166499 -0.217500 0.118501
v 0.142499 -0.277500 0.111001
v 0.142499 -0.270000 0.118501
v 0.142499 -0.217500 0.118501
v 0.142499 -0.210000 0.111001
v 0.166499 -0.277500 0.081001
v 0.166499 -0.270000 0.073501
v 0.166499 -0.217500 0.073501
v 0.166499 -0.210000 0.081001
v 0.142499 -0.270000 0.073501
v 0.142499 -0.277500 0.081001
v 0.142499 -0.210000 0.081001
v 0.142499 -0.217500 0.073501
v 0.174070 -0.231500 0.079659
v 0.174070 -0.223256 0.092600
v 0.174070 -0.246480 0.076338
v 0.174070 -0.226577 0.107580
v 0.174070 -0.239518 0.115824
v 0.174070 -0.254498 0.112503
v 0.174070 -0.259421 0.084583
v 0.174070 -0.262742 0.099563
v 0.166051 -0.231500 0.079659
v 0.166051 -0.223256 0.092600
v 0.166051 -0.246480 0.076338
v 0.166051 -0.226577 0.107580
v 0.166051 -0.239518 0.115824
v 0.166051 -0.259421 0.084583
v 0.166051 -0.254498 0.112503
v 0.166051 -0.262742 0.099563
v 0.142499 -0.270000 0.073501
v 0.166499 -0.270000 0.073501
v 0.166499 -0.217500 0.073501
v 0.142499 -0.217500 0.073501
v 0.142499 -0.270000 0.036001
v 0.166499 -0.270000 0.036001
v 0.166499 -0.217500 0.036001
v 0.142499 -0.217500 0.036001
v -0.082500 -0.266250 0.148500
v -0.082500 -0.295500 0.119250
v -0.082500 -0.190500 0.119250
v -0.082500 -0.219750 0.148500
v -0.082500 -0.295500 0.036000
v -0.082500 -0.190500 0.036000
v -0.097500 -0.266250 0.148500
v -0.097500 -0.295500 0.119250
v -0.097500 -0.190500 0.119250
v -0.097500 -0.219750 0.148500
v -0.097500 -0.295500 0.036000
v -0.097500 -0.190500 0.036000
v -0.022500 -0.266250 0.148500
v -0.022500 -0.295500 0.119250
v -0.022500 -0.190500 0.119250
v -0.022500 -0.219750 0.148500
v -0.022500 -0.295500 0.036000
v -0.022500 -0.190500 0.036000
v -0.037500 -0.266250 0.148500
v -0.037500 -0.295500 0.119250
v -0.037500 -0.190500 0.119250
v -0.037500 -0.219750 0.148500
v -0.037500 -0.295500 0.036000
v -0.037500 -0.190500 0.036000
v 0.037500 -0.266250 0.148500
v 0.037500 -0.295500 0.119250
v 0.037500 -0.190500 0.119250
v 0.037500 -0.219750 0.148500
v 0.037500 -0.295500 0.036000
v 0.037500 -0.190500 0.036000
v 0.022500 -0.266250 0.148500
v 0.022500 -0.295500 0.119250
v 0.022500 -0.190500 0.119250
v 0.022500 -0.219750 0.148500
v 0.022500 -0.295500 0.036000
v 0.022500 -0.190500 0.036000
v 0.097500 -0.266250 0.148500
v 0.097500 -0.295500 0.119250
v 0.097500 -0.190500 0.119250
v 0.097500 -0.219750 0.148500
v 0.097500 -0.295500 0.036000
v 0.097500 -0.190500 0.036000
v 0.082500 -0.266250 0.148500
v 0.082500 -0.295500 0.119250
v 0.082500 -0.190500 0.119250
v 0.082500 -0.219750 0.148500
v 0.082500 -0.295500 0.036000
v 0.082500 -0.190500 0.036000
v -0.166500 -0.270000 0.118501
v -0.166500 -0.277500 0.111001
v -0.166500 -0.210000 0.111001
v -0.166500 -0.217500 0.118501
v -0.142501 -0.277500 0.111001
v -0.142501 -0.270000 0.118501
v -0.142501 -0.217500 0.118501
v -0.142501 -0.210000 0.111001
v -0.166500 -0.277500 0.081001
v -0.166500 -0.270000 0.073501
v -0.166500 -0.217500 0.073501
v -0.166500 -0.210000 0.081001
v -0.142501 -0.270000 0.073501
v -0.142501 -0.277500 0.081001
v -0.142501 -0.210000 0.081001
v -0.142501 -0.217500 0.073501
v -0.174071 -0.231500 0.079660
v -0.174071 -0.223256 0.092600
v -0.174071 -0.246480 0.076338
v -0.174071 -0.226577 0.107580
v -0.174071 -0.239518 0.115824
v -0.174071 -0.254498 0.112503
v -0.174071 -0.259421 0.084583
v -0.174071 -0.262742 0.099563
v -0.166052 -0.231500 0.079660
v -0.166052 -0.223256 0.092600
v -0.166052 -0.246480 0.076338
v -0.166052 -0.226577 0.107580
v -0.166052 -0.239518 0.115824
v -0.166052 -0.259421 0.084583
v -0.166052 -0.254498 0.112503
v -0.166052 -0.262742 0.099563
v -0.142501 -0.270000 0.073501
v -0.166500 -0.270000 0.073501
v -0.166500 -0.217500 0.073501
v -0.142501 -0.217500 0.073501
v -0.142501 -0.270000 0.036001
v -0.166500 -0.270000 0.036001
v -0.166500 -0.217500 0.036001
v -0.142501 -0.217500 0.036001
v 0.007500 -0.176250 0.096000
v 0.007500 -0.187500 0.087750
v 0.007500 -0.148500 0.087750
v 0.007500 -0.159750 0.096000
v 0.007500 -0.187500 0.036000
v 0.007500 -0.148500 0.036000
v -0.007500 -0.176250 0.096000
v -0.007500 -0.187500 0.087750
v -0.007500 -0.148500 0.087750
v -0.007500 -0.159750 0.096000
v -0.007500 -0.187500 0.036000
v -0.007500 -0.148500 0.036000
v 0.067500 -0.176250 0.096000
v 0.067500 -0.187500 0.087750
v 0.067500 -0.148500 0.087750
v 0.067500 -0.159750 0.096000
v 0.067500 -0.187500 0.036000
v 0.067500 -0.148500 0.036000
v 0.052500 -0.176250 0.096000
v 0.052500 -0.187500 0.087750
v 0.052500 -0.148500 0.087750
v 0.052500 -0.159750 0.096000
v 0.052500 -0.187500 0.036000
v 0.052500 -0.148500 0.036000
v -0.052500 -0.176250 0.096000
v -0.052500 -0.187500 0.087750
v -0.052500 -0.148500 0.087750
v -0.052500 -0.159750 0.096000
v -0.052500 -0.187500 0.036000
v -0.052500 -0.148500 0.036000
v -0.067500 -0.176250 0.096000
v -0.067500 -0.187500 0.087750
v -0.067500 -0.148500 0.087750
v -0.067500 -0.159750 0.096000
v -0.067500 -0.187500 0.036000
v -0.067500 -0.148500 0.036000
v -0.112500 -0.176250 0.096000
v -0.112500 -0.187500 0.087750
v -0.112500 -0.148500 0.087750
v -0.112500 -0.159750 0.096000
v -0.112500 -0.187500 0.036000
v -0.112500 -0.148500 0.036000
v -0.127500 -0.176250 0.096000
v -0.127500 -0.187500 0.087750
v -0.127500 -0.148500 0.087750
v -0.127500 -0.159750 0.096000
v -0.127500 -0.187500 0.036000
v -0.127500 -0.148500 0.036000
v 0.127500 -0.176250 0.096000
v 0.127500 -0.187500 0.087750
v 0.127500 -0.148500 0.087750
v 0.127500 -0.159750 0.096000
v 0.127500 -0.187500 0.036000
v 0.127500 -0.148500 0.036000
v 0.112500 -0.176250 0.096000
v 0.112500 -0.187500 0.087750
v 0.112500 -0.148500 0.087750
v 0.112500 -0.159750 0.096000
v 0.112500 -0.187500 0.036000
v 0.112500 -0.148500 0.036000
vn -0.0000 1.0000 -0.0000
vn -1.0000 -0.0000 -0.0000
vn -0.0000 -1.0000 -0.0000
vn 0.7071 -0.7071 -0.0000
vn -0.7071 -0.7071 -0.0000
vn 0.7071 0.7071 -0.0000
vn -0.7071 0.7071 -0.0000
vn 1.0000 -0.0000 -0.0000
vn -0.0000 -0.0000 1.0000
vn -0.9285 -0.0000 0.3714
vn 0.9285 -0.0000 0.3714
vn 0.9285 -0.0000 -0.3714
vn -0.9285 -0.0000 -0.3714
vn 0.7071 -0.0000 -0.7071
vn -0.7071 -0.0000 -0.7071
vn 0.7036 0.3281 0.6303
vn 0.2655 0.7296 0.6303
vn -0.3281 0.7036 0.6303
vn -0.7296 0.2655 0.6303
vn -0.7036 -0.3281 0.6303
vn -0.2655 -0.7296 0.6303
vn 0.3281 -0.7036 0.6303
vn 0.7296 -0.2655 0.6303
vn 0.9063 0.4226 -0.0000
vn 0.9397 -0.3420 -0.0000
vn 0.4226 -0.9063 -0.0000
vn 0.3420 0.9397 -0.0000
vn -0.4226 0.9063 -0.0000
vn -0.3420 -0.9397 -0.0000
vn -0.9063 -0.4226 -0.0000
vn -0.9397 0.3420 -0.0000
vn 0.4453 -0.6360 0.6303
vn 0.7646 -0.1348 0.6303
vn 0.6360 0.4453 0.6303
vn 0.1348 0.7646 0.6303
vn -0.4453 0.6360 0.6303
vn -0.7646 0.1348 0.6303
vn -0.6360 -0.4453 0.6303
vn -0.1348 -0.7646 0.6303
vn 0.5736 -0.8192 -0.0000
vn -0.1736 -0.9848 -0.0000
vn -0.8192 -0.5736 -0.0000
vn 0.9848 -0.1736 -0.0000
vn 0.8192 0.5736 -0.0000
vn -0.9848 0.1736 -0.0000
vn -0.5736 0.8192 -0.0000
vn 0.1736 0.9848 -0.0000
vn 0.9848 -0.1737 -0.0000
vn -0.0000 0.9138 0.4061
vn -0.0000 -0.9138 0.4061
vn -0.3827 -0.9239 -0.0000
vn -0.9239 -0.3827 -0.0000
vn -0.3827 0.9239 -0.0000
vn -0.9239 0.3827 -0.0000
vn 0.9239 0.3827 -0.0000
vn 0.3827 0.9239 -0.0000
vn 0.3827 -0.9239 -0.0000
vn 0.9239 -0.3827 -0.0000
vn -0.0000 -0.0000 -1.0000
vn -0.0000 -0.8944 -0.4472
vn -0.0000 0.8944 -0.4472
vn 0.6491 -0.6491 -0.3966
vn 0.9180 -0.0000 -0.3966
vn 0.6491 -0.6491 0.3966
vn 0.9180 -0.0000 0.3966
vn -0.0000 -0.9180 -0.3966
vn -0.0000 -0.9180 0.3966
vn 0.6491 0.6491 -0.3966
vn -0.0000 0.9180 -0.3966
vn 0.6491 0.6491 0.3966
vn -0.0000 0.9180 0.3966
vn -0.6491 0.6491 -0.3966
vn -0.9180 -0.0000 -0.3966
vn -0.6491 0.6491 0.3966
vn -0.9180 -0.0000 0.3966
vn -0.6491 -0.6491 0.3966
vn -0.6491 -0.6491 -0.3966
vn 0.6222 -0.6222 -0.4751
vn 0.8799 -0.0000 -0.4752
vn 0.6222 -0.6222 0.4751
vn 0.8799 -0.0000 0.4752
vn -0.0000 -0.8799 -0.4751
vn -0.0000 -0.8799 0.4751
vn 0.6222 0.6222 -0.4752
vn -0.0000 0.8799 -0.4752
vn 0.6222 0.6222 0.4752
vn -0.0000 0.8799 0.4752
vn -0.6222 0.6222 -0.4752
vn -0.8799 -0.0000 -0.4752
vn -0.6222 0.6222 0.4752
vn -0.8799 -0.0000 0.4752
vn -0.6222 -0.6222 0.4751
vn -0.6222 -0.6222 -0.4751
vn -0.7071 -0.0000 0.7071
vn 0.7071 -0.0000 0.7071
vn -0.3827 -0.0000 -0.9239
vn -0.9239 -0.0000 -0.3827
vn -0.3827 -0.0000 0.9239
vn -0.9239 -0.0000 0.3827
vn 0.9239 -0.0000 0.3827
vn 0.3827 -0.0000 0.9239
vn 0.3827 -0.0000 -0.9239
vn 0.9239 -0.0000 -0.3827
vn -0.0000 0.7071 0.7071
vn -0.0000 -0.7114 -0.7028
vn -0.0000 -0.9999 0.0120
vn -0.0000 -0.7071 0.7071
vn -0.0000 0.7114 -0.7028
vn -0.0000 0.9999 0.0120
vn -0.0000 0.7113 -0.7028
vn -0.0000 0.7396 0.6731
vn -0.7036 0.3281 0.6303
vn -0.7296 -0.2655 0.6303
vn -0.3281 -0.7036 0.6303
vn 0.2655 -0.7296 0.6303
vn 0.7036 -0.3281 0.6303
vn 0.7296 0.2655 0.6303
vn 0.3281 0.7036 0.6303
vn -0.2655 0.7296 0.6303
vn -0.9063 0.4226 -0.0000
vn -0.3420 0.9397 -0.0000
vn 0.4226 0.9063 -0.0000
vn -0.9397 -0.3420 -0.0000
vn -0.4226 -0.9063 -0.0000
vn 0.9397 0.3420 -0.0000
vn 0.9063 -0.4226 -0.0000
vn 0.3420 -0.9397 -0.0000
vn -0.0000 -0.7396 0.6731
vn -0.4694 -0.0509 0.8815
vn -0.3915 -0.2036 0.8973
vn -0.8964 -0.4433 -0.0000
vn -0.9931 -0.1175 -0.0000
vn 0.5214 0.0533 0.8516
vn 0.4846 0.2318 0.8435
vn 0.9954 0.0955 -0.0000
vn 0.8923 0.4514 -0.0000
vn 0.8603 0.0956 -0.5008
vn 0.7732 0.3699 -0.5151
vn -0.7594 -0.3949 -0.5170
vn -0.8592 -0.0868 -0.5041
vn -0.3217 -0.3206 0.8909
vn -0.7179 -0.6962 -0.0000
vn 0.3660 0.3504 0.8621
vn 0.7122 0.7020 -0.0000
vn 0.6095 0.5836 -0.5367
vn -0.5971 -0.5949 -0.5381
vn -0.2700 -0.3734 0.8875
vn -0.5912 -0.8065 -0.0000
vn 0.2888 0.3929 0.8730
vn 0.5868 0.8097 -0.0000
vn 0.4948 0.6731 -0.5497
vn -0.4892 -0.6767 -0.5502
vn -0.2445 -0.3979 0.8843
vn -0.5255 -0.8508 -0.0000
vn 0.2506 0.4056 0.8790
vn 0.5236 0.8520 -0.0000
vn 0.4373 0.7079 -0.5546
vn -0.4356 -0.7089 -0.5547
vn 0.2574 0.3763 0.8900
vn -0.2798 -0.4022 0.8717
vn 0.5706 0.8212 -0.0000
vn 0.4707 0.6881 -0.5523
vn -0.5650 -0.8251 -0.0000
vn -0.4763 -0.6846 -0.5518
vn -0.3449 -0.3595 0.8671
vn -0.6846 -0.7289 -0.0000
vn 0.3138 0.3351 0.8884
vn 0.6910 0.7229 -0.0000
vn 0.5746 0.6137 -0.5415
vn -0.5824 -0.6071 -0.5406
vn -0.4302 -0.2873 0.8558
vn -0.8224 -0.5689 -0.0000
vn 0.3731 0.2602 0.8906
vn 0.8292 0.5590 -0.0000
vn 0.6975 0.4865 -0.5261
vn -0.7080 -0.4728 -0.5246
vn -0.5172 -0.1466 0.8432
vn -0.9582 -0.2859 -0.0000
vn 0.4305 0.1303 0.8931
vn 0.9609 0.2768 -0.0000
vn 0.8244 0.2495 -0.5080
vn -0.8293 -0.2350 -0.5070
vn -0.5606 -0.0570 0.8261
vn -0.9949 -0.1012 -0.0000
vn 0.4446 0.0464 0.8945
vn 0.9946 0.1037 -0.0000
vn 0.8663 0.0904 -0.4912
vn -0.8666 -0.0882 -0.4912
vn -0.4895 -0.0162 0.8718
vn -0.4672 -0.0776 0.8807
vn -0.9820 -0.1888 0.0045
vn -0.9992 -0.0410 0.0013
vn 0.5085 0.0230 0.8607
vn 0.5078 0.1119 0.8542
vn 0.9993 0.0383 0.0011
vn 0.9813 0.1925 0.0003
vn 0.8654 0.0335 -0.5000
vn 0.8495 0.1535 -0.5047
vn -0.8471 -0.1757 -0.5015
vn -0.8652 -0.0354 -0.5002
vn -0.4515 -0.1422 0.8809
vn -0.9388 -0.3444 0.0081
vn 0.4749 0.2005 0.8569
vn 0.9370 0.3493 -0.0050
vn 0.8101 0.2800 -0.5151
vn -0.8035 -0.3163 -0.5043
vn -0.4241 -0.1960 0.8842
vn -0.8837 -0.4679 0.0118
vn 0.4415 0.2654 0.8571
vn 0.8810 0.4729 -0.0124
vn 0.7588 0.3813 -0.5281
vn -0.7508 -0.4224 -0.5078
vn -0.4316 -0.2278 0.8728
vn -0.8651 -0.5015 0.0111
vn 0.4202 0.2627 0.8686
vn 0.8669 0.4980 -0.0191
vn 0.7373 0.4151 -0.5330
vn -0.7424 -0.4379 -0.5071
vn -0.4445 -0.2103 0.8707
vn -0.9018 -0.4320 0.0123
vn 0.4468 0.2132 0.8689
vn 0.9037 0.4278 -0.0184
vn 0.7653 0.3672 -0.5287
vn -0.7821 -0.3691 -0.5021
vn -0.4636 -0.1772 0.8682
vn -0.9435 -0.3310 0.0137
vn 0.4751 0.1485 0.8673
vn 0.9450 0.3264 -0.0212
vn 0.8003 0.2914 -0.5240
vn -0.8254 -0.2735 -0.4938
vn -0.4798 -0.1314 0.8675
vn -0.9797 -0.1996 0.0191
vn 0.5002 0.0657 0.8634
vn 0.9802 0.1962 -0.0276
vn 0.8310 0.1901 -0.5228
vn -0.8629 -0.1504 -0.4825
vn -0.4876 -0.0767 0.8697
vn -0.9984 -0.0475 0.0298
vn 0.5143 -0.0298 0.8571
vn 0.9982 0.0468 -0.0384
vn 0.8462 0.0708 -0.5281
vn -0.8831 -0.0086 -0.4691
vn -0.5052 -0.0457 0.8618
vn -0.9992 0.0327 0.0234
vn 0.5118 -0.0803 0.8554
vn 0.9979 -0.0303 -0.0568
vn 0.8469 0.0097 -0.5316
vn -0.8851 0.0643 -0.4609
vn -0.5077 0.0235 0.8612
vn -0.5060 0.1077 0.8558
vn -0.9828 0.1845 0.0006
vn -0.9992 0.0400 0.0011
vn 0.4901 -0.0171 0.8715
vn 0.4711 -0.0742 0.8790
vn 0.9991 -0.0420 0.0012
vn 0.9834 -0.1813 0.0043
vn 0.8649 -0.0368 -0.5006
vn 0.8486 -0.1686 -0.5014
vn -0.8509 0.1473 -0.5042
vn -0.8652 0.0344 -0.5003
vn -0.4783 0.1877 0.8579
vn -0.9462 0.3235 -0.0042
vn 0.4584 -0.1304 0.8791
vn 0.9476 -0.3193 0.0074
vn 0.8123 -0.2942 -0.5036
vn -0.8184 0.2588 -0.5131
vn -0.4557 0.2351 0.8585
vn -0.9071 0.4208 -0.0123
vn 0.4422 -0.1784 0.8790
vn 0.9091 -0.4164 0.0079
vn 0.7779 -0.3753 -0.5041
vn -0.7818 0.3420 -0.5215
vn -0.4521 0.1698 0.8756
vn -0.9348 0.3543 -0.0236
vn 0.4768 -0.1847 0.8594
vn 0.9334 -0.3587 0.0059
vn 0.8121 -0.3027 -0.4989
vn -0.7946 0.3070 -0.5237
vn -0.5012 0.0620 0.8631
vn -0.9816 0.1892 -0.0252
vn 0.4805 -0.1279 0.8676
vn 0.9812 -0.1921 0.0171
vn 0.8630 -0.1443 -0.4841
vn -0.8337 0.1838 -0.5207
vn -0.5142 -0.0230 0.8574
vn -0.9976 0.0593 -0.0347
vn 0.4869 -0.0827 0.8695
vn 0.9978 -0.0602 0.0264
vn 0.8812 -0.0199 -0.4723
vn -0.8471 0.0816 -0.5252
vn -0.5152 -0.0680 0.8544
vn -0.9986 -0.0071 -0.0521
vn 0.5012 -0.0575 0.8634
vn 0.9998 0.0095 0.0194
vn 0.8841 0.0435 -0.4652
vn -0.8486 0.0293 -0.5282
vn -0.5203 0.0594 0.8519
vn -0.4754 0.2491 0.8438
vn -0.8867 0.4624 -0.0021
vn -0.9945 0.1043 0.0009
vn 0.4680 -0.0519 0.8822
vn 0.3934 -0.1962 0.8982
vn 0.9922 -0.1248 0.0016
vn 0.8910 -0.4540 0.0060
vn 0.8573 -0.0964 -0.5057
vn 0.7527 -0.4112 -0.5141
vn -0.7698 0.3718 -0.5188
vn -0.8587 0.1006 -0.5024
vn -0.3564 0.3682 0.8588
vn -0.7119 0.7022 -0.0093
vn 0.3305 -0.3024 0.8941
vn 0.7177 -0.6963 0.0110
vn 0.5929 -0.6069 -0.5292
vn -0.6132 0.5718 -0.5450
vn -0.2794 0.4171 0.8649
vn -0.5787 0.8154 -0.0159
vn 0.2724 -0.3543 0.8946
vn 0.5841 -0.8116 0.0138
vn 0.4787 -0.6939 -0.5379
vn -0.4928 0.6641 -0.5622
vn -0.2706 0.3862 0.8818
vn -0.5865 0.8096 -0.0215
vn 0.2851 -0.3855 0.8776
vn 0.5808 -0.8140 0.0127
vn 0.4939 -0.6847 -0.5359
vn -0.4816 0.6702 -0.5647
vn -0.3441 0.3305 0.8789
vn -0.7081 0.7058 -0.0227
vn 0.3354 -0.3506 0.8744
vn 0.7018 -0.7122 0.0155
vn 0.6111 -0.5946 -0.5225
vn -0.5770 0.5988 -0.5555
vn -0.4215 0.2341 0.8761
vn -0.8473 0.5302 -0.0322
vn 0.4076 -0.2878 0.8666
vn 0.8413 -0.5402 0.0212
vn 0.7473 -0.4393 -0.4986
vn -0.6936 0.4708 -0.5453
vn -0.4934 0.0680 0.8672
vn -0.9707 0.2338 -0.0555
vn 0.4752 -0.1661 0.8641
vn 0.9696 -0.2412 0.0405
vn 0.8703 -0.1710 -0.4619
vn -0.8053 0.2337 -0.5448
vn -0.5131 -0.0382 0.8575
vn -0.9952 0.0545 -0.0812
vn 0.5195 -0.0871 0.8500
vn 0.9980 -0.0498 0.0400
vn 0.9012 -0.0103 -0.4332
vn -0.8365 0.0807 -0.5419
vn -0.0000 0.9417 0.3363
vn -0.0000 -0.9417 0.3363
vn -0.0000 -0.7071 -0.7071
vn -0.0000 0.7071 -0.7071
vn 0.6303 -0.6360 -0.4453
vn 0.6303 -0.1348 -0.7646
vn 0.6303 0.4453 -0.6360
vn 0.6303 0.7646 -0.1348
vn 0.6303 0.6360 0.4453
vn 0.6303 0.1348 0.7646
vn 0.6303 -0.4453 0.6360
vn 0.6303 -0.7646 0.1348
vn -0.0000 -0.8192 -0.5736
vn -0.0000 -0.9848 0.1736
vn -0.0000 -0.5736 0.8192
vn -0.0000 -0.1736 -0.9848
vn -0.0000 0.5736 -0.8192
vn -0.0000 0.1736 0.9848
vn -0.0000 0.8192 0.5736
vn -0.0000 0.9848 -0.1736
vn -0.6303 -0.6360 -0.4453
vn -0.6303 -0.7646 0.1348
vn -0.6303 -0.4453 0.6360
vn -0.6303 0.1348 0.7646
vn -0.6303 0.6360 0.4453
vn -0.6303 0.7646 -0.1348
vn -0.6303 0.4453 -0.6360
vn -0.6303 -0.1348 -0.7646
vn -0.0000 -0.9848 0.1737
vn -0.0000 -0.5914 0.8064
vn -0.0000 0.5914 0.8064
vt 0.534509 0.505845
vt 0.237244 0.967159
vt 0.236786 0.495801
vt 0.350190 0.505845
vt 0.237244 0.782841
vt 0.236786 0.782519
vt 0.339532 0.981606
vt 0.339532 0.495801
vt 0.339532 0.967125
vt 0.339532 0.782841
vt 0.339532 0.981606
vt 0.339532 0.782519
vt 0.339532 0.967124
vt 0.534509 0.792564
vt 0.237244 0.782841
vt 0.236786 0.782519
vt 0.350190 0.792564
vt 0.236786 0.495801
vt 0.237244 0.967159
vt 0.339532 0.782841
vt 0.339532 0.981606
vt 0.339532 0.967125
vt 0.339532 0.782519
vt 0.339532 0.495801
vt 0.339532 0.981606
vt 0.339532 0.967124
vt 0.237132 0.981606
vt 0.237132 0.495801
vt 0.544749 0.505845
vt 0.237132 0.967125
vt 0.534509 0.495605
vt 0.237132 0.782841
vt 0.237132 0.981606
vt 0.350190 0.495605
vt 0.237132 0.782519
vt 0.237132 0.967125
vt 0.339950 0.505845
vt 0.237132 0.782841
vt 0.237132 0.981606
vt 0.534509 0.802804
vt 0.237132 0.967125
vt 0.237132 0.782519
vt 0.544749 0.792564
vt 0.237132 0.495801
vt 0.237132 0.981606
vt 0.339950 0.792564
vt 0.237132 0.967124
vt 0.350190 0.802804
vt 0.350237 0.792412
vt 0.144627 0.495801
vt 0.145084 0.967159
vt 0.145084 0.782841
vt 0.350237 0.505694
vt 0.144627 0.782519
vt 0.534556 0.792412
vt 0.145084 0.782841
vt 0.144627 0.782519
vt 0.145084 0.967159
vt 0.534556 0.505694
vt 0.144627 0.495801
vt 0.165932 0.243457
vt 0.167885 0.223710
vt 0.152675 0.243457
vt 0.165932 0.248002
vt 0.167885 0.223710
vt 0.152675 0.248002
vt 0.167826 0.243457
vt 0.167885 0.238861
vt 0.165932 0.243457
vt 0.167826 0.248002
vt 0.167885 0.238861
vt 0.165932 0.248002
vt 0.152675 0.243457
vt 0.168205 0.243457
vt 0.170158 0.223710
vt 0.152675 0.248002
vt 0.168205 0.248002
vt 0.170158 0.223710
vt 0.167826 0.243457
vt 0.168205 0.243457
vt 0.170158 0.238861
vt 0.170158 0.238861
vt 0.167826 0.248002
vt 0.168205 0.248002
vt 0.170916 0.231286
vt 0.160250 0.243457
vt 0.170916 0.231286
vt 0.160250 0.248002
vt 0.173188 0.231286
vt 0.160250 0.243457
vt 0.173188 0.231286
vt 0.160250 0.248002
vt 0.165932 0.243457
vt 0.167885 0.241134
vt 0.167885 0.241134
vt 0.165932 0.248002
vt 0.156841 0.243457
vt 0.158794 0.223710
vt 0.152675 0.243457
vt 0.156841 0.248002
vt 0.158794 0.223710
vt 0.152675 0.248002
vt 0.167826 0.243457
vt 0.158794 0.238861
vt 0.156841 0.243457
vt 0.167826 0.248002
vt 0.158794 0.238861
vt 0.156841 0.248002
vt 0.152675 0.243457
vt 0.154568 0.243457
vt 0.156522 0.223710
vt 0.152675 0.248002
vt 0.154568 0.248002
vt 0.156522 0.223710
vt 0.167826 0.243457
vt 0.156522 0.238861
vt 0.156522 0.238861
vt 0.167826 0.248002
vt 0.155764 0.231286
vt 0.160250 0.243457
vt 0.155764 0.231286
vt 0.160250 0.248002
vt 0.153491 0.231286
vt 0.160250 0.243457
vt 0.153491 0.231286
vt 0.160250 0.248002
vt 0.170099 0.243457
vt 0.158794 0.241134
vt 0.170099 0.248002
vt 0.158794 0.241134
vt 0.165932 0.243463
vt 0.167885 0.223710
vt 0.152675 0.243463
vt 0.165932 0.248008
vt 0.167885 0.223710
vt 0.152675 0.248008
vt 0.167826 0.243463
vt 0.167885 0.238861
vt 0.165932 0.243463
vt 0.167826 0.248008
vt 0.167885 0.238861
vt 0.165932 0.248008
vt 0.152675 0.243463
vt 0.168205 0.243463
vt 0.170158 0.223710
vt 0.152675 0.248008
vt 0.168205 0.248008
vt 0.170158 0.223710
vt 0.167826 0.243463
vt 0.168205 0.243463
vt 0.170158 0.238861
vt 0.170158 0.238861
vt 0.167826 0.248008
vt 0.168205 0.248008
vt 0.170916 0.231286
vt 0.160250 0.243463
vt 0.170916 0.231286
vt 0.160250 0.248008
vt 0.173188 0.231286
vt 0.160250 0.243463
vt 0.173188 0.231286
vt 0.160250 0.248008
vt 0.167885 0.241134
vt 0.165932 0.243463
vt 0.167885 0.241134
vt 0.165932 0.248008
vt 0.156841 0.243463
vt 0.158794 0.223710
vt 0.152675 0.243463
vt 0.156841 0.248008
vt 0.158794 0.223710
vt 0.152675 0.248008
vt 0.167826 0.243463
vt 0.158794 0.238861
vt 0.156841 0.243463
vt 0.167826 0.248008
vt 0.158794 0.238861
vt 0.156841 0.248008
vt 0.152675 0.243463
vt 0.154568 0.243463
vt 0.156522 0.223710
vt 0.152675 0.248008
vt 0.154568 0.248008
vt 0.156522 0.223710
vt 0.167826 0.243463
vt 0.156522 0.238861
vt 0.156522 0.238861
vt 0.167826 0.248008
vt 0.155764 0.231286
vt 0.160250 0.243463
vt 0.155764 0.231286
vt 0.160250 0.248008
vt 0.153491 0.231286
vt 0.160250 0.243463
vt 0.153491 0.231286
vt 0.160250 0.248008
vt 0.158794 0.241134
vt 0.170099 0.243463
vt 0.158794 0.241134
vt 0.170099 0.248008
vt 0.167885 0.248710
vt 0.162144 0.248002
vt 0.162144 0.243457
vt 0.167885 0.248710
vt 0.173887 0.248002
vt 0.158794 0.248710
vt 0.173887 0.243457
vt 0.158794 0.248710
vt 0.167885 0.248710
vt 0.162144 0.248008
vt 0.167885 0.248710
vt 0.162144 0.243463
vt 0.158794 0.248710
vt 0.173887 0.248008
vt 0.158794 0.248710
vt 0.173887 0.243463
vt 0.165932 0.243457
vt 0.167885 0.223710
vt 0.152675 0.243457
vt 0.165932 0.248002
vt 0.167885 0.223710
vt 0.152675 0.248002
vt 0.167826 0.243457
vt 0.167885 0.238861
vt 0.165932 0.243457
vt 0.167826 0.248002
vt 0.167885 0.238861
vt 0.165932 0.248002
vt 0.152675 0.243457
vt 0.168205 0.243457
vt 0.170158 0.223710
vt 0.152675 0.248002
vt 0.168205 0.248002
vt 0.170158 0.223710
vt 0.167826 0.243457
vt 0.168205 0.243457
vt 0.170158 0.238861
vt 0.170158 0.238861
vt 0.167826 0.248002
vt 0.168205 0.248002
vt 0.170916 0.231286
vt 0.160250 0.243457
vt 0.170916 0.231286
vt 0.160250 0.248002
vt 0.173188 0.231286
vt 0.160250 0.243457
vt 0.173188 0.231286
vt 0.160250 0.248002
vt 0.165932 0.243457
vt 0.167885 0.241134
vt 0.167885 0.241134
vt 0.165932 0.248002
vt 0.156841 0.243457
vt 0.158794 0.223710
vt 0.152675 0.243457
vt 0.156841 0.248002
vt 0.158794 0.223710
vt 0.152675 0.248002
vt 0.167826 0.243457
vt 0.158794 0.238861
vt 0.156841 0.243457
vt 0.167826 0.248002
vt 0.158794 0.238861
vt 0.156841 0.248002
vt 0.152675 0.243457
vt 0.154568 0.243457
vt 0.156522 0.223710
vt 0.152675 0.248002
vt 0.154568 0.248002
vt 0.156522 0.223710
vt 0.167826 0.243457
vt 0.156522 0.238861
vt 0.156522 0.238861
vt 0.167826 0.248002
vt 0.155764 0.231286
vt 0.160250 0.243457
vt 0.155764 0.231286
vt 0.160250 0.248002
vt 0.153491 0.231286
vt 0.160250 0.243457
vt 0.153491 0.231286
vt 0.160250 0.248002
vt 0.170099 0.243457
vt 0.158794 0.241134
vt 0.170099 0.248002
vt 0.158794 0.241134
vt 0.165932 0.243463
vt 0.167885 0.223710
vt 0.152675 0.243463
vt 0.165932 0.248008
vt 0.167885 0.223710
vt 0.152675 0.248008
vt 0.167826 0.243463
vt 0.167885 0.238861
vt 0.165932 0.243463
vt 0.167826 0.248008
vt 0.167885 0.238861
vt 0.165932 0.248008
vt 0.152675 0.243463
vt 0.168205 0.243463
vt 0.170158 0.223710
vt 0.152675 0.248008
vt 0.168205 0.248008
vt 0.170158 0.223710
vt 0.167826 0.243463
vt 0.168205 0.243463
vt 0.170158 0.238861
vt 0.170158 0.238861
vt 0.167826 0.248008
vt 0.168205 0.248008
vt 0.170916 0.231286
vt 0.160250 0.243463
vt 0.170916 0.231286
vt 0.160250 0.248008
vt 0.173188 0.231286
vt 0.160250 0.243463
vt 0.173188 0.231286
vt 0.160250 0.248008
vt 0.167885 0.241134
vt 0.165932 0.243463
vt 0.167885 0.241134
vt 0.165932 0.248008
vt 0.156841 0.243463
vt 0.158794 0.223710
vt 0.152675 0.243463
vt 0.156841 0.248008
vt 0.158794 0.223710
vt 0.152675 0.248008
vt 0.167826 0.243463
vt 0.158794 0.238861
vt 0.156841 0.243463
vt 0.167826 0.248008
vt 0.158794 0.238861
vt 0.156841 0.248008
vt 0.152675 0.243463
vt 0.154568 0.243463
vt 0.156522 0.223710
vt 0.152675 0.248008
vt 0.154568 0.248008
vt 0.156522 0.223710
vt 0.167826 0.243463
vt 0.156522 0.238861
vt 0.156522 0.238861
vt 0.167826 0.248008
vt 0.155764 0.231286
vt 0.160250 0.243463
vt 0.155764 0.231286
vt 0.160250 0.248008
vt 0.153491 0.231286
vt 0.160250 0.243463
vt 0.153491 0.231286
vt 0.160250 0.248008
vt 0.158794 0.241134
vt 0.170099 0.243463
vt 0.158794 0.241134
vt 0.170099 0.248008
vt 0.167885 0.248710
vt 0.162144 0.248002
vt 0.162144 0.243457
vt 0.167885 0.248710
vt 0.173887 0.248002
vt 0.158794 0.248710
vt 0.173887 0.243457
vt 0.158794 0.248710
vt 0.167885 0.248710
vt 0.162144 0.248008
vt 0.167885 0.248710
vt 0.162144 0.243463
vt 0.158794 0.248710
vt 0.173887 0.248008
vt 0.158794 0.248710
vt 0.173887 0.243463
vt 0.165932 0.243457
vt 0.167885 0.223710
vt 0.152675 0.243457
vt 0.165932 0.248002
vt 0.167885 0.223710
vt 0.152675 0.248002
vt 0.167826 0.243457
vt 0.167885 0.238861
vt 0.165932 0.243457
vt 0.167826 0.248002
vt 0.167885 0.238861
vt 0.165932 0.248002
vt 0.152675 0.243457
vt 0.168205 0.243457
vt 0.170158 0.223710
vt 0.152675 0.248002
vt 0.168205 0.248002
vt 0.170158 0.223710
vt 0.167826 0.243457
vt 0.168205 0.243457
vt 0.170158 0.238861
vt 0.170158 0.238861
vt 0.167826 0.248002
vt 0.168205 0.248002
vt 0.170916 0.231286
vt 0.160250 0.243457
vt 0.170916 0.231286
vt 0.160250 0.248002
vt 0.173188 0.231286
vt 0.160250 0.243457
vt 0.173188 0.231286
vt 0.160250 0.248002
vt 0.165932 0.243457
vt 0.167885 0.241134
vt 0.167885 0.241134
vt 0.165932 0.248002
vt 0.156841 0.243457
vt 0.158794 0.223710
vt 0.152675 0.243457
vt 0.156841 0.248002
vt 0.158794 0.223710
vt 0.152675 0.248002
vt 0.167826 0.243457
vt 0.158794 0.238861
vt 0.156841 0.243457
vt 0.167826 0.248002
vt 0.158794 0.238861
vt 0.156841 0.248002
vt 0.152675 0.243457
vt 0.154568 0.243457
vt 0.156522 0.223710
vt 0.152675 0.248002
vt 0.154568 0.248002
vt 0.156522 0.223710
vt 0.167826 0.243457
vt 0.156522 0.238861
vt 0.156522 0.238861
vt 0.167826 0.248002
vt 0.155764 0.231286
vt 0.160250 0.243457
vt 0.155764 0.231286
vt 0.160250 0.248002
vt 0.153491 0.231286
vt 0.160250 0.243457
vt 0.153491 0.231286
vt 0.160250 0.248002
vt 0.170099 0.243457
vt 0.158794 0.241134
vt 0.170099 0.248002
vt 0.158794 0.241134
vt 0.165932 0.243463
vt 0.167885 0.223710
vt 0.152675 0.243463
vt 0.165932 0.248008
vt 0.167885 0.223710
vt 0.152675 0.248008
vt 0.167826 0.243463
vt 0.167885 0.238861
vt 0.165932 0.243463
vt 0.167826 0.248008
vt 0.167885 0.238861
vt 0.165932 0.248008
vt 0.152675 0.243463
vt 0.168205 0.243463
vt 0.170158 0.223710
vt 0.152675 0.248008
vt 0.168205 0.248008
vt 0.170158 0.223710
vt 0.167826 0.243463
vt 0.168205 0.243463
vt 0.170158 0.238861
vt 0.170158 0.238861
vt 0.167826 0.248008
vt 0.168205 0.248008
vt 0.170916 0.231286
vt 0.160250 0.243463
vt 0.170916 0.231286
vt 0.160250 0.248008
vt 0.173188 0.231286
vt 0.160250 0.243463
vt 0.173188 0.231286
vt 0.160250 0.248008
vt 0.167885 0.241134
vt 0.165932 0.243463
vt 0.167885 0.241134
vt 0.165932 0.248008
vt 0.156841 0.243463
vt 0.158794 0.223710
vt 0.152675 0.243463
vt 0.156841 0.248008
vt 0.158794 0.223710
vt 0.152675 0.248008
vt 0.167826 0.243463
vt 0.158794 0.238861
vt 0.156841 0.243463
vt 0.167826 0.248008
vt 0.158794 0.238861
vt 0.156841 0.248008
vt 0.152675 0.243463
vt 0.154568 0.243463
vt 0.156522 0.223710
vt 0.152675 0.248008
vt 0.154568 0.248008
vt 0.156522 0.223710
vt 0.167826 0.243463
vt 0.156522 0.238861
vt 0.156522 0.238861
vt 0.167826 0.248008
vt 0.155764 0.231286
vt 0.160250 0.243463
vt 0.155764 0.231286
vt 0.160250 0.248008
vt 0.153491 0.231286
vt 0.160250 0.243463
vt 0.153491 0.231286
vt 0.160250 0.248008
vt 0.158794 0.241134
vt 0.170099 0.243463
vt 0.158794 0.241134
vt 0.170099 0.248008
vt 0.167885 0.248710
vt 0.162144 0.248002
vt 0.162144 0.243457
vt 0.167885 0.248710
vt 0.173887 0.248002
vt 0.158794 0.248710
vt 0.173887 0.243457
vt 0.158794 0.248710
vt 0.167885 0.248710
vt 0.162144 0.248008
vt 0.167885 0.248710
vt 0.162144 0.243463
vt 0.158794 0.248710
vt 0.173887 0.248008
vt 0.158794 0.248710
vt 0.173887 0.243463
vt 0.165932 0.243457
vt 0.167885 0.223710
vt 0.152675 0.243457
vt 0.165932 0.248002
vt 0.167885 0.223710
vt 0.152675 0.248002
vt 0.167826 0.243457
vt 0.167885 0.238861
vt 0.165932 0.243457
vt 0.167826 0.248002
vt 0.167885 0.238861
vt 0.165932 0.248002
vt 0.152675 0.243457
vt 0.168205 0.243457
vt 0.170158 0.223710
vt 0.152675 0.248002
vt 0.168205 0.248002
vt 0.170158 0.223710
vt 0.167826 0.243457
vt 0.168205 0.243457
vt 0.170158 0.238861
vt 0.170158 0.238861
vt 0.167826 0.248002
vt 0.168205 0.248002
vt 0.170916 0.231286
vt 0.160250 0.243457
vt 0.170916 0.231286
vt 0.160250 0.248002
vt 0.173188 0.231286
vt 0.160250 0.243457
vt 0.173188 0.231286
vt 0.160250 0.248002
vt 0.165932 0.243457
vt 0.167885 0.241134
vt 0.167885 0.241134
vt 0.165932 0.248002
vt 0.156841 0.243457
vt 0.158794 0.223710
vt 0.152675 0.243457
vt 0.156841 0.248002
vt 0.158794 0.223710
vt 0.152675 0.248002
vt 0.167826 0.243457
vt 0.158794 0.238861
vt 0.156841 0.243457
vt 0.167826 0.248002
vt 0.158794 0.238861
vt 0.156841 0.248002
vt 0.152675 0.243457
vt 0.154568 0.243457
vt 0.156522 0.223710
vt 0.152675 0.248002
vt 0.154568 0.248002
vt 0.156522 0.223710
vt 0.167826 0.243457
vt 0.156522 0.238861
vt 0.156522 0.238861
vt 0.167826 0.248002
vt 0.155764 0.231286
vt 0.160250 0.243457
vt 0.155764 0.231286
vt 0.160250 0.248002
vt 0.153491 0.231286
vt 0.160250 0.243457
vt 0.153491 0.231286
vt 0.160250 0.248002
vt 0.170099 0.243457
vt 0.158794 0.241134
vt 0.170099 0.248002
vt 0.158794 0.241134
vt 0.165932 0.243463
vt 0.167885 0.223710
vt 0.152675 0.243463
vt 0.165932 0.248008
vt 0.167885 0.223710
vt 0.152675 0.248008
vt 0.167826 0.243463
vt 0.167885 0.238861
vt 0.165932 0.243463
vt 0.167826 0.248008
vt 0.167885 0.238861
vt 0.165932 0.248008
vt 0.152675 0.243463
vt 0.168205 0.243463
vt 0.170158 0.223710
vt 0.152675 0.248008
vt 0.168205 0.248008
vt 0.170158 0.223710
vt 0.167826 0.243463
vt 0.168205 0.243463
vt 0.170158 0.238861
vt 0.170158 0.238861
vt 0.167826 0.248008
vt 0.168205 0.248008
vt 0.170916 0.231286
vt 0.160250 0.243463
vt 0.170916 0.231286
vt 0.160250 0.248008
vt 0.173188 0.231286
vt 0.160250 0.243463
vt 0.173188 0.231286
vt 0.160250 0.248008
vt 0.167885 0.241134
vt 0.165932 0.243463
vt 0.167885 0.241134
vt 0.165932 0.248008
vt 0.156841 0.243463
vt 0.158794 0.223710
vt 0.152675 0.243463
vt 0.156841 0.248008
vt 0.158794 0.223710
vt 0.152675 0.248008
vt 0.167826 0.243463
vt 0.158794 0.238861
vt 0.156841 0.243463
vt 0.167826 0.248008
vt 0.158794 0.238861
vt 0.156841 0.248008
vt 0.152675 0.243463
vt 0.154568 0.243463
vt 0.156522 0.223710
vt 0.152675 0.248008
vt 0.154568 0.248008
vt 0.156522 0.223710
vt 0.167826 0.243463
vt 0.156522 0.238861
vt 0.156522 0.238861
vt 0.167826 0.248008
vt 0.155764 0.231286
vt 0.160250 0.243463
vt 0.155764 0.231286
vt 0.160250 0.248008
vt 0.153491 0.231286
vt 0.160250 0.243463
vt 0.153491 0.231286
vt 0.160250 0.248008
vt 0.158794 0.241134
vt 0.170099 0.243463
vt 0.158794 0.241134
vt 0.170099 0.248008
vt 0.167885 0.248710
vt 0.162144 0.248002
vt 0.162144 0.243457
vt 0.167885 0.248710
vt 0.173887 0.248002
vt 0.158794 0.248710
vt 0.173887 0.243457
vt 0.158794 0.248710
vt 0.167885 0.248710
vt 0.162144 0.248008
vt 0.167885 0.248710
vt 0.162144 0.243463
vt 0.158794 0.248710
vt 0.173887 0.248008
vt 0.158794 0.248710
vt 0.173887 0.243463
vt 0.392875 0.323268
vt 0.396991 0.323268
vt 0.392875 0.327685
vt 0.395542 0.320601
vt 0.395542 0.327685
vt 0.395542 0.344601
vt 0.395542 0.327685
vt 0.392875 0.341934
vt 0.396991 0.341934
vt 0.392875 0.327685
vt 0.395542 0.336219
vt 0.405524 0.323268
vt 0.392875 0.336219
vt 0.405524 0.341934
vt 0.392875 0.336219
vt 0.395542 0.336219
vt 0.406208 0.320601
vt 0.406208 0.327685
vt 0.408875 0.323268
vt 0.396991 0.323268
vt 0.408875 0.327685
vt 0.408875 0.341934
vt 0.396991 0.341934
vt 0.408875 0.327685
vt 0.406208 0.344601
vt 0.406208 0.327685
vt 0.405524 0.323268
vt 0.408875 0.336219
vt 0.406208 0.336219
vt 0.406208 0.336219
vt 0.405524 0.341934
vt 0.408875 0.336219
vt 0.450919 0.185547
vt 0.453549 0.185547
vt 0.448705 0.180201
vt 0.453549 0.180201
vt 0.453549 0.190893
vt 0.448705 0.190893
vt 0.453549 0.190893
vt 0.443359 0.177987
vt 0.453549 0.185547
vt 0.438014 0.180201
vt 0.453549 0.180201
vt 0.435799 0.185547
vt 0.453549 0.185547
vt 0.443359 0.193107
vt 0.453549 0.185547
vt 0.438014 0.190893
vt 0.453549 0.180201
vt 0.453549 0.190893
vt 0.456573 0.185547
vt 0.456573 0.180201
vt 0.456573 0.190893
vt 0.456573 0.190893
vt 0.456573 0.185547
vt 0.456573 0.180201
vt 0.456573 0.185547
vt 0.456573 0.185547
vt 0.456573 0.180201
vt 0.456573 0.190893
vt 0.392875 0.323268
vt 0.396991 0.323268
vt 0.392875 0.327685
vt 0.395542 0.320601
vt 0.395542 0.327685
vt 0.395542 0.344601
vt 0.395542 0.327685
vt 0.392875 0.341934
vt 0.396991 0.341934
vt 0.392875 0.327685
vt 0.395542 0.336219
vt 0.405524 0.323268
vt 0.392875 0.336219
vt 0.405524 0.341934
vt 0.392875 0.336219
vt 0.395542 0.336219
vt 0.406208 0.320601
vt 0.406208 0.327685
vt 0.408875 0.323268
vt 0.396991 0.323268
vt 0.408875 0.327685
vt 0.408875 0.341934
vt 0.396991 0.341934
vt 0.408875 0.327685
vt 0.406208 0.344601
vt 0.406208 0.327685
vt 0.405524 0.323268
vt 0.408875 0.336219
vt 0.406208 0.336219
vt 0.406208 0.336219
vt 0.405524 0.341934
vt 0.408875 0.336219
vt 0.450919 0.185547
vt 0.453549 0.185547
vt 0.448705 0.180201
vt 0.453549 0.180201
vt 0.453549 0.190893
vt 0.448705 0.190893
vt 0.453549 0.190893
vt 0.443359 0.177987
vt 0.453549 0.185547
vt 0.438014 0.180201
vt 0.453549 0.180201
vt 0.435799 0.185547
vt 0.453549 0.185547
vt 0.443359 0.193107
vt 0.453549 0.185547
vt 0.438014 0.190893
vt 0.453549 0.180201
vt 0.453549 0.190893
vt 0.456573 0.185547
vt 0.456573 0.180201
vt 0.456573 0.190893
vt 0.456573 0.190893
vt 0.456573 0.185547
vt 0.456573 0.180201
vt 0.456573 0.185547
vt 0.456573 0.185547
vt 0.456573 0.180201
vt 0.456573 0.190893
vt 0.392875 0.323268
vt 0.396991 0.323268
vt 0.392875 0.327685
vt 0.395542 0.320601
vt 0.395542 0.327685
vt 0.395542 0.344601
vt 0.395542 0.327685
vt 0.392875 0.341934
vt 0.396991 0.341934
vt 0.392875 0.327685
vt 0.395542 0.336219
vt 0.405524 0.323268
vt 0.392875 0.336219
vt 0.405524 0.341934
vt 0.392875 0.336219
vt 0.395542 0.336219
vt 0.406208 0.320601
vt 0.406208 0.327685
vt 0.408875 0.323268
vt 0.396991 0.323268
vt 0.408875 0.327685
vt 0.408875 0.341934
vt 0.396991 0.341934
vt 0.408875 0.327685
vt 0.406208 0.344601
vt 0.406208 0.327685
vt 0.405524 0.323268
vt 0.408875 0.336219
vt 0.406208 0.336219
vt 0.406208 0.336219
vt 0.405524 0.341934
vt 0.408875 0.336219
vt 0.450919 0.185547
vt 0.453549 0.185547
vt 0.448705 0.180201
vt 0.453549 0.180201
vt 0.453549 0.190893
vt 0.448705 0.190893
vt 0.453549 0.190893
vt 0.443359 0.177987
vt 0.453549 0.185547
vt 0.438014 0.180201
vt 0.453549 0.180201
vt 0.435799 0.185547
vt 0.453549 0.185547
vt 0.443359 0.193107
vt 0.453549 0.185547
vt 0.438014 0.190893
vt 0.453549 0.180201
vt 0.453549 0.190893
vt 0.456573 0.185547
vt 0.456573 0.180201
vt 0.456573 0.190893
vt 0.456573 0.190893
vt 0.456573 0.185547
vt 0.456573 0.180201
vt 0.456573 0.185547
vt 0.456573 0.185547
vt 0.456573 0.180201
vt 0.456573 0.190893
vt 0.392875 0.323268
vt 0.396991 0.323268
vt 0.392875 0.327685
vt 0.395542 0.320601
vt 0.395542 0.327685
vt 0.395542 0.344601
vt 0.395542 0.327685
vt 0.392875 0.341934
vt 0.396991 0.341934
vt 0.392875 0.327685
vt 0.395542 0.336219
vt 0.405524 0.323268
vt 0.392875 0.336219
vt 0.405524 0.341934
vt 0.392875 0.336219
vt 0.395542 0.336219
vt 0.406208 0.320601
vt 0.406208 0.327685
vt 0.408875 0.323268
vt 0.396991 0.323268
vt 0.408875 0.327685
vt 0.408875 0.341934
vt 0.396991 0.341934
vt 0.408875 0.327685
vt 0.406208 0.344601
vt 0.406208 0.327685
vt 0.405524 0.323268
vt 0.408875 0.336219
vt 0.406208 0.336219
vt 0.406208 0.336219
vt 0.405524 0.341934
vt 0.408875 0.336219
vt 0.450919 0.185547
vt 0.453549 0.185547
vt 0.448705 0.180201
vt 0.453549 0.180201
vt 0.453549 0.190893
vt 0.448705 0.190893
vt 0.453549 0.190893
vt 0.443359 0.177987
vt 0.453549 0.185547
vt 0.438014 0.180201
vt 0.453549 0.180201
vt 0.435799 0.185547
vt 0.453549 0.185547
vt 0.443359 0.193107
vt 0.453549 0.185547
vt 0.438014 0.190893
vt 0.453549 0.180201
vt 0.453549 0.190893
vt 0.456573 0.185547
vt 0.456573 0.180201
vt 0.456573 0.190893
vt 0.456573 0.190893
vt 0.456573 0.185547
vt 0.456573 0.180201
vt 0.456573 0.185547
vt 0.456573 0.185547
vt 0.456573 0.180201
vt 0.456573 0.190893
vt 0.861328 0.955078
vt 0.855469 0.937500
vt 0.855469 0.955078
vt 0.855469 0.937500
vt 0.861328 0.957031
vt 0.869141 0.957031
vt 0.861328 0.984375
vt 0.855469 0.957031
vt 0.869141 0.957031
vt 0.855469 0.984375
vt 0.861328 1.000000
vt 0.869141 1.000000
vt 0.855469 1.000000
vt 0.869141 1.000000
vt 0.855469 1.000000
vt 0.855469 1.000000
vt 0.861328 0.960938
vt 0.861328 0.937500
vt 0.861328 0.964844
vt 0.855469 0.960938
vt 0.861328 0.937500
vt 0.855469 0.964844
vt 0.861328 0.955078
vt 0.855469 0.937500
vt 0.855469 0.955078
vt 0.855469 0.937500
vt 0.861328 0.957031
vt 0.869141 0.957031
vt 0.861328 0.984375
vt 0.855469 0.957031
vt 0.869141 0.957031
vt 0.855469 0.984375
vt 0.861328 1.000000
vt 0.869141 1.000000
vt 0.855469 1.000000
vt 0.869141 1.000000
vt 0.855469 1.000000
vt 0.855469 1.000000
vt 0.861328 0.960938
vt 0.861328 0.937500
vt 0.861328 0.964844
vt 0.855469 0.960938
vt 0.861328 0.937500
vt 0.855469 0.964844
vt 0.861328 0.955078
vt 0.855469 0.937500
vt 0.855469 0.955078
vt 0.855469 0.937500
vt 0.861328 0.957031
vt 0.869141 0.957031
vt 0.861328 0.984375
vt 0.855469 0.957031
vt 0.869141 0.957031
vt 0.855469 0.984375
vt 0.861328 1.000000
vt 0.869141 1.000000
vt 0.855469 1.000000
vt 0.869141 1.000000
vt 0.855469 1.000000
vt 0.855469 1.000000
vt 0.861328 0.960938
vt 0.861328 0.937500
vt 0.861328 0.964844
vt 0.855469 0.960938
vt 0.861328 0.937500
vt 0.855469 0.964844
vt 0.861328 0.955078
vt 0.855469 0.937500
vt 0.855469 0.955078
vt 0.855469 0.937500
vt 0.861328 0.957031
vt 0.869141 0.957031
vt 0.861328 0.984375
vt 0.855469 0.957031
vt 0.869141 0.957031
vt 0.855469 0.984375
vt 0.861328 1.000000
vt 0.869141 1.000000
vt 0.855469 1.000000
vt 0.869141 1.000000
vt 0.855469 1.000000
vt 0.855469 1.000000
vt 0.861328 0.960938
vt 0.861328 0.937500
vt 0.861328 0.964844
vt 0.855469 0.960938
vt 0.861328 0.937500
vt 0.855469 0.964844
vt 0.861328 0.955078
vt 0.855469 0.937500
vt 0.855469 0.955078
vt 0.855469 0.937500
vt 0.861328 0.957031
vt 0.869141 0.957031
vt 0.861328 0.984375
vt 0.855469 0.957031
vt 0.869141 0.957031
vt 0.855469 0.984375
vt 0.861328 1.000000
vt 0.869141 1.000000
vt 0.855469 1.000000
vt 0.869141 1.000000
vt 0.855469 1.000000
vt 0.855469 1.000000
vt 0.861328 0.960938
vt 0.861328 0.937500
vt 0.861328 0.964844
vt 0.855469 0.960938
vt 0.861328 0.937500
vt 0.855469 0.964844
vt 0.861328 0.955078
vt 0.855469 0.937500
vt 0.855469 0.955078
vt 0.855469 0.937500
vt 0.861328 0.957031
vt 0.869141 0.957031
vt 0.861328 0.984375
vt 0.855469 0.957031
vt 0.869141 0.957031
vt 0.855469 0.984375
vt 0.861328 1.000000
vt 0.869141 1.000000
vt 0.855469 1.000000
vt 0.869141 1.000000
vt 0.855469 1.000000
vt 0.855469 1.000000
vt 0.861328 0.960938
vt 0.861328 0.937500
vt 0.861328 0.964844
vt 0.855469 0.960938
vt 0.861328 0.937500
vt 0.855469 0.964844
vt 0.861328 0.955078
vt 0.855469 0.937500
vt 0.855469 0.955078
vt 0.855469 0.937500
vt 0.861328 0.957031
vt 0.869141 0.957031
vt 0.861328 0.984375
vt 0.855469 0.957031
vt 0.869141 0.957031
vt 0.855469 0.984375
vt 0.861328 1.000000
vt 0.869141 1.000000
vt 0.855469 1.000000
vt 0.869141 1.000000
vt 0.855469 1.000000
vt 0.855469 1.000000
vt 0.861328 0.960938
vt 0.861328 0.937500
vt 0.861328 0.964844
vt 0.855469 0.960938
vt 0.861328 0.937500
vt 0.855469 0.964844
vt 0.861328 0.955078
vt 0.855469 0.937500
vt 0.855469 0.955078
vt 0.855469 0.937500
vt 0.861328 0.957031
vt 0.869141 0.957031
vt 0.861328 0.984375
vt 0.855469 0.957031
vt 0.869141 0.957031
vt 0.855469 0.984375
vt 0.861328 1.000000
vt 0.869141 1.000000
vt 0.855469 1.000000
vt 0.869141 1.000000
vt 0.855469 1.000000
vt 0.855469 1.000000
vt 0.861328 0.960938
vt 0.861328 0.937500
vt 0.861328 0.964844
vt 0.855469 0.960938
vt 0.861328 0.937500
vt 0.855469 0.964844
vt 0.521484 0.349609
vt 0.361328 0.353516
vt 0.361328 0.349609
vt 0.384766 0.349609
vt 0.361328 0.490234
vt 0.361328 0.349609
vt 0.521484 0.351562
vt 0.361328 0.351562
vt 0.384766 0.351562
vt 0.361328 0.351562
vt 0.521484 0.349609
vt 0.541016 0.353516
vt 0.541016 0.349609
vt 0.384766 0.349609
vt 0.541016 0.490234
vt 0.541016 0.349609
vt 0.521484 0.351562
vt 0.541016 0.351562
vt 0.384766 0.351562
vt 0.541016 0.351562
vt 0.813794 0.905018
vt 0.790204 0.905915
vt 0.810932 0.905018
vt 0.813794 0.896255
vt 0.816656 0.931306
vt 0.796400 0.899719
vt 0.816656 0.922543
vt 0.805163 0.899719
vt 0.810932 0.896255
vt 0.813794 0.931306
vt 0.813794 0.922543
vt 0.813794 0.913780
vt 0.790204 0.914678
vt 0.813794 0.922543
vt 0.796400 0.920874
vt 0.810932 0.913780
vt 0.810932 0.922543
vt 0.816656 0.913780
vt 0.811359 0.905915
vt 0.816656 0.896255
vt 0.813794 0.931306
vt 0.805163 0.920874
vt 0.816656 0.905018
vt 0.811359 0.914678
vt 0.813794 0.896255
vt 0.810932 0.931306
vt 0.813794 0.913780
vt 0.813794 0.905018
vt 0.655205 0.257381
vt 0.655205 0.256954
vt 0.645092 0.257516
vt 0.645092 0.246067
vt 0.655205 0.245932
vt 0.656350 0.247212
vt 0.656350 0.247638
vt 0.650435 0.257516
vt 0.650435 0.246067
vt 0.656350 0.258661
vt 0.654061 0.257381
vt 0.654061 0.256954
vt 0.648527 0.247212
vt 0.648527 0.258661
vt 0.654061 0.245932
vt 0.655205 0.247212
vt 0.655205 0.247638
vt 0.653870 0.247212
vt 0.655205 0.258661
vt 0.653870 0.258661
vt 0.655205 0.258234
vt 0.652916 0.272209
vt 0.645665 0.258661
vt 0.652915 0.268011
vt 0.656350 0.246358
vt 0.649863 0.258661
vt 0.654061 0.258234
vt 0.654061 0.272209
vt 0.649099 0.246067
vt 0.654060 0.268011
vt 0.655205 0.246358
vt 0.653297 0.246067
vt 0.657495 0.257381
vt 0.657495 0.256954
vt 0.645092 0.270110
vt 0.645092 0.258661
vt 0.657495 0.245932
vt 0.652916 0.257381
vt 0.652916 0.256954
vt 0.650435 0.270110
vt 0.650435 0.258661
vt 0.652916 0.245932
vt 0.656350 0.257381
vt 0.656350 0.256954
vt 0.648527 0.259806
vt 0.648527 0.271255
vt 0.656350 0.245932
vt 0.654061 0.257381
vt 0.654061 0.256954
vt 0.653870 0.259806
vt 0.654061 0.245932
vt 0.653870 0.271255
vt 0.657495 0.258234
vt 0.652916 0.261905
vt 0.645665 0.271255
vt 0.652915 0.257707
vt 0.652916 0.258234
vt 0.649863 0.271255
vt 0.656350 0.258234
vt 0.654061 0.261905
vt 0.649099 0.258661
vt 0.654060 0.257707
vt 0.654061 0.258234
vt 0.653297 0.258661
vt 0.438707 0.329390
vt 0.493869 0.281354
vt 0.445953 0.322007
vt 0.493936 0.316548
vt 0.446049 0.322048
vt 0.503130 0.281264
vt 0.512442 0.281252
vt 0.456432 0.322048
vt 0.438611 0.329348
vt 0.503218 0.316506
vt 0.438611 0.339731
vt 0.512477 0.316450
vt 0.521576 0.281660
vt 0.438707 0.339773
vt 0.484635 0.281513
vt 0.512428 0.281493
vt 0.446049 0.347114
vt 0.456336 0.322007
vt 0.484615 0.316561
vt 0.521712 0.316370
vt 0.463677 0.329348
vt 0.512490 0.316463
vt 0.521725 0.281444
vt 0.484680 0.281106
vt 0.463773 0.329390
vt 0.503276 0.281371
vt 0.456432 0.347114
vt 0.494053 0.281230
vt 0.463773 0.339773
vt 0.463677 0.339731
vt 0.503251 0.316548
vt 0.445953 0.347073
vt 0.484629 0.316707
vt 0.521725 0.316385
vt 0.456336 0.347073
vt 0.493971 0.316631
vt 0.493980 0.294127
vt 0.493991 0.290998
vt 0.493950 0.287863
vt 0.512358 0.287798
vt 0.512309 0.290946
vt 0.512360 0.294089
vt 0.503153 0.287798
vt 0.503139 0.290960
vt 0.503170 0.294117
vt 0.503167 0.294154
vt 0.503201 0.291005
vt 0.503201 0.287859
vt 0.493997 0.287788
vt 0.494018 0.290958
vt 0.493961 0.294120
vt 0.484646 0.287798
vt 0.521590 0.287995
vt 0.485158 0.290913
vt 0.521042 0.290997
vt 0.484629 0.294027
vt 0.521567 0.294008
vt 0.521486 0.294058
vt 0.484734 0.294052
vt 0.520942 0.291076
vt 0.485273 0.291031
vt 0.521458 0.288116
vt 0.484747 0.288029
vt 0.512327 0.287938
vt 0.512298 0.291041
vt 0.512326 0.294151
vt 0.813794 0.905018
vt 0.790204 0.905915
vt 0.810932 0.905018
vt 0.813794 0.896255
vt 0.816656 0.931306
vt 0.796400 0.899719
vt 0.816656 0.922543
vt 0.805163 0.899719
vt 0.810932 0.896255
vt 0.813794 0.931306
vt 0.813794 0.922543
vt 0.813794 0.913780
vt 0.790204 0.914678
vt 0.813794 0.922543
vt 0.796400 0.920874
vt 0.810932 0.913780
vt 0.810932 0.922543
vt 0.816656 0.913780
vt 0.811359 0.905915
vt 0.816656 0.896255
vt 0.813794 0.931306
vt 0.805163 0.920874
vt 0.816656 0.905018
vt 0.811359 0.914678
vt 0.813794 0.896255
vt 0.810932 0.931306
vt 0.813794 0.913780
vt 0.813794 0.905018
vt 0.655205 0.257381
vt 0.655205 0.256954
vt 0.645092 0.257516
vt 0.645092 0.246067
vt 0.655205 0.245932
vt 0.656350 0.247212
vt 0.656350 0.247638
vt 0.650435 0.257516
vt 0.650435 0.246067
vt 0.656350 0.258661
vt 0.654061 0.257381
vt 0.654061 0.256954
vt 0.648527 0.247212
vt 0.648527 0.258661
vt 0.654061 0.245932
vt 0.655205 0.247212
vt 0.655205 0.247638
vt 0.653870 0.247212
vt 0.655205 0.258661
vt 0.653870 0.258661
vt 0.655205 0.258234
vt 0.652916 0.272209
vt 0.645664 0.258661
vt 0.652916 0.268011
vt 0.656350 0.246358
vt 0.649862 0.258661
vt 0.654061 0.258234
vt 0.654060 0.272209
vt 0.649099 0.246067
vt 0.654061 0.268011
vt 0.655205 0.246358
vt 0.653297 0.246067
vt 0.657495 0.257381
vt 0.657495 0.256954
vt 0.645092 0.270110
vt 0.645092 0.258661
vt 0.657495 0.245932
vt 0.652916 0.257381
vt 0.652916 0.256954
vt 0.650435 0.270110
vt 0.650435 0.258661
vt 0.652916 0.245932
vt 0.656350 0.257381
vt 0.656350 0.256954
vt 0.648527 0.259806
vt 0.648527 0.271255
vt 0.656350 0.245932
vt 0.654061 0.257381
vt 0.654061 0.256954
vt 0.653870 0.259806
vt 0.654061 0.245932
vt 0.653870 0.271255
vt 0.657495 0.258234
vt 0.652916 0.261905
vt 0.645664 0.271255
vt 0.652916 0.257707
vt 0.652916 0.258234
vt 0.649862 0.271255
vt 0.656350 0.258234
vt 0.654060 0.261905
vt 0.649099 0.258661
vt 0.654061 0.257707
vt 0.654061 0.258234
vt 0.653297 0.258661
vt 0.457010 0.321541
vt 0.519401 0.233246
vt 0.466492 0.298916
vt 0.519382 0.278008
vt 0.443600 0.321541
vt 0.507852 0.233146
vt 0.496229 0.233124
vt 0.434118 0.312059
vt 0.457010 0.289433
vt 0.507783 0.277968
vt 0.443600 0.289433
vt 0.496209 0.277916
vt 0.484910 0.233580
vt 0.466492 0.312059
vt 0.530919 0.233427
vt 0.496320 0.233407
vt 0.466492 0.298649
vt 0.466492 0.312325
vt 0.531022 0.278020
vt 0.484659 0.277814
vt 0.457010 0.321807
vt 0.496195 0.277921
vt 0.484645 0.233373
vt 0.530940 0.232934
vt 0.434118 0.298649
vt 0.507730 0.233282
vt 0.457010 0.289167
vt 0.519224 0.233105
vt 0.443600 0.289167
vt 0.443600 0.321807
vt 0.507748 0.278019
vt 0.434118 0.298916
vt 0.531008 0.278209
vt 0.484645 0.277857
vt 0.434118 0.312325
vt 0.519345 0.278116
vt 0.519302 0.246250
vt 0.519288 0.243000
vt 0.519326 0.239745
vt 0.496317 0.239670
vt 0.496369 0.242947
vt 0.496322 0.246218
vt 0.507829 0.239675
vt 0.507844 0.242961
vt 0.507814 0.246243
vt 0.507852 0.246288
vt 0.507809 0.243020
vt 0.507803 0.239756
vt 0.519287 0.239656
vt 0.519274 0.242947
vt 0.519360 0.246235
vt 0.530984 0.239643
vt 0.484786 0.239913
vt 0.530360 0.242894
vt 0.485448 0.243023
vt 0.531008 0.246136
vt 0.484808 0.246147
vt 0.484950 0.246180
vt 0.530849 0.246168
vt 0.485626 0.243089
vt 0.530184 0.243038
vt 0.485008 0.240021
vt 0.530817 0.239929
vt 0.496403 0.239841
vt 0.496425 0.243064
vt 0.496412 0.246291
vt 0.199219 0.310671
vt 0.189878 0.273015
vt 0.198891 0.264003
vt 0.199219 0.341673
vt 0.195312 0.310671
vt 0.186145 0.269282
vt 0.191406 0.310671
vt 0.186145 0.264003
vt 0.195158 0.260269
vt 0.195312 0.341673
vt 0.189878 0.260269
vt 0.191406 0.341673
vt 0.203125 0.310671
vt 0.187500 0.310671
vt 0.195158 0.273015
vt 0.191406 0.310671
vt 0.198891 0.269282
vt 0.198891 0.269282
vt 0.203125 0.341673
vt 0.187500 0.341673
vt 0.195158 0.273015
vt 0.191406 0.341673
vt 0.187500 0.310671
vt 0.203125 0.310671
vt 0.189878 0.260269
vt 0.195312 0.310671
vt 0.198891 0.264003
vt 0.199219 0.310671
vt 0.195158 0.260269
vt 0.189878 0.273015
vt 0.195312 0.341673
vt 0.186145 0.264003
vt 0.187500 0.341673
vt 0.203125 0.341673
vt 0.186145 0.269282
vt 0.199219 0.341673
vt 0.845044 0.951893
vt 0.821454 0.952790
vt 0.842182 0.951893
vt 0.845044 0.943130
vt 0.847906 0.978181
vt 0.827650 0.946594
vt 0.847906 0.969418
vt 0.836413 0.946594
vt 0.842182 0.943130
vt 0.845044 0.978181
vt 0.845044 0.969418
vt 0.845044 0.960655
vt 0.821454 0.961553
vt 0.845044 0.969418
vt 0.827650 0.967749
vt 0.842182 0.960655
vt 0.842182 0.969418
vt 0.847906 0.960655
vt 0.842609 0.952790
vt 0.847906 0.943130
vt 0.845044 0.978181
vt 0.836413 0.967749
vt 0.847906 0.951893
vt 0.842609 0.961553
vt 0.845044 0.943130
vt 0.842182 0.978181
vt 0.845044 0.960655
vt 0.845044 0.951893
vt 0.655206 0.254821
vt 0.655205 0.256612
vt 0.629255 0.251601
vt 0.645092 0.246067
vt 0.655205 0.245932
vt 0.656350 0.242091
vt 0.657113 0.237443
vt 0.629254 0.256943
vt 0.650435 0.246067
vt 0.656350 0.258661
vt 0.653529 0.254821
vt 0.632689 0.253127
vt 0.653528 0.256612
vt 0.630933 0.253127
vt 0.648527 0.258661
vt 0.653529 0.245932
vt 0.654674 0.242091
vt 0.632688 0.247784
vt 0.630902 0.247784
vt 0.654862 0.237443
vt 0.654646 0.258661
vt 0.653870 0.258661
vt 0.655206 0.254821
vt 0.652916 0.274499
vt 0.628108 0.252173
vt 0.652916 0.274499
vt 0.656350 0.242091
vt 0.628108 0.256371
vt 0.653529 0.254821
vt 0.654592 0.274499
vt 0.631544 0.252554
vt 0.654593 0.274499
vt 0.654674 0.242091
vt 0.631544 0.248356
vt 0.658028 0.254821
vt 0.658027 0.256612
vt 0.629255 0.264195
vt 0.645092 0.258661
vt 0.658027 0.245932
vt 0.652383 0.262500
vt 0.652384 0.267149
vt 0.629254 0.269538
vt 0.650435 0.258661
vt 0.652384 0.245932
vt 0.656351 0.254821
vt 0.656350 0.256612
vt 0.632689 0.265721
vt 0.648527 0.271255
vt 0.656350 0.245932
vt 0.654060 0.262500
vt 0.632689 0.260378
vt 0.654060 0.267149
vt 0.654061 0.245932
vt 0.653870 0.271255
vt 0.658028 0.254821
vt 0.652384 0.264195
vt 0.628108 0.264767
vt 0.652384 0.264195
vt 0.652383 0.262500
vt 0.628108 0.268965
vt 0.656351 0.254821
vt 0.654061 0.264195
vt 0.631544 0.265148
vt 0.654061 0.264195
vt 0.654060 0.262500
vt 0.631544 0.260950
vt 0.655205 0.251656
vt 0.645092 0.251791
vt 0.655929 0.247784
vt 0.656404 0.251763
vt 0.650435 0.256943
vt 0.653655 0.247784
vt 0.654753 0.247784
vt 0.654584 0.247784
vt 0.653802 0.251763
vt 0.653529 0.251656
vt 0.648527 0.252936
vt 0.658027 0.251656
vt 0.645092 0.264385
vt 0.652384 0.256808
vt 0.652384 0.252830
vt 0.650435 0.269538
vt 0.654060 0.256808
vt 0.653870 0.260378
vt 0.654061 0.252830
vt 0.656350 0.251656
vt 0.648527 0.265530
vt 0.845044 0.951893
vt 0.821454 0.952790
vt 0.842182 0.951893
vt 0.845044 0.943130
vt 0.847906 0.978181
vt 0.827650 0.946594
vt 0.847906 0.969418
vt 0.836413 0.946594
vt 0.842182 0.943130
vt 0.845044 0.978181
vt 0.845044 0.969418
vt 0.845044 0.960655
vt 0.821454 0.961553
vt 0.845044 0.969418
vt 0.827650 0.967749
vt 0.842182 0.960655
vt 0.842182 0.969418
vt 0.847906 0.960655
vt 0.842609 0.952790
vt 0.847906 0.943130
vt 0.845044 0.978181
vt 0.836413 0.967749
vt 0.847906 0.951893
vt 0.842609 0.961553
vt 0.845044 0.943130
vt 0.842182 0.978181
vt 0.845044 0.960655
vt 0.845044 0.951893
vt 0.655206 0.254821
vt 0.655205 0.256612
vt 0.629255 0.251601
vt 0.645092 0.246067
vt 0.655205 0.245932
vt 0.656350 0.242091
vt 0.657113 0.237443
vt 0.629254 0.256943
vt 0.650435 0.246067
vt 0.656350 0.258661
vt 0.653529 0.254821
vt 0.632689 0.253127
vt 0.653528 0.256612
vt 0.630933 0.253127
vt 0.648527 0.258661
vt 0.653529 0.245932
vt 0.654674 0.242091
vt 0.632688 0.247784
vt 0.630902 0.247784
vt 0.654862 0.237443
vt 0.654646 0.258661
vt 0.653870 0.258661
vt 0.655206 0.254821
vt 0.652916 0.274499
vt 0.628108 0.252173
vt 0.652916 0.274499
vt 0.656350 0.242091
vt 0.628108 0.256371
vt 0.653529 0.254821
vt 0.654592 0.274499
vt 0.631544 0.252554
vt 0.654593 0.274499
vt 0.654674 0.242091
vt 0.631544 0.248356
vt 0.658028 0.254821
vt 0.658027 0.256612
vt 0.629255 0.264195
vt 0.645092 0.258661
vt 0.658027 0.245932
vt 0.652383 0.262500
vt 0.652384 0.267149
vt 0.629254 0.269538
vt 0.650435 0.258661
vt 0.652384 0.245932
vt 0.656351 0.254821
vt 0.656350 0.256612
vt 0.632689 0.265721
vt 0.648527 0.271255
vt 0.656350 0.245932
vt 0.654060 0.262500
vt 0.632689 0.260378
vt 0.654060 0.267149
vt 0.654061 0.245932
vt 0.653870 0.271255
vt 0.658028 0.254821
vt 0.652384 0.264195
vt 0.628108 0.264767
vt 0.652384 0.264195
vt 0.652383 0.262500
vt 0.628108 0.268965
vt 0.656351 0.254821
vt 0.654061 0.264195
vt 0.631544 0.265148
vt 0.654061 0.264195
vt 0.654060 0.262500
vt 0.631544 0.260950
vt 0.655205 0.251656
vt 0.645092 0.251791
vt 0.655929 0.247784
vt 0.656404 0.251763
vt 0.650435 0.256943
vt 0.653655 0.247784
vt 0.654753 0.247784
vt 0.654584 0.247784
vt 0.653802 0.251763
vt 0.653529 0.251656
vt 0.648527 0.252936
vt 0.658027 0.251656
vt 0.645092 0.264385
vt 0.652384 0.256808
vt 0.652384 0.252830
vt 0.650435 0.269538
vt 0.654060 0.256808
vt 0.653870 0.260378
vt 0.654061 0.252830
vt 0.656350 0.251656
vt 0.648527 0.265530
vt 0.199219 0.310671
vt 0.189878 0.273015
vt 0.198891 0.264003
vt 0.199219 0.341673
vt 0.195312 0.310671
vt 0.186145 0.269282
vt 0.191406 0.310671
vt 0.186145 0.264003
vt 0.195158 0.260269
vt 0.195312 0.341673
vt 0.189878 0.260269
vt 0.191406 0.341673
vt 0.203125 0.310671
vt 0.187500 0.310671
vt 0.195158 0.273015
vt 0.191406 0.310671
vt 0.198891 0.269282
vt 0.198891 0.269282
vt 0.203125 0.341673
vt 0.187500 0.341673
vt 0.195158 0.273015
vt 0.191406 0.341673
vt 0.187500 0.310671
vt 0.203125 0.310671
vt 0.189878 0.260269
vt 0.195312 0.310671
vt 0.198891 0.264003
vt 0.199219 0.310671
vt 0.195158 0.260269
vt 0.189878 0.273015
vt 0.195312 0.341673
vt 0.186145 0.264003
vt 0.187500 0.341673
vt 0.203125 0.341673
vt 0.186145 0.269282
vt 0.199219 0.341673
vt 0.845044 0.951893
vt 0.821454 0.952790
vt 0.842182 0.951893
vt 0.845044 0.943130
vt 0.847906 0.978181
vt 0.827650 0.946594
vt 0.847906 0.969418
vt 0.836413 0.946594
vt 0.842182 0.943130
vt 0.845044 0.978181
vt 0.845044 0.969418
vt 0.845044 0.960655
vt 0.821454 0.961553
vt 0.845044 0.969418
vt 0.827650 0.967749
vt 0.842182 0.960655
vt 0.842182 0.969418
vt 0.847906 0.960655
vt 0.842609 0.952790
vt 0.847906 0.943130
vt 0.845044 0.978181
vt 0.836413 0.967749
vt 0.847906 0.951893
vt 0.842609 0.961553
vt 0.845044 0.943130
vt 0.842182 0.978181
vt 0.845044 0.960655
vt 0.845044 0.951893
vt 0.655206 0.254821
vt 0.655205 0.256612
vt 0.629255 0.251601
vt 0.645092 0.246067
vt 0.655205 0.245932
vt 0.656350 0.242091
vt 0.657113 0.237443
vt 0.629254 0.256943
vt 0.650435 0.246067
vt 0.656350 0.258661
vt 0.653529 0.254821
vt 0.632689 0.253127
vt 0.653528 0.256612
vt 0.630933 0.253127
vt 0.648527 0.258661
vt 0.653529 0.245932
vt 0.654674 0.242091
vt 0.632688 0.247784
vt 0.630902 0.247784
vt 0.654862 0.237443
vt 0.654646 0.258661
vt 0.653870 0.258661
vt 0.655206 0.254821
vt 0.652916 0.274499
vt 0.628108 0.252173
vt 0.652916 0.274499
vt 0.656350 0.242091
vt 0.628108 0.256371
vt 0.653529 0.254821
vt 0.654592 0.274499
vt 0.631544 0.252554
vt 0.654593 0.274499
vt 0.654674 0.242091
vt 0.631544 0.248356
vt 0.658028 0.254821
vt 0.658027 0.256612
vt 0.629255 0.264195
vt 0.645092 0.258661
vt 0.658027 0.245932
vt 0.652383 0.262500
vt 0.652384 0.267149
vt 0.629254 0.269538
vt 0.650435 0.258661
vt 0.652384 0.245932
vt 0.656351 0.254821
vt 0.656350 0.256612
vt 0.632689 0.265721
vt 0.648527 0.271255
vt 0.656350 0.245932
vt 0.654060 0.262500
vt 0.632689 0.260378
vt 0.654060 0.267149
vt 0.654061 0.245932
vt 0.653870 0.271255
vt 0.658028 0.254821
vt 0.652384 0.264195
vt 0.628108 0.264767
vt 0.652384 0.264195
vt 0.652383 0.262500
vt 0.628108 0.268965
vt 0.656351 0.254821
vt 0.654061 0.264195
vt 0.631544 0.265148
vt 0.654061 0.264195
vt 0.654060 0.262500
vt 0.631544 0.260950
vt 0.655205 0.251656
vt 0.645092 0.251791
vt 0.655929 0.247784
vt 0.656404 0.251763
vt 0.650435 0.256943
vt 0.653655 0.247784
vt 0.654753 0.247784
vt 0.654584 0.247784
vt 0.653802 0.251763
vt 0.653529 0.251656
vt 0.648527 0.252936
vt 0.658027 0.251656
vt 0.645092 0.264385
vt 0.652384 0.256808
vt 0.652384 0.252830
vt 0.650435 0.269538
vt 0.654060 0.256808
vt 0.653870 0.260378
vt 0.654061 0.252830
vt 0.656350 0.251656
vt 0.648527 0.265530
vt 0.845044 0.951893
vt 0.821454 0.952790
vt 0.842182 0.951893
vt 0.845044 0.943130
vt 0.847906 0.978181
vt 0.827650 0.946594
vt 0.847906 0.969418
vt 0.836413 0.946594
vt 0.842182 0.943130
vt 0.845044 0.978181
vt 0.845044 0.969418
vt 0.845044 0.960655
vt 0.821454 0.961553
vt 0.845044 0.969418
vt 0.827650 0.967749
vt 0.842182 0.960655
vt 0.842182 0.969418
vt 0.847906 0.960655
vt 0.842609 0.952790
vt 0.847906 0.943130
vt 0.845044 0.978181
vt 0.836413 0.967749
vt 0.847906 0.951893
vt 0.842609 0.961553
vt 0.845044 0.943130
vt 0.842182 0.978181
vt 0.845044 0.960655
vt 0.845044 0.951893
vt 0.655206 0.254821
vt 0.655205 0.256612
vt 0.629255 0.251601
vt 0.645092 0.246067
vt 0.655205 0.245932
vt 0.656350 0.242091
vt 0.657113 0.237443
vt 0.629254 0.256943
vt 0.650435 0.246067
vt 0.656350 0.258661
vt 0.653529 0.254821
vt 0.632689 0.253127
vt 0.653528 0.256612
vt 0.630933 0.253127
vt 0.648527 0.258661
vt 0.653529 0.245932
vt 0.654674 0.242091
vt 0.632688 0.247784
vt 0.630902 0.247784
vt 0.654862 0.237443
vt 0.654646 0.258661
vt 0.653870 0.258661
vt 0.655206 0.254821
vt 0.652916 0.274499
vt 0.628108 0.252173
vt 0.652916 0.274499
vt 0.656350 0.242091
vt 0.628108 0.256371
vt 0.653529 0.254821
vt 0.654592 0.274499
vt 0.631544 0.252554
vt 0.654593 0.274499
vt 0.654674 0.242091
vt 0.631544 0.248356
vt 0.658028 0.254821
vt 0.658027 0.256612
vt 0.629255 0.264195
vt 0.645092 0.258661
vt 0.658027 0.245932
vt 0.652383 0.262500
vt 0.652384 0.267149
vt 0.629254 0.269538
vt 0.650435 0.258661
vt 0.652384 0.245932
vt 0.656351 0.254821
vt 0.656350 0.256612
vt 0.632689 0.265721
vt 0.648527 0.271255
vt 0.656350 0.245932
vt 0.654060 0.262500
vt 0.632689 0.260378
vt 0.654060 0.267149
vt 0.654061 0.245932
vt 0.653870 0.271255
vt 0.658028 0.254821
vt 0.652384 0.264195
vt 0.628108 0.264767
vt 0.652384 0.264195
vt 0.652383 0.262500
vt 0.628108 0.268965
vt 0.656351 0.254821
vt 0.654061 0.264195
vt 0.631544 0.265148
vt 0.654061 0.264195
vt 0.654060 0.262500
vt 0.631544 0.260950
vt 0.655205 0.251656
vt 0.645092 0.251791
vt 0.655929 0.247784
vt 0.656404 0.251763
vt 0.650435 0.256943
vt 0.653655 0.247784
vt 0.654753 0.247784
vt 0.654584 0.247784
vt 0.653802 0.251763
vt 0.653529 0.251656
vt 0.648527 0.252936
vt 0.658027 0.251656
vt 0.645092 0.264385
vt 0.652384 0.256808
vt 0.652384 0.252830
vt 0.650435 0.269538
vt 0.654060 0.256808
vt 0.653870 0.260378
vt 0.654061 0.252830
vt 0.656350 0.251656
vt 0.648527 0.265530
vt 0.199219 0.310671
vt 0.189878 0.273015
vt 0.198891 0.264003
vt 0.199219 0.341673
vt 0.195312 0.310671
vt 0.186145 0.269282
vt 0.191406 0.310671
vt 0.186145 0.264003
vt 0.195158 0.260269
vt 0.195312 0.341673
vt 0.189878 0.260269
vt 0.191406 0.341673
vt 0.203125 0.310671
vt 0.187500 0.310671
vt 0.195158 0.273015
vt 0.191406 0.310671
vt 0.198891 0.269282
vt 0.198891 0.269282
vt 0.203125 0.341673
vt 0.187500 0.341673
vt 0.195158 0.273015
vt 0.191406 0.341673
vt 0.187500 0.310671
vt 0.203125 0.310671
vt 0.189878 0.260269
vt 0.195312 0.310671
vt 0.198891 0.264003
vt 0.199219 0.310671
vt 0.195158 0.260269
vt 0.189878 0.273015
vt 0.195312 0.341673
vt 0.186145 0.264003
vt 0.187500 0.341673
vt 0.203125 0.341673
vt 0.186145 0.269282
vt 0.199219 0.341673
vt 0.845044 0.951893
vt 0.821454 0.952790
vt 0.842182 0.951893
vt 0.845044 0.943130
vt 0.847906 0.978181
vt 0.827650 0.946594
vt 0.847906 0.969418
vt 0.836413 0.946594
vt 0.842182 0.943130
vt 0.845044 0.978181
vt 0.845044 0.969418
vt 0.845044 0.960655
vt 0.821454 0.961553
vt 0.845044 0.969418
vt 0.827650 0.967749
vt 0.842182 0.960655
vt 0.842182 0.969418
vt 0.847906 0.960655
vt 0.842609 0.952790
vt 0.847906 0.943130
vt 0.845044 0.978181
vt 0.836413 0.967749
vt 0.847906 0.951893
vt 0.842609 0.961553
vt 0.845044 0.943130
vt 0.842182 0.978181
vt 0.845044 0.960655
vt 0.845044 0.951893
vt 0.655206 0.254821
vt 0.655205 0.256612
vt 0.629255 0.251601
vt 0.645092 0.246067
vt 0.655205 0.245932
vt 0.656350 0.242091
vt 0.657113 0.237443
vt 0.629254 0.256943
vt 0.650435 0.246067
vt 0.656350 0.258661
vt 0.653529 0.254821
vt 0.632689 0.253127
vt 0.653528 0.256612
vt 0.630933 0.253127
vt 0.648527 0.258661
vt 0.653529 0.245932
vt 0.654674 0.242091
vt 0.632688 0.247784
vt 0.630902 0.247784
vt 0.654862 0.237443
vt 0.654646 0.258661
vt 0.653870 0.258661
vt 0.655206 0.254821
vt 0.652916 0.274499
vt 0.628108 0.252173
vt 0.652916 0.274499
vt 0.656350 0.242091
vt 0.628108 0.256371
vt 0.653529 0.254821
vt 0.654592 0.274499
vt 0.631544 0.252554
vt 0.654593 0.274499
vt 0.654674 0.242091
vt 0.631544 0.248356
vt 0.658028 0.254821
vt 0.658027 0.256612
vt 0.629255 0.264195
vt 0.645092 0.258661
vt 0.658027 0.245932
vt 0.652383 0.262500
vt 0.652384 0.267149
vt 0.629254 0.269538
vt 0.650435 0.258661
vt 0.652384 0.245932
vt 0.656351 0.254821
vt 0.656350 0.256612
vt 0.632689 0.265721
vt 0.648527 0.271255
vt 0.656350 0.245932
vt 0.654060 0.262500
vt 0.632689 0.260378
vt 0.654060 0.267149
vt 0.654061 0.245932
vt 0.653870 0.271255
vt 0.658028 0.254821
vt 0.652384 0.264195
vt 0.628108 0.264767
vt 0.652384 0.264195
vt 0.652383 0.262500
vt 0.628108 0.268965
vt 0.656351 0.254821
vt 0.654061 0.264195
vt 0.631544 0.265148
vt 0.654061 0.264195
vt 0.654060 0.262500
vt 0.631544 0.260950
vt 0.655205 0.251656
vt 0.645092 0.251791
vt 0.655929 0.247784
vt 0.656404 0.251763
vt 0.650435 0.256943
vt 0.653655 0.247784
vt 0.654753 0.247784
vt 0.654584 0.247784
vt 0.653802 0.251763
vt 0.653529 0.251656
vt 0.648527 0.252936
vt 0.658027 0.251656
vt 0.645092 0.264385
vt 0.652384 0.256808
vt 0.652384 0.252830
vt 0.650435 0.269538
vt 0.654060 0.256808
vt 0.653870 0.260378
vt 0.654061 0.252830
vt 0.656350 0.251656
vt 0.648527 0.265530
vt 0.845044 0.951893
vt 0.821454 0.952790
vt 0.842182 0.951893
vt 0.845044 0.943130
vt 0.847906 0.978181
vt 0.827650 0.946594
vt 0.847906 0.969418
vt 0.836413 0.946594
vt 0.842182 0.943130
vt 0.845044 0.978181
vt 0.845044 0.969418
vt 0.845044 0.960655
vt 0.821454 0.961553
vt 0.845044 0.969418
vt 0.827650 0.967749
vt 0.842182 0.960655
vt 0.842182 0.969418
vt 0.847906 0.960655
vt 0.842609 0.952790
vt 0.847906 0.943130
vt 0.845044 0.978181
vt 0.836413 0.967749
vt 0.847906 0.951893
vt 0.842609 0.961553
vt 0.845044 0.943130
vt 0.842182 0.978181
vt 0.845044 0.960655
vt 0.845044 0.951893
vt 0.655206 0.254821
vt 0.655205 0.256612
vt 0.629255 0.251601
vt 0.645092 0.246067
vt 0.655205 0.245932
vt 0.656350 0.242091
vt 0.657113 0.237443
vt 0.629254 0.256943
vt 0.650435 0.246067
vt 0.656350 0.258661
vt 0.653529 0.254821
vt 0.632689 0.253127
vt 0.653528 0.256612
vt 0.630933 0.253127
vt 0.648527 0.258661
vt 0.653529 0.245932
vt 0.654674 0.242091
vt 0.632688 0.247784
vt 0.630902 0.247784
vt 0.654862 0.237443
vt 0.654646 0.258661
vt 0.653870 0.258661
vt 0.655206 0.254821
vt 0.652916 0.274499
vt 0.628108 0.252173
vt 0.652916 0.274499
vt 0.656350 0.242091
vt 0.628108 0.256371
vt 0.653529 0.254821
vt 0.654592 0.274499
vt 0.631544 0.252554
vt 0.654593 0.274499
vt 0.654674 0.242091
vt 0.631544 0.248356
vt 0.658028 0.254821
vt 0.658027 0.256612
vt 0.629255 0.264195
vt 0.645092 0.258661
vt 0.658027 0.245932
vt 0.652383 0.262500
vt 0.652384 0.267149
vt 0.629254 0.269538
vt 0.650435 0.258661
vt 0.652384 0.245932
vt 0.656351 0.254821
vt 0.656350 0.256612
vt 0.632689 0.265721
vt 0.648527 0.271255
vt 0.656350 0.245932
vt 0.654060 0.262500
vt 0.632689 0.260378
vt 0.654060 0.267149
vt 0.654061 0.245932
vt 0.653870 0.271255
vt 0.658028 0.254821
vt 0.652384 0.264195
vt 0.628108 0.264767
vt 0.652384 0.264195
vt 0.652383 0.262500
vt 0.628108 0.268965
vt 0.656351 0.254821
vt 0.654061 0.264195
vt 0.631544 0.265148
vt 0.654061 0.264195
vt 0.654060 0.262500
vt 0.631544 0.260950
vt 0.655205 0.251656
vt 0.645092 0.251791
vt 0.655929 0.247784
vt 0.656404 0.251763
vt 0.650435 0.256943
vt 0.653655 0.247784
vt 0.654753 0.247784
vt 0.654584 0.247784
vt 0.653802 0.251763
vt 0.653529 0.251656
vt 0.648527 0.252936
vt 0.658027 0.251656
vt 0.645092 0.264385
vt 0.652384 0.256808
vt 0.652384 0.252830
vt 0.650435 0.269538
vt 0.654060 0.256808
vt 0.653870 0.260378
vt 0.654061 0.252830
vt 0.656350 0.251656
vt 0.648527 0.265530
vt 0.199219 0.341921
vt 0.189878 0.273015
vt 0.198891 0.264003
vt 0.199219 0.372923
vt 0.195312 0.341921
vt 0.186145 0.269282
vt 0.191406 0.341921
vt 0.186145 0.264003
vt 0.195158 0.260269
vt 0.195312 0.372923
vt 0.189878 0.260269
vt 0.191406 0.372923
vt 0.203125 0.341921
vt 0.187500 0.341921
vt 0.195158 0.273015
vt 0.191406 0.341921
vt 0.198891 0.269282
vt 0.198891 0.269282
vt 0.203125 0.372923
vt 0.187500 0.372923
vt 0.195158 0.273015
vt 0.191406 0.372923
vt 0.187500 0.341921
vt 0.203125 0.341921
vt 0.189878 0.260269
vt 0.195312 0.341921
vt 0.198891 0.264003
vt 0.199219 0.341921
vt 0.195158 0.260269
vt 0.189878 0.273015
vt 0.195312 0.372923
vt 0.186145 0.264003
vt 0.187500 0.372923
vt 0.203125 0.372923
vt 0.186145 0.269282
vt 0.199219 0.372923
vt 0.845044 0.951893
vt 0.821454 0.952790
vt 0.842182 0.951893
vt 0.845044 0.943130
vt 0.847906 0.978181
vt 0.827650 0.946594
vt 0.847906 0.969418
vt 0.836413 0.946594
vt 0.842182 0.943130
vt 0.845044 0.978181
vt 0.845044 0.969418
vt 0.845044 0.960655
vt 0.821454 0.961553
vt 0.845044 0.969418
vt 0.827650 0.967749
vt 0.842182 0.960655
vt 0.842182 0.969418
vt 0.847906 0.960655
vt 0.842609 0.952790
vt 0.847906 0.943130
vt 0.845044 0.978181
vt 0.836413 0.967749
vt 0.847906 0.951893
vt 0.842609 0.961553
vt 0.845044 0.943130
vt 0.842182 0.978181
vt 0.845044 0.960655
vt 0.845044 0.951893
vt 0.655206 0.254821
vt 0.655205 0.256612
vt 0.629255 0.251601
vt 0.645092 0.246067
vt 0.655205 0.245932
vt 0.656350 0.242091
vt 0.657113 0.237443
vt 0.629254 0.256943
vt 0.650435 0.246067
vt 0.656350 0.258661
vt 0.653529 0.254821
vt 0.632689 0.253127
vt 0.653528 0.256612
vt 0.630933 0.253127
vt 0.648527 0.258661
vt 0.653529 0.245932
vt 0.654674 0.242091
vt 0.632688 0.247784
vt 0.630902 0.247784
vt 0.654862 0.237443
vt 0.654646 0.258661
vt 0.653870 0.258661
vt 0.655206 0.254821
vt 0.652916 0.274499
vt 0.628108 0.252173
vt 0.652916 0.274499
vt 0.656350 0.242091
vt 0.628108 0.256371
vt 0.653529 0.254821
vt 0.654592 0.274499
vt 0.631544 0.252554
vt 0.654593 0.274499
vt 0.654674 0.242091
vt 0.631544 0.248356
vt 0.658028 0.254821
vt 0.658027 0.256612
vt 0.629255 0.264195
vt 0.645092 0.258661
vt 0.658027 0.245932
vt 0.652383 0.262500
vt 0.652384 0.267149
vt 0.629254 0.269538
vt 0.650435 0.258661
vt 0.652384 0.245932
vt 0.656351 0.254821
vt 0.656350 0.256612
vt 0.632689 0.265721
vt 0.648527 0.271255
vt 0.656350 0.245932
vt 0.654060 0.262500
vt 0.632689 0.260378
vt 0.654060 0.267149
vt 0.654061 0.245932
vt 0.653870 0.271255
vt 0.658028 0.254821
vt 0.652384 0.264195
vt 0.628108 0.264767
vt 0.652384 0.264195
vt 0.652383 0.262500
vt 0.628108 0.268965
vt 0.656351 0.254821
vt 0.654061 0.264195
vt 0.631544 0.265148
vt 0.654061 0.264195
vt 0.654060 0.262500
vt 0.631544 0.260950
vt 0.655205 0.251656
vt 0.645092 0.251791
vt 0.655929 0.247784
vt 0.656404 0.251763
vt 0.650435 0.256943
vt 0.653655 0.247784
vt 0.654753 0.247784
vt 0.654584 0.247784
vt 0.653802 0.251763
vt 0.653529 0.251656
vt 0.648527 0.252936
vt 0.658027 0.251656
vt 0.645092 0.264385
vt 0.652384 0.256808
vt 0.652384 0.252830
vt 0.650435 0.269538
vt 0.654060 0.256808
vt 0.653870 0.260378
vt 0.654061 0.252830
vt 0.656350 0.251656
vt 0.648527 0.265530
vt 0.845044 0.951893
vt 0.821454 0.952790
vt 0.842182 0.951893
vt 0.845044 0.943130
vt 0.847906 0.978181
vt 0.827650 0.946594
vt 0.847906 0.969418
vt 0.836413 0.946594
vt 0.842182 0.943130
vt 0.845044 0.978181
vt 0.845044 0.969418
vt 0.845044 0.960655
vt 0.821454 0.961553
vt 0.845044 0.969418
vt 0.827650 0.967749
vt 0.842182 0.960655
vt 0.842182 0.969418
vt 0.847906 0.960655
vt 0.842609 0.952790
vt 0.847906 0.943130
vt 0.845044 0.978181
vt 0.836413 0.967749
vt 0.847906 0.951893
vt 0.842609 0.961553
vt 0.845044 0.943130
vt 0.842182 0.978181
vt 0.845044 0.960655
vt 0.845044 0.951893
vt 0.655206 0.254821
vt 0.655205 0.256612
vt 0.629255 0.251601
vt 0.645092 0.246067
vt 0.655205 0.245932
vt 0.656350 0.242091
vt 0.657113 0.237443
vt 0.629254 0.256943
vt 0.650435 0.246067
vt 0.656350 0.258661
vt 0.653529 0.254821
vt 0.632689 0.253127
vt 0.653528 0.256612
vt 0.630933 0.253127
vt 0.648527 0.258661
vt 0.653529 0.245932
vt 0.654674 0.242091
vt 0.632688 0.247784
vt 0.630902 0.247784
vt 0.654862 0.237443
vt 0.654646 0.258661
vt 0.653870 0.258661
vt 0.655206 0.254821
vt 0.652916 0.274499
vt 0.628108 0.252173
vt 0.652916 0.274499
vt 0.656350 0.242091
vt 0.628108 0.256371
vt 0.653529 0.254821
vt 0.654592 0.274499
vt 0.631544 0.252554
vt 0.654593 0.274499
vt 0.654674 0.242091
vt 0.631544 0.248356
vt 0.658028 0.254821
vt 0.658027 0.256612
vt 0.629255 0.264195
vt 0.645092 0.258661
vt 0.658027 0.245932
vt 0.652383 0.262500
vt 0.652384 0.267149
vt 0.629254 0.269538
vt 0.650435 0.258661
vt 0.652384 0.245932
vt 0.656351 0.254821
vt 0.656350 0.256612
vt 0.632689 0.265721
vt 0.648527 0.271255
vt 0.656350 0.245932
vt 0.654060 0.262500
vt 0.632689 0.260378
vt 0.654060 0.267149
vt 0.654061 0.245932
vt 0.653870 0.271255
vt 0.658028 0.254821
vt 0.652384 0.264195
vt 0.628108 0.264767
vt 0.652384 0.264195
vt 0.652383 0.262500
vt 0.628108 0.268965
vt 0.656351 0.254821
vt 0.654061 0.264195
vt 0.631544 0.265148
vt 0.654061 0.264195
vt 0.654060 0.262500
vt 0.631544 0.260950
vt 0.655205 0.251656
vt 0.645092 0.251791
vt 0.655929 0.247784
vt 0.656404 0.251763
vt 0.650435 0.256943
vt 0.653655 0.247784
vt 0.654753 0.247784
vt 0.654584 0.247784
vt 0.653802 0.251763
vt 0.653529 0.251656
vt 0.648527 0.252936
vt 0.658027 0.251656
vt 0.645092 0.264385
vt 0.652384 0.256808
vt 0.652384 0.252830
vt 0.650435 0.269538
vt 0.654060 0.256808
vt 0.653870 0.260378
vt 0.654061 0.252830
vt 0.656350 0.251656
vt 0.648527 0.265530
vt 0.199219 0.310671
vt 0.189878 0.273015
vt 0.198891 0.264003
vt 0.199219 0.341673
vt 0.195312 0.310671
vt 0.186145 0.269282
vt 0.191406 0.310671
vt 0.186145 0.264003
vt 0.195158 0.260269
vt 0.195312 0.341673
vt 0.189878 0.260269
vt 0.191406 0.341673
vt 0.203125 0.310671
vt 0.187500 0.310671
vt 0.195158 0.273015
vt 0.191406 0.310671
vt 0.198891 0.269282
vt 0.198891 0.269282
vt 0.203125 0.341673
vt 0.187500 0.341673
vt 0.195158 0.273015
vt 0.191406 0.341673
vt 0.187500 0.310671
vt 0.203125 0.310671
vt 0.189878 0.260269
vt 0.195312 0.310671
vt 0.198891 0.264003
vt 0.199219 0.310671
vt 0.195158 0.260269
vt 0.189878 0.273015
vt 0.195312 0.341673
vt 0.186145 0.264003
vt 0.187500 0.341673
vt 0.203125 0.341673
vt 0.186145 0.269282
vt 0.199219 0.341673
vt 0.845044 0.951893
vt 0.821454 0.952790
vt 0.842182 0.951893
vt 0.845044 0.943130
vt 0.847906 0.978181
vt 0.827650 0.946594
vt 0.847906 0.969418
vt 0.836413 0.946594
vt 0.842182 0.943130
vt 0.845044 0.978181
vt 0.845044 0.969418
vt 0.845044 0.960655
vt 0.821454 0.961553
vt 0.845044 0.969418
vt 0.827650 0.967749
vt 0.842182 0.960655
vt 0.842182 0.969418
vt 0.847906 0.960655
vt 0.842609 0.952790
vt 0.847906 0.943130
vt 0.845044 0.978181
vt 0.836413 0.967749
vt 0.847906 0.951893
vt 0.842609 0.961553
vt 0.845044 0.943130
vt 0.842182 0.978181
vt 0.845044 0.960655
vt 0.845044 0.951893
vt 0.655206 0.254821
vt 0.655205 0.256612
vt 0.629255 0.251601
vt 0.645092 0.246067
vt 0.655205 0.245932
vt 0.656350 0.242091
vt 0.657113 0.237443
vt 0.629254 0.256943
vt 0.650435 0.246067
vt 0.656350 0.258661
vt 0.653529 0.254821
vt 0.632689 0.253127
vt 0.653528 0.256612
vt 0.630933 0.253127
vt 0.648527 0.258661
vt 0.653529 0.245932
vt 0.654674 0.242091
vt 0.632688 0.247784
vt 0.630902 0.247784
vt 0.654862 0.237443
vt 0.654646 0.258661
vt 0.653870 0.258661
vt 0.655206 0.254821
vt 0.652916 0.274499
vt 0.628108 0.252173
vt 0.652916 0.274499
vt 0.656350 0.242091
vt 0.628108 0.256371
vt 0.653529 0.254821
vt 0.654592 0.274499
vt 0.631544 0.252554
vt 0.654593 0.274499
vt 0.654674 0.242091
vt 0.631544 0.248356
vt 0.658028 0.254821
vt 0.658027 0.256612
vt 0.629255 0.264195
vt 0.645092 0.258661
vt 0.658027 0.245932
vt 0.652383 0.262500
vt 0.652384 0.267149
vt 0.629254 0.269538
vt 0.650435 0.258661
vt 0.652384 0.245932
vt 0.656351 0.254821
vt 0.656350 0.256612
vt 0.632689 0.265721
vt 0.648527 0.271255
vt 0.656350 0.245932
vt 0.654060 0.262500
vt 0.632689 0.260378
vt 0.654060 0.267149
vt 0.654061 0.245932
vt 0.653870 0.271255
vt 0.658028 0.254821
vt 0.652384 0.264195
vt 0.628108 0.264767
vt 0.652384 0.264195
vt 0.652383 0.262500
vt 0.628108 0.268965
vt 0.656351 0.254821
vt 0.654061 0.264195
vt 0.631544 0.265148
vt 0.654061 0.264195
vt 0.654060 0.262500
vt 0.631544 0.260950
vt 0.655205 0.251656
vt 0.645092 0.251791
vt 0.655929 0.247784
vt 0.656404 0.251763
vt 0.650435 0.256943
vt 0.653655 0.247784
vt 0.654753 0.247784
vt 0.654584 0.247784
vt 0.653802 0.251763
vt 0.653529 0.251656
vt 0.648527 0.252936
vt 0.658027 0.251656
vt 0.645092 0.264385
vt 0.652384 0.256808
vt 0.652384 0.252830
vt 0.650435 0.269538
vt 0.654060 0.256808
vt 0.653870 0.260378
vt 0.654061 0.252830
vt 0.656350 0.251656
vt 0.648527 0.265530
vt 0.845044 0.951893
vt 0.821454 0.952790
vt 0.842182 0.951893
vt 0.845044 0.943130
vt 0.847906 0.978181
vt 0.827650 0.946594
vt 0.847906 0.969418
vt 0.836413 0.946594
vt 0.842182 0.943130
vt 0.845044 0.978181
vt 0.845044 0.969418
vt 0.845044 0.960655
vt 0.821454 0.961553
vt 0.845044 0.969418
vt 0.827650 0.967749
vt 0.842182 0.960655
vt 0.842182 0.969418
vt 0.847906 0.960655
vt 0.842609 0.952790
vt 0.847906 0.943130
vt 0.845044 0.978181
vt 0.836413 0.967749
vt 0.847906 0.951893
vt 0.842609 0.961553
vt 0.845044 0.943130
vt 0.842182 0.978181
vt 0.845044 0.960655
vt 0.845044 0.951893
vt 0.655206 0.254821
vt 0.655205 0.256612
vt 0.629255 0.251601
vt 0.645092 0.246067
vt 0.655205 0.245932
vt 0.656350 0.242091
vt 0.657113 0.237443
vt 0.629254 0.256943
vt 0.650435 0.246067
vt 0.656350 0.258661
vt 0.653529 0.254821
vt 0.632689 0.253127
vt 0.653528 0.256612
vt 0.630933 0.253127
vt 0.648527 0.258661
vt 0.653529 0.245932
vt 0.654674 0.242091
vt 0.632688 0.247784
vt 0.630902 0.247784
vt 0.654862 0.237443
vt 0.654646 0.258661
vt 0.653870 0.258661
vt 0.655206 0.254821
vt 0.652916 0.274499
vt 0.628108 0.252173
vt 0.652916 0.274499
vt 0.656350 0.242091
vt 0.628108 0.256371
vt 0.653529 0.254821
vt 0.654592 0.274499
vt 0.631544 0.252554
vt 0.654593 0.274499
vt 0.654674 0.242091
vt 0.631544 0.248356
vt 0.658028 0.254821
vt 0.658027 0.256612
vt 0.629255 0.264195
vt 0.645092 0.258661
vt 0.658027 0.245932
vt 0.652383 0.262500
vt 0.652384 0.267149
vt 0.629254 0.269538
vt 0.650435 0.258661
vt 0.652384 0.245932
vt 0.656351 0.254821
vt 0.656350 0.256612
vt 0.632689 0.265721
vt 0.648527 0.271255
vt 0.656350 0.245932
vt 0.654060 0.262500
vt 0.632689 0.260378
vt 0.654060 0.267149
vt 0.654061 0.245932
vt 0.653870 0.271255
vt 0.658028 0.254821
vt 0.652384 0.264195
vt 0.628108 0.264767
vt 0.652384 0.264195
vt 0.652383 0.262500
vt 0.628108 0.268965
vt 0.656351 0.254821
vt 0.654061 0.264195
vt 0.631544 0.265148
vt 0.654061 0.264195
vt 0.654060 0.262500
vt 0.631544 0.260950
vt 0.655205 0.251656
vt 0.645092 0.251791
vt 0.655929 0.247784
vt 0.656404 0.251763
vt 0.650435 0.256943
vt 0.653655 0.247784
vt 0.654753 0.247784
vt 0.654584 0.247784
vt 0.653802 0.251763
vt 0.653529 0.251656
vt 0.648527 0.252936
vt 0.658027 0.251656
vt 0.645092 0.264385
vt 0.652384 0.256808
vt 0.652384 0.252830
vt 0.650435 0.269538
vt 0.654060 0.256808
vt 0.653870 0.260378
vt 0.654061 0.252830
vt 0.656350 0.251656
vt 0.648527 0.265530
vt 0.199219 0.341921
vt 0.189878 0.273015
vt 0.198891 0.264003
vt 0.199219 0.372923
vt 0.195312 0.341921
vt 0.186145 0.269282
vt 0.191406 0.341921
vt 0.186145 0.264003
vt 0.195158 0.260269
vt 0.195312 0.372923
vt 0.189878 0.260269
vt 0.191406 0.372923
vt 0.203125 0.341921
vt 0.187500 0.341921
vt 0.195158 0.273015
vt 0.191406 0.341921
vt 0.198891 0.269282
vt 0.198891 0.269282
vt 0.203125 0.372923
vt 0.187500 0.372923
vt 0.195158 0.273015
vt 0.191406 0.372923
vt 0.187500 0.341921
vt 0.203125 0.341921
vt 0.189878 0.260269
vt 0.195312 0.341921
vt 0.198891 0.264003
vt 0.199219 0.341921
vt 0.195158 0.260269
vt 0.189878 0.273015
vt 0.195312 0.372923
vt 0.186145 0.264003
vt 0.187500 0.372923
vt 0.203125 0.372923
vt 0.186145 0.269282
vt 0.199219 0.372923
vt 0.845044 0.951893
vt 0.821454 0.952790
vt 0.842182 0.951893
vt 0.845044 0.943130
vt 0.847906 0.978181
vt 0.827650 0.946594
vt 0.847906 0.969418
vt 0.836413 0.946594
vt 0.842182 0.943130
vt 0.845044 0.978181
vt 0.845044 0.969418
vt 0.845044 0.960655
vt 0.821454 0.961553
vt 0.845044 0.969418
vt 0.827650 0.967749
vt 0.842182 0.960655
vt 0.842182 0.969418
vt 0.847906 0.960655
vt 0.842609 0.952790
vt 0.847906 0.943130
vt 0.845044 0.978181
vt 0.836413 0.967749
vt 0.847906 0.951893
vt 0.842609 0.961553
vt 0.845044 0.943130
vt 0.842182 0.978181
vt 0.845044 0.960655
vt 0.845044 0.951893
vt 0.655206 0.254821
vt 0.655205 0.256612
vt 0.629255 0.251601
vt 0.645092 0.246067
vt 0.655205 0.245932
vt 0.656350 0.242091
vt 0.657113 0.237443
vt 0.629254 0.256943
vt 0.650435 0.246067
vt 0.656350 0.258661
vt 0.653529 0.254821
vt 0.632689 0.253127
vt 0.653528 0.256612
vt 0.630933 0.253127
vt 0.648527 0.258661
vt 0.653529 0.245932
vt 0.654674 0.242091
vt 0.632688 0.247784
vt 0.630902 0.247784
vt 0.654862 0.237443
vt 0.654646 0.258661
vt 0.653870 0.258661
vt 0.655206 0.254821
vt 0.652916 0.274499
vt 0.628108 0.252173
vt 0.652916 0.274499
vt 0.656350 0.242091
vt 0.628108 0.256371
vt 0.653529 0.254821
vt 0.654592 0.274499
vt 0.631544 0.252554
vt 0.654593 0.274499
vt 0.654674 0.242091
vt 0.631544 0.248356
vt 0.658028 0.254821
vt 0.658027 0.256612
vt 0.629255 0.264195
vt 0.645092 0.258661
vt 0.658027 0.245932
vt 0.652383 0.262500
vt 0.652384 0.267149
vt 0.629254 0.269538
vt 0.650435 0.258661
vt 0.652384 0.245932
vt 0.656351 0.254821
vt 0.656350 0.256612
vt 0.632689 0.265721
vt 0.648527 0.271255
vt 0.656350 0.245932
vt 0.654060 0.262500
vt 0.632689 0.260378
vt 0.654060 0.267149
vt 0.654061 0.245932
vt 0.653870 0.271255
vt 0.658028 0.254821
vt 0.652384 0.264195
vt 0.628108 0.264767
vt 0.652384 0.264195
vt 0.652383 0.262500
vt 0.628108 0.268965
vt 0.656351 0.254821
vt 0.654061 0.264195
vt 0.631544 0.265148
vt 0.654061 0.264195
vt 0.654060 0.262500
vt 0.631544 0.260950
vt 0.655205 0.251656
vt 0.645092 0.251791
vt 0.655929 0.247784
vt 0.656404 0.251763
vt 0.650435 0.256943
vt 0.653655 0.247784
vt 0.654753 0.247784
vt 0.654584 0.247784
vt 0.653802 0.251763
vt 0.653529 0.251656
vt 0.648527 0.252936
vt 0.658027 0.251656
vt 0.645092 0.264385
vt 0.652384 0.256808
vt 0.652384 0.252830
vt 0.650435 0.269538
vt 0.654060 0.256808
vt 0.653870 0.260378
vt 0.654061 0.252830
vt 0.656350 0.251656
vt 0.648527 0.265530
vt 0.845044 0.951893
vt 0.821454 0.952790
vt 0.842182 0.951893
vt 0.845044 0.943130
vt 0.847906 0.978181
vt 0.827650 0.946594
vt 0.847906 0.969418
vt 0.836413 0.946594
vt 0.842182 0.943130
vt 0.845044 0.978181
vt 0.845044 0.969418
vt 0.845044 0.960655
vt 0.821454 0.961553
vt 0.845044 0.969418
vt 0.827650 0.967749
vt 0.842182 0.960655
vt 0.842182 0.969418
vt 0.847906 0.960655
vt 0.842609 0.952790
vt 0.847906 0.943130
vt 0.845044 0.978181
vt 0.836413 0.967749
vt 0.847906 0.951893
vt 0.842609 0.961553
vt 0.845044 0.943130
vt 0.842182 0.978181
vt 0.845044 0.960655
vt 0.845044 0.951893
vt 0.655206 0.254821
vt 0.655205 0.256612
vt 0.629255 0.251601
vt 0.645092 0.246067
vt 0.655205 0.245932
vt 0.656350 0.242091
vt 0.657113 0.237443
vt 0.629254 0.256943
vt 0.650435 0.246067
vt 0.656350 0.258661
vt 0.653529 0.254821
vt 0.632689 0.253127
vt 0.653528 0.256612
vt 0.630933 0.253127
vt 0.648527 0.258661
vt 0.653529 0.245932
vt 0.654674 0.242091
vt 0.632688 0.247784
vt 0.630902 0.247784
vt 0.654862 0.237443
vt 0.654646 0.258661
vt 0.653870 0.258661
vt 0.655206 0.254821
vt 0.652916 0.274499
vt 0.628108 0.252173
vt 0.652916 0.274499
vt 0.656350 0.242091
vt 0.628108 0.256371
vt 0.653529 0.254821
vt 0.654592 0.274499
vt 0.631544 0.252554
vt 0.654593 0.274499
vt 0.654674 0.242091
vt 0.631544 0.248356
vt 0.658028 0.254821
vt 0.658027 0.256612
vt 0.629255 0.264195
vt 0.645092 0.258661
vt 0.658027 0.245932
vt 0.652383 0.262500
vt 0.652384 0.267149
vt 0.629254 0.269538
vt 0.650435 0.258661
vt 0.652384 0.245932
vt 0.656351 0.254821
vt 0.656350 0.256612
vt 0.632689 0.265721
vt 0.648527 0.271255
vt 0.656350 0.245932
vt 0.654060 0.262500
vt 0.632689 0.260378
vt 0.654060 0.267149
vt 0.654061 0.245932
vt 0.653870 0.271255
vt 0.658028 0.254821
vt 0.652384 0.264195
vt 0.628108 0.264767
vt 0.652384 0.264195
vt 0.652383 0.262500
vt 0.628108 0.268965
vt 0.656351 0.254821
vt 0.654061 0.264195
vt 0.631544 0.265148
vt 0.654061 0.264195
vt 0.654060 0.262500
vt 0.631544 0.260950
vt 0.655205 0.251656
vt 0.645092 0.251791
vt 0.655929 0.247784
vt 0.656404 0.251763
vt 0.650435 0.256943
vt 0.653655 0.247784
vt 0.654753 0.247784
vt 0.654584 0.247784
vt 0.653802 0.251763
vt 0.653529 0.251656
vt 0.648527 0.252936
vt 0.658027 0.251656
vt 0.645092 0.264385
vt 0.652384 0.256808
vt 0.652384 0.252830
vt 0.650435 0.269538
vt 0.654060 0.256808
vt 0.653870 0.260378
vt 0.654061 0.252830
vt 0.656350 0.251656
vt 0.648527 0.265530
vt 0.171961 0.228569
vt 0.169047 0.228569
vt 0.169047 0.234461
vt 0.171961 0.240181
vt 0.169047 0.234461
vt 0.169047 0.240181
vt 0.167305 0.236203
vt 0.167305 0.236203
vt 0.167305 0.234160
vt 0.167305 0.234160
vt 0.170047 0.240181
vt 0.167305 0.232547
vt 0.167305 0.240181
vt 0.170047 0.228569
vt 0.167305 0.228569
vt 0.167305 0.232547
vt 0.178918 0.228569
vt 0.178918 0.234461
vt 0.171961 0.231472
vt 0.181821 0.231472
vt 0.181821 0.234461
vt 0.171961 0.237278
vt 0.181821 0.237278
vt 0.181821 0.234461
vt 0.178918 0.240181
vt 0.178918 0.234461
vt 0.173703 0.231472
vt 0.181821 0.236203
vt 0.178918 0.236203
vt 0.178918 0.236203
vt 0.173703 0.237278
vt 0.181821 0.236203
vt 0.450919 0.205078
vt 0.453549 0.205078
vt 0.448705 0.199732
vt 0.453549 0.199732
vt 0.453549 0.210424
vt 0.448705 0.210424
vt 0.453549 0.210424
vt 0.443359 0.197518
vt 0.453549 0.205078
vt 0.438014 0.199732
vt 0.453549 0.199732
vt 0.435799 0.205078
vt 0.453549 0.205078
vt 0.443359 0.212638
vt 0.453549 0.205078
vt 0.438014 0.210424
vt 0.453549 0.199732
vt 0.453549 0.210424
vt 0.456932 0.205078
vt 0.456932 0.199732
vt 0.456932 0.210424
vt 0.456932 0.210424
vt 0.456932 0.205078
vt 0.456932 0.199732
vt 0.456932 0.205078
vt 0.456932 0.205078
vt 0.456932 0.199732
vt 0.456932 0.210424
vt 0.171660 0.231794
vt 0.161929 0.234160
vt 0.165155 0.234160
vt 0.165155 0.234160
vt 0.171660 0.240181
vt 0.171660 0.236956
vt 0.161929 0.236956
vt 0.170047 0.236956
vt 0.165155 0.232547
vt 0.165155 0.240181
vt 0.170047 0.240181
vt 0.165155 0.228569
vt 0.165155 0.232547
vt 0.170047 0.231794
vt 0.161929 0.231794
vt 0.161929 0.232547
vt 0.171961 0.228569
vt 0.169047 0.228569
vt 0.169047 0.234461
vt 0.171961 0.240181
vt 0.169047 0.234461
vt 0.169047 0.240181
vt 0.167305 0.236203
vt 0.167305 0.236203
vt 0.167305 0.234160
vt 0.167305 0.234160
vt 0.170047 0.240181
vt 0.167305 0.232547
vt 0.167305 0.240181
vt 0.170047 0.228569
vt 0.167305 0.228569
vt 0.167305 0.232547
vt 0.178918 0.228569
vt 0.178918 0.234461
vt 0.171961 0.231472
vt 0.181821 0.231472
vt 0.181821 0.234461
vt 0.171961 0.237278
vt 0.181821 0.237278
vt 0.181821 0.234461
vt 0.178918 0.240181
vt 0.178918 0.234461
vt 0.173703 0.231472
vt 0.181821 0.236203
vt 0.178918 0.236203
vt 0.178918 0.236203
vt 0.173703 0.237278
vt 0.181821 0.236203
vt 0.450919 0.205078
vt 0.453549 0.205078
vt 0.448705 0.199732
vt 0.453549 0.199732
vt 0.453549 0.210424
vt 0.448705 0.210424
vt 0.453549 0.210424
vt 0.443359 0.197518
vt 0.453549 0.205078
vt 0.438014 0.199732
vt 0.453549 0.199732
vt 0.435799 0.205078
vt 0.453549 0.205078
vt 0.443359 0.212638
vt 0.453549 0.205078
vt 0.438014 0.210424
vt 0.453549 0.199732
vt 0.453549 0.210424
vt 0.456932 0.205078
vt 0.456932 0.199732
vt 0.456932 0.210424
vt 0.456932 0.210424
vt 0.456932 0.205078
vt 0.456932 0.199732
vt 0.456932 0.205078
vt 0.456932 0.205078
vt 0.456932 0.199732
vt 0.456932 0.210424
vt 0.171660 0.231794
vt 0.161929 0.234160
vt 0.165155 0.234160
vt 0.165155 0.234160
vt 0.171660 0.240181
vt 0.171660 0.236956
vt 0.161929 0.236956
vt 0.170047 0.236956
vt 0.165155 0.232547
vt 0.165155 0.240181
vt 0.170047 0.240181
vt 0.165155 0.228569
vt 0.165155 0.232547
vt 0.170047 0.231794
vt 0.161929 0.231794
vt 0.161929 0.232547
vt 0.171961 0.228569
vt 0.169047 0.228569
vt 0.169047 0.234461
vt 0.171961 0.240181
vt 0.169047 0.234461
vt 0.169047 0.240181
vt 0.167305 0.236203
vt 0.167305 0.236203
vt 0.167305 0.234160
vt 0.167305 0.234160
vt 0.170047 0.240181
vt 0.167305 0.232547
vt 0.167305 0.240181
vt 0.170047 0.228569
vt 0.167305 0.228569
vt 0.167305 0.232547
vt 0.178918 0.228569
vt 0.178918 0.234461
vt 0.171961 0.231472
vt 0.181821 0.231472
vt 0.181821 0.234461
vt 0.171961 0.237278
vt 0.181821 0.237278
vt 0.181821 0.234461
vt 0.178918 0.240181
vt 0.178918 0.234461
vt 0.173703 0.231472
vt 0.181821 0.236203
vt 0.178918 0.236203
vt 0.178918 0.236203
vt 0.173703 0.237278
vt 0.181821 0.236203
vt 0.450919 0.205078
vt 0.453549 0.205078
vt 0.448705 0.199732
vt 0.453549 0.199732
vt 0.453549 0.210424
vt 0.448705 0.210424
vt 0.453549 0.210424
vt 0.443359 0.197518
vt 0.453549 0.205078
vt 0.438014 0.199732
vt 0.453549 0.199732
vt 0.435799 0.205078
vt 0.453549 0.205078
vt 0.443359 0.212638
vt 0.453549 0.205078
vt 0.438014 0.210424
vt 0.453549 0.199732
vt 0.453549 0.210424
vt 0.456932 0.205078
vt 0.456932 0.199732
vt 0.456932 0.210424
vt 0.456932 0.210424
vt 0.456932 0.205078
vt 0.456932 0.199732
vt 0.456932 0.205078
vt 0.456932 0.205078
vt 0.456932 0.199732
vt 0.456932 0.210424
vt 0.171660 0.231794
vt 0.161929 0.234160
vt 0.165155 0.234160
vt 0.165155 0.234160
vt 0.171660 0.240181
vt 0.171660 0.236956
vt 0.161929 0.236956
vt 0.170047 0.236956
vt 0.165155 0.232547
vt 0.165155 0.240181
vt 0.170047 0.240181
vt 0.165155 0.228569
vt 0.165155 0.232547
vt 0.170047 0.231794
vt 0.161929 0.231794
vt 0.161929 0.232547
vt 0.171961 0.228569
vt 0.169047 0.228569
vt 0.169047 0.234461
vt 0.171961 0.240181
vt 0.169047 0.234461
vt 0.169047 0.240181
vt 0.167305 0.236203
vt 0.167305 0.236203
vt 0.167305 0.234160
vt 0.167305 0.234160
vt 0.170047 0.240181
vt 0.167305 0.232547
vt 0.167305 0.240181
vt 0.170047 0.228569
vt 0.167305 0.228569
vt 0.167305 0.232547
vt 0.178918 0.228569
vt 0.178918 0.234461
vt 0.171961 0.231472
vt 0.181821 0.231472
vt 0.181821 0.234461
vt 0.171961 0.237278
vt 0.181821 0.237278
vt 0.181821 0.234461
vt 0.178918 0.240181
vt 0.178918 0.234461
vt 0.173703 0.231472
vt 0.181821 0.236203
vt 0.178918 0.236203
vt 0.178918 0.236203
vt 0.173703 0.237278
vt 0.181821 0.236203
vt 0.450919 0.205078
vt 0.453549 0.205078
vt 0.448705 0.199732
vt 0.453549 0.199732
vt 0.453549 0.210424
vt 0.448705 0.210424
vt 0.453549 0.210424
vt 0.443359 0.197518
vt 0.453549 0.205078
vt 0.438014 0.199732
vt 0.453549 0.199732
vt 0.435799 0.205078
vt 0.453549 0.205078
vt 0.443359 0.212638
vt 0.453549 0.205078
vt 0.438014 0.210424
vt 0.453549 0.199732
vt 0.453549 0.210424
vt 0.456932 0.205078
vt 0.456932 0.199732
vt 0.456932 0.210424
vt 0.456932 0.210424
vt 0.456932 0.205078
vt 0.456932 0.199732
vt 0.456932 0.205078
vt 0.456932 0.205078
vt 0.456932 0.199732
vt 0.456932 0.210424
vt 0.171660 0.231794
vt 0.161929 0.234160
vt 0.165155 0.234160
vt 0.165155 0.234160
vt 0.171660 0.240181
vt 0.171660 0.236956
vt 0.161929 0.236956
vt 0.170047 0.236956
vt 0.165155 0.232547
vt 0.165155 0.240181
vt 0.170047 0.240181
vt 0.165155 0.228569
vt 0.165155 0.232547
vt 0.170047 0.231794
vt 0.161929 0.231794
vt 0.161929 0.232547
vt 0.232422 0.378906
vt 0.232422 0.375000
vt 0.232422 0.378906
vt 0.232422 0.373047
vt 0.232422 0.376953
vt 0.232422 0.375000
vt 0.232422 0.378906
vt 0.232422 0.373047
vt 0.232422 0.375000
vt 0.232422 0.376953
vt 0.246436 0.378906
vt 0.246436 0.375000
vt 0.246436 0.378906
vt 0.246436 0.373047
vt 0.246436 0.376953
vt 0.246436 0.375000
vt 0.246436 0.378906
vt 0.246436 0.373047
vt 0.246436 0.375000
vt 0.246436 0.376953
vt 0.259619 0.378906
vt 0.259619 0.375000
vt 0.259619 0.378906
vt 0.259619 0.373047
vt 0.259619 0.376953
vt 0.259619 0.375000
vt 0.259619 0.378906
vt 0.259619 0.373047
vt 0.259619 0.375000
vt 0.259619 0.376953
vt 0.274072 0.378906
vt 0.274072 0.375000
vt 0.274072 0.378906
vt 0.274072 0.373047
vt 0.274072 0.376953
vt 0.274072 0.375000
vt 0.274072 0.378906
vt 0.274072 0.373047
vt 0.274072 0.375000
vt 0.274072 0.376953
vt 0.289209 0.378906
vt 0.289209 0.375000
vt 0.236328 0.375000
vt 0.236328 0.378906
vt 0.289209 0.378906
vt 0.289209 0.373047
vt 0.236328 0.378906
vt 0.236328 0.373047
vt 0.289209 0.376953
vt 0.289209 0.375000
vt 0.236328 0.376953
vt 0.236328 0.375000
vt 0.289209 0.378906
vt 0.236328 0.378906
vt 0.289209 0.373047
vt 0.236328 0.373047
vt 0.289209 0.375000
vt 0.289209 0.376953
vt 0.236328 0.376953
vt 0.236328 0.375000
vt 0.311523 0.375000
vt 0.311523 0.378906
vt 0.280273 0.378906
vt 0.280273 0.375000
vt 0.311523 0.378906
vt 0.311523 0.373047
vt 0.280273 0.378906
vt 0.280273 0.373047
vt 0.311523 0.376953
vt 0.311523 0.375000
vt 0.280273 0.376953
vt 0.280273 0.375000
vt 0.311523 0.378906
vt 0.280273 0.378906
vt 0.311523 0.373047
vt 0.280273 0.373047
vt 0.311523 0.376953
vt 0.311523 0.375000
vt 0.280273 0.375000
vt 0.280273 0.376953
vt 0.294922 0.378906
vt 0.294922 0.375000
vt 0.294922 0.378906
vt 0.294922 0.373047
vt 0.294922 0.376953
vt 0.294922 0.375000
vt 0.294922 0.378906
vt 0.294922 0.373047
vt 0.294922 0.375000
vt 0.294922 0.376953
vt 0.306641 0.378906
vt 0.306641 0.375000
vt 0.306641 0.378906
vt 0.306641 0.373047
vt 0.306641 0.376953
vt 0.306641 0.375000
vt 0.306641 0.378906
vt 0.306641 0.373047
vt 0.306641 0.375000
vt 0.306641 0.376953
vt 0.321289 0.378906
vt 0.321289 0.375000
vt 0.321289 0.378906
vt 0.321289 0.373047
vt 0.321289 0.376953
vt 0.321289 0.375000
vt 0.321289 0.378906
vt 0.321289 0.373047
vt 0.321289 0.375000
vt 0.321289 0.376953
vt 0.335938 0.378906
vt 0.335938 0.375000
vt 0.335938 0.378906
vt 0.335938 0.373047
vt 0.335938 0.376953
vt 0.335938 0.375000
vt 0.335938 0.378906
vt 0.335938 0.373047
vt 0.335938 0.375000
vt 0.335938 0.376953
vt 0.210938 0.378906
vt 0.210938 0.375000
vt 0.210938 0.378906
vt 0.210938 0.373047
vt 0.210938 0.376953
vt 0.210938 0.375000
vt 0.210938 0.378906
vt 0.210938 0.373047
vt 0.210938 0.375000
vt 0.210938 0.376953
vt 0.220703 0.378906
vt 0.220703 0.375000
vt 0.220703 0.378906
vt 0.220703 0.373047
vt 0.220703 0.376953
vt 0.220703 0.375000
vt 0.220703 0.378906
vt 0.220703 0.373047
vt 0.220703 0.375000
vt 0.220703 0.376953
vt 0.230469 0.378906
vt 0.230469 0.375000
vt 0.230469 0.378906
vt 0.230469 0.373047
vt 0.230469 0.376953
vt 0.230469 0.375000
vt 0.230469 0.378906
vt 0.230469 0.373047
vt 0.230469 0.375000
vt 0.230469 0.376953
vt 0.238281 0.378906
vt 0.238281 0.375000
vt 0.238281 0.378906
vt 0.238281 0.373047
vt 0.238281 0.376953
vt 0.238281 0.375000
vt 0.238281 0.378906
vt 0.238281 0.373047
vt 0.238281 0.375000
vt 0.238281 0.376953
vt 0.291016 0.378906
vt 0.291016 0.375000
vt 0.291016 0.378906
vt 0.291016 0.373047
vt 0.291016 0.376953
vt 0.291016 0.375000
vt 0.291016 0.378906
vt 0.291016 0.373047
vt 0.291016 0.375000
vt 0.291016 0.376953
vt 0.298828 0.378906
vt 0.298828 0.375000
vt 0.298828 0.378906
vt 0.298828 0.373047
vt 0.298828 0.376953
vt 0.298828 0.375000
vt 0.298828 0.378906
vt 0.298828 0.373047
vt 0.298828 0.375000
vt 0.298828 0.376953
vt 0.308594 0.378906
vt 0.308594 0.375000
vt 0.308594 0.378906
vt 0.308594 0.373047
vt 0.308594 0.376953
vt 0.308594 0.375000
vt 0.308594 0.378906
vt 0.308594 0.373047
vt 0.308594 0.375000
vt 0.308594 0.376953
vt 0.316406 0.378906
vt 0.316406 0.375000
vt 0.316406 0.378906
vt 0.316406 0.373047
vt 0.316406 0.376953
vt 0.316406 0.375000
vt 0.316406 0.378906
vt 0.316406 0.373047
vt 0.316406 0.375000
vt 0.316406 0.376953
vt 0.326172 0.378906
vt 0.326172 0.375000
vt 0.326172 0.378906
vt 0.326172 0.373047
vt 0.326172 0.376953
vt 0.326172 0.375000
vt 0.326172 0.378906
vt 0.326172 0.373047
vt 0.326172 0.375000
vt 0.326172 0.376953
vt 0.335938 0.378906
vt 0.335938 0.375000
vt 0.335938 0.378906
vt 0.335938 0.373047
vt 0.335938 0.376953
vt 0.335938 0.375000
vt 0.335938 0.378906
vt 0.335938 0.373047
vt 0.335938 0.375000
vt 0.335938 0.376953
vt 0.210938 0.378906
vt 0.210938 0.375000
vt 0.210938 0.378906
vt 0.210938 0.373047
vt 0.210938 0.376953
vt 0.210938 0.375000
vt 0.210938 0.378906
vt 0.210938 0.373047
vt 0.210938 0.375000
vt 0.210938 0.376953
vt 0.220703 0.378906
vt 0.220703 0.375000
vt 0.220703 0.378906
vt 0.220703 0.373047
vt 0.220703 0.376953
vt 0.220703 0.375000
vt 0.220703 0.378906
vt 0.220703 0.373047
vt 0.220703 0.375000
vt 0.220703 0.376953
vt 0.230469 0.378906
vt 0.230469 0.375000
vt 0.230469 0.378906
vt 0.230469 0.373047
vt 0.230469 0.376953
vt 0.230469 0.375000
vt 0.230469 0.378906
vt 0.230469 0.373047
vt 0.230469 0.375000
vt 0.230469 0.376953
vt 0.238281 0.378906
vt 0.238281 0.375000
vt 0.238281 0.378906
vt 0.238281 0.373047
vt 0.238281 0.376953
vt 0.238281 0.375000
vt 0.238281 0.378906
vt 0.238281 0.373047
vt 0.238281 0.375000
vt 0.238281 0.376953
vt 0.308594 0.378906
vt 0.308594 0.375000
vt 0.308594 0.378906
vt 0.308594 0.373047
vt 0.308594 0.376953
vt 0.308594 0.375000
vt 0.308594 0.378906
vt 0.308594 0.373047
vt 0.308594 0.375000
vt 0.308594 0.376953
vt 0.316406 0.378906
vt 0.316406 0.375000
vt 0.316406 0.378906
vt 0.316406 0.373047
vt 0.316406 0.376953
vt 0.316406 0.375000
vt 0.316406 0.378906
vt 0.316406 0.373047
vt 0.316406 0.375000
vt 0.316406 0.376953
vt 0.326172 0.378906
vt 0.326172 0.375000
vt 0.326172 0.378906
vt 0.326172 0.373047
vt 0.326172 0.376953
vt 0.326172 0.375000
vt 0.326172 0.378906
vt 0.326172 0.373047
vt 0.326172 0.375000
vt 0.326172 0.376953
vt 0.335938 0.378906
vt 0.335938 0.375000
vt 0.335938 0.378906
vt 0.335938 0.373047
vt 0.335938 0.376953
vt 0.335938 0.375000
vt 0.335938 0.378906
vt 0.335938 0.373047
vt 0.335938 0.375000
vt 0.335938 0.376953
vt 0.238281 0.378906
vt 0.238281 0.375000
vt 0.238281 0.378906
vt 0.238281 0.373047
vt 0.238281 0.376953
vt 0.238281 0.375000
vt 0.238281 0.378906
vt 0.238281 0.373047
vt 0.238281 0.375000
vt 0.238281 0.376953
vt 0.248047 0.378906
vt 0.248047 0.375000
vt 0.248047 0.378906
vt 0.248047 0.373047
vt 0.248047 0.376953
vt 0.248047 0.375000
vt 0.248047 0.378906
vt 0.248047 0.373047
vt 0.248047 0.375000
vt 0.248047 0.376953
vt 0.257812 0.378906
vt 0.257812 0.375000
vt 0.257812 0.378906
vt 0.257812 0.373047
vt 0.257812 0.376953
vt 0.257812 0.375000
vt 0.257812 0.378906
vt 0.257812 0.373047
vt 0.257812 0.375000
vt 0.257812 0.376953
vt 0.275391 0.378906
vt 0.275391 0.375000
vt 0.238281 0.378906
vt 0.238281 0.375000
vt 0.275391 0.378906
vt 0.275391 0.373047
vt 0.238281 0.378906
vt 0.238281 0.373047
vt 0.275391 0.376953
vt 0.275391 0.375000
vt 0.238281 0.376953
vt 0.238281 0.375000
vt 0.275391 0.378906
vt 0.238281 0.378906
vt 0.275391 0.373047
vt 0.238281 0.373047
vt 0.275391 0.375000
vt 0.275391 0.376953
vt 0.238281 0.375000
vt 0.238281 0.376953
vt 0.318359 0.378906
vt 0.318359 0.375000
vt 0.331348 0.378906
vt 0.331348 0.375000
vt 0.318359 0.378906
vt 0.318359 0.373047
vt 0.331348 0.378906
vt 0.331348 0.373047
vt 0.318359 0.376953
vt 0.318359 0.375000
vt 0.331348 0.376953
vt 0.331348 0.375000
vt 0.318359 0.378906
vt 0.331348 0.378906
vt 0.318359 0.373047
vt 0.331348 0.373047
vt 0.318359 0.375000
vt 0.318359 0.376953
vt 0.331348 0.375000
vt 0.331348 0.376953
vt 0.314746 0.378906
vt 0.314746 0.375000
vt 0.314746 0.378906
vt 0.314746 0.373047
vt 0.314746 0.376953
vt 0.314746 0.375000
vt 0.314746 0.378906
vt 0.314746 0.373047
vt 0.314746 0.375000
vt 0.314746 0.376953
vt 0.301465 0.378906
vt 0.301465 0.375000
vt 0.301465 0.378906
vt 0.301465 0.373047
vt 0.301465 0.376953
vt 0.301465 0.375000
vt 0.301465 0.378906
vt 0.301465 0.373047
vt 0.301465 0.375000
vt 0.301465 0.376953
vt 0.284863 0.378906
vt 0.284863 0.375000
vt 0.284863 0.378906
vt 0.284863 0.373047
vt 0.284863 0.376953
vt 0.284863 0.375000
vt 0.284863 0.378906
vt 0.284863 0.373047
vt 0.284863 0.375000
vt 0.284863 0.376953
vt 0.268262 0.378906
vt 0.268262 0.375000
vt 0.268262 0.378906
vt 0.268262 0.373047
vt 0.268262 0.376953
vt 0.268262 0.375000
vt 0.268262 0.378906
vt 0.268262 0.373047
vt 0.268262 0.375000
vt 0.268262 0.376953
vt 0.477444 0.824219
vt 0.465551 0.824219
vt 0.473753 0.815309
vt 0.465551 0.815309
vt 0.465551 0.833128
vt 0.473753 0.833128
vt 0.465551 0.833128
vt 0.464844 0.811619
vt 0.465551 0.824219
vt 0.455934 0.815309
vt 0.465551 0.815309
vt 0.452244 0.824219
vt 0.465551 0.824219
vt 0.464844 0.836819
vt 0.465551 0.824219
vt 0.455934 0.833128
vt 0.465551 0.815309
vt 0.465551 0.833128
vt 0.470591 0.824219
vt 0.470591 0.815309
vt 0.470591 0.833128
vt 0.470591 0.833128
vt 0.470591 0.824219
vt 0.470591 0.815309
vt 0.470591 0.824219
vt 0.470591 0.824219
vt 0.470591 0.815309
vt 0.470591 0.833128
vt 0.473244 0.824219
vt 0.458831 0.824219
vt 0.470783 0.818279
vt 0.458831 0.818279
vt 0.458831 0.830158
vt 0.470783 0.830158
vt 0.458831 0.830158
vt 0.464844 0.815819
vt 0.458831 0.824219
vt 0.458831 0.818279
vt 0.456444 0.824219
vt 0.458831 0.824219
vt 0.464844 0.832619
vt 0.458831 0.824219
vt 0.458831 0.818279
vt 0.458831 0.830158
vt 0.473244 0.824219
vt 0.465551 0.824219
vt 0.470783 0.818279
vt 0.465551 0.818279
vt 0.465551 0.830158
vt 0.470783 0.830158
vt 0.465551 0.830158
vt 0.464844 0.815819
vt 0.465551 0.824219
vt 0.458904 0.818279
vt 0.465551 0.818279
vt 0.464844 0.832619
vt 0.465551 0.824219
vt 0.456444 0.824219
vt 0.465551 0.824219
vt 0.458904 0.830158
vt 0.465551 0.818279
vt 0.465551 0.830158
vt 0.305720 0.605425
vt 0.292720 0.605425
vt 0.292720 0.672732
vt 0.292720 0.672732
vt 0.305720 0.685425
vt 0.292720 0.685425
vt 0.289720 0.675732
vt 0.289720 0.675732
vt 0.289720 0.645732
vt 0.289721 0.675732
vt 0.289720 0.611232
vt 0.289720 0.670732
vt 0.289720 0.681232
vt 0.289720 0.650732
vt 0.289720 0.645732
vt 0.289720 0.655733
vt 0.273720 0.610425
vt 0.292720 0.611232
vt 0.292720 0.670732
vt 0.292720 0.645732
vt 0.278720 0.605425
vt 0.292721 0.675732
vt 0.292720 0.645732
vt 0.278720 0.685425
vt 0.292720 0.655733
vt 0.273720 0.680425
vt 0.292720 0.681232
vt 0.292720 0.650732
vt 0.309720 0.605425
vt 0.309720 0.672732
vt 0.289744 0.630729
vt 0.289744 0.610729
vt 0.314720 0.610425
vt 0.289744 0.635729
vt 0.289744 0.680729
vt 0.314720 0.680425
vt 0.289744 0.675729
vt 0.309720 0.672732
vt 0.309720 0.685425
vt 0.289744 0.680729
vt 0.292744 0.610729
vt 0.292744 0.635729
vt 0.309720 0.675732
vt 0.292744 0.630729
vt 0.309720 0.675732
vt 0.292744 0.680729
vt 0.292744 0.680729
vt 0.292744 0.675729
vt 0.472404 0.824219
vt 0.465268 0.824219
vt 0.470189 0.818873
vt 0.465268 0.818873
vt 0.465268 0.829564
vt 0.470189 0.829564
vt 0.465268 0.829564
vt 0.464844 0.816659
vt 0.465268 0.824219
vt 0.459498 0.818873
vt 0.465268 0.818873
vt 0.457284 0.824219
vt 0.465268 0.824219
vt 0.464844 0.831779
vt 0.465268 0.824219
vt 0.459498 0.829564
vt 0.465268 0.818873
vt 0.465268 0.829564
vt 0.468292 0.824219
vt 0.468292 0.818873
vt 0.468292 0.829564
vt 0.468292 0.829564
vt 0.468292 0.824219
vt 0.468292 0.818873
vt 0.468292 0.824219
vt 0.468292 0.824219
vt 0.468292 0.818873
vt 0.468292 0.829564
vt 0.469884 0.824219
vt 0.461236 0.824219
vt 0.468408 0.820655
vt 0.461236 0.820655
vt 0.461236 0.827783
vt 0.468408 0.827783
vt 0.461236 0.827783
vt 0.464844 0.819179
vt 0.461236 0.824219
vt 0.461236 0.820655
vt 0.459804 0.824219
vt 0.461236 0.824219
vt 0.464844 0.829259
vt 0.461236 0.824219
vt 0.461236 0.820655
vt 0.461236 0.827783
vt 0.469884 0.824219
vt 0.465268 0.824219
vt 0.468408 0.820655
vt 0.465268 0.820655
vt 0.465268 0.827783
vt 0.468408 0.827783
vt 0.465268 0.827783
vt 0.464844 0.819179
vt 0.465268 0.824219
vt 0.461280 0.820655
vt 0.465268 0.820655
vt 0.464844 0.829259
vt 0.465268 0.824219
vt 0.459804 0.824219
vt 0.465268 0.824219
vt 0.461280 0.827783
vt 0.465268 0.820655
vt 0.465268 0.827783
vt 0.472404 0.824219
vt 0.465268 0.824219
vt 0.470189 0.818873
vt 0.465268 0.818873
vt 0.465268 0.829564
vt 0.470189 0.829564
vt 0.465268 0.829564
vt 0.464844 0.816659
vt 0.465268 0.824219
vt 0.459498 0.818873
vt 0.465268 0.818873
vt 0.457284 0.824219
vt 0.465268 0.824219
vt 0.464844 0.831779
vt 0.465268 0.824219
vt 0.459498 0.829564
vt 0.465268 0.818873
vt 0.465268 0.829564
vt 0.468292 0.824219
vt 0.468292 0.818873
vt 0.468292 0.829564
vt 0.468292 0.829564
vt 0.468292 0.824219
vt 0.468292 0.818873
vt 0.468292 0.824219
vt 0.468292 0.824219
vt 0.468292 0.818873
vt 0.468292 0.829564
vt 0.469884 0.824219
vt 0.461236 0.824219
vt 0.468408 0.820655
vt 0.461236 0.820655
vt 0.461236 0.827783
vt 0.468408 0.827783
vt 0.461236 0.827783
vt 0.464844 0.819179
vt 0.461236 0.824219
vt 0.461236 0.820655
vt 0.459804 0.824219
vt 0.461236 0.824219
vt 0.464844 0.829259
vt 0.461236 0.824219
vt 0.461236 0.820655
vt 0.461236 0.827783
vt 0.469884 0.824219
vt 0.465268 0.824219
vt 0.468408 0.820655
vt 0.465268 0.820655
vt 0.465268 0.827783
vt 0.468408 0.827783
vt 0.465268 0.827783
vt 0.464844 0.819179
vt 0.465268 0.824219
vt 0.461280 0.820655
vt 0.465268 0.820655
vt 0.464844 0.829259
vt 0.465268 0.824219
vt 0.459804 0.824219
vt 0.465268 0.824219
vt 0.461280 0.827783
vt 0.465268 0.820655
vt 0.465268 0.827783
vt 0.283931 0.675679
vt 0.275142 0.675679
vt 0.283931 0.652241
vt 0.278072 0.675679
vt 0.272212 0.663960
vt 0.272212 0.663960
vt 0.283931 0.652241
vt 0.275142 0.652241
vt 0.283931 0.675679
vt 0.278072 0.652241
vt 0.283931 0.675679
vt 0.275142 0.675679
vt 0.283931 0.652241
vt 0.278072 0.675679
vt 0.272212 0.663960
vt 0.272212 0.663960
vt 0.283931 0.652241
vt 0.275142 0.652241
vt 0.283931 0.675679
vt 0.278072 0.652241
vt 0.477444 0.824219
vt 0.465551 0.824219
vt 0.473753 0.815309
vt 0.465551 0.815309
vt 0.465551 0.833128
vt 0.473753 0.833128
vt 0.465551 0.833128
vt 0.464844 0.811619
vt 0.465551 0.824219
vt 0.455934 0.815309
vt 0.465551 0.815309
vt 0.452244 0.824219
vt 0.465551 0.824219
vt 0.464844 0.836819
vt 0.465551 0.824219
vt 0.455934 0.833128
vt 0.465551 0.815309
vt 0.465551 0.833128
vt 0.470591 0.824219
vt 0.470591 0.815309
vt 0.470591 0.833128
vt 0.470591 0.833128
vt 0.470591 0.824219
vt 0.470591 0.815309
vt 0.470591 0.824219
vt 0.470591 0.824219
vt 0.470591 0.815309
vt 0.470591 0.833128
vt 0.473244 0.824219
vt 0.458831 0.824219
vt 0.470783 0.818279
vt 0.458831 0.818279
vt 0.458831 0.830158
vt 0.470783 0.830158
vt 0.458831 0.830158
vt 0.464844 0.815819
vt 0.458831 0.824219
vt 0.458831 0.818279
vt 0.456444 0.824219
vt 0.458831 0.824219
vt 0.464844 0.832619
vt 0.458831 0.824219
vt 0.458831 0.818279
vt 0.458831 0.830158
vt 0.473244 0.824219
vt 0.465551 0.824219
vt 0.470783 0.818279
vt 0.465551 0.818279
vt 0.465551 0.830158
vt 0.470783 0.830158
vt 0.465551 0.830158
vt 0.464844 0.815819
vt 0.465551 0.824219
vt 0.458904 0.818279
vt 0.465551 0.818279
vt 0.464844 0.832619
vt 0.465551 0.824219
vt 0.456444 0.824219
vt 0.465551 0.824219
vt 0.458904 0.830158
vt 0.465551 0.818279
vt 0.465551 0.830158
vt 0.305720 0.605425
vt 0.292720 0.605425
vt 0.292720 0.672732
vt 0.292720 0.672732
vt 0.305720 0.685425
vt 0.292720 0.685425
vt 0.289720 0.675732
vt 0.289720 0.675732
vt 0.289720 0.645732
vt 0.289721 0.675732
vt 0.289720 0.611232
vt 0.289720 0.670732
vt 0.289720 0.681232
vt 0.289720 0.650732
vt 0.289720 0.645732
vt 0.289720 0.655733
vt 0.273720 0.610425
vt 0.292720 0.611232
vt 0.292720 0.670732
vt 0.292720 0.645732
vt 0.278720 0.605425
vt 0.292721 0.675732
vt 0.292720 0.645732
vt 0.278720 0.685425
vt 0.292720 0.655733
vt 0.273720 0.680425
vt 0.292720 0.681232
vt 0.292720 0.650732
vt 0.309720 0.605425
vt 0.309720 0.672732
vt 0.289744 0.630729
vt 0.289744 0.610729
vt 0.314720 0.610425
vt 0.289744 0.635729
vt 0.289744 0.680729
vt 0.314720 0.680425
vt 0.289744 0.675729
vt 0.309720 0.672732
vt 0.309720 0.685425
vt 0.289744 0.680729
vt 0.292744 0.610729
vt 0.292744 0.635729
vt 0.309720 0.675732
vt 0.292744 0.630729
vt 0.309720 0.675732
vt 0.292744 0.680729
vt 0.292744 0.680729
vt 0.292744 0.675729
vt 0.472404 0.824219
vt 0.465268 0.824219
vt 0.470189 0.818873
vt 0.465268 0.818873
vt 0.465268 0.829564
vt 0.470189 0.829564
vt 0.465268 0.829564
vt 0.464844 0.816659
vt 0.465268 0.824219
vt 0.459498 0.818873
vt 0.465268 0.818873
vt 0.457284 0.824219
vt 0.465268 0.824219
vt 0.464844 0.831779
vt 0.465268 0.824219
vt 0.459498 0.829564
vt 0.465268 0.818873
vt 0.465268 0.829564
vt 0.468292 0.824219
vt 0.468292 0.818873
vt 0.468292 0.829564
vt 0.468292 0.829564
vt 0.468292 0.824219
vt 0.468292 0.818873
vt 0.468292 0.824219
vt 0.468292 0.824219
vt 0.468292 0.818873
vt 0.468292 0.829564
vt 0.469884 0.824219
vt 0.461236 0.824219
vt 0.468408 0.820655
vt 0.461236 0.820655
vt 0.461236 0.827783
vt 0.468408 0.827783
vt 0.461236 0.827783
vt 0.464844 0.819179
vt 0.461236 0.824219
vt 0.461236 0.820655
vt 0.459804 0.824219
vt 0.461236 0.824219
vt 0.464844 0.829259
vt 0.461236 0.824219
vt 0.461236 0.820655
vt 0.461236 0.827783
vt 0.469884 0.824219
vt 0.465268 0.824219
vt 0.468408 0.820655
vt 0.465268 0.820655
vt 0.465268 0.827783
vt 0.468408 0.827783
vt 0.465268 0.827783
vt 0.464844 0.819179
vt 0.465268 0.824219
vt 0.461280 0.820655
vt 0.465268 0.820655
vt 0.464844 0.829259
vt 0.465268 0.824219
vt 0.459804 0.824219
vt 0.465268 0.824219
vt 0.461280 0.827783
vt 0.465268 0.820655
vt 0.465268 0.827783
vt 0.472404 0.824219
vt 0.465268 0.824219
vt 0.470189 0.818873
vt 0.465268 0.818873
vt 0.465268 0.829564
vt 0.470189 0.829564
vt 0.465268 0.829564
vt 0.464844 0.816659
vt 0.465268 0.824219
vt 0.459498 0.818873
vt 0.465268 0.818873
vt 0.457284 0.824219
vt 0.465268 0.824219
vt 0.464844 0.831779
vt 0.465268 0.824219
vt 0.459498 0.829564
vt 0.465268 0.818873
vt 0.465268 0.829564
vt 0.468292 0.824219
vt 0.468292 0.818873
vt 0.468292 0.829564
vt 0.468292 0.829564
vt 0.468292 0.824219
vt 0.468292 0.818873
vt 0.468292 0.824219
vt 0.468292 0.824219
vt 0.468292 0.818873
vt 0.468292 0.829564
vt 0.469884 0.824219
vt 0.461236 0.824219
vt 0.468408 0.820655
vt 0.461236 0.820655
vt 0.461236 0.827783
vt 0.468408 0.827783
vt 0.461236 0.827783
vt 0.464844 0.819179
vt 0.461236 0.824219
vt 0.461236 0.820655
vt 0.459804 0.824219
vt 0.461236 0.824219
vt 0.464844 0.829259
vt 0.461236 0.824219
vt 0.461236 0.820655
vt 0.461236 0.827783
vt 0.469884 0.824219
vt 0.465268 0.824219
vt 0.468408 0.820655
vt 0.465268 0.820655
vt 0.465268 0.827783
vt 0.468408 0.827783
vt 0.465268 0.827783
vt 0.464844 0.819179
vt 0.465268 0.824219
vt 0.461280 0.820655
vt 0.465268 0.820655
vt 0.464844 0.829259
vt 0.465268 0.824219
vt 0.459804 0.824219
vt 0.465268 0.824219
vt 0.461280 0.827783
vt 0.465268 0.820655
vt 0.465268 0.827783
vt 0.283931 0.675679
vt 0.275142 0.675679
vt 0.283931 0.652241
vt 0.278072 0.675679
vt 0.272212 0.663960
vt 0.272212 0.663960
vt 0.283931 0.652241
vt 0.275142 0.652241
vt 0.283931 0.675679
vt 0.278072 0.652241
vt 0.283931 0.675679
vt 0.275142 0.675679
vt 0.283931 0.652241
vt 0.278072 0.675679
vt 0.272212 0.663960
vt 0.272212 0.663960
vt 0.283931 0.652241
vt 0.275142 0.652241
vt 0.283931 0.675679
vt 0.278072 0.652241
vt 0.842361 0.760569
vt 0.907361 0.730013
vt 0.907361 0.760569
vt 0.850456 0.752474
vt 0.907361 0.721918
vt 0.850456 0.745252
vt 0.850456 0.791363
vt 0.847678 0.745252
vt 0.850456 0.745252
vt 0.842361 0.783268
vt 0.839583 0.745252
vt 0.907361 0.783268
vt 0.962044 0.752474
vt 0.969162 0.745252
vt 0.962044 0.745252
vt 0.970139 0.760569
vt 0.977258 0.745253
vt 0.907361 0.760569
vt 0.970139 0.783268
vt 0.972917 0.745252
vt 0.907361 0.783268
vt 0.962044 0.791363
vt 0.962044 0.745252
vt 0.964822 0.745252
vt 0.824652 0.748585
vt 0.910694 0.759418
vt 0.834375 0.748585
vt 0.849306 0.748585
vt 0.849306 0.748585
vt 0.846528 0.748585
vt 0.910694 0.784418
vt 0.836806 0.748585
vt 0.970312 0.748585
vt 0.963194 0.748585
vt 0.980035 0.748585
vt 0.910694 0.759418
vt 0.910694 0.784418
vt 0.910695 0.787196
vt 0.963194 0.748585
vt 0.910694 0.796918
vt 0.849306 0.745252
vt 0.834375 0.745252
vt 0.824653 0.745252
vt 0.907361 0.759418
vt 0.836806 0.745252
vt 0.907361 0.784418
vt 0.846528 0.745252
vt 0.849306 0.745252
vt 0.980035 0.745252
vt 0.907361 0.759418
vt 0.963194 0.745252
vt 0.970313 0.745252
vt 0.963194 0.745252
vt 0.907361 0.796918
vt 0.907361 0.784418
vt 0.907361 0.787196
vt 0.849306 0.728585
vt 0.834375 0.728585
vt 0.849306 0.749695
vt 0.890694 0.759418
vt 0.824653 0.728585
vt 0.839583 0.759418
vt 0.836806 0.728585
vt 0.839583 0.784418
vt 0.890694 0.784418
vt 0.846528 0.728585
vt 0.849306 0.794141
vt 0.849306 0.728585
vt 0.972916 0.759418
vt 0.980035 0.728585
vt 0.890694 0.759418
vt 0.963194 0.728585
vt 0.963195 0.749695
vt 0.970313 0.728585
vt 0.963195 0.794141
vt 0.963194 0.728585
vt 0.890694 0.796918
vt 0.890694 0.784418
vt 0.890694 0.787196
vt 0.972916 0.784418
vt 0.890694 0.721918
vt 0.850457 0.752472
vt 0.850456 0.728585
vt 0.890694 0.730013
vt 0.890694 0.760569
vt 0.842361 0.760569
vt 0.839583 0.728585
vt 0.842361 0.783268
vt 0.890694 0.783268
vt 0.847678 0.728585
vt 0.850456 0.728585
vt 0.850456 0.791363
vt 0.977258 0.728587
vt 0.970139 0.760569
vt 0.890694 0.760569
vt 0.969162 0.728586
vt 0.962045 0.752472
vt 0.962044 0.728585
vt 0.962044 0.728585
vt 0.962045 0.791363
vt 0.964822 0.728585
vt 0.972917 0.728585
vt 0.890694 0.783268
vt 0.970139 0.783268
vt 0.907361 0.764696
vt 0.907361 0.778585
vt 0.910694 0.778585
vt 0.910694 0.764696
vt 0.970139 0.764696
vt 0.907361 0.764696
vt 0.970139 0.778585
vt 0.907361 0.778585
vt 0.972916 0.764696
vt 0.972916 0.762110
vt 0.890694 0.764696
vt 0.890694 0.778585
vt 0.972916 0.778585
vt 0.972916 0.781171
vt 0.970139 0.764696
vt 0.890694 0.764696
vt 0.970139 0.762110
vt 0.970139 0.778585
vt 0.970139 0.781171
vt 0.890694 0.778585
vt 0.907361 0.764696
vt 0.907361 0.778585
vt 0.910694 0.778585
vt 0.910694 0.764696
vt 0.842361 0.764696
vt 0.907361 0.764696
vt 0.842361 0.778585
vt 0.907361 0.778585
vt 0.839583 0.764696
vt 0.890694 0.764696
vt 0.839583 0.762110
vt 0.839583 0.778585
vt 0.839583 0.781171
vt 0.890694 0.778585
vt 0.842361 0.764696
vt 0.842361 0.762110
vt 0.890694 0.764696
vt 0.842361 0.778585
vt 0.890694 0.778585
vt 0.842361 0.781171
vt 0.907361 0.767474
vt 0.907361 0.775807
vt 0.910694 0.775807
vt 0.910694 0.767474
vt 0.970139 0.767474
vt 0.907361 0.767474
vt 0.970139 0.775807
vt 0.907361 0.775807
vt 0.972916 0.767474
vt 0.898472 0.767474
vt 0.972916 0.775807
vt 0.898472 0.775807
vt 0.970139 0.767474
vt 0.898472 0.767474
vt 0.970139 0.775807
vt 0.898472 0.775807
vt 0.907361 0.767474
vt 0.907361 0.775807
vt 0.910694 0.775807
vt 0.910694 0.767474
vt 0.842361 0.767474
vt 0.907361 0.767474
vt 0.842361 0.775807
vt 0.907361 0.775807
vt 0.898472 0.767474
vt 0.839583 0.767474
vt 0.898472 0.775807
vt 0.839583 0.775807
vt 0.842361 0.767474
vt 0.898472 0.767474
vt 0.842361 0.775807
vt 0.898472 0.775807
vt 0.000000 0.668021
vt 0.000000 0.708984
vt 0.012474 0.667969
vt 0.003333 0.664688
vt 0.012474 0.664062
vt 0.002708 0.673828
vt 0.003333 0.694688
vt 0.002708 0.673828
vt 0.000000 0.691354
vt 0.000000 0.732422
vt 0.000755 0.673828
vt 0.024193 0.664062
vt 0.002708 0.685547
vt 0.011719 0.708984
vt 0.024193 0.667969
vt 0.011719 0.732422
vt 0.000755 0.685547
vt 0.002708 0.685547
vt 0.016667 0.664688
vt 0.012474 0.664062
vt 0.016380 0.673828
vt 0.020000 0.668021
vt 0.012474 0.667969
vt 0.020286 0.673828
vt 0.020000 0.691354
vt 0.020286 0.673828
vt 0.016667 0.694688
vt 0.016380 0.673828
vt 0.024193 0.667969
vt 0.020286 0.685547
vt 0.024193 0.664062
vt 0.016380 0.685547
vt 0.016380 0.685547
vt 0.020286 0.685547
vt 0.450919 0.185547
vt 0.453549 0.185547
vt 0.448705 0.180201
vt 0.453549 0.180201
vt 0.453549 0.190893
vt 0.448705 0.190893
vt 0.453549 0.190893
vt 0.443359 0.177987
vt 0.453549 0.185547
vt 0.438014 0.180201
vt 0.453549 0.180201
vt 0.435799 0.185547
vt 0.453549 0.185547
vt 0.443359 0.193107
vt 0.453549 0.185547
vt 0.438014 0.190893
vt 0.453549 0.180201
vt 0.453549 0.190893
vt 0.456573 0.185547
vt 0.456573 0.180201
vt 0.456573 0.190893
vt 0.456573 0.190893
vt 0.456573 0.185547
vt 0.456573 0.180201
vt 0.456573 0.185547
vt 0.456573 0.185547
vt 0.456573 0.180201
vt 0.456573 0.190893
vt 0.020286 0.667969
vt 0.020286 0.685547
vt 0.020286 0.667969
vt 0.020286 0.673828
vt 0.020286 0.673828
vt 0.020286 0.691406
vt 0.020286 0.691406
vt 0.020286 0.685547
vt 0.035911 0.667969
vt 0.035911 0.685547
vt 0.035911 0.667969
vt 0.035911 0.673828
vt 0.035911 0.673828
vt 0.035911 0.691406
vt 0.035911 0.691406
vt 0.035911 0.685547
vt 0.879309 0.982892
vt 0.861328 0.970703
vt 0.861328 0.968750
vt 0.867550 0.971133
vt 0.861328 0.984375
vt 0.861328 0.951172
vt 0.909762 0.971133
vt 0.861328 0.986328
vt 0.861328 0.937500
vt 0.898003 0.982892
vt 0.861328 0.951172
vt 0.861328 0.953125
vt 0.867550 0.937664
vt 0.861328 0.986328
vt 0.909762 0.937664
vt 0.861328 0.951172
vt 0.867188 0.970703
vt 0.867188 0.968750
vt 0.879309 0.940679
vt 0.867188 0.984375
vt 0.867188 0.951172
vt 0.867550 0.952439
vt 0.867188 0.986328
vt 0.867188 0.937500
vt 0.909762 0.952439
vt 0.867188 0.951172
vt 0.867188 0.953125
vt 0.898003 0.940679
vt 0.867188 0.986328
vt 0.867550 0.985907
vt 0.867188 0.951172
vt 0.909762 0.985907
vt 0.879309 0.982892
vt 0.861328 0.970703
vt 0.861328 0.968750
vt 0.867550 0.971133
vt 0.861328 0.984375
vt 0.861328 0.951172
vt 0.909762 0.971133
vt 0.861328 0.986328
vt 0.861328 0.937500
vt 0.898003 0.982892
vt 0.861328 0.951172
vt 0.861328 0.953125
vt 0.867550 0.937664
vt 0.861328 0.986328
vt 0.909762 0.937664
vt 0.861328 0.951172
vt 0.867188 0.970703
vt 0.867188 0.968750
vt 0.879309 0.940679
vt 0.867188 0.984375
vt 0.867188 0.951172
vt 0.867550 0.952439
vt 0.867188 0.986328
vt 0.867188 0.937500
vt 0.909762 0.952439
vt 0.867188 0.951172
vt 0.867188 0.953125
vt 0.898003 0.940679
vt 0.867188 0.986328
vt 0.867550 0.985907
vt 0.867188 0.951172
vt 0.909762 0.985907
vt 0.879309 0.982892
vt 0.861328 0.970703
vt 0.861328 0.968750
vt 0.867550 0.971133
vt 0.861328 0.984375
vt 0.861328 0.951172
vt 0.909762 0.971133
vt 0.861328 0.986328
vt 0.861328 0.937500
vt 0.898003 0.982892
vt 0.861328 0.951172
vt 0.861328 0.953125
vt 0.867550 0.937664
vt 0.861328 0.986328
vt 0.909762 0.937664
vt 0.861328 0.951172
vt 0.867188 0.970703
vt 0.867188 0.968750
vt 0.879309 0.940679
vt 0.867188 0.984375
vt 0.867188 0.951172
vt 0.867550 0.952439
vt 0.867188 0.986328
vt 0.867188 0.937500
vt 0.909762 0.952439
vt 0.867188 0.951172
vt 0.867188 0.953125
vt 0.898003 0.940679
vt 0.867188 0.986328
vt 0.867550 0.985907
vt 0.867188 0.951172
vt 0.909762 0.985907
vt 0.879309 0.982892
vt 0.861328 0.970703
vt 0.861328 0.968750
vt 0.867550 0.971133
vt 0.861328 0.984375
vt 0.861328 0.951172
vt 0.909762 0.971133
vt 0.861328 0.986328
vt 0.861328 0.937500
vt 0.898003 0.982892
vt 0.861328 0.951172
vt 0.861328 0.953125
vt 0.867550 0.937664
vt 0.861328 0.986328
vt 0.909762 0.937664
vt 0.861328 0.951172
vt 0.867188 0.970703
vt 0.867188 0.968750
vt 0.879309 0.940679
vt 0.867188 0.984375
vt 0.867188 0.951172
vt 0.867550 0.952439
vt 0.867188 0.986328
vt 0.867188 0.937500
vt 0.909762 0.952439
vt 0.867188 0.951172
vt 0.867188 0.953125
vt 0.898003 0.940679
vt 0.867188 0.986328
vt 0.867550 0.985907
vt 0.867188 0.951172
vt 0.909762 0.985907
vt 0.000000 0.668021
vt 0.000000 0.708984
vt 0.012474 0.667969
vt 0.003333 0.664688
vt 0.012474 0.664062
vt 0.002708 0.673828
vt 0.003333 0.694688
vt 0.002708 0.673828
vt 0.000000 0.691354
vt 0.000000 0.732422
vt 0.000755 0.673828
vt 0.024193 0.664062
vt 0.002708 0.685547
vt 0.011719 0.708984
vt 0.024193 0.667969
vt 0.011719 0.732422
vt 0.000755 0.685547
vt 0.002708 0.685547
vt 0.016667 0.664688
vt 0.012474 0.664062
vt 0.016380 0.673828
vt 0.020000 0.668021
vt 0.012474 0.667969
vt 0.020286 0.673828
vt 0.020000 0.691354
vt 0.020286 0.673828
vt 0.016667 0.694688
vt 0.016380 0.673828
vt 0.024193 0.667969
vt 0.020286 0.685547
vt 0.024193 0.664062
vt 0.016380 0.685547
vt 0.016380 0.685547
vt 0.020286 0.685547
vt 0.450919 0.185547
vt 0.453549 0.185547
vt 0.448705 0.180201
vt 0.453549 0.180201
vt 0.453549 0.190893
vt 0.448705 0.190893
vt 0.453549 0.190893
vt 0.443359 0.177987
vt 0.453549 0.185547
vt 0.438014 0.180201
vt 0.453549 0.180201
vt 0.435799 0.185547
vt 0.453549 0.185547
vt 0.443359 0.193107
vt 0.453549 0.185547
vt 0.438014 0.190893
vt 0.453549 0.180201
vt 0.453549 0.190893
vt 0.456573 0.185547
vt 0.456573 0.180201
vt 0.456573 0.190893
vt 0.456573 0.190893
vt 0.456573 0.185547
vt 0.456573 0.180201
vt 0.456573 0.185547
vt 0.456573 0.185547
vt 0.456573 0.180201
vt 0.456573 0.190893
vt 0.020286 0.667969
vt 0.020286 0.685547
vt 0.020286 0.667969
vt 0.020286 0.673828
vt 0.020286 0.673828
vt 0.020286 0.691406
vt 0.020286 0.691406
vt 0.020286 0.685547
vt 0.035911 0.667969
vt 0.035911 0.685547
vt 0.035911 0.667969
vt 0.035911 0.673828
vt 0.035911 0.673828
vt 0.035911 0.691406
vt 0.035911 0.691406
vt 0.035911 0.685547
vt 0.842361 0.760569
vt 0.907361 0.730013
vt 0.907361 0.760569
vt 0.850456 0.752474
vt 0.907361 0.721918
vt 0.850456 0.745252
vt 0.850456 0.791363
vt 0.847678 0.745252
vt 0.850456 0.745252
vt 0.842361 0.783268
vt 0.839583 0.745252
vt 0.907361 0.783268
vt 0.962044 0.752474
vt 0.969162 0.745252
vt 0.962044 0.745252
vt 0.970139 0.760569
vt 0.977258 0.745253
vt 0.907361 0.760569
vt 0.970139 0.783268
vt 0.972917 0.745252
vt 0.907361 0.783268
vt 0.962044 0.791363
vt 0.962044 0.745252
vt 0.964822 0.745252
vt 0.824652 0.748585
vt 0.910694 0.759418
vt 0.834375 0.748585
vt 0.849306 0.748585
vt 0.849306 0.748585
vt 0.846528 0.748585
vt 0.910694 0.784418
vt 0.836806 0.748585
vt 0.970312 0.748585
vt 0.963194 0.748585
vt 0.980035 0.748585
vt 0.910694 0.759418
vt 0.910694 0.784418
vt 0.910695 0.787196
vt 0.963194 0.748585
vt 0.910694 0.796918
vt 0.849306 0.745252
vt 0.834375 0.745252
vt 0.824653 0.745252
vt 0.907361 0.759418
vt 0.836806 0.745252
vt 0.907361 0.784418
vt 0.846528 0.745252
vt 0.849306 0.745252
vt 0.980035 0.745252
vt 0.907361 0.759418
vt 0.963194 0.745252
vt 0.970313 0.745252
vt 0.963194 0.745252
vt 0.907361 0.796918
vt 0.907361 0.784418
vt 0.907361 0.787196
vt 0.849306 0.728585
vt 0.834375 0.728585
vt 0.849306 0.749695
vt 0.890694 0.759418
vt 0.824653 0.728585
vt 0.839583 0.759418
vt 0.836806 0.728585
vt 0.839583 0.784418
vt 0.890694 0.784418
vt 0.846528 0.728585
vt 0.849306 0.794141
vt 0.849306 0.728585
vt 0.972916 0.759418
vt 0.980035 0.728585
vt 0.890694 0.759418
vt 0.963194 0.728585
vt 0.963195 0.749695
vt 0.970313 0.728585
vt 0.963195 0.794141
vt 0.963194 0.728585
vt 0.890694 0.796918
vt 0.890694 0.784418
vt 0.890694 0.787196
vt 0.972916 0.784418
vt 0.890694 0.721918
vt 0.850457 0.752472
vt 0.850456 0.728585
vt 0.890694 0.730013
vt 0.890694 0.760569
vt 0.842361 0.760569
vt 0.839583 0.728585
vt 0.842361 0.783268
vt 0.890694 0.783268
vt 0.847678 0.728585
vt 0.850456 0.728585
vt 0.850456 0.791363
vt 0.977258 0.728587
vt 0.970139 0.760569
vt 0.890694 0.760569
vt 0.969162 0.728586
vt 0.962045 0.752472
vt 0.962044 0.728585
vt 0.962044 0.728585
vt 0.962045 0.791363
vt 0.964822 0.728585
vt 0.972917 0.728585
vt 0.890694 0.783268
vt 0.970139 0.783268
vt 0.907361 0.764696
vt 0.907361 0.778585
vt 0.910694 0.778585
vt 0.910694 0.764696
vt 0.970139 0.764696
vt 0.907361 0.764696
vt 0.970139 0.778585
vt 0.907361 0.778585
vt 0.972916 0.764696
vt 0.972916 0.762110
vt 0.890694 0.764696
vt 0.890694 0.778585
vt 0.972916 0.778585
vt 0.972916 0.781171
vt 0.970139 0.764696
vt 0.890694 0.764696
vt 0.970139 0.762110
vt 0.970139 0.778585
vt 0.970139 0.781171
vt 0.890694 0.778585
vt 0.907361 0.764696
vt 0.907361 0.778585
vt 0.910694 0.778585
vt 0.910694 0.764696
vt 0.842361 0.764696
vt 0.907361 0.764696
vt 0.842361 0.778585
vt 0.907361 0.778585
vt 0.839583 0.764696
vt 0.890694 0.764696
vt 0.839583 0.762110
vt 0.839583 0.778585
vt 0.839583 0.781171
vt 0.890694 0.778585
vt 0.842361 0.764696
vt 0.842361 0.762110
vt 0.890694 0.764696
vt 0.842361 0.778585
vt 0.890694 0.778585
vt 0.842361 0.781171
vt 0.907361 0.767474
vt 0.907361 0.775807
vt 0.910694 0.775807
vt 0.910694 0.767474
vt 0.970139 0.767474
vt 0.907361 0.767474
vt 0.970139 0.775807
vt 0.907361 0.775807
vt 0.972916 0.767474
vt 0.898472 0.767474
vt 0.972916 0.775807
vt 0.898472 0.775807
vt 0.970139 0.767474
vt 0.898472 0.767474
vt 0.970139 0.775807
vt 0.898472 0.775807
vt 0.907361 0.767474
vt 0.907361 0.775807
vt 0.910694 0.775807
vt 0.910694 0.767474
vt 0.842361 0.767474
vt 0.907361 0.767474
vt 0.842361 0.775807
vt 0.907361 0.775807
vt 0.898472 0.767474
vt 0.839583 0.767474
vt 0.898472 0.775807
vt 0.839583 0.775807
vt 0.842361 0.767474
vt 0.898472 0.767474
vt 0.842361 0.775807
vt 0.898472 0.775807
vt 0.000000 0.668021
vt 0.000000 0.708984
vt 0.012474 0.667969
vt 0.003333 0.664688
vt 0.012474 0.664062
vt 0.002708 0.673828
vt 0.003333 0.694688
vt 0.002708 0.673828
vt 0.000000 0.691354
vt 0.000000 0.732422
vt 0.000755 0.673828
vt 0.024193 0.664062
vt 0.002708 0.685547
vt 0.011719 0.708984
vt 0.024193 0.667969
vt 0.011719 0.732422
vt 0.000755 0.685547
vt 0.002708 0.685547
vt 0.016667 0.664688
vt 0.012474 0.664062
vt 0.016380 0.673828
vt 0.020000 0.668021
vt 0.012474 0.667969
vt 0.020286 0.673828
vt 0.020000 0.691354
vt 0.020286 0.673828
vt 0.016667 0.694688
vt 0.016380 0.673828
vt 0.024193 0.667969
vt 0.020286 0.685547
vt 0.024193 0.664062
vt 0.016380 0.685547
vt 0.016380 0.685547
vt 0.020286 0.685547
vt 0.450919 0.185547
vt 0.453549 0.185547
vt 0.448705 0.180201
vt 0.453549 0.180201
vt 0.453549 0.190893
vt 0.448705 0.190893
vt 0.453549 0.190893
vt 0.443359 0.177987
vt 0.453549 0.185547
vt 0.438014 0.180201
vt 0.453549 0.180201
vt 0.435799 0.185547
vt 0.453549 0.185547
vt 0.443359 0.193107
vt 0.453549 0.185547
vt 0.438014 0.190893
vt 0.453549 0.180201
vt 0.453549 0.190893
vt 0.456573 0.185547
vt 0.456573 0.180201
vt 0.456573 0.190893
vt 0.456573 0.190893
vt 0.456573 0.185547
vt 0.456573 0.180201
vt 0.456573 0.185547
vt 0.456573 0.185547
vt 0.456573 0.180201
vt 0.456573 0.190893
vt 0.020286 0.667969
vt 0.020286 0.685547
vt 0.020286 0.667969
vt 0.020286 0.673828
vt 0.020286 0.673828
vt 0.020286 0.691406
vt 0.020286 0.691406
vt 0.020286 0.685547
vt 0.035911 0.667969
vt 0.035911 0.685547
vt 0.035911 0.667969
vt 0.035911 0.673828
vt 0.035911 0.673828
vt 0.035911 0.691406
vt 0.035911 0.691406
vt 0.035911 0.685547
vt 0.879309 0.982892
vt 0.861328 0.970703
vt 0.861328 0.968750
vt 0.867550 0.971133
vt 0.861328 0.984375
vt 0.861328 0.951172
vt 0.909762 0.971133
vt 0.861328 0.986328
vt 0.861328 0.937500
vt 0.898003 0.982892
vt 0.861328 0.951172
vt 0.861328 0.953125
vt 0.867550 0.937664
vt 0.861328 0.986328
vt 0.909762 0.937664
vt 0.861328 0.951172
vt 0.867188 0.970703
vt 0.867188 0.968750
vt 0.879309 0.940679
vt 0.867188 0.984375
vt 0.867188 0.951172
vt 0.867550 0.952439
vt 0.867188 0.986328
vt 0.867188 0.937500
vt 0.909762 0.952439
vt 0.867188 0.951172
vt 0.867188 0.953125
vt 0.898003 0.940679
vt 0.867188 0.986328
vt 0.867550 0.985907
vt 0.867188 0.951172
vt 0.909762 0.985907
vt 0.879309 0.982892
vt 0.861328 0.970703
vt 0.861328 0.968750
vt 0.867550 0.971133
vt 0.861328 0.984375
vt 0.861328 0.951172
vt 0.909762 0.971133
vt 0.861328 0.986328
vt 0.861328 0.937500
vt 0.898003 0.982892
vt 0.861328 0.951172
vt 0.861328 0.953125
vt 0.867550 0.937664
vt 0.861328 0.986328
vt 0.909762 0.937664
vt 0.861328 0.951172
vt 0.867188 0.970703
vt 0.867188 0.968750
vt 0.879309 0.940679
vt 0.867188 0.984375
vt 0.867188 0.951172
vt 0.867550 0.952439
vt 0.867188 0.986328
vt 0.867188 0.937500
vt 0.909762 0.952439
vt 0.867188 0.951172
vt 0.867188 0.953125
vt 0.898003 0.940679
vt 0.867188 0.986328
vt 0.867550 0.985907
vt 0.867188 0.951172
vt 0.909762 0.985907
vt 0.879309 0.982892
vt 0.861328 0.970703
vt 0.861328 0.968750
vt 0.867550 0.971133
vt 0.861328 0.984375
vt 0.861328 0.951172
vt 0.909762 0.971133
vt 0.861328 0.986328
vt 0.861328 0.937500
vt 0.898003 0.982892
vt 0.861328 0.951172
vt 0.861328 0.953125
vt 0.867550 0.937664
vt 0.861328 0.986328
vt 0.909762 0.937664
vt 0.861328 0.951172
vt 0.867188 0.970703
vt 0.867188 0.968750
vt 0.879309 0.940679
vt 0.867188 0.984375
vt 0.867188 0.951172
vt 0.867550 0.952439
vt 0.867188 0.986328
vt 0.867188 0.937500
vt 0.909762 0.952439
vt 0.867188 0.951172
vt 0.867188 0.953125
vt 0.898003 0.940679
vt 0.867188 0.986328
vt 0.867550 0.985907
vt 0.867188 0.951172
vt 0.909762 0.985907
vt 0.879309 0.982892
vt 0.861328 0.970703
vt 0.861328 0.968750
vt 0.867550 0.971133
vt 0.861328 0.984375
vt 0.861328 0.951172
vt 0.909762 0.971133
vt 0.861328 0.986328
vt 0.861328 0.937500
vt 0.898003 0.982892
vt 0.861328 0.951172
vt 0.861328 0.953125
vt 0.867550 0.937664
vt 0.861328 0.986328
vt 0.909762 0.937664
vt 0.861328 0.951172
vt 0.867188 0.970703
vt 0.867188 0.968750
vt 0.879309 0.940679
vt 0.867188 0.984375
vt 0.867188 0.951172
vt 0.867550 0.952439
vt 0.867188 0.986328
vt 0.867188 0.937500
vt 0.909762 0.952439
vt 0.867188 0.951172
vt 0.867188 0.953125
vt 0.898003 0.940679
vt 0.867188 0.986328
vt 0.867550 0.985907
vt 0.867188 0.951172
vt 0.909762 0.985907
vt 0.000000 0.668021
vt 0.000000 0.708984
vt 0.012474 0.667969
vt 0.003333 0.664688
vt 0.012474 0.664062
vt 0.002708 0.673828
vt 0.003333 0.694688
vt 0.002708 0.673828
vt 0.000000 0.691354
vt 0.000000 0.732422
vt 0.000755 0.673828
vt 0.024193 0.664062
vt 0.002708 0.685547
vt 0.011719 0.708984
vt 0.024193 0.667969
vt 0.011719 0.732422
vt 0.000755 0.685547
vt 0.002708 0.685547
vt 0.016667 0.664688
vt 0.012474 0.664062
vt 0.016380 0.673828
vt 0.020000 0.668021
vt 0.012474 0.667969
vt 0.020286 0.673828
vt 0.020000 0.691354
vt 0.020286 0.673828
vt 0.016667 0.694688
vt 0.016380 0.673828
vt 0.024193 0.667969
vt 0.020286 0.685547
vt 0.024193 0.664062
vt 0.016380 0.685547
vt 0.016380 0.685547
vt 0.020286 0.685547
vt 0.450919 0.185547
vt 0.453549 0.185547
vt 0.448705 0.180201
vt 0.453549 0.180201
vt 0.453549 0.190893
vt 0.448705 0.190893
vt 0.453549 0.190893
vt 0.443359 0.177987
vt 0.453549 0.185547
vt 0.438014 0.180201
vt 0.453549 0.180201
vt 0.435799 0.185547
vt 0.453549 0.185547
vt 0.443359 0.193107
vt 0.453549 0.185547
vt 0.438014 0.190893
vt 0.453549 0.180201
vt 0.453549 0.190893
vt 0.456573 0.185547
vt 0.456573 0.180201
vt 0.456573 0.190893
vt 0.456573 0.190893
vt 0.456573 0.185547
vt 0.456573 0.180201
vt 0.456573 0.185547
vt 0.456573 0.185547
vt 0.456573 0.180201
vt 0.456573 0.190893
vt 0.020286 0.667969
vt 0.020286 0.685547
vt 0.020286 0.667969
vt 0.020286 0.673828
vt 0.020286 0.673828
vt 0.020286 0.691406
vt 0.020286 0.691406
vt 0.020286 0.685547
vt 0.035911 0.667969
vt 0.035911 0.685547
vt 0.035911 0.667969
vt 0.035911 0.673828
vt 0.035911 0.673828
vt 0.035911 0.691406
vt 0.035911 0.691406
vt 0.035911 0.685547
vt 0.404871 0.232291
vt 0.393880 0.230000
vt 0.393880 0.251726
vt 0.400348 0.235608
vt 0.393880 0.256007
vt 0.393880 0.230000
vt 0.416027 0.235608
vt 0.393880 0.238750
vt 0.393880 0.217155
vt 0.411504 0.232291
vt 0.393880 0.223125
vt 0.393880 0.221370
vt 0.400348 0.256412
vt 0.393880 0.251562
vt 0.416027 0.256412
vt 0.393880 0.217188
vt 0.400391 0.230000
vt 0.400391 0.251726
vt 0.404871 0.232394
vt 0.400391 0.256007
vt 0.400391 0.230000
vt 0.400348 0.235710
vt 0.400391 0.238750
vt 0.400391 0.217155
vt 0.416027 0.235710
vt 0.400391 0.223125
vt 0.400391 0.221371
vt 0.411504 0.232393
vt 0.400391 0.251562
vt 0.400348 0.256515
vt 0.400391 0.217187
vt 0.416027 0.256515
vt 0.404871 0.232291
vt 0.393880 0.230000
vt 0.393880 0.251726
vt 0.400348 0.235608
vt 0.393880 0.256007
vt 0.393880 0.230000
vt 0.416027 0.235608
vt 0.393880 0.238750
vt 0.393880 0.217155
vt 0.411504 0.232291
vt 0.393880 0.223125
vt 0.393880 0.221370
vt 0.400348 0.256412
vt 0.393880 0.251562
vt 0.416027 0.256412
vt 0.393880 0.217188
vt 0.400391 0.230000
vt 0.400391 0.251726
vt 0.404871 0.232394
vt 0.400391 0.256007
vt 0.400391 0.230000
vt 0.400348 0.235710
vt 0.400391 0.238750
vt 0.400391 0.217155
vt 0.416027 0.235710
vt 0.400391 0.223125
vt 0.400391 0.221371
vt 0.411504 0.232393
vt 0.400391 0.251562
vt 0.400348 0.256515
vt 0.400391 0.217187
vt 0.416027 0.256515
vt 0.404871 0.232291
vt 0.393880 0.230000
vt 0.393880 0.251726
vt 0.400348 0.235608
vt 0.393880 0.256007
vt 0.393880 0.230000
vt 0.416027 0.235608
vt 0.393880 0.238750
vt 0.393880 0.217155
vt 0.411504 0.232291
vt 0.393880 0.223125
vt 0.393880 0.221370
vt 0.400348 0.256412
vt 0.393880 0.251562
vt 0.416027 0.256412
vt 0.393880 0.217188
vt 0.400391 0.230000
vt 0.400391 0.251726
vt 0.404871 0.232394
vt 0.400391 0.256007
vt 0.400391 0.230000
vt 0.400348 0.235710
vt 0.400391 0.238750
vt 0.400391 0.217155
vt 0.416027 0.235710
vt 0.400391 0.223125
vt 0.400391 0.221371
vt 0.411504 0.232393
vt 0.400391 0.251562
vt 0.400348 0.256515
vt 0.400391 0.217187
vt 0.416027 0.256515
vt 0.404871 0.232291
vt 0.393880 0.230000
vt 0.393880 0.251726
vt 0.400348 0.235608
vt 0.393880 0.256007
vt 0.393880 0.230000
vt 0.416027 0.235608
vt 0.393880 0.238750
vt 0.393880 0.217155
vt 0.411504 0.232291
vt 0.393880 0.223125
vt 0.393880 0.221370
vt 0.400348 0.256412
vt 0.393880 0.251562
vt 0.416027 0.256412
vt 0.393880 0.217188
vt 0.400391 0.230000
vt 0.400391 0.251726
vt 0.404871 0.232394
vt 0.400391 0.256007
vt 0.400391 0.230000
vt 0.400348 0.235710
vt 0.400391 0.238750
vt 0.400391 0.217155
vt 0.416027 0.235710
vt 0.400391 0.223125
vt 0.400391 0.221371
vt 0.411504 0.232393
vt 0.400391 0.251562
vt 0.400348 0.256515
vt 0.400391 0.217187
vt 0.416027 0.256515
vt 0.404871 0.232291
vt 0.393880 0.230000
vt 0.393880 0.251726
vt 0.400348 0.235608
vt 0.393880 0.256007
vt 0.393880 0.230000
vt 0.416027 0.235608
vt 0.393880 0.238750
vt 0.393880 0.217155
vt 0.411504 0.232291
vt 0.393880 0.223125
vt 0.393880 0.221370
vt 0.400348 0.256412
vt 0.393880 0.251562
vt 0.416027 0.256412
vt 0.393880 0.217188
vt 0.400391 0.230000
vt 0.400391 0.251726
vt 0.404871 0.232394
vt 0.400391 0.256007
vt 0.400391 0.230000
vt 0.400348 0.235710
vt 0.400391 0.238750
vt 0.400391 0.217155
vt 0.416027 0.235710
vt 0.400391 0.223125
vt 0.400391 0.221371
vt 0.411504 0.232393
vt 0.400391 0.251562
vt 0.400348 0.256515
vt 0.400391 0.217187
vt 0.416027 0.256515
s 0
usemtl electronics_etx_part_1
f 25/56/11 28/62/11 36/83/11 33/74/11
f 27/60/12 22/48/12 32/71/12 35/80/12
f 30/66/13 31/68/13 21/46/13 20/45/13
f 19/43/14 29/63/14 30/66/14 20/45/14
f 32/72/15 22/49/15 21/47/15 31/69/15
f 34/77/16 26/58/16 25/57/16 33/75/16
f 27/61/17 35/81/17 36/83/17 28/62/17
f 19/44/18 26/59/18 34/78/18 29/64/18
f 17/37/19 30/67/19 29/65/19
f 18/40/19 32/73/19 31/70/19
f 23/50/19 34/79/19 33/76/19
f 24/53/19 36/84/19 35/82/19
f 23/50/19 17/37/19 29/65/19 34/79/19
f 17/37/19 18/40/19 31/70/19 30/67/19
f 24/53/19 23/50/19 33/76/19 36/84/19
f 18/40/19 24/53/19 35/82/19 32/73/19
f 18/41/11 17/38/11 40/94/11 38/88/11
f 38/89/19 40/95/19 39/91/19 37/85/19
f 24/54/18 18/42/18 38/90/18 37/86/18
f 23/51/13 24/55/13 37/87/13 39/92/13
f 17/39/12 23/52/12 39/93/12 40/96/12
f 49/122/20 50/124/20 44/106/20 43/103/20
f 44/107/11 48/118/11 54/131/11
f 51/126/21 52/128/21 46/112/21 45/109/21
f 45/110/19 46/113/19 42/100/19 41/97/19
f 49/121/13 51/125/13 45/111/13 41/98/13
f 52/127/11 50/123/11 42/101/11 46/114/11
f 48/118/11 44/107/11 50/123/11 52/127/11
f 43/104/13 47/117/13 51/125/13 49/121/13
f 47/115/22 48/119/22 52/128/22 51/126/22
f 41/99/23 42/102/23 50/124/23 49/122/23
f 67/163/12 68/165/12 99/241/12 100/243/12
f 48/120/24 47/116/24 53/129/24 54/132/24
f 47/117/13 43/104/13 53/130/13
f 67/164/13 53/130/13 43/104/13 57/140/13
f 58/143/11 44/107/11 54/131/11 68/166/11
f 63/156/21 57/139/21 58/142/21 64/158/21
f 58/143/11 68/166/11 62/153/11
f 65/160/20 59/145/20 60/148/20 66/162/20
f 59/146/19 55/133/19 56/136/19 60/149/19
f 63/155/13 55/134/13 59/147/13 65/159/13
f 66/161/11 60/150/11 56/137/11 64/157/11
f 62/153/11 66/161/11 64/157/11 58/143/11
f 57/140/13 63/155/13 65/159/13 61/152/13
f 61/151/23 65/160/23 66/162/23 62/154/23
f 55/135/22 63/156/22 64/158/22 56/138/22
f 62/154/25 68/165/25 67/163/25 61/151/25
f 61/152/13 67/164/13 57/140/13
f 57/141/19 43/105/19 44/108/19 58/144/19
f 77/192/20 78/194/20 72/176/20 71/173/20
f 72/177/11 76/188/11 82/201/11
f 79/196/21 80/198/21 74/182/21 73/179/21
f 73/180/19 74/183/19 70/170/19 69/167/19
f 77/191/13 79/195/13 73/181/13 69/168/13
f 80/197/11 78/193/11 70/171/11 74/184/11
f 76/188/11 72/177/11 78/193/11 80/197/11
f 71/174/13 75/187/13 79/195/13 77/191/13
f 75/185/22 76/189/22 80/198/22 79/196/22
f 69/169/23 70/172/23 78/194/23 77/192/23
f 96/235/11 82/201/11 101/245/11 103/249/11
f 76/190/24 75/186/24 81/200/24 82/202/24
f 75/187/13 71/174/13 81/199/13
f 95/233/13 81/199/13 71/174/13 85/210/13
f 86/213/11 72/177/11 82/201/11 96/235/11
f 91/226/21 85/209/21 86/212/21 92/228/21
f 86/213/11 96/235/11 90/223/11
f 93/230/20 87/215/20 88/218/20 94/232/20
f 87/216/19 83/203/19 84/206/19 88/219/19
f 91/225/13 83/204/13 87/217/13 93/229/13
f 94/231/11 88/220/11 84/207/11 92/227/11
f 90/223/11 94/231/11 92/227/11 86/213/11
f 85/210/13 91/225/13 93/229/13 89/222/13
f 89/221/23 93/230/23 94/232/23 90/224/23
f 83/205/22 91/226/22 92/228/22 84/208/22
f 90/224/25 96/236/25 95/234/25 89/221/25
f 89/222/13 95/233/13 85/210/13
f 85/211/19 71/175/19 72/178/19 86/214/19
f 81/199/13 95/233/13 104/251/13 102/247/13
f 82/202/18 81/200/18 102/248/18 101/246/18
f 68/166/11 54/131/11 97/237/11 99/242/11
f 95/234/12 96/236/12 103/250/12 104/252/12
f 54/132/18 53/129/18 98/239/18 97/238/18
f 53/130/13 67/164/13 100/244/13 98/240/13
f 113/278/20 114/280/20 108/262/20 107/259/20
f 108/263/11 112/274/11 118/287/11
f 115/282/21 116/284/21 110/268/21 109/265/21
f 109/266/19 110/269/19 106/256/19 105/253/19
f 113/277/13 115/281/13 109/267/13 105/254/13
f 116/283/11 114/279/11 106/257/11 110/270/11
f 112/274/11 108/263/11 114/279/11 116/283/11
f 107/260/13 111/273/13 115/281/13 113/277/13
f 111/271/22 112/275/22 116/284/22 115/282/22
f 105/255/23 106/258/23 114/280/23 113/278/23
f 131/319/12 132/321/12 163/397/12 164/399/12
f 112/276/24 111/272/24 117/285/24 118/288/24
f 111/273/13 107/260/13 117/286/13
f 131/320/13 117/286/13 107/260/13 121/296/13
f 122/299/11 108/263/11 118/287/11 132/322/11
f 127/312/21 121/295/21 122/298/21 128/314/21
f 122/299/11 132/322/11 126/309/11
f 129/316/20 123/301/20 124/304/20 130/318/20
f 123/302/19 119/289/19 120/292/19 124/305/19
f 127/311/13 119/290/13 123/303/13 129/315/13
f 130/317/11 124/306/11 120/293/11 128/313/11
f 126/309/11 130/317/11 128/313/11 122/299/11
f 121/296/13 127/311/13 129/315/13 125/308/13
f 125/307/23 129/316/23 130/318/23 126/310/23
f 119/291/22 127/312/22 128/314/22 120/294/22
f 126/310/25 132/321/25 131/319/25 125/307/25
f 125/308/13 131/320/13 121/296/13
f 121/297/19 107/261/19 108/264/19 122/300/19
f 141/348/20 142/350/20 136/332/20 135/329/20
f 136/333/11 140/344/11 146/357/11
f 143/352/21 144/354/21 138/338/21 137/335/21
f 137/336/19 138/339/19 134/326/19 133/323/19
f 141/347/13 143/351/13 137/337/13 133/324/13
f 144/353/11 142/349/11 134/327/11 138/340/11
f 140/344/11 136/333/11 142/349/11 144/353/11
f 135/330/13 139/343/13 143/351/13 141/347/13
f 139/341/22 140/345/22 144/354/22 143/352/22
f 133/325/23 134/328/23 142/350/23 141/348/23
f 160/391/11 146/357/11 165/401/11 167/405/11
f 140/346/24 139/342/24 145/356/24 146/358/24
f 139/343/13 135/330/13 145/355/13
f 159/389/13 145/355/13 135/330/13 149/366/13
f 150/369/11 136/333/11 146/357/11 160/391/11
f 155/382/21 149/365/21 150/368/21 156/384/21
f 150/369/11 160/391/11 154/379/11
f 157/386/20 151/371/20 152/374/20 158/388/20
f 151/372/19 147/359/19 148/362/19 152/375/19
f 155/381/13 147/360/13 151/373/13 157/385/13
f 158/387/11 152/376/11 148/363/11 156/383/11
f 154/379/11 158/387/11 156/383/11 150/369/11
f 149/366/13 155/381/13 157/385/13 153/378/13
f 153/377/23 157/386/23 158/388/23 154/380/23
f 147/361/22 155/382/22 156/384/22 148/364/22
f 154/380/25 160/392/25 159/390/25 153/377/25
f 153/378/13 159/389/13 149/366/13
f 149/367/19 135/331/19 136/334/19 150/370/19
f 145/355/13 159/389/13 168/407/13 166/403/13
f 146/358/18 145/356/18 166/404/18 165/402/18
f 132/322/11 118/287/11 161/393/11 163/398/11
f 159/390/12 160/392/12 167/406/12 168/408/12
f 118/288/18 117/285/18 162/395/18 161/394/18
f 117/286/13 131/320/13 164/400/13 162/396/13
f 177/434/20 178/436/20 172/418/20 171/415/20
f 172/419/11 176/430/11 182/443/11
f 179/438/21 180/440/21 174/424/21 173/421/21
f 173/422/19 174/425/19 170/412/19 169/409/19
f 177/433/13 179/437/13 173/423/13 169/410/13
f 180/439/11 178/435/11 170/413/11 174/426/11
f 176/430/11 172/419/11 178/435/11 180/439/11
f 171/416/13 175/429/13 179/437/13 177/433/13
f 175/427/22 176/431/22 180/440/22 179/438/22
f 169/411/23 170/414/23 178/436/23 177/434/23
f 195/475/12 196/477/12 227/553/12 228/555/12
f 176/432/24 175/428/24 181/441/24 182/444/24
f 175/429/13 171/416/13 181/442/13
f 195/476/13 181/442/13 171/416/13 185/452/13
f 186/455/11 172/419/11 182/443/11 196/478/11
f 191/468/21 185/451/21 186/454/21 192/470/21
f 186/455/11 196/478/11 190/465/11
f 193/472/20 187/457/20 188/460/20 194/474/20
f 187/458/19 183/445/19 184/448/19 188/461/19
f 191/467/13 183/446/13 187/459/13 193/471/13
f 194/473/11 188/462/11 184/449/11 192/469/11
f 190/465/11 194/473/11 192/469/11 186/455/11
f 185/452/13 191/467/13 193/471/13 189/464/13
f 189/463/23 193/472/23 194/474/23 190/466/23
f 183/447/22 191/468/22 192/470/22 184/450/22
f 190/466/25 196/477/25 195/475/25 189/463/25
f 189/464/13 195/476/13 185/452/13
f 185/453/19 171/417/19 172/420/19 186/456/19
f 205/504/20 206/506/20 200/488/20 199/485/20
f 200/489/11 204/500/11 210/513/11
f 207/508/21 208/510/21 202/494/21 201/491/21
f 201/492/19 202/495/19 198/482/19 197/479/19
f 205/503/13 207/507/13 201/493/13 197/480/13
f 208/509/11 206/505/11 198/483/11 202/496/11
f 204/500/11 200/489/11 206/505/11 208/509/11
f 199/486/13 203/499/13 207/507/13 205/503/13
f 203/497/22 204/501/22 208/510/22 207/508/22
f 197/481/23 198/484/23 206/506/23 205/504/23
f 224/547/11 210/513/11 229/557/11 231/561/11
f 204/502/24 203/498/24 209/512/24 210/514/24
f 203/499/13 199/486/13 209/511/13
f 223/545/13 209/511/13 199/486/13 213/522/13
f 214/525/11 200/489/11 210/513/11 224/547/11
f 219/538/21 213/521/21 214/524/21 220/540/21
f 214/525/11 224/547/11 218/535/11
f 221/542/20 215/527/20 216/530/20 222/544/20
f 215/528/19 211/515/19 212/518/19 216/531/19
f 219/537/13 211/516/13 215/529/13 221/541/13
f 222/543/11 216/532/11 212/519/11 220/539/11
f 218/535/11 222/543/11 220/539/11 214/525/11
f 213/522/13 219/537/13 221/541/13 217/534/13
f 217/533/23 221/542/23 222/544/23 218/536/23
f 211/517/22 219/538/22 220/540/22 212/520/22
f 218/536/25 224/548/25 223/546/25 217/533/25
f 217/534/13 223/545/13 213/522/13
f 213/523/19 199/487/19 200/490/19 214/526/19
f 209/511/13 223/545/13 232/563/13 230/559/13
f 210/514/18 209/512/18 230/560/18 229/558/18
f 196/478/11 182/443/11 225/549/11 227/554/11
f 223/546/12 224/548/12 231/562/12 232/564/12
f 182/444/18 181/441/18 226/551/18 225/550/18
f 181/442/13 195/476/13 228/556/13 226/552/13
f 241/590/20 242/592/20 236/574/20 235/571/20
f 236/575/11 240/586/11 246/599/11
f 243/594/21 244/596/21 238/580/21 237/577/21
f 237/578/19 238/581/19 234/568/19 233/565/19
f 241/589/13 243/593/13 237/579/13 233/566/13
f 244/595/11 242/591/11 234/569/11 238/582/11
f 240/586/11 236/575/11 242/591/11 244/595/11
f 235/572/13 239/585/13 243/593/13 241/589/13
f 239/583/22 240/587/22 244/596/22 243/594/22
f 233/567/23 234/570/23 242/592/23 241/590/23
f 259/631/12 260/633/12 291/709/12 292/711/12
f 240/588/24 239/584/24 245/597/24 246/600/24
f 239/585/13 235/572/13 245/598/13
f 259/632/13 245/598/13 235/572/13 249/608/13
f 250/611/11 236/575/11 246/599/11 260/634/11
f 255/624/21 249/607/21 250/610/21 256/626/21
f 250/611/11 260/634/11 254/621/11
f 257/628/20 251/613/20 252/616/20 258/630/20
f 251/614/19 247/601/19 248/604/19 252/617/19
f 255/623/13 247/602/13 251/615/13 257/627/13
f 258/629/11 252/618/11 248/605/11 256/625/11
f 254/621/11 258/629/11 256/625/11 250/611/11
f 249/608/13 255/623/13 257/627/13 253/620/13
f 253/619/23 257/628/23 258/630/23 254/622/23
f 247/603/22 255/624/22 256/626/22 248/606/22
f 254/622/25 260/633/25 259/631/25 253/619/25
f 253/620/13 259/632/13 249/608/13
f 249/609/19 235/573/19 236/576/19 250/612/19
f 269/660/20 270/662/20 264/644/20 263/641/20
f 264/645/11 268/656/11 274/669/11
f 271/664/21 272/666/21 266/650/21 265/647/21
f 265/648/19 266/651/19 262/638/19 261/635/19
f 269/659/13 271/663/13 265/649/13 261/636/13
f 272/665/11 270/661/11 262/639/11 266/652/11
f 268/656/11 264/645/11 270/661/11 272/665/11
f 263/642/13 267/655/13 271/663/13 269/659/13
f 267/653/22 268/657/22 272/666/22 271/664/22
f 261/637/23 262/640/23 270/662/23 269/660/23
f 288/703/11 274/669/11 293/713/11 295/717/11
f 268/658/24 267/654/24 273/668/24 274/670/24
f 267/655/13 263/642/13 273/667/13
f 287/701/13 273/667/13 263/642/13 277/678/13
f 278/681/11 264/645/11 274/669/11 288/703/11
f 283/694/21 277/677/21 278/680/21 284/696/21
f 278/681/11 288/703/11 282/691/11
f 285/698/20 279/683/20 280/686/20 286/700/20
f 279/684/19 275/671/19 276/674/19 280/687/19
f 283/693/13 275/672/13 279/685/13 285/697/13
f 286/699/11 280/688/11 276/675/11 284/695/11
f 282/691/11 286/699/11 284/695/11 278/681/11
f 277/678/13 283/693/13 285/697/13 281/690/13
f 281/689/23 285/698/23 286/700/23 282/692/23
f 275/673/22 283/694/22 284/696/22 276/676/22
f 282/692/25 288/704/25 287/702/25 281/689/25
f 281/690/13 287/701/13 277/678/13
f 277/679/19 263/643/19 264/646/19 278/682/19
f 273/667/13 287/701/13 296/719/13 294/715/13
f 274/670/18 273/668/18 294/716/18 293/714/18
f 260/634/11 246/599/11 289/705/11 291/710/11
f 287/702/12 288/704/12 295/718/12 296/720/12
f 246/600/18 245/597/18 290/707/18 289/706/18
f 245/598/13 259/632/13 292/712/13 290/708/13
f 305/737/19 306/739/19 307/742/19 308/745/19 299/726/19 300/728/19 297/721/19 298/724/19
f 309/747/18 312/751/18 307/743/18 306/740/18
f 311/750/11 304/736/11 299/727/11 308/746/11
f 297/722/12 300/729/12 303/734/12 302/732/12
f 301/731/15 298/725/15 297/723/15 302/733/15
f 299/727/17 304/736/17 303/735/17 300/730/17
f 305/738/14 310/749/14 309/748/14 306/741/14
f 311/750/16 308/746/16 307/744/16 312/752/16
f 301/731/13 310/749/13 305/738/13 298/725/13
s 1
f 319/766/26 315/758/27 313/753/28 314/755/29 316/760/30 317/762/31 318/764/32 320/768/33
f 326/777/34 319/767/26 320/769/33 328/779/35
f 328/780/35 320/770/33 318/765/32 327/778/36
f 319/767/26 326/777/34 323/774/37 315/759/27
f 315/759/27 323/774/37 321/771/38 313/754/28
f 327/778/36 318/765/32 317/763/31 325/776/39
f 325/776/39 317/763/31 316/761/30 324/775/40
f 313/754/28 321/771/38 322/772/41 314/756/29
f 314/757/29 322/773/41 324/775/40 316/761/30
s 0
f 337/797/19 338/799/19 339/802/19 340/805/19 331/786/19 332/788/19 329/781/19 330/784/19
f 341/807/18 344/811/18 339/803/18 338/800/18
f 343/810/11 336/796/11 331/787/11 340/806/11
f 329/782/12 332/789/12 335/794/12 334/792/12
f 333/791/15 330/785/15 329/783/15 334/793/15
f 331/787/17 336/796/17 335/795/17 332/790/17
f 337/798/14 342/809/14 341/808/14 338/801/14
f 343/810/16 340/806/16 339/804/16 344/812/16
f 333/791/13 342/809/13 337/798/13 330/785/13
s 1
f 351/826/42 347/818/43 345/813/44 346/815/45 348/820/46 349/822/47 350/824/48 352/828/49
f 358/837/50 351/827/42 352/829/49 360/839/51
f 360/840/51 352/830/49 350/825/48 359/838/52
f 351/827/42 358/837/50 355/834/53 347/819/43
f 347/819/43 355/834/53 353/831/54 345/814/44
f 359/838/52 350/825/48 349/823/47 357/836/55
f 357/836/55 349/823/47 348/821/46 356/835/56
f 345/814/44 353/831/54 354/832/57 346/816/45
f 346/817/45 354/833/57 356/835/56 348/821/46
s 0
f 369/857/19 370/859/19 371/862/19 372/865/19 363/846/19 364/848/19 361/841/19 362/844/19
f 373/867/18 376/871/18 371/863/18 370/860/18
f 375/870/11 368/856/11 363/847/11 372/866/11
f 361/842/12 364/849/12 367/854/12 366/852/12
f 365/851/15 362/845/15 361/843/15 366/853/15
f 363/847/17 368/856/17 367/855/17 364/850/17
f 369/858/14 374/869/14 373/868/14 370/861/14
f 375/870/16 372/866/16 371/864/16 376/872/16
f 365/851/13 374/869/13 369/858/13 362/845/13
s 1
f 383/886/47 379/878/48 377/873/49 378/875/42 380/880/43 381/882/44 382/884/45 384/888/46
f 390/897/55 383/887/47 384/889/46 392/899/56
f 392/900/56 384/890/46 382/885/45 391/898/57
f 383/887/47 390/897/55 387/894/52 379/879/48
f 379/879/48 387/894/52 385/891/51 377/874/49
f 391/898/57 382/885/45 381/883/44 389/896/54
f 389/896/54 381/883/44 380/881/43 388/895/58
f 377/874/49 385/891/51 386/892/50 378/876/42
f 378/877/42 386/893/50 388/895/58 380/881/43
s 0
f 401/917/19 402/919/19 403/922/19 404/925/19 395/906/19 396/908/19 393/901/19 394/904/19
f 405/927/18 408/931/18 403/923/18 402/920/18
f 407/930/11 400/916/11 395/907/11 404/926/11
f 393/902/12 396/909/12 399/914/12 398/912/12
f 397/911/15 394/905/15 393/903/15 398/913/15
f 395/907/17 400/916/17 399/915/17 396/910/17
f 401/918/14 406/929/14 405/928/14 402/921/14
f 407/930/16 404/926/16 403/924/16 408/932/16
f 397/911/13 406/929/13 401/918/13 394/905/13
s 1
f 415/946/27 411/938/28 409/933/29 410/935/30 412/940/31 413/942/32 414/944/33 416/948/26
f 422/957/37 415/947/27 416/949/26 424/959/34
f 424/960/34 416/950/26 414/945/33 423/958/35
f 415/947/27 422/957/37 419/954/38 411/939/28
f 411/939/28 419/954/38 417/951/41 409/934/29
f 423/958/35 414/945/33 413/943/32 421/956/36
f 421/956/36 413/943/32 412/941/31 420/955/39
f 409/934/29 417/951/41 418/952/40 410/936/30
f 410/937/30 418/953/40 420/955/39 412/941/31
s 0
f 429/971/11 430/973/11 428/968/11 427/965/11
f 433/977/19 434/980/19 426/963/19 425/961/19
f 431/975/18 429/972/18 427/966/18 433/978/18
f 432/976/12 426/964/12 434/981/12
f 430/974/12 432/976/12 434/981/12 428/969/12
f 431/975/18 433/978/18 425/962/18
f 427/967/59 428/970/59 434/982/59 433/979/59
f 439/993/11 440/995/11 438/990/11 437/987/11
f 443/999/19 444/1002/19 436/985/19 435/983/19
f 441/997/18 439/994/18 437/988/18 443/1000/18
f 442/998/12 436/986/12 444/1003/12
f 440/996/12 442/998/12 444/1003/12 438/991/12
f 441/997/18 443/1000/18 435/984/18
f 437/989/59 438/992/59 444/1004/59 443/1001/59
f 449/1015/11 450/1017/11 448/1012/11 447/1009/11
f 453/1021/19 454/1024/19 446/1007/19 445/1005/19
f 451/1019/18 449/1016/18 447/1010/18 453/1022/18
f 452/1020/12 446/1008/12 454/1025/12
f 450/1018/12 452/1020/12 454/1025/12 448/1013/12
f 451/1019/18 453/1022/18 445/1006/18
f 447/1011/59 448/1014/59 454/1026/59 453/1023/59
f 459/1037/11 460/1039/11 458/1034/11 457/1031/11
f 463/1043/19 464/1046/19 456/1029/19 455/1027/19
f 461/1041/18 459/1038/18 457/1032/18 463/1044/18
f 462/1042/12 456/1030/12 464/1047/12
f 460/1040/12 462/1042/12 464/1047/12 458/1035/12
f 461/1041/18 463/1044/18 455/1028/18
f 457/1033/59 458/1036/59 464/1048/59 463/1045/59
f 469/1059/13 470/1061/13 468/1056/13 467/1053/13
f 473/1065/19 474/1068/19 466/1051/19 465/1049/19
f 471/1063/12 469/1060/12 467/1054/12 473/1066/12
f 472/1064/18 466/1052/18 474/1069/18
f 470/1062/18 472/1064/18 474/1069/18 468/1057/18
f 471/1063/12 473/1066/12 465/1050/12
f 467/1055/60 468/1058/60 474/1070/60 473/1067/60
f 479/1081/13 480/1083/13 478/1078/13 477/1075/13
f 483/1087/19 484/1090/19 476/1073/19 475/1071/19
f 481/1085/12 479/1082/12 477/1076/12 483/1088/12
f 482/1086/18 476/1074/18 484/1091/18
f 480/1084/18 482/1086/18 484/1091/18 478/1079/18
f 481/1085/12 483/1088/12 475/1072/12
f 477/1077/60 478/1080/60 484/1092/60 483/1089/60
f 489/1103/13 490/1105/13 488/1100/13 487/1097/13
f 493/1109/19 494/1112/19 486/1095/19 485/1093/19
f 491/1107/12 489/1104/12 487/1098/12 493/1110/12
f 492/1108/18 486/1096/18 494/1113/18
f 490/1106/18 492/1108/18 494/1113/18 488/1101/18
f 491/1107/12 493/1110/12 485/1094/12
f 487/1099/60 488/1102/60 494/1114/60 493/1111/60
f 499/1125/13 500/1127/13 498/1122/13 497/1119/13
f 503/1131/19 504/1134/19 496/1117/19 495/1115/19
f 501/1129/12 499/1126/12 497/1120/12 503/1132/12
f 502/1130/18 496/1118/18 504/1135/18
f 500/1128/18 502/1130/18 504/1135/18 498/1123/18
f 501/1129/12 503/1132/12 495/1116/12
f 497/1121/60 498/1124/60 504/1136/60 503/1133/60
f 505/1137/12 506/1140/12 508/1145/12 507/1143/12
f 511/1153/18 512/1155/18 510/1150/18 509/1147/18
f 509/1148/19 510/1151/19 506/1141/19 505/1138/19
f 507/1144/13 511/1154/13 509/1149/13 505/1139/13
f 512/1156/11 508/1146/11 506/1142/11 510/1152/11
s 1
f 519/1168/61 521/1172/61 514/1159/61 513/1157/61
f 513/1157/62 514/1159/62 517/1165/62 515/1160/62
f 527/1183/63 523/1174/63 516/1163/63 518/1167/63
f 518/1167/64 516/1163/64 515/1161/64 517/1166/64
f 526/1181/65 524/1176/65 525/1179/65 528/1184/65
f 528/1184/66 525/1179/66 523/1174/66 527/1183/66
f 521/1172/67 519/1168/67 520/1170/67 522/1173/67
f 522/1173/68 520/1170/68 524/1177/68 526/1182/68
f 515/1162/69 516/1164/69 523/1175/69 525/1180/69 524/1178/69 520/1171/69 519/1169/69 513/1158/69
f 529/1187/12 530/1188/12 532/1193/12 531/1192/12
f 531/1190/11 532/1194/11 536/1203/11 535/1200/11
f 535/1202/18 536/1204/18 534/1198/18 533/1197/18
f 533/1195/13 534/1199/13 530/1189/13 529/1185/13
f 533/1196/70 529/1186/70 537/1205/70 539/1211/70
f 538/1208/69 540/1214/69 539/1212/69 537/1206/69
f 531/1191/71 535/1201/71 540/1215/71 538/1209/71
f 529/1187/12 531/1192/12 538/1210/12 537/1207/12
f 535/1202/18 533/1197/18 539/1213/18 540/1216/18
f 541/1219/12 542/1220/12 544/1225/12 543/1224/12
f 543/1222/11 544/1226/11 548/1235/11 547/1232/11
f 547/1234/18 548/1236/18 546/1230/18 545/1229/18
f 545/1227/13 546/1231/13 542/1221/13 541/1217/13
f 545/1228/70 541/1218/70 549/1237/70 551/1243/70
f 550/1240/69 552/1246/69 551/1244/69 549/1238/69
f 543/1223/71 547/1233/71 552/1247/71 550/1241/71
f 541/1219/12 543/1224/12 550/1242/12 549/1239/12
f 547/1234/18 545/1229/18 551/1245/18 552/1248/18
f 566/1278/19 568/1283/19 567/1280/19 558/1259/19 557/1257/19 554/1251/19 561/1266/19 562/1269/19
f 587/1307/13 561/1267/13 554/1252/15 569/1285/15
f 569/1285/15 554/1252/15 557/1258/12 577/1293/12
f 584/1301/11 563/1271/11 556/1255/17 572/1288/17
f 572/1288/17 556/1255/17 555/1254/12 575/1291/12
f 580/1296/18 564/1274/18 565/1276/16 581/1297/16
f 581/1297/16 565/1276/16 563/1272/11 584/1300/11
f 589/1310/13 559/1261/13 560/1264/14 590/1312/14
f 590/1312/14 560/1264/14 564/1274/18 580/1296/18
f 555/1253/69 556/1256/69 563/1273/69 565/1277/69 564/1275/69 560/1265/69 559/1262/69 553/1249/69
f 562/1270/14 592/1314/14 578/1294/18 566/1279/18
f 592/1314/72 591/1313/72 579/1295/73 578/1294/73
f 591/1313/74 590/1312/74 580/1296/75 579/1295/75
f 561/1268/13 587/1306/13 592/1314/14 562/1270/14
f 587/1306/76 588/1308/76 591/1313/72 592/1314/72
f 588/1308/77 589/1310/77 590/1312/74 591/1313/74
f 568/1284/16 583/1299/16 586/1304/11 567/1281/11
f 583/1299/78 582/1298/78 585/1302/79 586/1304/79
f 582/1298/80 581/1297/80 584/1300/81 585/1302/81
f 566/1279/18 578/1294/18 583/1299/16 568/1284/16
f 578/1294/73 579/1295/73 582/1298/78 583/1299/78
f 579/1295/75 580/1296/75 581/1297/80 582/1298/80
f 558/1260/17 574/1290/17 577/1293/12 557/1258/12
f 574/1290/82 573/1289/82 576/1292/83 577/1293/83
f 573/1289/84 572/1288/84 575/1291/85 576/1292/85
f 567/1282/11 586/1305/11 574/1290/17 558/1260/17
f 586/1305/79 585/1303/79 573/1289/82 574/1290/82
f 585/1303/81 584/1301/81 572/1288/84 573/1289/84
f 553/1250/15 571/1287/15 575/1291/12 555/1254/12
f 571/1287/86 570/1286/86 576/1292/85 575/1291/85
f 570/1286/87 569/1285/87 577/1293/83 576/1292/83
f 559/1263/13 589/1311/13 571/1287/15 553/1250/15
f 589/1311/77 588/1309/77 570/1286/86 571/1287/86
f 588/1309/76 587/1307/76 569/1285/87 570/1286/87
f 599/1326/61 601/1330/61 594/1317/61 593/1315/61
f 593/1315/62 594/1317/62 597/1323/62 595/1318/62
f 607/1341/63 603/1332/63 596/1321/63 598/1325/63
f 598/1325/64 596/1321/64 595/1319/64 597/1324/64
f 606/1339/65 604/1334/65 605/1337/65 608/1342/65
f 608/1342/66 605/1337/66 603/1332/66 607/1341/66
f 601/1330/67 599/1326/67 600/1328/67 602/1331/67
f 602/1331/68 600/1328/68 604/1335/68 606/1340/68
f 595/1320/69 596/1322/69 603/1333/69 605/1338/69 604/1336/69 600/1329/69 599/1327/69 593/1316/69
f 609/1345/12 610/1346/12 612/1351/12 611/1350/12
f 611/1348/11 612/1352/11 616/1361/11 615/1358/11
f 615/1360/18 616/1362/18 614/1356/18 613/1355/18
f 613/1353/13 614/1357/13 610/1347/13 609/1343/13
f 613/1354/70 609/1344/70 617/1363/70 619/1369/70
f 618/1366/69 620/1372/69 619/1370/69 617/1364/69
f 611/1349/71 615/1359/71 620/1373/71 618/1367/71
f 609/1345/12 611/1350/12 618/1368/12 617/1365/12
f 615/1360/18 613/1355/18 619/1371/18 620/1374/18
f 621/1377/12 622/1378/12 624/1383/12 623/1382/12
f 623/1380/11 624/1384/11 628/1393/11 627/1390/11
f 627/1392/18 628/1394/18 626/1388/18 625/1387/18
f 625/1385/13 626/1389/13 622/1379/13 621/1375/13
f 625/1386/70 621/1376/70 629/1395/70 631/1401/70
f 630/1398/69 632/1404/69 631/1402/69 629/1396/69
f 623/1381/71 627/1391/71 632/1405/71 630/1399/71
f 621/1377/12 623/1382/12 630/1400/12 629/1397/12
f 627/1392/18 625/1387/18 631/1403/18 632/1406/18
f 646/1436/19 648/1441/19 647/1438/19 638/1417/19 637/1415/19 634/1409/19 641/1424/19 642/1427/19
f 667/1465/13 641/1425/13 634/1410/15 649/1443/15
f 649/1443/15 634/1410/15 637/1416/12 657/1451/12
f 664/1459/11 643/1429/11 636/1413/17 652/1446/17
f 652/1446/17 636/1413/17 635/1412/12 655/1449/12
f 660/1454/18 644/1432/18 645/1434/16 661/1455/16
f 661/1455/16 645/1434/16 643/1430/11 664/1458/11
f 669/1468/13 639/1419/13 640/1422/14 670/1470/14
f 670/1470/14 640/1422/14 644/1432/18 660/1454/18
f 635/1411/69 636/1414/69 643/1431/69 645/1435/69 644/1433/69 640/1423/69 639/1420/69 633/1407/69
f 642/1428/14 672/1472/14 658/1452/18 646/1437/18
f 672/1472/88 671/1471/88 659/1453/89 658/1452/89
f 671/1471/90 670/1470/90 660/1454/91 659/1453/91
f 641/1426/13 667/1464/13 672/1472/14 642/1428/14
f 667/1464/92 668/1466/92 671/1471/88 672/1472/88
f 668/1466/93 669/1468/93 670/1470/90 671/1471/90
f 648/1442/16 663/1457/16 666/1462/11 647/1439/11
f 663/1457/94 662/1456/94 665/1460/95 666/1462/95
f 662/1456/96 661/1455/96 664/1458/97 665/1460/97
f 646/1437/18 658/1452/18 663/1457/16 648/1442/16
f 658/1452/89 659/1453/89 662/1456/94 663/1457/94
f 659/1453/91 660/1454/91 661/1455/96 662/1456/96
f 638/1418/17 654/1448/17 657/1451/12 637/1416/12
f 654/1448/98 653/1447/98 656/1450/99 657/1451/99
f 653/1447/100 652/1446/100 655/1449/101 656/1450/101
f 647/1440/11 666/1463/11 654/1448/17 638/1418/17
f 666/1463/95 665/1461/95 653/1447/98 654/1448/98
f 665/1461/97 664/1459/97 652/1446/100 653/1447/100
f 633/1408/15 651/1445/15 655/1449/12 635/1412/12
f 651/1445/102 650/1444/102 656/1450/101 655/1449/101
f 650/1444/103 649/1443/103 657/1451/99 656/1450/99
f 639/1421/13 669/1469/13 651/1445/15 633/1408/15
f 669/1469/93 668/1467/93 650/1444/102 651/1445/102
f 668/1467/92 667/1465/92 649/1443/103 650/1444/103
f 686/1502/13 688/1507/13 687/1504/13 678/1483/13 677/1481/13 674/1475/13 681/1490/13 682/1493/13
f 679/1485/69 681/1491/69 674/1476/25 673/1473/25
f 673/1473/25 674/1476/25 677/1482/12 675/1477/12
f 687/1505/19 683/1495/19 676/1479/104 678/1484/104
f 678/1484/104 676/1479/104 675/1477/12 677/1482/12
f 686/1503/18 684/1498/18 685/1500/105 688/1508/105
f 688/1508/105 685/1500/105 683/1496/19 687/1506/19
f 681/1492/69 679/1486/69 680/1488/24 682/1494/24
f 682/1494/24 680/1488/24 684/1498/18 686/1503/18
f 675/1478/11 676/1480/11 683/1497/11 685/1501/11 684/1499/11 680/1489/11 679/1487/11 673/1474/11
f 695/1520/106 697/1524/106 690/1511/106 689/1509/106
f 689/1509/107 690/1511/107 693/1517/107 691/1512/107
f 703/1535/108 699/1526/108 692/1515/108 694/1519/108
f 694/1519/109 692/1515/109 691/1513/109 693/1518/109
f 702/1533/110 700/1528/110 701/1531/110 704/1536/110
f 704/1536/111 701/1531/111 699/1526/111 703/1535/111
f 697/1524/112 695/1520/112 696/1522/112 698/1525/112
f 698/1525/113 696/1522/113 700/1529/113 702/1534/113
f 691/1514/11 692/1516/11 699/1527/11 701/1532/11 700/1530/11 696/1523/11 695/1521/11 689/1510/11
f 729/1604/12 706/1540/12 708/1545/12 730/1607/12
f 730/1605/114 708/1546/19 712/1557/19 731/1608/114
f 731/1609/18 712/1558/18 710/1551/18 732/1613/18
f 732/1612/115 710/1552/69 706/1541/69 729/1603/115
f 709/1547/70 705/1537/70 713/1559/70 715/1565/70
f 714/1562/69 716/1568/69 715/1566/69 713/1560/69
f 707/1542/71 711/1553/71 716/1569/71 714/1563/71
f 705/1539/12 707/1544/12 714/1564/12 713/1561/12
f 711/1554/18 709/1548/18 715/1567/18 716/1570/18
f 733/1615/12 718/1574/12 720/1579/12 734/1618/12
f 734/1616/114 720/1580/19 724/1589/19 735/1619/114
f 735/1620/18 724/1590/18 722/1584/18 736/1623/18
f 736/1622/115 722/1585/69 718/1575/69 733/1614/115
f 721/1581/70 717/1571/70 725/1591/70 727/1597/70
f 726/1594/69 728/1600/69 727/1598/69 725/1592/69
f 719/1576/71 723/1586/71 728/1601/71 726/1595/71
f 717/1573/12 719/1578/12 726/1596/12 725/1593/12
f 723/1587/18 721/1583/18 727/1599/18 728/1602/18
f 709/1549/116 732/1612/115 729/1603/115 705/1538/116
f 711/1555/18 731/1610/18 732/1613/18 709/1550/18
f 707/1543/11 730/1606/114 731/1611/114 711/1556/11
f 705/1539/12 729/1604/12 730/1607/12 707/1544/12
f 721/1582/116 736/1622/115 733/1614/115 717/1572/116
f 723/1587/18 735/1620/18 736/1623/18 721/1583/18
f 719/1577/11 734/1617/114 735/1621/114 723/1588/11
f 717/1573/12 733/1615/12 734/1618/12 719/1578/12
f 743/1635/112 745/1639/112 738/1626/112 737/1624/112
f 737/1624/113 738/1626/113 741/1632/113 739/1627/113
f 751/1650/111 747/1641/111 740/1630/111 742/1634/111
f 742/1634/110 740/1630/110 739/1628/110 741/1633/110
f 750/1648/109 748/1643/109 749/1646/109 752/1651/109
f 752/1651/108 749/1646/108 747/1641/108 751/1650/108
f 745/1639/106 743/1635/106 744/1637/106 746/1640/106
f 746/1640/107 744/1637/107 748/1644/107 750/1649/107
f 739/1629/13 740/1631/13 747/1642/13 749/1647/13 748/1645/13 744/1638/13 743/1636/13 737/1625/13
f 777/1719/18 754/1655/18 756/1660/18 778/1722/18
f 778/1720/117 756/1661/19 760/1672/19 779/1723/117
f 779/1724/12 760/1673/12 758/1666/12 780/1728/12
f 780/1727/118 758/1667/69 754/1656/69 777/1718/118
f 757/1662/71 753/1652/71 761/1674/71 763/1680/71
f 762/1677/69 764/1683/69 763/1681/69 761/1675/69
f 755/1657/70 759/1668/70 764/1684/70 762/1678/70
f 753/1654/18 755/1659/18 762/1679/18 761/1676/18
f 759/1669/12 757/1663/12 763/1682/12 764/1685/12
f 781/1730/18 766/1689/18 768/1694/18 782/1733/18
f 782/1731/117 768/1695/19 772/1704/19 783/1734/117
f 783/1735/12 772/1705/12 770/1699/12 784/1738/12
f 784/1737/118 770/1700/69 766/1690/69 781/1729/118
f 769/1696/71 765/1686/71 773/1706/71 775/1712/71
f 774/1709/69 776/1715/69 775/1713/69 773/1707/69
f 767/1691/70 771/1701/70 776/1716/70 774/1710/70
f 765/1688/18 767/1693/18 774/1711/18 773/1708/18
f 771/1702/12 769/1698/12 775/1714/12 776/1717/12
f 757/1664/119 780/1727/118 777/1718/118 753/1653/119
f 759/1670/12 779/1725/12 780/1728/12 757/1665/12
f 755/1658/13 778/1721/117 779/1726/117 759/1671/13
f 753/1654/18 777/1719/18 778/1722/18 755/1659/18
f 769/1697/119 784/1737/118 781/1729/118 765/1687/119
f 771/1702/12 783/1735/12 784/1738/12 769/1698/12
f 767/1692/13 782/1732/117 783/1736/117 771/1703/13
f 765/1688/18 781/1730/18 782/1733/18 767/1693/18
f 798/1768/13 800/1773/13 799/1770/13 790/1749/13 789/1747/13 786/1741/13 793/1756/13 794/1759/13
f 791/1751/69 793/1757/69 786/1742/25 785/1739/25
f 785/1739/25 786/1742/25 789/1748/12 787/1743/12
f 799/1771/19 795/1761/19 788/1745/104 790/1750/104
f 790/1750/104 788/1745/104 787/1743/12 789/1748/12
f 798/1769/18 796/1764/18 797/1766/105 800/1774/105
f 800/1774/105 797/1766/105 795/1762/19 799/1772/19
f 793/1758/69 791/1752/69 792/1754/24 794/1760/24
f 794/1760/24 792/1754/24 796/1764/18 798/1769/18
f 787/1744/11 788/1746/11 795/1763/11 797/1767/11 796/1765/11 792/1755/11 791/1753/11 785/1740/11
f 807/1786/106 809/1790/106 802/1777/106 801/1775/106
f 801/1775/107 802/1777/107 805/1783/107 803/1778/107
f 815/1801/108 811/1792/108 804/1781/108 806/1785/108
f 806/1785/109 804/1781/109 803/1779/109 805/1784/109
f 814/1799/110 812/1794/110 813/1797/110 816/1802/110
f 816/1802/111 813/1797/111 811/1792/111 815/1801/111
f 809/1790/112 807/1786/112 808/1788/112 810/1791/112
f 810/1791/113 808/1788/113 812/1795/113 814/1800/113
f 803/1780/11 804/1782/11 811/1793/11 813/1798/11 812/1796/11 808/1789/11 807/1787/11 801/1776/11
f 841/1870/12 818/1806/12 820/1811/12 842/1873/12
f 842/1871/114 820/1812/19 824/1823/19 843/1874/114
f 843/1875/18 824/1824/18 822/1817/18 844/1879/18
f 844/1878/115 822/1818/69 818/1807/69 841/1869/115
f 821/1813/70 817/1803/70 825/1825/70 827/1831/70
f 826/1828/69 828/1834/69 827/1832/69 825/1826/69
f 819/1808/71 823/1819/71 828/1835/71 826/1829/71
f 817/1805/12 819/1810/12 826/1830/12 825/1827/12
f 823/1820/18 821/1814/18 827/1833/18 828/1836/18
f 845/1881/12 830/1840/12 832/1845/12 846/1884/12
f 846/1882/114 832/1846/19 836/1855/19 847/1885/114
f 847/1886/18 836/1856/18 834/1850/18 848/1889/18
f 848/1888/115 834/1851/69 830/1841/69 845/1880/115
f 833/1847/70 829/1837/70 837/1857/70 839/1863/70
f 838/1860/69 840/1866/69 839/1864/69 837/1858/69
f 831/1842/71 835/1852/71 840/1867/71 838/1861/71
f 829/1839/12 831/1844/12 838/1862/12 837/1859/12
f 835/1853/18 833/1849/18 839/1865/18 840/1868/18
f 821/1815/116 844/1878/115 841/1869/115 817/1804/116
f 823/1821/18 843/1876/18 844/1879/18 821/1816/18
f 819/1809/11 842/1872/114 843/1877/114 823/1822/11
f 817/1805/12 841/1870/12 842/1873/12 819/1810/12
f 833/1848/116 848/1888/115 845/1880/115 829/1838/116
f 835/1853/18 847/1886/18 848/1889/18 833/1849/18
f 831/1843/11 846/1883/114 847/1887/114 835/1854/11
f 829/1839/12 845/1881/12 846/1884/12 831/1844/12
f 855/1901/112 857/1905/112 850/1892/112 849/1890/112
f 849/1890/113 850/1892/113 853/1898/113 851/1893/113
f 863/1916/111 859/1907/111 852/1896/111 854/1900/111
f 854/1900/110 852/1896/110 851/1894/110 853/1899/110
f 862/1914/109 860/1909/109 861/1912/109 864/1917/109
f 864/1917/108 861/1912/108 859/1907/108 863/1916/108
f 857/1905/106 855/1901/106 856/1903/106 858/1906/106
f 858/1906/107 856/1903/107 860/1910/107 862/1915/107
f 851/1895/13 852/1897/13 859/1908/13 861/1913/13 860/1911/13 856/1904/13 855/1902/13 849/1891/13
f 889/1985/18 866/1921/18 868/1926/18 890/1988/18
f 890/1986/117 868/1927/19 872/1938/19 891/1989/117
f 891/1990/12 872/1939/12 870/1932/12 892/1994/12
f 892/1993/118 870/1933/69 866/1922/69 889/1984/118
f 869/1928/71 865/1918/71 873/1940/71 875/1946/71
f 874/1943/69 876/1949/69 875/1947/69 873/1941/69
f 867/1923/70 871/1934/70 876/1950/70 874/1944/70
f 865/1920/18 867/1925/18 874/1945/18 873/1942/18
f 871/1935/12 869/1929/12 875/1948/12 876/1951/12
f 893/1996/18 878/1955/18 880/1960/18 894/1999/18
f 894/1997/117 880/1961/19 884/1970/19 895/2000/117
f 895/2001/12 884/1971/12 882/1965/12 896/2004/12
f 896/2003/120 882/1966/69 878/1956/69 893/1995/118
f 881/1962/71 877/1952/71 885/1972/71 887/1978/71
f 886/1975/69 888/1981/69 887/1979/69 885/1973/69
f 879/1957/70 883/1967/70 888/1982/70 886/1976/70
f 877/1954/18 879/1959/18 886/1977/18 885/1974/18
f 883/1968/12 881/1964/12 887/1980/12 888/1983/12
f 869/1930/119 892/1993/118 889/1984/118 865/1919/119
f 871/1936/12 891/1991/12 892/1994/12 869/1931/12
f 867/1924/13 890/1987/117 891/1992/117 871/1937/13
f 865/1920/18 889/1985/18 890/1988/18 867/1925/18
f 881/1963/119 896/2003/120 893/1995/118 877/1953/119
f 883/1968/12 895/2001/12 896/2004/12 881/1964/12
f 879/1958/13 894/1998/117 895/2002/117 883/1969/13
f 877/1954/18 893/1996/18 894/1999/18 879/1959/18
f 910/2034/13 912/2039/13 911/2036/13 902/2015/13 901/2013/13 898/2007/13 905/2022/13 906/2025/13
f 903/2017/69 905/2023/69 898/2008/25 897/2005/25
f 897/2005/25 898/2008/25 901/2014/12 899/2009/12
f 911/2037/19 907/2027/19 900/2011/104 902/2016/104
f 902/2016/104 900/2011/104 899/2009/12 901/2014/12
f 910/2035/18 908/2030/18 909/2032/105 912/2040/105
f 912/2040/105 909/2032/105 907/2028/19 911/2038/19
f 905/2024/69 903/2018/69 904/2020/24 906/2026/24
f 906/2026/24 904/2020/24 908/2030/18 910/2035/18
f 899/2010/11 900/2012/11 907/2029/11 909/2033/11 908/2031/11 904/2021/11 903/2019/11 897/2006/11
f 919/2052/106 921/2056/106 914/2043/106 913/2041/106
f 913/2041/107 914/2043/107 917/2049/107 915/2044/107
f 927/2067/108 923/2058/108 916/2047/108 918/2051/108
f 918/2051/109 916/2047/109 915/2045/109 917/2050/109
f 926/2065/110 924/2060/110 925/2063/110 928/2068/110
f 928/2068/111 925/2063/111 923/2058/111 927/2067/111
f 921/2056/112 919/2052/112 920/2054/112 922/2057/112
f 922/2057/113 920/2054/113 924/2061/113 926/2066/113
f 915/2046/11 916/2048/11 923/2059/11 925/2064/11 924/2062/11 920/2055/11 919/2053/11 913/2042/11
f 953/2136/12 930/2072/12 932/2077/12 954/2139/12
f 954/2137/114 932/2078/19 936/2089/19 955/2140/114
f 955/2141/18 936/2090/18 934/2083/18 956/2145/18
f 956/2144/115 934/2084/69 930/2073/69 953/2135/115
f 933/2079/70 929/2069/70 937/2091/70 939/2097/70
f 938/2094/69 940/2100/69 939/2098/69 937/2092/69
f 931/2074/71 935/2085/71 940/2101/71 938/2095/71
f 929/2071/12 931/2076/12 938/2096/12 937/2093/12
f 935/2086/18 933/2080/18 939/2099/18 940/2102/18
f 957/2147/12 942/2106/12 944/2111/12 958/2150/12
f 958/2148/114 944/2112/19 948/2121/19 959/2151/114
f 959/2152/18 948/2122/18 946/2116/18 960/2155/18
f 960/2154/115 946/2117/69 942/2107/69 957/2146/115
f 945/2113/70 941/2103/70 949/2123/70 951/2129/70
f 950/2126/69 952/2132/69 951/2130/69 949/2124/69
f 943/2108/71 947/2118/71 952/2133/71 950/2127/71
f 941/2105/12 943/2110/12 950/2128/12 949/2125/12
f 947/2119/18 945/2115/18 951/2131/18 952/2134/18
f 933/2081/116 956/2144/115 953/2135/115 929/2070/116
f 935/2087/18 955/2142/18 956/2145/18 933/2082/18
f 931/2075/11 954/2138/114 955/2143/114 935/2088/11
f 929/2071/12 953/2136/12 954/2139/12 931/2076/12
f 945/2114/116 960/2154/115 957/2146/115 941/2104/116
f 947/2119/18 959/2152/18 960/2155/18 945/2115/18
f 943/2109/11 958/2149/114 959/2153/114 947/2120/11
f 941/2105/12 957/2147/12 958/2150/12 943/2110/12
f 967/2167/112 969/2171/112 962/2158/112 961/2156/112
f 961/2156/113 962/2158/113 965/2164/113 963/2159/113
f 975/2182/111 971/2173/111 964/2162/111 966/2166/111
f 966/2166/110 964/2162/110 963/2160/110 965/2165/110
f 974/2180/109 972/2175/109 973/2178/109 976/2183/109
f 976/2183/108 973/2178/108 971/2173/108 975/2182/108
f 969/2171/106 967/2167/106 968/2169/106 970/2172/106
f 970/2172/107 968/2169/107 972/2176/107 974/2181/107
f 963/2161/13 964/2163/13 971/2174/13 973/2179/13 972/2177/13 968/2170/13 967/2168/13 961/2157/13
f 1001/2251/18 978/2187/18 980/2192/18 1002/2254/18
f 1002/2252/117 980/2193/19 984/2204/19 1003/2255/117
f 1003/2256/12 984/2205/12 982/2198/12 1004/2260/12
f 1004/2259/118 982/2199/69 978/2188/69 1001/2250/118
f 981/2194/71 977/2184/71 985/2206/71 987/2212/71
f 986/2209/69 988/2215/69 987/2213/69 985/2207/69
f 979/2189/70 983/2200/70 988/2216/70 986/2210/70
f 977/2186/18 979/2191/18 986/2211/18 985/2208/18
f 983/2201/12 981/2195/12 987/2214/12 988/2217/12
f 1005/2262/18 990/2221/18 992/2226/18 1006/2265/18
f 1006/2263/117 992/2227/19 996/2236/19 1007/2266/117
f 1007/2267/12 996/2237/12 994/2231/12 1008/2270/12
f 1008/2269/118 994/2232/69 990/2222/69 1005/2261/118
f 993/2228/71 989/2218/71 997/2238/71 999/2244/71
f 998/2241/69 1000/2247/69 999/2245/69 997/2239/69
f 991/2223/70 995/2233/70 1000/2248/70 998/2242/70
f 989/2220/18 991/2225/18 998/2243/18 997/2240/18
f 995/2234/12 993/2230/12 999/2246/12 1000/2249/12
f 981/2196/119 1004/2259/118 1001/2250/118 977/2185/119
f 983/2202/12 1003/2257/12 1004/2260/12 981/2197/12
f 979/2190/13 1002/2253/117 1003/2258/117 983/2203/13
f 977/2186/18 1001/2251/18 1002/2254/18 979/2191/18
f 993/2229/119 1008/2269/118 1005/2261/118 989/2219/119
f 995/2234/12 1007/2267/12 1008/2270/12 993/2230/12
f 991/2224/13 1006/2264/117 1007/2268/117 995/2235/13
f 989/2220/18 1005/2262/18 1006/2265/18 991/2225/18
f 1022/2300/13 1024/2305/13 1023/2302/13 1014/2281/13 1013/2279/13 1010/2273/13 1017/2288/13 1018/2291/13
f 1015/2283/69 1017/2289/69 1010/2274/25 1009/2271/25
f 1009/2271/25 1010/2274/25 1013/2280/12 1011/2275/12
f 1023/2303/19 1019/2293/19 1012/2277/104 1014/2282/104
f 1014/2282/104 1012/2277/104 1011/2275/12 1013/2280/12
f 1022/2301/18 1020/2296/18 1021/2298/105 1024/2306/105
f 1024/2306/105 1021/2298/105 1019/2294/19 1023/2304/19
f 1017/2290/69 1015/2284/69 1016/2286/24 1018/2292/24
f 1018/2292/24 1016/2286/24 1020/2296/18 1022/2301/18
f 1011/2276/11 1012/2278/11 1019/2295/11 1021/2299/11 1020/2297/11 1016/2287/11 1015/2285/11 1009/2272/11
f 1031/2318/106 1033/2322/106 1026/2309/106 1025/2307/106
f 1025/2307/107 1026/2309/107 1029/2315/107 1027/2310/107
f 1039/2333/108 1035/2324/108 1028/2313/108 1030/2317/108
f 1030/2317/109 1028/2313/109 1027/2311/109 1029/2316/109
f 1038/2331/110 1036/2326/110 1037/2329/110 1040/2334/110
f 1040/2334/111 1037/2329/111 1035/2324/111 1039/2333/111
f 1033/2322/112 1031/2318/112 1032/2320/112 1034/2323/112
f 1034/2323/113 1032/2320/113 1036/2327/113 1038/2332/113
f 1027/2312/11 1028/2314/11 1035/2325/11 1037/2330/11 1036/2328/11 1032/2321/11 1031/2319/11 1025/2308/11
f 1065/2402/12 1042/2338/12 1044/2343/12 1066/2405/12
f 1066/2403/114 1044/2344/19 1048/2355/19 1067/2406/114
f 1067/2407/18 1048/2356/18 1046/2349/18 1068/2411/18
f 1068/2410/115 1046/2350/69 1042/2339/69 1065/2401/115
f 1045/2345/70 1041/2335/70 1049/2357/70 1051/2363/70
f 1050/2360/69 1052/2366/69 1051/2364/69 1049/2358/69
f 1043/2340/71 1047/2351/71 1052/2367/71 1050/2361/71
f 1041/2337/12 1043/2342/12 1050/2362/12 1049/2359/12
f 1047/2352/18 1045/2346/18 1051/2365/18 1052/2368/18
f 1069/2413/12 1054/2372/12 1056/2377/12 1070/2416/12
f 1070/2414/114 1056/2378/19 1060/2387/19 1071/2417/114
f 1071/2418/18 1060/2388/18 1058/2382/18 1072/2421/18
f 1072/2420/115 1058/2383/69 1054/2373/69 1069/2412/115
f 1057/2379/70 1053/2369/70 1061/2389/70 1063/2395/70
f 1062/2392/69 1064/2398/69 1063/2396/69 1061/2390/69
f 1055/2374/71 1059/2384/71 1064/2399/71 1062/2393/71
f 1053/2371/12 1055/2376/12 1062/2394/12 1061/2391/12
f 1059/2385/18 1057/2381/18 1063/2397/18 1064/2400/18
f 1045/2347/116 1068/2410/115 1065/2401/115 1041/2336/116
f 1047/2353/18 1067/2408/18 1068/2411/18 1045/2348/18
f 1043/2341/11 1066/2404/114 1067/2409/114 1047/2354/11
f 1041/2337/12 1065/2402/12 1066/2405/12 1043/2342/12
f 1057/2380/116 1072/2420/115 1069/2412/115 1053/2370/116
f 1059/2385/18 1071/2418/18 1072/2421/18 1057/2381/18
f 1055/2375/11 1070/2415/114 1071/2419/114 1059/2386/11
f 1053/2371/12 1069/2413/12 1070/2416/12 1055/2376/12
f 1079/2433/112 1081/2437/112 1074/2424/112 1073/2422/112
f 1073/2422/113 1074/2424/113 1077/2430/113 1075/2425/113
f 1087/2448/111 1083/2439/111 1076/2428/111 1078/2432/111
f 1078/2432/110 1076/2428/110 1075/2426/110 1077/2431/110
f 1086/2446/109 1084/2441/109 1085/2444/109 1088/2449/109
f 1088/2449/108 1085/2444/108 1083/2439/108 1087/2448/108
f 1081/2437/106 1079/2433/106 1080/2435/106 1082/2438/106
f 1082/2438/107 1080/2435/107 1084/2442/107 1086/2447/107
f 1075/2427/13 1076/2429/13 1083/2440/13 1085/2445/13 1084/2443/13 1080/2436/13 1079/2434/13 1073/2423/13
f 1113/2517/18 1090/2453/18 1092/2458/18 1114/2520/18
f 1114/2518/117 1092/2459/19 1096/2470/19 1115/2521/117
f 1115/2522/12 1096/2471/12 1094/2464/12 1116/2526/12
f 1116/2525/118 1094/2465/69 1090/2454/69 1113/2516/118
f 1093/2460/71 1089/2450/71 1097/2472/71 1099/2478/71
f 1098/2475/69 1100/2481/69 1099/2479/69 1097/2473/69
f 1091/2455/70 1095/2466/70 1100/2482/70 1098/2476/70
f 1089/2452/18 1091/2457/18 1098/2477/18 1097/2474/18
f 1095/2467/12 1093/2461/12 1099/2480/12 1100/2483/12
f 1117/2528/18 1102/2487/18 1104/2492/18 1118/2531/18
f 1118/2529/117 1104/2493/19 1108/2502/19 1119/2532/117
f 1119/2533/12 1108/2503/12 1106/2497/12 1120/2536/12
f 1120/2535/118 1106/2498/69 1102/2488/69 1117/2527/118
f 1105/2494/71 1101/2484/71 1109/2504/71 1111/2510/71
f 1110/2507/69 1112/2513/69 1111/2511/69 1109/2505/69
f 1103/2489/70 1107/2499/70 1112/2514/70 1110/2508/70
f 1101/2486/18 1103/2491/18 1110/2509/18 1109/2506/18
f 1107/2500/12 1105/2496/12 1111/2512/12 1112/2515/12
f 1093/2462/119 1116/2525/118 1113/2516/118 1089/2451/119
f 1095/2468/12 1115/2523/12 1116/2526/12 1093/2463/12
f 1091/2456/13 1114/2519/117 1115/2524/117 1095/2469/13
f 1089/2452/18 1113/2517/18 1114/2520/18 1091/2457/18
f 1105/2495/119 1120/2535/118 1117/2527/118 1101/2485/119
f 1107/2500/12 1119/2533/12 1120/2536/12 1105/2496/12
f 1103/2490/13 1118/2530/117 1119/2534/117 1107/2501/13
f 1101/2486/18 1117/2528/18 1118/2531/18 1103/2491/18
f 1134/2566/13 1136/2571/13 1135/2568/13 1126/2547/13 1125/2545/13 1122/2539/13 1129/2554/13 1130/2557/13
f 1127/2549/69 1129/2555/69 1122/2540/25 1121/2537/25
f 1121/2537/25 1122/2540/25 1125/2546/12 1123/2541/12
f 1135/2569/19 1131/2559/19 1124/2543/104 1126/2548/104
f 1126/2548/104 1124/2543/104 1123/2541/12 1125/2546/12
f 1134/2567/18 1132/2562/18 1133/2564/105 1136/2572/105
f 1136/2572/105 1133/2564/105 1131/2560/19 1135/2570/19
f 1129/2556/69 1127/2550/69 1128/2552/24 1130/2558/24
f 1130/2558/24 1128/2552/24 1132/2562/18 1134/2567/18
f 1123/2542/11 1124/2544/11 1131/2561/11 1133/2565/11 1132/2563/11 1128/2553/11 1127/2551/11 1121/2538/11
f 1143/2584/106 1145/2588/106 1138/2575/106 1137/2573/106
f 1137/2573/107 1138/2575/107 1141/2581/107 1139/2576/107
f 1151/2599/108 1147/2590/108 1140/2579/108 1142/2583/108
f 1142/2583/109 1140/2579/109 1139/2577/109 1141/2582/109
f 1150/2597/110 1148/2592/110 1149/2595/110 1152/2600/110
f 1152/2600/111 1149/2595/111 1147/2590/111 1151/2599/111
f 1145/2588/112 1143/2584/112 1144/2586/112 1146/2589/112
f 1146/2589/113 1144/2586/113 1148/2593/113 1150/2598/113
f 1139/2578/11 1140/2580/11 1147/2591/11 1149/2596/11 1148/2594/11 1144/2587/11 1143/2585/11 1137/2574/11
f 1177/2668/12 1154/2604/12 1156/2609/12 1178/2671/12
f 1178/2669/114 1156/2610/19 1160/2621/19 1179/2672/114
f 1179/2673/18 1160/2622/18 1158/2615/18 1180/2677/18
f 1180/2676/115 1158/2616/69 1154/2605/69 1177/2667/115
f 1157/2611/70 1153/2601/70 1161/2623/70 1163/2629/70
f 1162/2626/69 1164/2632/69 1163/2630/69 1161/2624/69
f 1155/2606/71 1159/2617/71 1164/2633/71 1162/2627/71
f 1153/2603/12 1155/2608/12 1162/2628/12 1161/2625/12
f 1159/2618/18 1157/2612/18 1163/2631/18 1164/2634/18
f 1181/2679/12 1166/2638/12 1168/2643/12 1182/2682/12
f 1182/2680/114 1168/2644/19 1172/2653/19 1183/2683/114
f 1183/2684/18 1172/2654/18 1170/2648/18 1184/2687/18
f 1184/2686/115 1170/2649/69 1166/2639/69 1181/2678/115
f 1169/2645/70 1165/2635/70 1173/2655/70 1175/2661/70
f 1174/2658/69 1176/2664/69 1175/2662/69 1173/2656/69
f 1167/2640/71 1171/2650/71 1176/2665/71 1174/2659/71
f 1165/2637/12 1167/2642/12 1174/2660/12 1173/2657/12
f 1171/2651/18 1169/2647/18 1175/2663/18 1176/2666/18
f 1157/2613/116 1180/2676/115 1177/2667/115 1153/2602/116
f 1159/2619/18 1179/2674/18 1180/2677/18 1157/2614/18
f 1155/2607/11 1178/2670/114 1179/2675/114 1159/2620/11
f 1153/2603/12 1177/2668/12 1178/2671/12 1155/2608/12
f 1169/2646/116 1184/2686/115 1181/2678/115 1165/2636/116
f 1171/2651/18 1183/2684/18 1184/2687/18 1169/2647/18
f 1167/2641/11 1182/2681/114 1183/2685/114 1171/2652/11
f 1165/2637/12 1181/2679/12 1182/2682/12 1167/2642/12
f 1191/2699/112 1193/2703/112 1186/2690/112 1185/2688/112
f 1185/2688/113 1186/2690/113 1189/2696/113 1187/2691/113
f 1199/2714/111 1195/2705/111 1188/2694/111 1190/2698/111
f 1190/2698/110 1188/2694/110 1187/2692/110 1189/2697/110
f 1198/2712/109 1196/2707/109 1197/2710/109 1200/2715/109
f 1200/2715/108 1197/2710/108 1195/2705/108 1199/2714/108
f 1193/2703/106 1191/2699/106 1192/2701/106 1194/2704/106
f 1194/2704/107 1192/2701/107 1196/2708/107 1198/2713/107
f 1187/2693/13 1188/2695/13 1195/2706/13 1197/2711/13 1196/2709/13 1192/2702/13 1191/2700/13 1185/2689/13
f 1225/2783/18 1202/2719/18 1204/2724/18 1226/2786/18
f 1226/2784/117 1204/2725/19 1208/2736/19 1227/2787/117
f 1227/2788/12 1208/2737/12 1206/2730/12 1228/2792/12
f 1228/2791/118 1206/2731/69 1202/2720/69 1225/2782/118
f 1205/2726/71 1201/2716/71 1209/2738/71 1211/2744/71
f 1210/2741/69 1212/2747/69 1211/2745/69 1209/2739/69
f 1203/2721/70 1207/2732/70 1212/2748/70 1210/2742/70
f 1201/2718/18 1203/2723/18 1210/2743/18 1209/2740/18
f 1207/2733/12 1205/2727/12 1211/2746/12 1212/2749/12
f 1229/2794/18 1214/2753/18 1216/2758/18 1230/2797/18
f 1230/2795/117 1216/2759/19 1220/2768/19 1231/2798/117
f 1231/2799/12 1220/2769/12 1218/2763/12 1232/2802/12
f 1232/2801/118 1218/2764/69 1214/2754/69 1229/2793/118
f 1217/2760/71 1213/2750/71 1221/2770/71 1223/2776/71
f 1222/2773/69 1224/2779/69 1223/2777/69 1221/2771/69
f 1215/2755/70 1219/2765/70 1224/2780/70 1222/2774/70
f 1213/2752/18 1215/2757/18 1222/2775/18 1221/2772/18
f 1219/2766/12 1217/2762/12 1223/2778/12 1224/2781/12
f 1205/2728/119 1228/2791/118 1225/2782/118 1201/2717/119
f 1207/2734/12 1227/2789/12 1228/2792/12 1205/2729/12
f 1203/2722/13 1226/2785/117 1227/2790/117 1207/2735/13
f 1201/2718/18 1225/2783/18 1226/2786/18 1203/2723/18
f 1217/2761/119 1232/2801/118 1229/2793/118 1213/2751/119
f 1219/2766/12 1231/2799/12 1232/2802/12 1217/2762/12
f 1215/2756/13 1230/2796/117 1231/2800/117 1219/2767/13
f 1213/2752/18 1229/2794/18 1230/2797/18 1215/2757/18
f 1246/2832/13 1248/2837/13 1247/2834/13 1238/2813/13 1237/2811/13 1234/2805/13 1241/2820/13 1242/2823/13
f 1239/2815/69 1241/2821/69 1234/2806/25 1233/2803/25
f 1233/2803/25 1234/2806/25 1237/2812/12 1235/2807/12
f 1247/2835/19 1243/2825/19 1236/2809/104 1238/2814/104
f 1238/2814/104 1236/2809/104 1235/2807/12 1237/2812/12
f 1246/2833/18 1244/2828/18 1245/2830/105 1248/2838/105
f 1248/2838/105 1245/2830/105 1243/2826/19 1247/2836/19
f 1241/2822/69 1239/2816/69 1240/2818/24 1242/2824/24
f 1242/2824/24 1240/2818/24 1244/2828/18 1246/2833/18
f 1235/2808/11 1236/2810/11 1243/2827/11 1245/2831/11 1244/2829/11 1240/2819/11 1239/2817/11 1233/2804/11
f 1255/2850/106 1257/2854/106 1250/2841/106 1249/2839/106
f 1249/2839/107 1250/2841/107 1253/2847/107 1251/2842/107
f 1263/2865/108 1259/2856/108 1252/2845/108 1254/2849/108
f 1254/2849/109 1252/2845/109 1251/2843/109 1253/2848/109
f 1262/2863/110 1260/2858/110 1261/2861/110 1264/2866/110
f 1264/2866/111 1261/2861/111 1259/2856/111 1263/2865/111
f 1257/2854/112 1255/2850/112 1256/2852/112 1258/2855/112
f 1258/2855/113 1256/2852/113 1260/2859/113 1262/2864/113
f 1251/2844/11 1252/2846/11 1259/2857/11 1261/2862/11 1260/2860/11 1256/2853/11 1255/2851/11 1249/2840/11
f 1289/2934/12 1266/2870/12 1268/2875/12 1290/2937/12
f 1290/2935/114 1268/2876/19 1272/2887/19 1291/2938/114
f 1291/2939/18 1272/2888/18 1270/2881/18 1292/2943/18
f 1292/2942/115 1270/2882/69 1266/2871/69 1289/2933/115
f 1269/2877/70 1265/2867/70 1273/2889/70 1275/2895/70
f 1274/2892/69 1276/2898/69 1275/2896/69 1273/2890/69
f 1267/2872/71 1271/2883/71 1276/2899/71 1274/2893/71
f 1265/2869/12 1267/2874/12 1274/2894/12 1273/2891/12
f 1271/2884/18 1269/2878/18 1275/2897/18 1276/2900/18
f 1293/2945/12 1278/2904/12 1280/2909/12 1294/2948/12
f 1294/2946/114 1280/2910/19 1284/2919/19 1295/2949/114
f 1295/2950/18 1284/2920/18 1282/2914/18 1296/2953/18
f 1296/2952/115 1282/2915/69 1278/2905/69 1293/2944/115
f 1281/2911/70 1277/2901/70 1285/2921/70 1287/2927/70
f 1286/2924/69 1288/2930/69 1287/2928/69 1285/2922/69
f 1279/2906/71 1283/2916/71 1288/2931/71 1286/2925/71
f 1277/2903/12 1279/2908/12 1286/2926/12 1285/2923/12
f 1283/2917/18 1281/2913/18 1287/2929/18 1288/2932/18
f 1269/2879/116 1292/2942/115 1289/2933/115 1265/2868/116
f 1271/2885/18 1291/2940/18 1292/2943/18 1269/2880/18
f 1267/2873/11 1290/2936/114 1291/2941/114 1271/2886/11
f 1265/2869/12 1289/2934/12 1290/2937/12 1267/2874/12
f 1281/2912/116 1296/2952/115 1293/2944/115 1277/2902/116
f 1283/2917/18 1295/2950/18 1296/2953/18 1281/2913/18
f 1279/2907/11 1294/2947/114 1295/2951/114 1283/2918/11
f 1277/2903/12 1293/2945/12 1294/2948/12 1279/2908/12
f 1303/2965/112 1305/2969/112 1298/2956/112 1297/2954/112
f 1297/2954/113 1298/2956/113 1301/2962/113 1299/2957/113
f 1311/2980/111 1307/2971/111 1300/2960/111 1302/2964/111
f 1302/2964/110 1300/2960/110 1299/2958/110 1301/2963/110
f 1310/2978/109 1308/2973/109 1309/2976/109 1312/2981/109
f 1312/2981/108 1309/2976/108 1307/2971/108 1311/2980/108
f 1305/2969/106 1303/2965/106 1304/2967/106 1306/2970/106
f 1306/2970/107 1304/2967/107 1308/2974/107 1310/2979/107
f 1299/2959/13 1300/2961/13 1307/2972/13 1309/2977/13 1308/2975/13 1304/2968/13 1303/2966/13 1297/2955/13
f 1337/3049/18 1314/2985/18 1316/2990/18 1338/3052/18
f 1338/3050/117 1316/2991/19 1320/3002/19 1339/3053/117
f 1339/3054/12 1320/3003/12 1318/2996/12 1340/3058/12
f 1340/3057/118 1318/2997/69 1314/2986/69 1337/3048/118
f 1317/2992/71 1313/2982/71 1321/3004/71 1323/3010/71
f 1322/3007/69 1324/3013/69 1323/3011/69 1321/3005/69
f 1315/2987/70 1319/2998/70 1324/3014/70 1322/3008/70
f 1313/2984/18 1315/2989/18 1322/3009/18 1321/3006/18
f 1319/2999/12 1317/2993/12 1323/3012/12 1324/3015/12
f 1341/3060/18 1326/3019/18 1328/3024/18 1342/3063/18
f 1342/3061/117 1328/3025/19 1332/3034/19 1343/3064/117
f 1343/3065/12 1332/3035/12 1330/3029/12 1344/3068/12
f 1344/3067/118 1330/3030/69 1326/3020/69 1341/3059/118
f 1329/3026/71 1325/3016/71 1333/3036/71 1335/3042/71
f 1334/3039/69 1336/3045/69 1335/3043/69 1333/3037/69
f 1327/3021/70 1331/3031/70 1336/3046/70 1334/3040/70
f 1325/3018/18 1327/3023/18 1334/3041/18 1333/3038/18
f 1331/3032/12 1329/3028/12 1335/3044/12 1336/3047/12
f 1317/2994/119 1340/3057/118 1337/3048/118 1313/2983/119
f 1319/3000/12 1339/3055/12 1340/3058/12 1317/2995/12
f 1315/2988/13 1338/3051/117 1339/3056/117 1319/3001/13
f 1313/2984/18 1337/3049/18 1338/3052/18 1315/2989/18
f 1329/3027/119 1344/3067/118 1341/3059/118 1325/3017/119
f 1331/3032/12 1343/3065/12 1344/3068/12 1329/3028/12
f 1327/3022/13 1342/3062/117 1343/3066/117 1331/3033/13
f 1325/3018/18 1341/3060/18 1342/3063/18 1327/3023/18
s 0
f 1345/3069/121 1346/3072/121 1351/3079/121 1352/3082/121
f 1346/3073/12 1356/3094/12 1359/3098/12 1348/3076/12
f 1355/3090/11 1354/3087/11 1357/3095/11 1360/3099/11
f 1350/3078/12 1351/3080/12 1346/3073/12 1348/3076/12
f 1350/3078/12 1379/3132/12 1382/3137/12 1351/3080/12
f 1346/3074/19 1345/3070/19 1353/3085/19 1354/3088/19 1355/3091/19 1356/3093/19
f 1347/3075/18 1358/3097/18 1353/3086/18 1345/3071/18
f 1353/3086/16 1358/3097/16 1357/3096/16 1354/3089/16
f 1359/3098/17 1356/3094/17 1355/3092/17 1360/3100/17
s 1
f 1367/3114/122 1363/3106/123 1361/3101/124 1362/3103/125 1364/3108/126 1365/3110/127 1366/3112/128 1368/3116/129
f 1374/3125/130 1367/3115/122 1368/3117/129 1376/3127/131
f 1376/3128/131 1368/3118/129 1366/3113/128 1375/3126/132
f 1367/3115/122 1374/3125/130 1371/3122/133 1363/3107/123
f 1363/3107/123 1371/3122/133 1369/3119/134 1361/3102/124
f 1375/3126/132 1366/3113/128 1365/3111/127 1373/3124/135
f 1373/3124/135 1365/3111/127 1364/3109/126 1372/3123/136
f 1361/3102/124 1369/3119/134 1370/3120/137 1362/3104/125
f 1362/3105/125 1370/3121/137 1372/3123/136 1364/3109/126
s 0
f 1377/3129/13 1384/3142/13 1381/3136/13 1380/3134/13
f 1351/3081/19 1382/3138/19 1381/3135/19 1384/3143/19 1383/3140/19 1352/3083/19
f 1345/3071/18 1352/3084/18 1349/3077/18 1347/3075/18
f 1379/3133/15 1380/3134/15 1381/3136/15 1382/3139/15
f 1383/3141/14 1384/3144/14 1377/3130/14 1378/3131/14
f 1352/3084/18 1383/3141/18 1378/3131/18 1349/3077/18
f 1385/3145/121 1386/3148/121 1391/3155/121 1392/3158/121
f 1386/3149/12 1396/3170/12 1399/3174/12 1388/3152/12
f 1395/3166/11 1394/3163/11 1397/3171/11 1400/3175/11
f 1390/3154/12 1391/3156/12 1386/3149/12 1388/3152/12
f 1390/3154/12 1419/3208/12 1422/3213/12 1391/3156/12
f 1386/3150/19 1385/3146/19 1393/3161/19 1394/3164/19 1395/3167/19 1396/3169/19
f 1387/3151/18 1398/3173/18 1393/3162/18 1385/3147/18
f 1393/3162/16 1398/3173/16 1397/3172/16 1394/3165/16
f 1399/3174/17 1396/3170/17 1395/3168/17 1400/3176/17
s 1
f 1407/3190/31 1403/3182/32 1401/3177/33 1402/3179/26 1404/3184/27 1405/3186/28 1406/3188/29 1408/3192/30
f 1414/3201/39 1407/3191/31 1408/3193/30 1416/3203/40
f 1416/3204/40 1408/3194/30 1406/3189/29 1415/3202/41
f 1407/3191/31 1414/3201/39 1411/3198/36 1403/3183/32
f 1403/3183/32 1411/3198/36 1409/3195/35 1401/3178/33
f 1415/3202/41 1406/3189/29 1405/3187/28 1413/3200/38
f 1413/3200/38 1405/3187/28 1404/3185/27 1412/3199/37
f 1401/3178/33 1409/3195/35 1410/3196/34 1402/3180/26
f 1402/3181/26 1410/3197/34 1412/3199/37 1404/3185/27
s 0
f 1417/3205/13 1424/3218/13 1421/3212/13 1420/3210/13
f 1391/3157/19 1422/3214/19 1421/3211/19 1424/3219/19 1423/3216/19 1392/3159/19
f 1385/3147/18 1392/3160/18 1389/3153/18 1387/3151/18
f 1419/3209/15 1420/3210/15 1421/3212/15 1422/3215/15
f 1423/3217/14 1424/3220/14 1417/3206/14 1418/3207/14
f 1392/3160/18 1423/3217/18 1418/3207/18 1389/3153/18
f 1425/3221/138 1426/3224/138 1431/3231/138 1432/3234/138
f 1426/3225/18 1436/3246/18 1439/3250/18 1428/3228/18
f 1435/3242/13 1434/3239/13 1437/3247/13 1440/3251/13
f 1430/3230/18 1431/3232/18 1426/3225/18 1428/3228/18
f 1430/3230/18 1459/3284/18 1462/3289/18 1431/3232/18
f 1426/3226/19 1425/3222/19 1433/3237/19 1434/3240/19 1435/3243/19 1436/3245/19
f 1427/3227/12 1438/3249/12 1433/3238/12 1425/3223/12
f 1433/3238/15 1438/3249/15 1437/3248/15 1434/3241/15
f 1439/3250/14 1436/3246/14 1435/3244/14 1440/3252/14
s 1
f 1447/3266/126 1443/3258/127 1441/3253/128 1442/3255/129 1444/3260/122 1445/3262/123 1446/3264/124 1448/3268/125
f 1454/3277/136 1447/3267/126 1448/3269/125 1456/3279/137
f 1456/3280/137 1448/3270/125 1446/3265/124 1455/3278/134
f 1447/3267/126 1454/3277/136 1451/3274/135 1443/3259/127
f 1443/3259/127 1451/3274/135 1449/3271/132 1441/3254/128
f 1455/3278/134 1446/3265/124 1445/3263/123 1453/3276/133
f 1453/3276/133 1445/3263/123 1444/3261/122 1452/3275/130
f 1441/3254/128 1449/3271/132 1450/3272/131 1442/3256/129
f 1442/3257/129 1450/3273/131 1452/3275/130 1444/3261/122
s 0
f 1457/3281/11 1464/3294/11 1461/3288/11 1460/3286/11
f 1431/3233/19 1462/3290/19 1461/3287/19 1464/3295/19 1463/3292/19 1432/3235/19
f 1425/3223/12 1432/3236/12 1429/3229/12 1427/3227/12
f 1459/3285/16 1460/3286/16 1461/3288/16 1462/3291/16
f 1463/3293/17 1464/3296/17 1457/3282/17 1458/3283/17
f 1432/3236/12 1463/3293/12 1458/3283/12 1429/3229/12
f 1465/3297/138 1466/3300/138 1471/3307/138 1472/3310/138
f 1466/3301/18 1476/3322/18 1479/3326/18 1468/3304/18
f 1475/3318/13 1474/3315/13 1477/3323/13 1480/3327/13
f 1470/3306/18 1471/3308/18 1466/3301/18 1468/3304/18
f 1470/3306/18 1499/3360/18 1502/3365/18 1471/3308/18
f 1466/3302/19 1465/3298/19 1473/3313/19 1474/3316/19 1475/3319/19 1476/3321/19
f 1467/3303/12 1478/3325/12 1473/3314/12 1465/3299/12
f 1473/3314/15 1478/3325/15 1477/3324/15 1474/3317/15
f 1479/3326/14 1476/3322/14 1475/3320/14 1480/3328/14
s 1
f 1487/3342/27 1483/3334/28 1481/3329/29 1482/3331/30 1484/3336/31 1485/3338/32 1486/3340/33 1488/3344/26
f 1494/3353/37 1487/3343/27 1488/3345/26 1496/3355/34
f 1496/3356/34 1488/3346/26 1486/3341/33 1495/3354/35
f 1487/3343/27 1494/3353/37 1491/3350/38 1483/3335/28
f 1483/3335/28 1491/3350/38 1489/3347/41 1481/3330/29
f 1495/3354/35 1486/3341/33 1485/3339/32 1493/3352/36
f 1493/3352/36 1485/3339/32 1484/3337/31 1492/3351/39
f 1481/3330/29 1489/3347/41 1490/3348/40 1482/3332/30
f 1482/3333/30 1490/3349/40 1492/3351/39 1484/3337/31
s 0
f 1497/3357/11 1504/3370/11 1501/3364/11 1500/3362/11
f 1471/3309/19 1502/3366/19 1501/3363/19 1504/3371/19 1503/3368/19 1472/3311/19
f 1465/3299/12 1472/3312/12 1469/3305/12 1467/3303/12
f 1499/3361/16 1500/3362/16 1501/3364/16 1502/3367/16
f 1503/3369/17 1504/3372/17 1497/3358/17 1498/3359/17
f 1472/3312/12 1503/3369/12 1498/3359/12 1469/3305/12
s 1
f 1505/3373/139 1511/3383/140 1516/3391/141 1510/3381/142
f 1506/3375/143 1512/3385/144 1511/3384/140 1505/3374/139
f 1507/3377/145 1513/3387/146 1512/3386/144 1506/3376/143
f 1508/3379/147 1514/3389/148 1513/3388/146 1507/3378/145
f 1510/3382/142 1516/3392/141 1515/3390/149 1509/3380/150
f 1511/3383/140 1517/3393/151 1522/3401/152 1516/3391/141
f 1512/3385/144 1518/3395/153 1517/3394/151 1511/3384/140
f 1513/3387/146 1519/3397/154 1518/3396/153 1512/3386/144
f 1514/3389/148 1520/3399/155 1519/3398/154 1513/3388/146
f 1516/3392/141 1522/3402/152 1521/3400/156 1515/3390/149
f 1517/3393/151 1523/3403/157 1528/3411/158 1522/3401/152
f 1518/3395/153 1524/3405/159 1523/3404/157 1517/3394/151
f 1519/3397/154 1525/3407/160 1524/3406/159 1518/3396/153
f 1520/3399/155 1526/3409/161 1525/3408/160 1519/3398/154
f 1522/3402/152 1528/3412/158 1527/3410/162 1521/3400/156
f 1523/3403/157 1529/3413/163 1534/3429/164 1528/3411/158
f 1524/3405/159 1530/3417/165 1529/3414/163 1523/3404/157
f 1525/3407/160 1531/3421/166 1530/3418/165 1524/3406/159
f 1526/3409/161 1532/3425/167 1531/3422/166 1525/3408/160
f 1528/3412/158 1534/3430/164 1533/3427/168 1527/3410/162
f 1530/3419/165 1536/3437/169 1535/3433/170 1529/3415/163
f 1531/3423/166 1537/3441/171 1536/3438/169 1530/3420/165
f 1532/3426/167 1538/3445/172 1537/3442/171 1531/3424/166
f 1534/3431/164 1540/3449/173 1539/3447/174 1533/3428/168
f 1529/3416/163 1535/3434/170 1540/3450/173 1534/3432/164
f 1535/3435/170 1541/3453/175 1546/3461/176 1540/3451/173
f 1536/3439/169 1542/3455/177 1541/3454/175 1535/3436/170
f 1537/3443/171 1543/3457/178 1542/3456/177 1536/3440/169
f 1538/3446/172 1544/3459/179 1543/3458/178 1537/3444/171
f 1540/3452/173 1546/3462/176 1545/3460/180 1539/3448/174
f 1541/3453/175 1547/3463/181 1552/3471/182 1546/3461/176
f 1542/3455/177 1548/3465/183 1547/3464/181 1541/3454/175
f 1543/3457/178 1549/3467/184 1548/3466/183 1542/3456/177
f 1544/3459/179 1550/3469/185 1549/3468/184 1543/3458/178
f 1546/3462/176 1552/3472/182 1551/3470/186 1545/3460/180
f 1547/3463/181 1553/3473/187 1558/3481/188 1552/3471/182
f 1548/3465/183 1554/3475/189 1553/3474/187 1547/3464/181
f 1549/3467/184 1555/3477/190 1554/3476/189 1548/3466/183
f 1550/3469/185 1556/3479/191 1555/3478/190 1549/3468/184
f 1552/3472/182 1558/3482/188 1557/3480/192 1551/3470/186
f 1553/3473/187 1559/3483/193 1564/3491/194 1558/3481/188
f 1554/3475/189 1560/3485/195 1559/3484/193 1553/3474/187
f 1555/3477/190 1561/3487/196 1560/3486/195 1554/3476/189
f 1556/3479/191 1562/3489/197 1561/3488/196 1555/3478/190
f 1558/3482/188 1564/3492/194 1563/3490/198 1557/3480/192
f 1565/3493/199 1571/3503/200 1576/3511/201 1570/3501/202
f 1566/3495/203 1572/3505/204 1571/3504/200 1565/3494/199
f 1567/3497/205 1573/3507/206 1572/3506/204 1566/3496/203
f 1568/3499/207 1574/3509/208 1573/3508/206 1567/3498/205
f 1570/3502/202 1576/3512/201 1575/3510/209 1569/3500/210
f 1571/3503/200 1577/3513/211 1582/3521/212 1576/3511/201
f 1572/3505/204 1578/3515/213 1577/3514/211 1571/3504/200
f 1573/3507/206 1579/3517/214 1578/3516/213 1572/3506/204
f 1574/3509/208 1580/3519/215 1579/3518/214 1573/3508/206
f 1576/3512/201 1582/3522/212 1581/3520/216 1575/3510/209
f 1577/3513/211 1583/3523/217 1588/3531/218 1582/3521/212
f 1578/3515/213 1584/3525/219 1583/3524/217 1577/3514/211
f 1579/3517/214 1585/3527/220 1584/3526/219 1578/3516/213
f 1580/3519/215 1586/3529/221 1585/3528/220 1579/3518/214
f 1582/3522/212 1588/3532/218 1587/3530/222 1581/3520/216
f 1583/3523/217 1589/3533/223 1594/3541/224 1588/3531/218
f 1584/3525/219 1590/3535/225 1589/3534/223 1583/3524/217
f 1585/3527/220 1591/3537/226 1590/3536/225 1584/3526/219
f 1586/3529/221 1592/3539/227 1591/3538/226 1585/3528/220
f 1588/3532/218 1594/3542/224 1593/3540/228 1587/3530/222
f 1589/3533/223 1595/3543/229 1600/3551/230 1594/3541/224
f 1590/3535/225 1596/3545/231 1595/3544/229 1589/3534/223
f 1591/3537/226 1597/3547/232 1596/3546/231 1590/3536/225
f 1592/3539/227 1598/3549/233 1597/3548/232 1591/3538/226
f 1594/3542/224 1600/3552/230 1599/3550/234 1593/3540/228
f 1595/3543/229 1601/3553/235 1606/3561/236 1600/3551/230
f 1596/3545/231 1602/3555/237 1601/3554/235 1595/3544/229
f 1597/3547/232 1603/3557/238 1602/3556/237 1596/3546/231
f 1598/3549/233 1604/3559/239 1603/3558/238 1597/3548/232
f 1600/3552/230 1606/3562/236 1605/3560/240 1599/3550/234
f 1601/3553/235 1607/3563/241 1612/3571/242 1606/3561/236
f 1602/3555/237 1608/3565/243 1607/3564/241 1601/3554/235
f 1603/3557/238 1609/3567/244 1608/3566/243 1602/3556/237
f 1604/3559/239 1610/3569/245 1609/3568/244 1603/3558/238
f 1606/3562/236 1612/3572/242 1611/3570/246 1605/3560/240
f 1607/3563/241 1613/3573/247 1618/3581/248 1612/3571/242
f 1608/3565/243 1614/3575/249 1613/3574/247 1607/3564/241
f 1609/3567/244 1615/3577/250 1614/3576/249 1608/3566/243
f 1610/3569/245 1616/3579/251 1615/3578/250 1609/3568/244
f 1612/3572/242 1618/3582/248 1617/3580/252 1611/3570/246
f 1613/3573/247 1619/3583/253 1624/3591/254 1618/3581/248
f 1614/3575/249 1620/3585/255 1619/3584/253 1613/3574/247
f 1615/3577/250 1621/3587/256 1620/3586/255 1614/3576/249
f 1616/3579/251 1622/3589/257 1621/3588/256 1615/3578/250
f 1618/3582/248 1624/3592/254 1623/3590/258 1617/3580/252
f 1625/3593/259 1631/3603/260 1636/3611/261 1630/3601/262
f 1626/3595/263 1632/3605/264 1631/3604/260 1625/3594/259
f 1627/3597/265 1633/3607/266 1632/3606/264 1626/3596/263
f 1628/3599/267 1634/3609/268 1633/3608/266 1627/3598/265
f 1630/3602/262 1636/3612/261 1635/3610/269 1629/3600/270
f 1631/3603/260 1637/3613/271 1642/3621/272 1636/3611/261
f 1632/3605/264 1638/3615/273 1637/3614/271 1631/3604/260
f 1633/3607/266 1639/3617/274 1638/3616/273 1632/3606/264
f 1634/3609/268 1640/3619/275 1639/3618/274 1633/3608/266
f 1636/3612/261 1642/3622/272 1641/3620/276 1635/3610/269
f 1637/3613/271 1643/3623/277 1648/3631/278 1642/3621/272
f 1638/3615/273 1644/3625/279 1643/3624/277 1637/3614/271
f 1639/3617/274 1645/3627/280 1644/3626/279 1638/3616/273
f 1640/3619/275 1646/3629/281 1645/3628/280 1639/3618/274
f 1642/3622/272 1648/3632/278 1647/3630/282 1641/3620/276
f 1643/3623/277 1649/3633/283 1654/3641/284 1648/3631/278
f 1644/3625/279 1650/3635/285 1649/3634/283 1643/3624/277
f 1645/3627/280 1651/3637/286 1650/3636/285 1644/3626/279
f 1646/3629/281 1652/3639/287 1651/3638/286 1645/3628/280
f 1648/3632/278 1654/3642/284 1653/3640/288 1647/3630/282
f 1649/3633/283 1655/3643/289 1660/3651/290 1654/3641/284
f 1650/3635/285 1656/3645/291 1655/3644/289 1649/3634/283
f 1651/3637/286 1657/3647/292 1656/3646/291 1650/3636/285
f 1652/3639/287 1658/3649/293 1657/3648/292 1651/3638/286
f 1654/3642/284 1660/3652/290 1659/3650/294 1653/3640/288
f 1655/3643/289 1661/3653/295 1666/3661/296 1660/3651/290
f 1656/3645/291 1662/3655/297 1661/3654/295 1655/3644/289
f 1657/3647/292 1663/3657/298 1662/3656/297 1656/3646/291
f 1658/3649/293 1664/3659/299 1663/3658/298 1657/3648/292
f 1660/3652/290 1666/3662/296 1665/3660/300 1659/3650/294
f 1661/3653/295 1667/3663/301 1672/3671/302 1666/3661/296
f 1662/3655/297 1668/3665/303 1667/3664/301 1661/3654/295
f 1663/3657/298 1669/3667/304 1668/3666/303 1662/3656/297
f 1664/3659/299 1670/3669/305 1669/3668/304 1663/3658/298
f 1666/3662/296 1672/3672/302 1671/3670/306 1665/3660/300
f 1673/3673/307 1679/3683/308 1684/3691/309 1678/3681/310
f 1674/3675/311 1680/3685/312 1679/3684/308 1673/3674/307
f 1675/3677/313 1681/3687/314 1680/3686/312 1674/3676/311
f 1676/3679/315 1682/3689/316 1681/3688/314 1675/3678/313
f 1678/3682/310 1684/3692/309 1683/3690/317 1677/3680/318
f 1679/3683/308 1685/3693/319 1690/3701/320 1684/3691/309
f 1680/3685/312 1686/3695/321 1685/3694/319 1679/3684/308
f 1681/3687/314 1687/3697/322 1686/3696/321 1680/3686/312
f 1682/3689/316 1688/3699/323 1687/3698/322 1681/3688/314
f 1684/3692/309 1690/3702/320 1689/3700/324 1683/3690/317
f 1685/3693/319 1691/3703/325 1696/3719/326 1690/3701/320
f 1686/3695/321 1692/3707/327 1691/3704/325 1685/3694/319
f 1687/3697/322 1693/3711/328 1692/3708/327 1686/3696/321
f 1688/3699/323 1694/3715/329 1693/3712/328 1687/3698/322
f 1690/3702/320 1696/3720/326 1695/3717/330 1689/3700/324
f 1691/3705/325 1697/3723/331 1702/3739/332 1696/3721/326
f 1692/3709/327 1698/3727/333 1697/3724/331 1691/3706/325
f 1693/3713/328 1699/3731/334 1698/3728/333 1692/3710/327
f 1694/3716/329 1700/3735/335 1699/3732/334 1693/3714/328
f 1696/3722/326 1702/3740/332 1701/3737/336 1695/3718/330
f 1697/3725/331 1703/3743/337 1708/3751/338 1702/3741/332
f 1698/3729/333 1704/3745/339 1703/3744/337 1697/3726/331
f 1699/3733/334 1705/3747/340 1704/3746/339 1698/3730/333
f 1700/3736/335 1706/3749/341 1705/3748/340 1699/3734/334
f 1702/3742/332 1708/3752/338 1707/3750/342 1701/3738/336
f 1703/3743/337 1709/3753/343 1714/3761/344 1708/3751/338
f 1704/3745/339 1710/3755/345 1709/3754/343 1703/3744/337
f 1705/3747/340 1711/3757/346 1710/3756/345 1704/3746/339
f 1706/3749/341 1712/3759/347 1711/3758/346 1705/3748/340
f 1708/3752/338 1714/3762/344 1713/3760/348 1707/3750/342
f 1709/3753/343 1715/3763/349 1720/3771/350 1714/3761/344
f 1710/3755/345 1716/3765/351 1715/3764/349 1709/3754/343
f 1711/3757/346 1717/3767/352 1716/3766/351 1710/3756/345
f 1712/3759/347 1718/3769/353 1717/3768/352 1711/3758/346
f 1714/3762/344 1720/3772/350 1719/3770/354 1713/3760/348
f 1715/3763/349 1721/3773/355 1726/3781/356 1720/3771/350
f 1716/3765/351 1722/3775/357 1721/3774/355 1715/3764/349
f 1717/3767/352 1723/3777/358 1722/3776/357 1716/3766/351
f 1718/3769/353 1724/3779/359 1723/3778/358 1717/3768/352
f 1720/3772/350 1726/3782/356 1725/3780/360 1719/3770/354
s 0
f 1733/3796/11 1729/3788/11 1727/3783/11 1728/3785/11 1730/3790/11 1731/3792/11 1732/3794/11 1734/3798/11
f 1740/3807/111 1733/3797/111 1734/3799/111 1742/3809/111
f 1742/3810/108 1734/3800/108 1732/3795/108 1741/3808/108
f 1733/3797/110 1740/3807/110 1737/3804/110 1729/3789/110
f 1729/3789/113 1737/3804/113 1735/3801/113 1727/3784/113
f 1741/3808/109 1732/3795/109 1731/3793/109 1739/3806/109
f 1739/3806/107 1731/3793/107 1730/3791/107 1738/3805/107
f 1727/3784/112 1735/3801/112 1736/3802/112 1728/3786/112
f 1728/3787/106 1736/3803/106 1738/3805/106 1730/3791/106
f 1751/3827/13 1753/3832/13 1756/3838/13 1758/3842/13 1757/3840/13 1755/3836/13 1754/3834/13 1752/3829/13
f 1749/3823/11 1745/3816/11 1743/3811/11 1744/3813/11 1746/3818/11 1747/3820/11 1748/3821/11 1750/3826/11
f 1756/3839/111 1749/3824/111 1750/3825/111 1758/3843/111
f 1758/3844/108 1750/3826/108 1748/3822/108 1757/3841/108
f 1749/3824/110 1756/3839/110 1753/3833/110 1745/3817/110
f 1745/3817/113 1753/3833/113 1751/3828/113 1743/3812/113
f 1757/3841/109 1748/3822/109 1747/3820/109 1755/3837/109
f 1755/3837/107 1747/3820/107 1746/3819/107 1754/3835/107
f 1743/3812/112 1751/3828/112 1752/3830/112 1744/3814/112
f 1744/3815/106 1752/3831/106 1754/3835/106 1746/3819/106
f 1760/3848/12 1762/3852/12 1766/3859/12 1769/3867/12
f 1760/3848/12 1774/3882/12 1777/3889/12 1762/3852/12
f 1773/3879/11 1772/3876/11 1775/3885/11 1778/3891/11
f 1763/3853/18 1761/3851/18 1759/3847/18 1768/3864/18
f 1759/3845/11 1760/3849/11 1769/3868/11 1770/3870/11 1767/3861/11 1768/3865/11
f 1760/3850/19 1759/3846/19 1771/3873/19 1772/3877/19 1773/3880/19 1774/3883/19
f 1761/3851/18 1776/3887/18 1771/3874/18 1759/3847/18
f 1767/3862/19 1770/3871/19 1765/3857/19 1764/3855/19
f 1763/3854/105 1768/3866/105 1767/3863/105 1764/3856/105
f 1769/3869/104 1766/3860/104 1765/3858/104 1770/3872/104
f 1771/3875/16 1776/3888/16 1775/3886/16 1772/3878/16
f 1777/3890/17 1774/3884/17 1773/3881/17 1778/3892/17
f 1785/3906/19 1781/3898/19 1779/3893/19 1780/3895/19 1782/3900/19 1783/3902/19 1784/3904/19 1786/3908/19
f 1792/3917/63 1785/3907/63 1786/3909/63 1794/3919/63
f 1794/3920/66 1786/3910/66 1784/3905/66 1793/3918/66
f 1785/3907/64 1792/3917/64 1789/3914/64 1781/3899/64
f 1781/3899/62 1789/3914/62 1787/3911/62 1779/3894/62
f 1793/3918/65 1784/3905/65 1783/3903/65 1791/3916/65
f 1791/3916/68 1783/3903/68 1782/3901/68 1790/3915/68
f 1779/3894/61 1787/3911/61 1788/3912/61 1780/3896/61
f 1780/3897/67 1788/3913/67 1790/3915/67 1782/3901/67
f 1803/3937/69 1805/3942/69 1808/3948/69 1810/3952/69 1809/3950/69 1807/3946/69 1806/3944/69 1804/3939/69
f 1801/3933/19 1797/3926/19 1795/3921/19 1796/3923/19 1798/3928/19 1799/3930/19 1800/3931/19 1802/3936/19
f 1808/3949/63 1801/3934/63 1802/3935/63 1810/3953/63
f 1810/3954/66 1802/3936/66 1800/3932/66 1809/3951/66
f 1801/3934/64 1808/3949/64 1805/3943/64 1797/3927/64
f 1797/3927/62 1805/3943/62 1803/3938/62 1795/3922/62
f 1809/3951/65 1800/3932/65 1799/3930/65 1807/3947/65
f 1807/3947/68 1799/3930/68 1798/3929/68 1806/3945/68
f 1795/3922/61 1803/3938/61 1804/3940/61 1796/3924/61
f 1796/3925/67 1804/3941/67 1806/3945/67 1798/3929/67
f 1817/3968/19 1813/3960/19 1811/3955/19 1812/3957/19 1814/3962/19 1815/3964/19 1816/3966/19 1818/3970/19
f 1824/3979/63 1817/3969/63 1818/3971/63 1826/3981/63
f 1826/3982/66 1818/3972/66 1816/3967/66 1825/3980/66
f 1817/3969/64 1824/3979/64 1821/3976/64 1813/3961/64
f 1813/3961/62 1821/3976/62 1819/3973/62 1811/3956/62
f 1825/3980/65 1816/3967/65 1815/3965/65 1823/3978/65
f 1823/3978/68 1815/3965/68 1814/3963/68 1822/3977/68
f 1811/3956/61 1819/3973/61 1820/3974/61 1812/3958/61
f 1812/3959/67 1820/3975/67 1822/3977/67 1814/3963/67
f 1835/3999/69 1837/4004/69 1840/4010/69 1842/4014/69 1841/4012/69 1839/4008/69 1838/4006/69 1836/4001/69
f 1833/3995/19 1829/3988/19 1827/3983/19 1828/3985/19 1830/3990/19 1831/3992/19 1832/3993/19 1834/3998/19
f 1840/4011/63 1833/3996/63 1834/3997/63 1842/4015/63
f 1842/4016/66 1834/3998/66 1832/3994/66 1841/4013/66
f 1833/3996/64 1840/4011/64 1837/4005/64 1829/3989/64
f 1829/3989/62 1837/4005/62 1835/4000/62 1827/3984/62
f 1841/4013/65 1832/3994/65 1831/3992/65 1839/4009/65
f 1839/4009/68 1831/3992/68 1830/3991/68 1838/4007/68
f 1827/3984/61 1835/4000/61 1836/4002/61 1828/3986/61
f 1828/3987/67 1836/4003/67 1838/4007/67 1830/3991/67
f 1845/4021/18 1847/4023/18 1843/4017/18
f 1848/4025/12 1846/4022/12 1844/4019/12
f 1848/4026/114 1844/4020/114 1843/4018/114 1847/4024/114
f 1851/4031/18 1853/4033/18 1849/4027/18
f 1854/4035/12 1852/4032/12 1850/4029/12
f 1854/4036/114 1850/4030/114 1849/4028/114 1853/4034/114
f 1861/4050/13 1857/4042/13 1855/4037/13 1856/4039/13 1858/4044/13 1859/4046/13 1860/4048/13 1862/4052/13
f 1868/4061/108 1861/4051/108 1862/4053/108 1870/4063/108
f 1870/4064/111 1862/4054/111 1860/4049/111 1869/4062/111
f 1861/4051/109 1868/4061/109 1865/4058/109 1857/4043/109
f 1857/4043/107 1865/4058/107 1863/4055/107 1855/4038/107
f 1869/4062/110 1860/4049/110 1859/4047/110 1867/4060/110
f 1867/4060/113 1859/4047/113 1858/4045/113 1866/4059/113
f 1855/4038/106 1863/4055/106 1864/4056/106 1856/4040/106
f 1856/4041/112 1864/4057/112 1866/4059/112 1858/4045/112
f 1879/4081/11 1881/4086/11 1884/4092/11 1886/4096/11 1885/4094/11 1883/4090/11 1882/4088/11 1880/4083/11
f 1877/4077/13 1873/4070/13 1871/4065/13 1872/4067/13 1874/4072/13 1875/4074/13 1876/4075/13 1878/4080/13
f 1884/4093/108 1877/4078/108 1878/4079/108 1886/4097/108
f 1886/4098/111 1878/4080/111 1876/4076/111 1885/4095/111
f 1877/4078/109 1884/4093/109 1881/4087/109 1873/4071/109
f 1873/4071/107 1881/4087/107 1879/4082/107 1871/4066/107
f 1885/4095/110 1876/4076/110 1875/4074/110 1883/4091/110
f 1883/4091/113 1875/4074/113 1874/4073/113 1882/4089/113
f 1871/4066/106 1879/4082/106 1880/4084/106 1872/4068/106
f 1872/4069/112 1880/4085/112 1882/4089/112 1874/4073/112
f 1888/4102/18 1890/4106/18 1894/4113/18 1897/4121/18
f 1888/4102/18 1902/4136/18 1905/4143/18 1890/4106/18
f 1901/4133/13 1900/4130/13 1903/4139/13 1906/4145/13
f 1891/4107/12 1889/4105/12 1887/4101/12 1896/4118/12
f 1887/4099/13 1888/4103/13 1897/4122/13 1898/4124/13 1895/4115/13 1896/4119/13
f 1888/4104/19 1887/4100/19 1899/4127/19 1900/4131/19 1901/4134/19 1902/4137/19
f 1889/4105/12 1904/4141/12 1899/4128/12 1887/4101/12
f 1895/4116/19 1898/4125/19 1893/4111/19 1892/4109/19
f 1891/4108/104 1896/4120/104 1895/4117/104 1892/4110/104
f 1897/4123/105 1894/4114/105 1893/4112/105 1898/4126/105
f 1899/4129/15 1904/4142/15 1903/4140/15 1900/4132/15
f 1905/4144/14 1902/4138/14 1901/4135/14 1906/4146/14
f 1913/4160/19 1909/4152/19 1907/4147/19 1908/4149/19 1910/4154/19 1911/4156/19 1912/4158/19 1914/4162/19
f 1920/4171/67 1913/4161/67 1914/4163/67 1922/4173/67
f 1922/4174/61 1914/4164/61 1912/4159/61 1921/4172/61
f 1913/4161/68 1920/4171/68 1917/4168/68 1909/4153/68
f 1909/4153/65 1917/4168/65 1915/4165/65 1907/4148/65
f 1921/4172/62 1912/4159/62 1911/4157/62 1919/4170/62
f 1919/4170/64 1911/4157/64 1910/4155/64 1918/4169/64
f 1907/4148/66 1915/4165/66 1916/4166/66 1908/4150/66
f 1908/4151/63 1916/4167/63 1918/4169/63 1910/4155/63
f 1931/4191/69 1933/4196/69 1936/4202/69 1938/4206/69 1937/4204/69 1935/4200/69 1934/4198/69 1932/4193/69
f 1929/4187/19 1925/4180/19 1923/4175/19 1924/4177/19 1926/4182/19 1927/4184/19 1928/4185/19 1930/4190/19
f 1936/4203/67 1929/4188/67 1930/4189/67 1938/4207/67
f 1938/4208/61 1930/4190/61 1928/4186/61 1937/4205/61
f 1929/4188/68 1936/4203/68 1933/4197/68 1925/4181/68
f 1925/4181/65 1933/4197/65 1931/4192/65 1923/4176/65
f 1937/4205/62 1928/4186/62 1927/4184/62 1935/4201/62
f 1935/4201/64 1927/4184/64 1926/4183/64 1934/4199/64
f 1923/4176/66 1931/4192/66 1932/4194/66 1924/4178/66
f 1924/4179/63 1932/4195/63 1934/4199/63 1926/4183/63
f 1945/4222/19 1941/4214/19 1939/4209/19 1940/4211/19 1942/4216/19 1943/4218/19 1944/4220/19 1946/4224/19
f 1952/4233/67 1945/4223/67 1946/4225/67 1954/4235/67
f 1954/4236/61 1946/4226/61 1944/4221/61 1953/4234/61
f 1945/4223/68 1952/4233/68 1949/4230/68 1941/4215/68
f 1941/4215/65 1949/4230/65 1947/4227/65 1939/4210/65
f 1953/4234/62 1944/4221/62 1943/4219/62 1951/4232/62
f 1951/4232/64 1943/4219/64 1942/4217/64 1950/4231/64
f 1939/4210/66 1947/4227/66 1948/4228/66 1940/4212/66
f 1940/4213/63 1948/4229/63 1950/4231/63 1942/4217/63
f 1963/4253/69 1965/4258/69 1968/4264/69 1970/4268/69 1969/4266/69 1967/4262/69 1966/4260/69 1964/4255/69
f 1961/4249/19 1957/4242/19 1955/4237/19 1956/4239/19 1958/4244/19 1959/4246/19 1960/4247/19 1962/4252/19
f 1968/4265/67 1961/4250/67 1962/4251/67 1970/4269/67
f 1970/4270/61 1962/4252/61 1960/4248/61 1969/4267/61
f 1961/4250/68 1968/4265/68 1965/4259/68 1957/4243/68
f 1957/4243/65 1965/4259/65 1963/4254/65 1955/4238/65
f 1969/4267/62 1960/4248/62 1959/4246/62 1967/4263/62
f 1967/4263/64 1959/4246/64 1958/4245/64 1966/4261/64
f 1955/4238/66 1963/4254/66 1964/4256/66 1956/4240/66
f 1956/4241/63 1964/4257/63 1966/4261/63 1958/4245/63
f 1973/4275/12 1975/4277/12 1971/4271/12
f 1976/4279/18 1974/4276/18 1972/4273/18
f 1976/4280/117 1972/4274/117 1971/4272/117 1975/4278/117
f 1979/4285/12 1981/4287/12 1977/4281/12
f 1982/4289/18 1980/4286/18 1978/4283/18
f 1982/4290/117 1978/4284/117 1977/4282/117 1981/4288/117
f 1987/4303/19 1988/4306/19 2027/4399/19 2047/4439/19 2048/4441/19 2028/4401/19 1989/4309/19 1990/4312/19 1985/4297/19 1986/4300/19 2038/4421/19 2058/4457/19 2057/4455/19 2037/4419/19 1983/4291/19 1984/4294/19
f 2025/4397/18 1997/4327/18 2006/4345/18 2024/4396/18
f 1998/4329/11 1993/4319/11 2002/4338/11 2005/4343/11
f 2034/4416/12 2001/4336/12 1994/4321/12 2035/4417/12
f 1992/4317/15 1999/4332/15 2000/4333/15 1991/4315/15
f 2002/4337/17 1993/4320/17 1994/4322/17 2001/4335/17
f 2004/4342/14 1995/4323/14 1996/4325/14 2003/4339/14
f 1998/4330/16 2005/4344/16 2006/4346/16 1997/4328/16
f 1992/4318/13 1995/4324/13 2004/4341/13 1999/4331/13
f 2002/4337/17 2001/4335/17 2009/4353/17 2010/4356/17
f 1988/4307/17 1987/4304/17 2020/4386/17 2019/4383/17
f 2033/4415/12 2000/4334/12 2008/4350/12 2039/4424/12
f 1986/4301/14 1985/4298/14 2018/4380/14 2017/4377/14
f 1999/4331/13 2004/4341/13 2012/4362/13 2007/4347/13
f 2000/4333/15 1999/4332/15 2007/4348/15 2008/4351/15
f 1984/4295/16 1983/4292/16 2016/4374/16 2015/4371/16
f 1985/4299/13 1990/4313/13 2021/4389/13 2018/4381/13
f 2015/4372/19 2016/4376/19 2008/4352/19 2007/4349/19
f 2017/4378/19 2018/4382/19 2010/4357/19 2009/4354/19
f 2019/4384/19 2020/4387/19 2012/4363/19 2011/4359/19
f 2021/4390/19 2022/4394/19 2014/4370/19 2013/4365/19
f 2020/4387/19 2015/4372/19 2007/4349/19 2012/4363/19
f 2042/4432/19 2017/4378/19 2009/4354/19 2040/4426/19
f 2031/4409/19 2019/4384/19 2011/4359/19 2029/4403/19
f 2018/4382/19 2021/4390/19 2013/4365/19 2010/4357/19
f 1990/4314/15 1989/4310/15 2022/4392/15 2021/4391/15
f 2024/4396/18 2006/4345/18 2014/4368/18 2030/4406/18
f 1987/4305/11 1984/4296/11 2015/4373/11 2020/4388/11
f 2005/4343/11 2002/4338/11 2010/4358/11 2013/4366/11
f 2006/4346/16 2005/4344/16 2013/4367/16 2014/4369/16
f 2038/4422/18 1986/4302/18 2017/4379/18 2042/4433/18
f 2027/4400/12 1988/4308/12 2019/4385/12 2031/4410/12
f 2004/4342/14 2003/4339/14 2011/4360/14 2012/4364/14
f 1989/4311/12 2028/4402/12 2032/4414/12 2022/4393/12
f 2047/4440/12 2027/4400/12 2031/4410/12 2051/4448/12
f 2003/4340/18 2023/4395/18 2029/4405/18 2011/4361/18
f 2044/4436/18 2024/4396/18 2030/4406/18 2050/4446/18
f 2022/4394/19 2032/4412/19 2030/4407/19 2014/4370/19
f 2051/4447/361 2031/4411/361 2029/4404/361 2049/4443/361
f 1996/4326/18 2026/4398/18 2023/4395/18 2003/4340/18
f 2045/4437/18 2025/4397/18 2024/4396/18 2044/4436/18
f 1983/4293/18 2037/4420/18 2041/4431/18 2016/4375/18
f 2058/4458/18 2038/4422/18 2042/4433/18 2062/4466/18
f 2016/4376/19 2041/4429/19 2039/4423/19 2008/4352/19
f 2062/4465/362 2042/4434/362 2040/4427/362 2060/4462/362
f 2001/4336/12 2034/4416/12 2040/4428/12 2009/4355/12
f 2053/4451/12 2033/4415/12 2039/4424/12 2059/4459/12
f 2000/4334/12 2033/4415/12 2036/4418/12 1991/4316/12
f 2054/4452/12 2034/4416/12 2035/4417/12 2055/4453/12
f 2026/4398/18 2046/4438/18 2043/4435/18 2023/4395/18
f 2046/4438/18 2045/4437/18 2044/4436/18 2043/4435/18
f 2032/4413/362 2052/4449/362 2050/4445/362 2030/4408/362
f 2052/4449/19 2051/4447/19 2049/4443/19 2050/4445/19
f 2023/4395/18 2043/4435/18 2049/4444/18 2029/4405/18
f 2043/4435/18 2044/4436/18 2050/4446/18 2049/4444/18
f 2028/4402/12 2048/4442/12 2052/4450/12 2032/4414/12
f 2048/4442/12 2047/4440/12 2051/4448/12 2052/4450/12
f 2033/4415/12 2053/4451/12 2056/4454/12 2036/4418/12
f 2053/4451/12 2054/4452/12 2055/4453/12 2056/4454/12
f 2034/4416/12 2054/4452/12 2060/4461/12 2040/4428/12
f 2054/4452/12 2053/4451/12 2059/4459/12 2060/4461/12
f 2041/4430/361 2061/4463/361 2059/4460/361 2039/4425/361
f 2061/4463/19 2062/4465/19 2060/4462/19 2059/4460/19
f 2037/4420/18 2057/4456/18 2061/4464/18 2041/4431/18
f 2057/4456/18 2058/4458/18 2062/4466/18 2061/4464/18
f 2071/4485/18 2072/4488/18 2073/4491/18 2074/4493/18 2065/4473/18 2066/4475/18 2063/4467/18 2064/4470/18
f 2075/4496/19 2078/4500/19 2098/4536/19 2095/4530/19
f 2077/4499/11 2070/4484/11 2065/4474/11 2074/4494/11
f 2063/4468/19 2066/4476/19 2069/4482/19 2068/4480/19
f 2067/4478/117 2064/4471/117 2063/4469/117 2068/4481/117
f 2065/4474/114 2070/4484/114 2069/4483/114 2066/4477/114
f 2071/4486/363 2076/4497/363 2075/4495/363 2072/4489/363
f 2077/4499/364 2074/4494/364 2073/4492/364 2078/4500/364
f 2067/4479/13 2076/4498/13 2071/4487/13 2064/4472/13
s 1
f 2085/4514/365 2081/4506/366 2079/4501/367 2080/4503/368 2082/4508/369 2083/4510/370 2084/4512/371 2086/4516/372
f 2092/4525/373 2085/4515/365 2086/4517/372 2094/4527/374
f 2094/4528/374 2086/4518/372 2084/4513/371 2093/4526/375
f 2085/4515/365 2092/4525/373 2089/4522/376 2081/4507/366
f 2081/4507/366 2089/4522/376 2087/4519/377 2079/4502/367
f 2093/4526/375 2084/4513/371 2083/4511/370 2091/4524/378
f 2091/4524/378 2083/4511/370 2082/4509/369 2090/4523/379
f 2079/4502/367 2087/4519/377 2088/4520/380 2080/4504/368
f 2080/4505/368 2088/4521/380 2090/4523/379 2082/4509/369
s 0
f 2095/4529/12 2098/4535/12 2102/4543/12 2099/4537/12
f 2078/4500/19 2073/4492/19 2097/4533/19 2098/4536/19
f 2072/4490/19 2075/4496/19 2095/4530/19 2096/4532/19
f 2073/4492/19 2072/4490/19 2096/4532/19 2097/4533/19
f 2098/4536/11 2097/4533/11 2101/4541/11 2102/4544/11
f 2097/4534/18 2096/4531/18 2100/4539/18 2101/4542/18
f 2096/4532/13 2095/4530/13 2099/4538/13 2100/4540/13
f 2107/4557/18 2108/4559/18 2105/4551/18 2106/4554/18 2103/4545/18 2104/4548/18
f 2114/4575/11 2111/4567/11 2105/4552/11 2108/4560/11
f 2103/4546/19 2106/4555/19 2112/4570/19 2109/4561/19
f 2110/4564/117 2104/4549/117 2103/4547/117 2109/4562/117
f 2105/4553/114 2111/4568/114 2112/4571/114 2106/4556/114
f 2110/4565/13 2113/4573/13 2107/4558/13 2104/4550/13
f 2112/4572/12 2111/4569/12 2114/4576/12 2113/4574/12 2110/4566/12 2109/4563/12
f 2119/4589/18 2120/4591/18 2117/4583/18 2118/4586/18 2115/4577/18 2116/4580/18
f 2126/4607/11 2123/4599/11 2117/4584/11 2120/4592/11
f 2115/4578/19 2118/4587/19 2124/4602/19 2121/4593/19
f 2122/4596/117 2116/4581/117 2115/4579/117 2121/4594/117
f 2117/4585/114 2123/4600/114 2124/4603/114 2118/4588/114
f 2122/4597/13 2125/4605/13 2119/4590/13 2116/4582/13
f 2124/4604/12 2123/4601/12 2126/4608/12 2125/4606/12 2122/4598/12 2121/4595/12
f 2131/4621/18 2132/4623/18 2129/4615/18 2130/4618/18 2127/4609/18 2128/4612/18
f 2138/4639/11 2135/4631/11 2129/4616/11 2132/4624/11
f 2127/4610/19 2130/4619/19 2136/4634/19 2133/4625/19
f 2134/4628/117 2128/4613/117 2127/4611/117 2133/4626/117
f 2129/4617/114 2135/4632/114 2136/4635/114 2130/4620/114
f 2134/4629/13 2137/4637/13 2131/4622/13 2128/4614/13
f 2136/4636/12 2135/4633/12 2138/4640/12 2137/4638/12 2134/4630/12 2133/4627/12
f 2143/4653/18 2144/4655/18 2141/4647/18 2142/4650/18 2139/4641/18 2140/4644/18
f 2150/4671/11 2147/4663/11 2141/4648/11 2144/4656/11
f 2139/4642/19 2142/4651/19 2148/4666/19 2145/4657/19
f 2146/4660/117 2140/4645/117 2139/4643/117 2145/4658/117
f 2141/4649/114 2147/4664/114 2148/4667/114 2142/4652/114
f 2146/4661/13 2149/4669/13 2143/4654/13 2140/4646/13
f 2148/4668/12 2147/4665/12 2150/4672/12 2149/4670/12 2146/4662/12 2145/4659/12
f 2159/4691/12 2152/4676/12 2151/4673/12 2154/4681/12 2153/4679/12 2162/4699/12 2161/4697/12 2160/4694/12
f 2163/4702/19 2183/4736/19 2186/4742/19 2166/4706/19
f 2165/4705/11 2162/4700/11 2153/4680/11 2158/4690/11
f 2151/4674/19 2156/4686/19 2157/4688/19 2154/4682/19
f 2155/4684/117 2156/4687/117 2151/4675/117 2152/4677/117
f 2153/4680/114 2154/4683/114 2157/4689/114 2158/4690/114
f 2159/4692/363 2160/4695/363 2163/4701/363 2164/4703/363
f 2165/4705/364 2166/4706/364 2161/4698/364 2162/4700/364
f 2155/4685/13 2152/4678/13 2159/4693/13 2164/4704/13
s 1
f 2173/4720/381 2174/4722/382 2172/4718/383 2171/4716/384 2170/4714/385 2168/4709/386 2167/4707/387 2169/4712/388
f 2180/4731/373 2182/4733/389 2174/4723/382 2173/4721/381
f 2182/4734/389 2181/4732/375 2172/4719/383 2174/4724/382
f 2173/4721/381 2169/4713/388 2177/4728/376 2180/4731/373
f 2169/4713/388 2167/4708/387 2175/4725/377 2177/4728/376
f 2181/4732/375 2179/4730/378 2171/4717/384 2172/4719/383
f 2179/4730/378 2178/4729/379 2170/4715/385 2171/4717/384
f 2167/4708/387 2168/4710/386 2176/4726/380 2175/4725/377
f 2168/4711/386 2170/4715/385 2178/4729/379 2176/4727/380
s 0
f 2183/4735/18 2187/4743/18 2190/4749/18 2186/4741/18
f 2166/4706/19 2186/4742/19 2185/4739/19 2161/4698/19
f 2160/4696/19 2184/4738/19 2183/4736/19 2163/4702/19
f 2161/4698/19 2185/4739/19 2184/4738/19 2160/4696/19
f 2186/4742/11 2190/4750/11 2189/4747/11 2185/4739/11
f 2185/4740/12 2189/4748/12 2188/4745/12 2184/4737/12
f 2184/4738/13 2188/4746/13 2187/4744/13 2183/4736/13
f 2195/4763/19 2196/4766/19 2235/4859/19 2255/4899/19 2256/4901/19 2236/4861/19 2197/4769/19 2198/4772/19 2193/4757/19 2194/4760/19 2246/4881/19 2266/4917/19 2265/4915/19 2245/4879/19 2191/4751/19 2192/4754/19
f 2233/4857/18 2205/4787/18 2214/4805/18 2232/4856/18
f 2206/4789/11 2201/4779/11 2210/4798/11 2213/4803/11
f 2242/4876/12 2209/4796/12 2202/4781/12 2243/4877/12
f 2200/4777/15 2207/4792/15 2208/4793/15 2199/4775/15
f 2210/4797/17 2201/4780/17 2202/4782/17 2209/4795/17
f 2212/4802/14 2203/4783/14 2204/4785/14 2211/4799/14
f 2206/4790/16 2213/4804/16 2214/4806/16 2205/4788/16
f 2200/4778/13 2203/4784/13 2212/4801/13 2207/4791/13
f 2210/4797/17 2209/4795/17 2217/4813/17 2218/4816/17
f 2196/4767/17 2195/4764/17 2228/4846/17 2227/4843/17
f 2241/4875/12 2208/4794/12 2216/4810/12 2247/4884/12
f 2194/4761/14 2193/4758/14 2226/4840/14 2225/4837/14
f 2207/4791/13 2212/4801/13 2220/4822/13 2215/4807/13
f 2208/4793/15 2207/4792/15 2215/4808/15 2216/4811/15
f 2192/4755/16 2191/4752/16 2224/4834/16 2223/4831/16
f 2193/4759/13 2198/4773/13 2229/4849/13 2226/4841/13
f 2223/4832/19 2224/4836/19 2216/4812/19 2215/4809/19
f 2225/4838/19 2226/4842/19 2218/4817/19 2217/4814/19
f 2227/4844/19 2228/4847/19 2220/4823/19 2219/4819/19
f 2229/4850/19 2230/4854/19 2222/4830/19 2221/4825/19
f 2228/4847/19 2223/4832/19 2215/4809/19 2220/4823/19
f 2250/4892/19 2225/4838/19 2217/4814/19 2248/4886/19
f 2239/4869/19 2227/4844/19 2219/4819/19 2237/4863/19
f 2226/4842/19 2229/4850/19 2221/4825/19 2218/4817/19
f 2198/4774/15 2197/4770/15 2230/4852/15 2229/4851/15
f 2232/4856/18 2214/4805/18 2222/4828/18 2238/4866/18
f 2195/4765/11 2192/4756/11 2223/4833/11 2228/4848/11
f 2213/4803/11 2210/4798/11 2218/4818/11 2221/4826/11
f 2214/4806/16 2213/4804/16 2221/4827/16 2222/4829/16
f 2246/4882/18 2194/4762/18 2225/4839/18 2250/4893/18
f 2235/4860/12 2196/4768/12 2227/4845/12 2239/4870/12
f 2212/4802/14 2211/4799/14 2219/4820/14 2220/4824/14
f 2197/4771/12 2236/4862/12 2240/4874/12 2230/4853/12
f 2255/4900/12 2235/4860/12 2239/4870/12 2259/4908/12
f 2211/4800/18 2231/4855/18 2237/4865/18 2219/4821/18
f 2252/4896/18 2232/4856/18 2238/4866/18 2258/4906/18
f 2230/4854/19 2240/4872/19 2238/4867/19 2222/4830/19
f 2259/4907/361 2239/4871/361 2237/4864/361 2257/4903/361
f 2204/4786/18 2234/4858/18 2231/4855/18 2211/4800/18
f 2253/4897/18 2233/4857/18 2232/4856/18 2252/4896/18
f 2191/4753/18 2245/4880/18 2249/4891/18 2224/4835/18
f 2266/4918/18 2246/4882/18 2250/4893/18 2270/4926/18
f 2224/4836/19 2249/4889/19 2247/4883/19 2216/4812/19
f 2270/4925/362 2250/4894/362 2248/4887/362 2268/4922/362
f 2209/4796/12 2242/4876/12 2248/4888/12 2217/4815/12
f 2261/4911/12 2241/4875/12 2247/4884/12 2267/4919/12
f 2208/4794/12 2241/4875/12 2244/4878/12 2199/4776/12
f 2262/4912/12 2242/4876/12 2243/4877/12 2263/4913/12
f 2234/4858/18 2254/4898/18 2251/4895/18 2231/4855/18
f 2254/4898/18 2253/4897/18 2252/4896/18 2251/4895/18
f 2240/4873/362 2260/4909/362 2258/4905/362 2238/4868/362
f 2260/4909/19 2259/4907/19 2257/4903/19 2258/4905/19
f 2231/4855/18 2251/4895/18 2257/4904/18 2237/4865/18
f 2251/4895/18 2252/4896/18 2258/4906/18 2257/4904/18
f 2236/4862/12 2256/4902/12 2260/4910/12 2240/4874/12
f 2256/4902/12 2255/4900/12 2259/4908/12 2260/4910/12
f 2241/4875/12 2261/4911/12 2264/4914/12 2244/4878/12
f 2261/4911/12 2262/4912/12 2263/4913/12 2264/4914/12
f 2242/4876/12 2262/4912/12 2268/4921/12 2248/4888/12
f 2262/4912/12 2261/4911/12 2267/4919/12 2268/4921/12
f 2249/4890/361 2269/4923/361 2267/4920/361 2247/4885/361
f 2269/4923/19 2270/4925/19 2268/4922/19 2267/4920/19
f 2245/4880/18 2265/4916/18 2269/4924/18 2249/4891/18
f 2265/4916/18 2266/4918/18 2270/4926/18 2269/4924/18
f 2279/4945/18 2280/4948/18 2281/4951/18 2282/4953/18 2273/4933/18 2274/4935/18 2271/4927/18 2272/4930/18
f 2283/4956/19 2286/4960/19 2306/4996/19 2303/4990/19
f 2285/4959/11 2278/4944/11 2273/4934/11 2282/4954/11
f 2271/4928/19 2274/4936/19 2277/4942/19 2276/4940/19
f 2275/4938/117 2272/4931/117 2271/4929/117 2276/4941/117
f 2273/4934/114 2278/4944/114 2277/4943/114 2274/4937/114
f 2279/4946/363 2284/4957/363 2283/4955/363 2280/4949/363
f 2285/4959/364 2282/4954/364 2281/4952/364 2286/4960/364
f 2275/4939/13 2284/4958/13 2279/4947/13 2272/4932/13
s 1
f 2293/4974/365 2289/4966/366 2287/4961/367 2288/4963/368 2290/4968/369 2291/4970/370 2292/4972/371 2294/4976/372
f 2300/4985/373 2293/4975/365 2294/4977/372 2302/4987/374
f 2302/4988/374 2294/4978/372 2292/4973/371 2301/4986/375
f 2293/4975/365 2300/4985/373 2297/4982/376 2289/4967/366
f 2289/4967/366 2297/4982/376 2295/4979/377 2287/4962/367
f 2301/4986/375 2292/4973/371 2291/4971/370 2299/4984/378
f 2299/4984/378 2291/4971/370 2290/4969/369 2298/4983/379
f 2287/4962/367 2295/4979/377 2296/4980/380 2288/4964/368
f 2288/4965/368 2296/4981/380 2298/4983/379 2290/4969/369
s 0
f 2303/4989/12 2306/4995/12 2310/5003/12 2307/4997/12
f 2286/4960/19 2281/4952/19 2305/4993/19 2306/4996/19
f 2280/4950/19 2283/4956/19 2303/4990/19 2304/4992/19
f 2281/4952/19 2280/4950/19 2304/4992/19 2305/4993/19
f 2306/4996/11 2305/4993/11 2309/5001/11 2310/5004/11
f 2305/4994/18 2304/4991/18 2308/4999/18 2309/5002/18
f 2304/4992/13 2303/4990/13 2307/4998/13 2308/5000/13
f 2315/5017/18 2316/5019/18 2313/5011/18 2314/5014/18 2311/5005/18 2312/5008/18
f 2322/5035/11 2319/5027/11 2313/5012/11 2316/5020/11
f 2311/5006/19 2314/5015/19 2320/5030/19 2317/5021/19
f 2318/5024/117 2312/5009/117 2311/5007/117 2317/5022/117
f 2313/5013/114 2319/5028/114 2320/5031/114 2314/5016/114
f 2318/5025/13 2321/5033/13 2315/5018/13 2312/5010/13
f 2320/5032/12 2319/5029/12 2322/5036/12 2321/5034/12 2318/5026/12 2317/5023/12
f 2327/5049/18 2328/5051/18 2325/5043/18 2326/5046/18 2323/5037/18 2324/5040/18
f 2334/5067/11 2331/5059/11 2325/5044/11 2328/5052/11
f 2323/5038/19 2326/5047/19 2332/5062/19 2329/5053/19
f 2330/5056/117 2324/5041/117 2323/5039/117 2329/5054/117
f 2325/5045/114 2331/5060/114 2332/5063/114 2326/5048/114
f 2330/5057/13 2333/5065/13 2327/5050/13 2324/5042/13
f 2332/5064/12 2331/5061/12 2334/5068/12 2333/5066/12 2330/5058/12 2329/5055/12
f 2339/5081/18 2340/5083/18 2337/5075/18 2338/5078/18 2335/5069/18 2336/5072/18
f 2346/5099/11 2343/5091/11 2337/5076/11 2340/5084/11
f 2335/5070/19 2338/5079/19 2344/5094/19 2341/5085/19
f 2342/5088/117 2336/5073/117 2335/5071/117 2341/5086/117
f 2337/5077/114 2343/5092/114 2344/5095/114 2338/5080/114
f 2342/5089/13 2345/5097/13 2339/5082/13 2336/5074/13
f 2344/5096/12 2343/5093/12 2346/5100/12 2345/5098/12 2342/5090/12 2341/5087/12
f 2351/5113/18 2352/5115/18 2349/5107/18 2350/5110/18 2347/5101/18 2348/5104/18
f 2358/5131/11 2355/5123/11 2349/5108/11 2352/5116/11
f 2347/5102/19 2350/5111/19 2356/5126/19 2353/5117/19
f 2354/5120/117 2348/5105/117 2347/5103/117 2353/5118/117
f 2349/5109/114 2355/5124/114 2356/5127/114 2350/5112/114
f 2354/5121/13 2357/5129/13 2351/5114/13 2348/5106/13
f 2356/5128/12 2355/5125/12 2358/5132/12 2357/5130/12 2354/5122/12 2353/5119/12
f 2367/5151/12 2360/5136/12 2359/5133/12 2362/5141/12 2361/5139/12 2370/5159/12 2369/5157/12 2368/5154/12
f 2371/5162/19 2391/5196/19 2394/5202/19 2374/5166/19
f 2373/5165/11 2370/5160/11 2361/5140/11 2366/5150/11
f 2359/5134/19 2364/5146/19 2365/5148/19 2362/5142/19
f 2363/5144/117 2364/5147/117 2359/5135/117 2360/5137/117
f 2361/5140/114 2362/5143/114 2365/5149/114 2366/5150/114
f 2367/5152/363 2368/5155/363 2371/5161/363 2372/5163/363
f 2373/5165/364 2374/5166/364 2369/5158/364 2370/5160/364
f 2363/5145/13 2360/5138/13 2367/5153/13 2372/5164/13
s 1
f 2381/5180/381 2382/5182/382 2380/5178/383 2379/5176/384 2378/5174/385 2376/5169/386 2375/5167/387 2377/5172/388
f 2388/5191/373 2390/5193/374 2382/5183/382 2381/5181/381
f 2390/5194/374 2389/5192/375 2380/5179/383 2382/5184/382
f 2381/5181/381 2377/5173/388 2385/5188/376 2388/5191/373
f 2377/5173/388 2375/5168/387 2383/5185/377 2385/5188/376
f 2389/5192/375 2387/5190/378 2379/5177/384 2380/5179/383
f 2387/5190/378 2386/5189/379 2378/5175/385 2379/5177/384
f 2375/5168/387 2376/5170/386 2384/5186/380 2383/5185/377
f 2376/5171/386 2378/5175/385 2386/5189/379 2384/5187/380
s 0
f 2391/5195/18 2395/5203/18 2398/5209/18 2394/5201/18
f 2374/5166/19 2394/5202/19 2393/5199/19 2369/5158/19
f 2368/5156/19 2392/5198/19 2391/5196/19 2371/5162/19
f 2369/5158/19 2393/5199/19 2392/5198/19 2368/5156/19
f 2394/5202/11 2398/5210/11 2397/5207/11 2393/5199/11
f 2393/5200/12 2397/5208/12 2396/5205/12 2392/5197/12
f 2392/5198/13 2396/5206/13 2395/5204/13 2391/5196/13
f 2403/5223/18 2404/5225/18 2401/5217/18 2402/5220/18 2399/5211/18 2400/5214/18
f 2410/5241/11 2407/5233/11 2401/5218/11 2404/5226/11
f 2399/5212/19 2402/5221/19 2408/5236/19 2405/5227/19
f 2406/5230/390 2400/5215/390 2399/5213/390 2405/5228/390
f 2401/5219/391 2407/5234/391 2408/5237/391 2402/5222/391
f 2406/5231/13 2409/5239/13 2403/5224/13 2400/5216/13
f 2408/5238/12 2407/5235/12 2410/5242/12 2409/5240/12 2406/5232/12 2405/5229/12
f 2415/5255/18 2416/5257/18 2413/5249/18 2414/5252/18 2411/5243/18 2412/5246/18
f 2422/5273/11 2419/5265/11 2413/5250/11 2416/5258/11
f 2411/5244/19 2414/5253/19 2420/5268/19 2417/5259/19
f 2418/5262/390 2412/5247/390 2411/5245/390 2417/5260/390
f 2413/5251/391 2419/5266/391 2420/5269/391 2414/5254/391
f 2418/5263/13 2421/5271/13 2415/5256/13 2412/5248/13
f 2420/5270/12 2419/5267/12 2422/5274/12 2421/5272/12 2418/5264/12 2417/5261/12
f 2427/5287/18 2428/5289/18 2425/5281/18 2426/5284/18 2423/5275/18 2424/5278/18
f 2434/5305/11 2431/5297/11 2425/5282/11 2428/5290/11
f 2423/5276/19 2426/5285/19 2432/5300/19 2429/5291/19
f 2430/5294/390 2424/5279/390 2423/5277/390 2429/5292/390
f 2425/5283/391 2431/5298/391 2432/5301/391 2426/5286/391
f 2430/5295/13 2433/5303/13 2427/5288/13 2424/5280/13
f 2432/5302/12 2431/5299/12 2434/5306/12 2433/5304/12 2430/5296/12 2429/5293/12
f 2439/5319/18 2440/5321/18 2437/5313/18 2438/5316/18 2435/5307/18 2436/5310/18
f 2446/5337/11 2443/5329/11 2437/5314/11 2440/5322/11
f 2435/5308/19 2438/5317/19 2444/5332/19 2441/5323/19
f 2442/5326/390 2436/5311/390 2435/5309/390 2441/5324/390
f 2437/5315/391 2443/5330/391 2444/5333/391 2438/5318/391
f 2442/5327/13 2445/5335/13 2439/5320/13 2436/5312/13
f 2444/5334/12 2443/5331/12 2446/5338/12 2445/5336/12 2442/5328/12 2441/5325/12
f 2451/5351/18 2452/5353/18 2449/5345/18 2450/5348/18 2447/5339/18 2448/5342/18
f 2458/5369/11 2455/5361/11 2449/5346/11 2452/5354/11
f 2447/5340/19 2450/5349/19 2456/5364/19 2453/5355/19
f 2454/5358/390 2448/5343/390 2447/5341/390 2453/5356/390
f 2449/5347/391 2455/5362/391 2456/5365/391 2450/5350/391
f 2454/5359/13 2457/5367/13 2451/5352/13 2448/5344/13
f 2456/5366/12 2455/5363/12 2458/5370/12 2457/5368/12 2454/5360/12 2453/5357/12
o fuse_etx_blue_1
v -0.054000 0.093001 0.115500
v -0.054000 0.282001 0.115500
v -0.073092 0.093001 0.107592
v -0.081000 0.093001 0.088500
v -0.073092 0.282001 0.107592
v -0.081000 0.282001 0.088500
v -0.034908 0.093001 0.107592
v -0.027000 0.093001 0.088500
v -0.034908 0.282001 0.107592
v -0.027000 0.282001 0.088500
v -0.073092 0.093001 0.069408
v -0.034908 0.093001 0.069408
v -0.054000 0.093001 0.061500
v -0.034908 0.282001 0.069408
v -0.073092 0.282001 0.069408
v -0.054000 0.282001 0.061500
vn -0.0000 1.0000 -0.0000
vn 0.7071 -0.0000 0.7071
vn -0.0000 -0.0000 1.0000
vn -0.7071 -0.0000 0.7071
vn -0.7071 -0.0000 -0.7071
vn -1.0000 -0.0000 -0.0000
vn 0.7071 -0.0000 -0.7071
vn -0.0000 -0.0000 -1.0000
vn 1.0000 -0.0000 -0.0000
vn -0.0000 -1.0000 -0.0000
vt 0.328125 0.291016
vt 0.342222 0.365234
vt 0.351235 0.356222
vt 0.328125 0.349609
vt 0.320312 0.291016
vt 0.338489 0.361501
vt 0.312500 0.291016
vt 0.338489 0.356222
vt 0.347501 0.352488
vt 0.320312 0.349609
vt 0.342222 0.352488
vt 0.312500 0.349609
vt 0.335938 0.291016
vt 0.304688 0.291016
vt 0.347501 0.365234
vt 0.312500 0.291016
vt 0.351235 0.361501
vt 0.351235 0.361501
vt 0.335938 0.349609
vt 0.304688 0.349609
vt 0.347501 0.365234
vt 0.312500 0.349609
vt 0.304688 0.291016
vt 0.335938 0.291016
vt 0.342222 0.352488
vt 0.320312 0.291016
vt 0.351235 0.356222
vt 0.328125 0.291016
vt 0.347501 0.352488
vt 0.342222 0.365234
vt 0.320312 0.349609
vt 0.338489 0.356222
vt 0.304688 0.349609
vt 0.335938 0.349609
vt 0.338489 0.361501
vt 0.328125 0.349609
s 1
usemtl electronics_etx_part_1
f 2472/5400/392 2474/5405/392 2473/5402/392 2464/5381/392 2463/5379/392 2460/5373/392 2467/5388/392 2468/5391/392
f 2465/5383/393 2467/5389/393 2460/5374/394 2459/5371/394
f 2459/5371/394 2460/5374/394 2463/5380/395 2461/5375/395
f 2473/5403/396 2469/5393/396 2462/5377/397 2464/5382/397
f 2464/5382/397 2462/5377/397 2461/5375/395 2463/5380/395
f 2472/5401/398 2470/5396/398 2471/5398/399 2474/5406/399
f 2474/5406/399 2471/5398/399 2469/5394/396 2473/5404/396
f 2467/5390/393 2465/5384/393 2466/5386/400 2468/5392/400
f 2468/5392/400 2466/5386/400 2470/5396/398 2472/5401/398
f 2461/5376/401 2462/5378/401 2469/5395/401 2471/5399/401 2470/5397/401 2466/5387/401 2465/5385/401 2459/5372/401
o fuse_etx_red_1
v 0.054000 0.093001 0.115500
v 0.054000 0.282001 0.115500
v 0.034908 0.093001 0.107592
v 0.027000 0.093001 0.088500
v 0.034908 0.282001 0.107592
v 0.027000 0.282001 0.088500
v 0.073092 0.093001 0.107592
v 0.081000 0.093001 0.088500
v 0.073092 0.282001 0.107592
v 0.081000 0.282001 0.088500
v 0.034908 0.093001 0.069408
v 0.073092 0.093001 0.069408
v 0.054000 0.093001 0.061500
v 0.073092 0.282001 0.069408
v 0.034908 0.282001 0.069408
v 0.054000 0.282001 0.061500
vn -0.0000 1.0000 -0.0000
vn 0.7071 -0.0000 0.7071
vn -0.0000 -0.0000 1.0000
vn -0.7071 -0.0000 0.7071
vn -0.7071 -0.0000 -0.7071
vn -1.0000 -0.0000 -0.0000
vn 0.7071 -0.0000 -0.7071
vn -0.0000 -0.0000 -1.0000
vn 1.0000 -0.0000 -0.0000
vn -0.0000 -1.0000 -0.0000
vt 0.265625 0.291016
vt 0.342222 0.365234
vt 0.351235 0.356222
vt 0.265625 0.349609
vt 0.257812 0.291016
vt 0.338489 0.361501
vt 0.250000 0.291016
vt 0.338489 0.356222
vt 0.347501 0.352488
vt 0.257812 0.349609
vt 0.342222 0.352488
vt 0.250000 0.349609
vt 0.273438 0.291016
vt 0.242188 0.291016
vt 0.347501 0.365234
vt 0.250000 0.291016
vt 0.351235 0.361501
vt 0.351235 0.361501
vt 0.273438 0.349609
vt 0.242188 0.349609
vt 0.347501 0.365234
vt 0.250000 0.349609
vt 0.242188 0.291016
vt 0.273438 0.291016
vt 0.342222 0.352488
vt 0.257812 0.291016
vt 0.351235 0.356222
vt 0.265625 0.291016
vt 0.347501 0.352488
vt 0.342222 0.365234
vt 0.257812 0.349609
vt 0.338489 0.356222
vt 0.242188 0.349609
vt 0.273438 0.349609
vt 0.338489 0.361501
vt 0.265625 0.349609
s 1
usemtl electronics_etx_part_1
f 2488/5436/402 2490/5441/402 2489/5438/402 2480/5417/402 2479/5415/402 2476/5409/402 2483/5424/402 2484/5427/402
f 2481/5419/403 2483/5425/403 2476/5410/404 2475/5407/404
f 2475/5407/404 2476/5410/404 2479/5416/405 2477/5411/405
f 2489/5439/406 2485/5429/406 2478/5413/407 2480/5418/407
f 2480/5418/407 2478/5413/407 2477/5411/405 2479/5416/405
f 2488/5437/408 2486/5432/408 2487/5434/409 2490/5442/409
f 2490/5442/409 2487/5434/409 2485/5430/406 2489/5440/406
f 2483/5426/403 2481/5420/403 2482/5422/410 2484/5428/410
f 2484/5428/410 2482/5422/410 2486/5432/408 2488/5437/408
f 2477/5412/411 2478/5414/411 2485/5431/411 2487/5435/411 2486/5433/411 2482/5423/411 2481/5421/411 2475/5408/411
o fuse_etx_green_1
v 0.162000 0.093001 0.115500
v 0.162000 0.282001 0.115500
v 0.142908 0.093001 0.107592
v 0.135000 0.093001 0.088500
v 0.142908 0.282001 0.107592
v 0.135000 0.282001 0.088500
v 0.181092 0.093001 0.107592
v 0.189000 0.093001 0.088500
v 0.181092 0.282001 0.107592
v 0.189000 0.282001 0.088500
v 0.142908 0.093001 0.069408
v 0.181092 0.093001 0.069408
v 0.162000 0.093001 0.061500
v 0.181092 0.282001 0.069408
v 0.142908 0.282001 0.069408
v 0.162000 0.282001 0.061500
vn -0.0000 1.0000 -0.0000
vn 0.7071 -0.0000 0.7071
vn -0.0000 -0.0000 1.0000
vn -0.7071 -0.0000 0.7071
vn -0.7071 -0.0000 -0.7071
vn -1.0000 -0.0000 -0.0000
vn 0.7071 -0.0000 -0.7071
vn -0.0000 -0.0000 -1.0000
vn 1.0000 -0.0000 -0.0000
vn -0.0000 -1.0000 -0.0000
vt 0.234375 0.291016
vt 0.342222 0.365234
vt 0.351235 0.356222
vt 0.234375 0.349609
vt 0.226562 0.291016
vt 0.338489 0.361501
vt 0.218750 0.291016
vt 0.338489 0.356222
vt 0.347501 0.352488
vt 0.226562 0.349609
vt 0.342222 0.352488
vt 0.218750 0.349609
vt 0.242188 0.291016
vt 0.210938 0.291016
vt 0.347501 0.365234
vt 0.218750 0.291016
vt 0.351235 0.361501
vt 0.351235 0.361501
vt 0.242188 0.349609
vt 0.210938 0.349609
vt 0.347501 0.365234
vt 0.218750 0.349609
vt 0.210938 0.291016
vt 0.242188 0.291016
vt 0.342222 0.352488
vt 0.226562 0.291016
vt 0.351235 0.356222
vt 0.234375 0.291016
vt 0.347501 0.352488
vt 0.342222 0.365234
vt 0.226562 0.349609
vt 0.338489 0.356222
vt 0.210938 0.349609
vt 0.242188 0.349609
vt 0.338489 0.361501
vt 0.234375 0.349609
s 1
usemtl electronics_etx_part_1
f 2504/5472/412 2506/5477/412 2505/5474/412 2496/5453/412 2495/5451/412 2492/5445/412 2499/5460/412 2500/5463/412
f 2497/5455/413 2499/5461/413 2492/5446/414 2491/5443/414
f 2491/5443/414 2492/5446/414 2495/5452/415 2493/5447/415
f 2505/5475/416 2501/5465/416 2494/5449/417 2496/5454/417
f 2496/5454/417 2494/5449/417 2493/5447/415 2495/5452/415
f 2504/5473/418 2502/5468/418 2503/5470/419 2506/5478/419
f 2506/5478/419 2503/5470/419 2501/5466/416 2505/5476/416
f 2499/5462/413 2497/5456/413 2498/5458/420 2500/5464/420
f 2500/5464/420 2498/5458/420 2502/5468/418 2504/5473/418
f 2493/5448/421 2494/5450/421 2501/5467/421 2503/5471/421 2502/5469/421 2498/5459/421 2497/5457/421 2491/5444/421
o fuse_box_etx_1_1_puzzle_piece_child
v -0.097500 -0.138078 0.114561
v -0.097500 -0.138078 0.077438
v -0.097500 -0.074438 0.141078
v -0.097500 -0.111561 0.141078
v -0.097500 -0.111561 0.050922
v -0.097500 -0.074438 0.050922
v -0.097500 -0.047922 0.077438
v -0.097500 -0.047922 0.114561
v -0.142500 -0.138078 0.114561
v -0.142500 -0.138078 0.077438
v -0.142500 -0.074438 0.141078
v -0.142500 -0.111561 0.141078
v -0.142500 -0.111561 0.050922
v -0.142500 -0.074438 0.050922
v -0.142500 -0.047922 0.077438
v -0.142500 -0.047922 0.114561
vn 1.0000 -0.0000 -0.0000
vn -0.0000 0.7071 -0.7071
vn -0.0000 0.7071 0.7071
vn -0.0000 -0.7071 0.7071
vn -0.0000 -1.0000 -0.0000
vn -0.0000 -0.0000 1.0000
vn -0.0000 -0.0000 -1.0000
vn -0.0000 1.0000 -0.0000
vn -0.0000 -0.7071 -0.7071
vn -1.0000 -0.0000 -0.0000
vt 0.816665 1.000484
vt 0.785156 0.984375
vt 0.806112 0.989931
vt 0.785156 1.000000
vt 0.785156 0.875000
vt 0.842294 0.989931
vt 0.785156 0.953125
vt 0.831741 1.000484
vt 0.785156 0.968750
vt 0.806112 0.974856
vt 0.785156 0.890625
vt 0.816665 0.964303
vt 0.785156 0.906250
vt 0.831741 0.964303
vt 0.785156 0.921875
vt 0.842294 0.974856
vt 0.785156 0.937500
vt 0.804688 0.984375
vt 0.816665 0.964303
vt 0.804688 1.000000
vt 0.804688 0.875000
vt 0.806112 0.974856
vt 0.804688 0.953125
vt 0.842294 0.974856
vt 0.804688 0.968750
vt 0.831741 0.964303
vt 0.804688 0.890625
vt 0.806112 0.989931
vt 0.804688 0.906250
vt 0.816665 1.000484
vt 0.804688 0.921875
vt 0.831741 1.000484
vt 0.804688 0.937500
vt 0.842294 0.989931
s 0
usemtl electronics_etx_part_1
f 2511/5488/422 2512/5490/422 2513/5492/422 2514/5494/422 2509/5484/422 2510/5486/422 2507/5479/422 2508/5481/422
f 2520/5507/423 2521/5509/423 2513/5493/423 2512/5491/423
f 2522/5511/424 2517/5501/424 2509/5485/424 2514/5495/424
f 2507/5480/425 2510/5487/425 2518/5503/425 2515/5496/425
f 2516/5498/426 2508/5482/426 2507/5480/426 2515/5496/426
f 2509/5485/427 2517/5501/427 2518/5503/427 2510/5487/427
f 2511/5489/428 2519/5505/428 2520/5507/428 2512/5491/428
f 2522/5511/429 2514/5495/429 2513/5493/429 2521/5509/429
f 2516/5499/430 2519/5505/430 2511/5489/430 2508/5483/430
f 2518/5504/431 2517/5502/431 2522/5512/431 2521/5510/431 2520/5508/431 2519/5506/431 2516/5500/431 2515/5497/431
o fuse_box_etx_1_1_puzzle_piece_child_1
v -0.037500 -0.111750 0.141000
v -0.037500 -0.138000 0.114750
v -0.037500 -0.048000 0.114750
v -0.037500 -0.074250 0.141000
v -0.037500 -0.138000 0.077250
v -0.037500 -0.111750 0.051000
v -0.037500 -0.074250 0.051000
v -0.037500 -0.048000 0.077250
v -0.082500 -0.111750 0.141000
v -0.082500 -0.138000 0.114750
v -0.082500 -0.048000 0.114750
v -0.082500 -0.074250 0.141000
v -0.082500 -0.138000 0.077250
v -0.082500 -0.111750 0.051000
v -0.082500 -0.074250 0.051000
v -0.082500 -0.048000 0.077250
vn 1.0000 -0.0000 -0.0000
vn -0.0000 -0.0000 -1.0000
vn -0.0000 1.0000 -0.0000
vn -0.0000 -0.0000 1.0000
vn -0.0000 -0.7071 0.7071
vn -0.0000 0.7071 0.7071
vn -0.0000 -0.7071 -0.7071
vn -0.0000 0.7071 -0.7071
vn -0.0000 -1.0000 -0.0000
vn -1.0000 -0.0000 -0.0000
vt 0.816665 1.000484
vt 0.785156 0.984375
vt 0.806112 0.989931
vt 0.785156 1.000000
vt 0.785156 0.875000
vt 0.842294 0.989931
vt 0.785156 0.953125
vt 0.831741 1.000484
vt 0.785156 0.968750
vt 0.806112 0.974856
vt 0.785156 0.890625
vt 0.816665 0.964303
vt 0.785156 0.906250
vt 0.831741 0.964303
vt 0.785156 0.921875
vt 0.842294 0.974856
vt 0.785156 0.937500
vt 0.804688 0.984375
vt 0.816665 0.964303
vt 0.804688 1.000000
vt 0.804688 0.875000
vt 0.806112 0.974856
vt 0.804688 0.953125
vt 0.842294 0.974856
vt 0.804688 0.968750
vt 0.831741 0.964303
vt 0.804688 0.890625
vt 0.806112 0.989931
vt 0.804688 0.906250
vt 0.816665 1.000484
vt 0.804688 0.921875
vt 0.831741 1.000484
vt 0.804688 0.937500
vt 0.842294 0.989931
s 0
usemtl electronics_etx_part_1
f 2527/5522/432 2528/5524/432 2529/5526/432 2530/5528/432 2525/5518/432 2526/5520/432 2523/5513/432 2524/5515/432
f 2536/5541/433 2537/5543/433 2529/5527/433 2528/5525/433
f 2538/5545/434 2533/5535/434 2525/5519/434 2530/5529/434
f 2523/5514/435 2526/5521/435 2534/5537/435 2531/5530/435
f 2532/5532/436 2524/5516/436 2523/5514/436 2531/5530/436
f 2525/5519/437 2533/5535/437 2534/5537/437 2526/5521/437
f 2527/5523/438 2535/5539/438 2536/5541/438 2528/5525/438
f 2538/5545/439 2530/5529/439 2529/5527/439 2537/5543/439
f 2532/5533/440 2535/5539/440 2527/5523/440 2524/5517/440
f 2534/5538/441 2533/5536/441 2538/5546/441 2537/5544/441 2536/5542/441 2535/5540/441 2532/5534/441 2531/5531/441
o fuse_box_etx_1_1_puzzle_piece_child_2
v 0.022500 -0.138000 0.077250
v 0.022500 -0.111750 0.051000
v 0.022500 -0.111750 0.141000
v 0.022500 -0.138000 0.114750
v 0.022500 -0.074250 0.051000
v 0.022500 -0.048000 0.077250
v 0.022500 -0.048000 0.114750
v 0.022500 -0.074250 0.141000
v -0.022500 -0.138000 0.077250
v -0.022500 -0.111750 0.051000
v -0.022500 -0.111750 0.141000
v -0.022500 -0.138000 0.114750
v -0.022500 -0.074250 0.051000
v -0.022500 -0.048000 0.077250
v -0.022500 -0.048000 0.114750
v -0.022500 -0.074250 0.141000
vn 1.0000 -0.0000 -0.0000
vn -0.0000 1.0000 -0.0000
vn -0.0000 -0.0000 1.0000
vn -0.0000 -1.0000 -0.0000
vn -0.0000 -0.7071 -0.7071
vn -0.0000 -0.7071 0.7071
vn -0.0000 0.7071 -0.7071
vn -0.0000 0.7071 0.7071
vn -0.0000 -0.0000 -1.0000
vn -1.0000 -0.0000 -0.0000
vt 0.816665 1.000484
vt 0.785156 0.984375
vt 0.806112 0.989931
vt 0.785156 1.000000
vt 0.785156 0.875000
vt 0.842294 0.989931
vt 0.785156 0.953125
vt 0.831741 1.000484
vt 0.785156 0.968750
vt 0.806112 0.974856
vt 0.785156 0.890625
vt 0.816665 0.964303
vt 0.785156 0.906250
vt 0.831741 0.964303
vt 0.785156 0.921875
vt 0.842294 0.974856
vt 0.785156 0.937500
vt 0.804688 0.984375
vt 0.816665 0.964303
vt 0.804688 1.000000
vt 0.804688 0.875000
vt 0.806112 0.974856
vt 0.804688 0.953125
vt 0.842294 0.974856
vt 0.804688 0.968750
vt 0.831741 0.964303
vt 0.804688 0.890625
vt 0.806112 0.989931
vt 0.804688 0.906250
vt 0.816665 1.000484
vt 0.804688 0.921875
vt 0.831741 1.000484
vt 0.804688 0.937500
vt 0.842294 0.989931
s 0
usemtl electronics_etx_part_1
f 2543/5556/442 2544/5558/442 2545/5560/442 2546/5562/442 2541/5552/442 2542/5554/442 2539/5547/442 2540/5549/442
f 2552/5575/443 2553/5577/443 2545/5561/443 2544/5559/443
f 2554/5579/444 2549/5569/444 2541/5553/444 2546/5563/444
f 2539/5548/445 2542/5555/445 2550/5571/445 2547/5564/445
f 2548/5566/446 2540/5550/446 2539/5548/446 2547/5564/446
f 2541/5553/447 2549/5569/447 2550/5571/447 2542/5555/447
f 2543/5557/448 2551/5573/448 2552/5575/448 2544/5559/448
f 2554/5579/449 2546/5563/449 2545/5561/449 2553/5577/449
f 2548/5567/450 2551/5573/450 2543/5557/450 2540/5551/450
f 2550/5572/451 2549/5570/451 2554/5580/451 2553/5578/451 2552/5576/451 2551/5574/451 2548/5568/451 2547/5565/451
o fuse_box_etx_1_1_puzzle_piece_child_3
v 0.082500 -0.074438 0.141078
v 0.082500 -0.111561 0.141078
v 0.082500 -0.047922 0.077438
v 0.082500 -0.047922 0.114561
v 0.082500 -0.138078 0.114561
v 0.082500 -0.138078 0.077438
v 0.082500 -0.111561 0.050922
v 0.082500 -0.074438 0.050922
v 0.037500 -0.074438 0.141078
v 0.037500 -0.111561 0.141078
v 0.037500 -0.047922 0.077438
v 0.037500 -0.047922 0.114561
v 0.037500 -0.138078 0.114561
v 0.037500 -0.138078 0.077438
v 0.037500 -0.111561 0.050922
v 0.037500 -0.074438 0.050922
vn 1.0000 -0.0000 -0.0000
vn -0.0000 -0.7071 -0.7071
vn -0.0000 0.7071 -0.7071
vn -0.0000 0.7071 0.7071
vn -0.0000 -0.0000 1.0000
vn -0.0000 1.0000 -0.0000
vn -0.0000 -1.0000 -0.0000
vn -0.0000 -0.0000 -1.0000
vn -0.0000 -0.7071 0.7071
vn -1.0000 -0.0000 -0.0000
vt 0.816665 1.000484
vt 0.785156 0.984375
vt 0.806112 0.989931
vt 0.785156 1.000000
vt 0.785156 0.875000
vt 0.842294 0.989931
vt 0.785156 0.953125
vt 0.831741 1.000484
vt 0.785156 0.968750
vt 0.806112 0.974856
vt 0.785156 0.890625
vt 0.816665 0.964303
vt 0.785156 0.906250
vt 0.831741 0.964303
vt 0.785156 0.921875
vt 0.842294 0.974856
vt 0.785156 0.937500
vt 0.804688 0.984375
vt 0.816665 0.964303
vt 0.804688 1.000000
vt 0.804688 0.875000
vt 0.806112 0.974856
vt 0.804688 0.953125
vt 0.842294 0.974856
vt 0.804688 0.968750
vt 0.831741 0.964303
vt 0.804688 0.890625
vt 0.806112 0.989931
vt 0.804688 0.906250
vt 0.816665 1.000484
vt 0.804688 0.921875
vt 0.831741 1.000484
vt 0.804688 0.937500
vt 0.842294 0.989931
s 0
usemtl electronics_etx_part_1
f 2559/5590/452 2560/5592/452 2561/5594/452 2562/5596/452 2557/5586/452 2558/5588/452 2555/5581/452 2556/5583/452
f 2568/5609/453 2569/5611/453 2561/5595/453 2560/5593/453
f 2570/5613/454 2565/5603/454 2557/5587/454 2562/5597/454
f 2555/5582/455 2558/5589/455 2566/5605/455 2563/5598/455
f 2564/5600/456 2556/5584/456 2555/5582/456 2563/5598/456
f 2557/5587/457 2565/5603/457 2566/5605/457 2558/5589/457
f 2559/5591/458 2567/5607/458 2568/5609/458 2560/5593/458
f 2570/5613/459 2562/5597/459 2561/5595/459 2569/5611/459
f 2564/5601/460 2567/5607/460 2559/5591/460 2556/5585/460
f 2566/5606/461 2565/5604/461 2570/5614/461 2569/5612/461 2568/5610/461 2567/5608/461 2564/5602/461 2563/5599/461
o fuse_box_etx_1_1_puzzle_piece_child_4
v 0.142500 -0.048000 0.114750
v 0.142500 -0.074250 0.141000
v 0.142500 -0.074250 0.051000
v 0.142500 -0.048000 0.077250
v 0.142500 -0.111750 0.141000
v 0.142500 -0.138000 0.114750
v 0.142500 -0.138000 0.077250
v 0.142500 -0.111750 0.051000
v 0.097500 -0.048000 0.114750
v 0.097500 -0.074250 0.141000
v 0.097500 -0.074250 0.051000
v 0.097500 -0.048000 0.077250
v 0.097500 -0.111750 0.141000
v 0.097500 -0.138000 0.114750
v 0.097500 -0.138000 0.077250
v 0.097500 -0.111750 0.051000
vn 1.0000 -0.0000 -0.0000
vn -0.0000 -1.0000 -0.0000
vn -0.0000 -0.0000 -1.0000
vn -0.0000 1.0000 -0.0000
vn -0.0000 0.7071 0.7071
vn -0.0000 0.7071 -0.7071
vn -0.0000 -0.7071 0.7071
vn -0.0000 -0.7071 -0.7071
vn -0.0000 -0.0000 1.0000
vn -1.0000 -0.0000 -0.0000
vt 0.816665 1.000484
vt 0.785156 0.984375
vt 0.806112 0.989931
vt 0.785156 1.000000
vt 0.785156 0.875000
vt 0.842294 0.989931
vt 0.785156 0.953125
vt 0.831741 1.000484
vt 0.785156 0.968750
vt 0.806112 0.974856
vt 0.785156 0.890625
vt 0.816665 0.964303
vt 0.785156 0.906250
vt 0.831741 0.964303
vt 0.785156 0.921875
vt 0.842294 0.974856
vt 0.785156 0.937500
vt 0.804688 0.984375
vt 0.816665 0.964303
vt 0.804688 1.000000
vt 0.804688 0.875000
vt 0.806112 0.974856
vt 0.804688 0.953125
vt 0.842294 0.974856
vt 0.804688 0.968750
vt 0.831741 0.964303
vt 0.804688 0.890625
vt 0.806112 0.989931
vt 0.804688 0.906250
vt 0.816665 1.000484
vt 0.804688 0.921875
vt 0.831741 1.000484
vt 0.804688 0.937500
vt 0.842294 0.989931
s 0
usemtl electronics_etx_part_1
f 2575/5624/462 2576/5626/462 2577/5628/462 2578/5630/462 2573/5620/462 2574/5622/462 2571/5615/462 2572/5617/462
f 2584/5643/463 2585/5645/463 2577/5629/463 2576/5627/463
f 2586/5647/464 2581/5637/464 2573/5621/464 2578/5631/464
f 2571/5616/465 2574/5623/465 2582/5639/465 2579/5632/465
f 2580/5634/466 2572/5618/466 2571/5616/466 2579/5632/466
f 2573/5621/467 2581/5637/467 2582/5639/467 2574/5623/467
f 2575/5625/468 2583/5641/468 2584/5643/468 2576/5627/468
f 2586/5647/469 2578/5631/469 2577/5629/469 2585/5645/469
f 2580/5635/470 2583/5641/470 2575/5625/470 2572/5619/470
f 2582/5640/471 2581/5638/471 2586/5648/471 2585/5646/471 2584/5644/471 2583/5642/471 2580/5636/471 2579/5633/471
o fuse_box_etx_1_1_puzzle_piece_child_5
v -0.097500 -0.288000 0.077250
v -0.097500 -0.261750 0.051000
v -0.097500 -0.261750 0.141000
v -0.097500 -0.288000 0.114750
v -0.097500 -0.224250 0.051000
v -0.097500 -0.198000 0.077250
v -0.097500 -0.198000 0.114750
v -0.097500 -0.224250 0.141000
v -0.142500 -0.288000 0.077250
v -0.142500 -0.261750 0.051000
v -0.142500 -0.261750 0.141000
v -0.142500 -0.288000 0.114750
v -0.142500 -0.224250 0.051000
v -0.142500 -0.198000 0.077250
v -0.142500 -0.198000 0.114750
v -0.142500 -0.224250 0.141000
vn 1.0000 -0.0000 -0.0000
vn -0.0000 1.0000 -0.0000
vn -0.0000 -0.0000 1.0000
vn -0.0000 -1.0000 -0.0000
vn -0.0000 -0.7071 -0.7071
vn -0.0000 -0.7071 0.7071
vn -0.0000 0.7071 -0.7071
vn -0.0000 0.7071 0.7071
vn -0.0000 -0.0000 -1.0000
vn -1.0000 -0.0000 -0.0000
vt 0.816665 1.000484
vt 0.785156 0.984375
vt 0.806112 0.989931
vt 0.785156 1.000000
vt 0.785156 0.875000
vt 0.842294 0.989931
vt 0.785156 0.953125
vt 0.831741 1.000484
vt 0.785156 0.968750
vt 0.806112 0.974856
vt 0.785156 0.890625
vt 0.816665 0.964303
vt 0.785156 0.906250
vt 0.831741 0.964303
vt 0.785156 0.921875
vt 0.842294 0.974856
vt 0.785156 0.937500
vt 0.804688 0.984375
vt 0.816665 0.964303
vt 0.804688 1.000000
vt 0.804688 0.875000
vt 0.806112 0.974856
vt 0.804688 0.953125
vt 0.842294 0.974856
vt 0.804688 0.968750
vt 0.831741 0.964303
vt 0.804688 0.890625
vt 0.806112 0.989931
vt 0.804688 0.906250
vt 0.816665 1.000484
vt 0.804688 0.921875
vt 0.831741 1.000484
vt 0.804688 0.937500
vt 0.842294 0.989931
s 0
usemtl electronics_etx_part_1
f 2591/5658/472 2592/5660/472 2593/5662/472 2594/5664/472 2589/5654/472 2590/5656/472 2587/5649/472 2588/5651/472
f 2600/5677/473 2601/5679/473 2593/5663/473 2592/5661/473
f 2602/5681/474 2597/5671/474 2589/5655/474 2594/5665/474
f 2587/5650/475 2590/5657/475 2598/5673/475 2595/5666/475
f 2596/5668/476 2588/5652/476 2587/5650/476 2595/5666/476
f 2589/5655/477 2597/5671/477 2598/5673/477 2590/5657/477
f 2591/5659/478 2599/5675/478 2600/5677/478 2592/5661/478
f 2602/5681/479 2594/5665/479 2593/5663/479 2601/5679/479
f 2596/5669/480 2599/5675/480 2591/5659/480 2588/5653/480
f 2598/5674/481 2597/5672/481 2602/5682/481 2601/5680/481 2600/5678/481 2599/5676/481 2596/5670/481 2595/5667/481
o fuse_box_etx_1_1_puzzle_piece_child_6
v -0.037500 -0.224250 0.051000
v -0.037500 -0.198000 0.077250
v -0.037500 -0.288000 0.077250
v -0.037500 -0.261750 0.051000
v -0.037500 -0.198000 0.114750
v -0.037500 -0.224250 0.141000
v -0.037500 -0.261750 0.141000
v -0.037500 -0.288000 0.114750
v -0.082500 -0.224250 0.051000
v -0.082500 -0.198000 0.077250
v -0.082500 -0.288000 0.077250
v -0.082500 -0.261750 0.051000
v -0.082500 -0.198000 0.114750
v -0.082500 -0.224250 0.141000
v -0.082500 -0.261750 0.141000
v -0.082500 -0.288000 0.114750
vn 1.0000 -0.0000 -0.0000
vn -0.0000 -0.0000 1.0000
vn -0.0000 -1.0000 -0.0000
vn -0.0000 -0.0000 -1.0000
vn -0.0000 0.7071 -0.7071
vn -0.0000 -0.7071 -0.7071
vn -0.0000 0.7071 0.7071
vn -0.0000 -0.7071 0.7071
vn -0.0000 1.0000 -0.0000
vn -1.0000 -0.0000 -0.0000
vt 0.816665 1.000484
vt 0.785156 0.984375
vt 0.806112 0.989931
vt 0.785156 1.000000
vt 0.785156 0.875000
vt 0.842294 0.989931
vt 0.785156 0.953125
vt 0.831741 1.000484
vt 0.785156 0.968750
vt 0.806112 0.974856
vt 0.785156 0.890625
vt 0.816665 0.964303
vt 0.785156 0.906250
vt 0.831741 0.964303
vt 0.785156 0.921875
vt 0.842294 0.974856
vt 0.785156 0.937500
vt 0.804688 0.984375
vt 0.816665 0.964303
vt 0.804688 1.000000
vt 0.804688 0.875000
vt 0.806112 0.974856
vt 0.804688 0.953125
vt 0.842294 0.974856
vt 0.804688 0.968750
vt 0.831741 0.964303
vt 0.804688 0.890625
vt 0.806112 0.989931
vt 0.804688 0.906250
vt 0.816665 1.000484
vt 0.804688 0.921875
vt 0.831741 1.000484
vt 0.804688 0.937500
vt 0.842294 0.989931
s 0
usemtl electronics_etx_part_1
f 2607/5692/482 2608/5694/482 2609/5696/482 2610/5698/482 2605/5688/482 2606/5690/482 2603/5683/482 2604/5685/482
f 2616/5711/483 2617/5713/483 2609/5697/483 2608/5695/483
f 2618/5715/484 2613/5705/484 2605/5689/484 2610/5699/484
f 2603/5684/485 2606/5691/485 2614/5707/485 2611/5700/485
f 2612/5702/486 2604/5686/486 2603/5684/486 2611/5700/486
f 2605/5689/487 2613/5705/487 2614/5707/487 2606/5691/487
f 2607/5693/488 2615/5709/488 2616/5711/488 2608/5695/488
f 2618/5715/489 2610/5699/489 2609/5697/489 2617/5713/489
f 2612/5703/490 2615/5709/490 2607/5693/490 2604/5687/490
f 2614/5708/491 2613/5706/491 2618/5716/491 2617/5714/491 2616/5712/491 2615/5710/491 2612/5704/491 2611/5701/491
o fuse_box_etx_1_1_puzzle_piece_child_7
v 0.022500 -0.224438 0.141078
v 0.022500 -0.261561 0.141078
v 0.022500 -0.197922 0.077438
v 0.022500 -0.197922 0.114561
v 0.022500 -0.288078 0.114561
v 0.022500 -0.288078 0.077438
v 0.022500 -0.261561 0.050922
v 0.022500 -0.224438 0.050922
v -0.022500 -0.224438 0.141078
v -0.022500 -0.261561 0.141078
v -0.022500 -0.197922 0.077438
v -0.022500 -0.197922 0.114561
v -0.022500 -0.288078 0.114561
v -0.022500 -0.288078 0.077438
v -0.022500 -0.261561 0.050922
v -0.022500 -0.224438 0.050922
vn 1.0000 -0.0000 -0.0000
vn -0.0000 -0.7071 -0.7071
vn -0.0000 0.7071 -0.7071
vn -0.0000 0.7071 0.7071
vn -0.0000 -0.0000 1.0000
vn -0.0000 1.0000 -0.0000
vn -0.0000 -1.0000 -0.0000
vn -0.0000 -0.0000 -1.0000
vn -0.0000 -0.7071 0.7071
vn -1.0000 -0.0000 -0.0000
vt 0.816665 1.000484
vt 0.785156 0.984375
vt 0.806112 0.989931
vt 0.785156 1.000000
vt 0.785156 0.875000
vt 0.842294 0.989931
vt 0.785156 0.953125
vt 0.831741 1.000484
vt 0.785156 0.968750
vt 0.806112 0.974856
vt 0.785156 0.890625
vt 0.816665 0.964303
vt 0.785156 0.906250
vt 0.831741 0.964303
vt 0.785156 0.921875
vt 0.842294 0.974856
vt 0.785156 0.937500
vt 0.804688 0.984375
vt 0.816665 0.964303
vt 0.804688 1.000000
vt 0.804688 0.875000
vt 0.806112 0.974856
vt 0.804688 0.953125
vt 0.842294 0.974856
vt 0.804688 0.968750
vt 0.831741 0.964303
vt 0.804688 0.890625
vt 0.806112 0.989931
vt 0.804688 0.906250
vt 0.816665 1.000484
vt 0.804688 0.921875
vt 0.831741 1.000484
vt 0.804688 0.937500
vt 0.842294 0.989931
s 0
usemtl electronics_etx_part_1
f 2623/5726/492 2624/5728/492 2625/5730/492 2626/5732/492 2621/5722/492 2622/5724/492 2619/5717/492 2620/5719/492
f 2632/5745/493 2633/5747/493 2625/5731/493 2624/5729/493
f 2634/5749/494 2629/5739/494 2621/5723/494 2626/5733/494
f 2619/5718/495 2622/5725/495 2630/5741/495 2627/5734/495
f 2628/5736/496 2620/5720/496 2619/5718/496 2627/5734/496
f 2621/5723/497 2629/5739/497 2630/5741/497 2622/5725/497
f 2623/5727/498 2631/5743/498 2632/5745/498 2624/5729/498
f 2634/5749/499 2626/5733/499 2625/5731/499 2633/5747/499
f 2628/5737/500 2631/5743/500 2623/5727/500 2620/5721/500
f 2630/5742/501 2629/5740/501 2634/5750/501 2633/5748/501 2632/5746/501 2631/5744/501 2628/5738/501 2627/5735/501
o fuse_box_etx_1_1_puzzle_piece_child_8
v 0.082500 -0.288078 0.114561
v 0.082500 -0.288078 0.077438
v 0.082500 -0.224438 0.141078
v 0.082500 -0.261561 0.141078
v 0.082500 -0.261561 0.050922
v 0.082500 -0.224438 0.050922
v 0.082500 -0.197922 0.077438
v 0.082500 -0.197922 0.114561
v 0.037500 -0.288078 0.114561
v 0.037500 -0.288078 0.077438
v 0.037500 -0.224438 0.141078
v 0.037500 -0.261561 0.141078
v 0.037500 -0.261561 0.050922
v 0.037500 -0.224438 0.050922
v 0.037500 -0.197922 0.077438
v 0.037500 -0.197922 0.114561
vn 1.0000 -0.0000 -0.0000
vn -0.0000 0.7071 -0.7071
vn -0.0000 0.7071 0.7071
vn -0.0000 -0.7071 0.7071
vn -0.0000 -1.0000 -0.0000
vn -0.0000 -0.0000 1.0000
vn -0.0000 -0.0000 -1.0000
vn -0.0000 1.0000 -0.0000
vn -0.0000 -0.7071 -0.7071
vn -1.0000 -0.0000 -0.0000
vt 0.816665 1.000484
vt 0.785156 0.984375
vt 0.806112 0.989931
vt 0.785156 1.000000
vt 0.785156 0.875000
vt 0.842294 0.989931
vt 0.785156 0.953125
vt 0.831741 1.000484
vt 0.785156 0.968750
vt 0.806112 0.974856
vt 0.785156 0.890625
vt 0.816665 0.964303
vt 0.785156 0.906250
vt 0.831741 0.964303
vt 0.785156 0.921875
vt 0.842294 0.974856
vt 0.785156 0.937500
vt 0.804688 0.984375
vt 0.816665 0.964303
vt 0.804688 1.000000
vt 0.804688 0.875000
vt 0.806112 0.974856
vt 0.804688 0.953125
vt 0.842294 0.974856
vt 0.804688 0.968750
vt 0.831741 0.964303
vt 0.804688 0.890625
vt 0.806112 0.989931
vt 0.804688 0.906250
vt 0.816665 1.000484
vt 0.804688 0.921875
vt 0.831741 1.000484
vt 0.804688 0.937500
vt 0.842294 0.989931
s 0
usemtl electronics_etx_part_1
f 2639/5760/502 2640/5762/502 2641/5764/502 2642/5766/502 2637/5756/502 2638/5758/502 2635/5751/502 2636/5753/502
f 2648/5779/503 2649/5781/503 2641/5765/503 2640/5763/503
f 2650/5783/504 2645/5773/504 2637/5757/504 2642/5767/504
f 2635/5752/505 2638/5759/505 2646/5775/505 2643/5768/505
f 2644/5770/506 2636/5754/506 2635/5752/506 2643/5768/506
f 2637/5757/507 2645/5773/507 2646/5775/507 2638/5759/507
f 2639/5761/508 2647/5777/508 2648/5779/508 2640/5763/508
f 2650/5783/509 2642/5767/509 2641/5765/509 2649/5781/509
f 2644/5771/510 2647/5777/510 2639/5761/510 2636/5755/510
f 2646/5776/511 2645/5774/511 2650/5784/511 2649/5782/511 2648/5780/511 2647/5778/511 2644/5772/511 2643/5769/511
o fuse_box_etx_1_1_puzzle_piece_child_9
v 0.142500 -0.224250 0.051000
v 0.142500 -0.198000 0.077250
v 0.142500 -0.288000 0.077250
v 0.142500 -0.261750 0.051000
v 0.142500 -0.198000 0.114750
v 0.142500 -0.224250 0.141000
v 0.142500 -0.261750 0.141000
v 0.142500 -0.288000 0.114750
v 0.097500 -0.224250 0.051000
v 0.097500 -0.198000 0.077250
v 0.097500 -0.288000 0.077250
v 0.097500 -0.261750 0.051000
v 0.097500 -0.198000 0.114750
v 0.097500 -0.224250 0.141000
v 0.097500 -0.261750 0.141000
v 0.097500 -0.288000 0.114750
vn 1.0000 -0.0000 -0.0000
vn -0.0000 -0.0000 1.0000
vn -0.0000 -1.0000 -0.0000
vn -0.0000 -0.0000 -1.0000
vn -0.0000 0.7071 -0.7071
vn -0.0000 -0.7071 -0.7071
vn -0.0000 0.7071 0.7071
vn -0.0000 -0.7071 0.7071
vn -0.0000 1.0000 -0.0000
vn -1.0000 -0.0000 -0.0000
vt 0.816665 1.000484
vt 0.785156 0.984375
vt 0.806112 0.989931
vt 0.785156 1.000000
vt 0.785156 0.875000
vt 0.842294 0.989931
vt 0.785156 0.953125
vt 0.831741 1.000484
vt 0.785156 0.968750
vt 0.806112 0.974856
vt 0.785156 0.890625
vt 0.816665 0.964303
vt 0.785156 0.906250
vt 0.831741 0.964303
vt 0.785156 0.921875
vt 0.842294 0.974856
vt 0.785156 0.937500
vt 0.804688 0.984375
vt 0.816665 0.964303
vt 0.804688 1.000000
vt 0.804688 0.875000
vt 0.806112 0.974856
vt 0.804688 0.953125
vt 0.842294 0.974856
vt 0.804688 0.968750
vt 0.831741 0.964303
vt 0.804688 0.890625
vt 0.806112 0.989931
vt 0.804688 0.906250
vt 0.816665 1.000484
vt 0.804688 0.921875
vt 0.831741 1.000484
vt 0.804688 0.937500
vt 0.842294 0.989931
s 0
usemtl electronics_etx_part_1
f 2655/5794/512 2656/5796/512 2657/5798/512 2658/5800/512 2653/5790/512 2654/5792/512 2651/5785/512 2652/5787/512
f 2664/5813/513 2665/5815/513 2657/5799/513 2656/5797/513
f 2666/5817/514 2661/5807/514 2653/5791/514 2658/5801/514
f 2651/5786/515 2654/5793/515 2662/5809/515 2659/5802/515
f 2660/5804/516 2652/5788/516 2651/5786/516 2659/5802/516
f 2653/5791/517 2661/5807/517 2662/5809/517 2654/5793/517
f 2655/5795/518 2663/5811/518 2664/5813/518 2656/5797/518
f 2666/5817/519 2658/5801/519 2657/5799/519 2665/5815/519
f 2660/5805/520 2663/5811/520 2655/5795/520 2652/5789/520
f 2662/5810/521 2661/5808/521 2666/5818/521 2665/5816/521 2664/5814/521 2663/5812/521 2660/5806/521 2659/5803/521
o fuse_box_etx_1_1_door
v -0.260999 -0.397499 0.270000
v -0.233999 -0.424499 0.270000
v 0.237001 -0.424499 0.270000
v 0.264001 -0.397499 0.270000
v -0.234000 0.370501 0.270000
v -0.261000 0.343501 0.270000
v 0.264000 0.343502 0.270000
v 0.237000 0.370501 0.270000
v -0.230999 -0.394738 0.270000
v 0.234240 -0.394499 0.270000
v -0.231239 0.340501 0.270000
v 0.234239 0.340501 0.270000
v 0.234239 0.340501 0.285000
v -0.231239 0.340501 0.285000
v -0.260999 -0.397499 0.285000
v -0.233999 -0.424499 0.285000
v 0.237001 -0.424499 0.285000
v 0.264001 -0.397499 0.285000
v -0.234000 0.370501 0.285000
v -0.261000 0.343501 0.285000
v 0.264000 0.343502 0.285000
v 0.237000 0.370501 0.285000
v -0.230999 -0.394738 0.285000
v 0.234240 -0.394499 0.285000
v -0.255000 -0.026999 0.270000
v -0.225119 -0.027118 0.270000
v -0.255000 -0.026999 0.285000
v -0.225119 -0.027118 0.285000
v 0.001500 0.336001 0.270000
v 0.001500 0.366001 0.270000
v 0.001500 0.336001 0.285000
v 0.001500 0.366001 0.285000
v 0.001501 -0.419999 0.270000
v 0.001620 -0.390118 0.270000
v 0.001501 -0.419999 0.285000
v 0.001620 -0.390118 0.285000
v 0.261001 -0.146998 0.270000
v 0.231240 -0.146999 0.270000
v 0.261001 -0.146998 0.285000
v 0.231240 -0.146999 0.285000
v -0.230999 -0.394738 0.276000
v 0.234240 -0.394499 0.276000
v -0.231239 0.340501 0.276000
v 0.234239 0.340501 0.276000
v -0.230999 -0.394738 0.277500
v 0.234240 -0.394499 0.277500
v -0.231239 0.340501 0.277500
v 0.234239 0.340501 0.277500
v 0.169439 0.275701 0.306000
v -0.166418 0.275701 0.306000
v -0.166221 -0.329904 0.306000
v 0.169440 -0.329732 0.306000
v 0.169439 0.275701 0.307500
v -0.166418 0.275701 0.307500
v -0.166221 -0.329904 0.307500
v 0.169440 -0.329732 0.307500
v 0.277982 0.222000 0.274194
v 0.277982 0.162000 0.274194
v 0.277982 0.222000 0.280806
v 0.273306 0.222000 0.285482
v 0.277982 0.162000 0.280806
v 0.273306 0.162000 0.285482
v 0.273306 0.222000 0.269518
v 0.266694 0.222000 0.269518
v 0.273306 0.162000 0.269518
v 0.266694 0.162000 0.269518
v 0.266694 0.222000 0.285482
v 0.262018 0.222000 0.274194
v 0.262018 0.222000 0.280806
v 0.262018 0.162000 0.274194
v 0.266694 0.162000 0.285482
v 0.262018 0.162000 0.280806
v 0.277983 -0.213000 0.274193
v 0.277983 -0.273000 0.274193
v 0.277983 -0.213000 0.280806
v 0.273307 -0.213000 0.285482
v 0.277983 -0.273000 0.280806
v 0.273307 -0.273000 0.285482
v 0.273307 -0.213000 0.269517
v 0.266694 -0.213000 0.269517
v 0.273307 -0.273000 0.269517
v 0.266694 -0.273000 0.269517
v 0.266694 -0.213000 0.285482
v 0.262018 -0.213000 0.274193
v 0.262018 -0.213000 0.280806
v 0.262018 -0.273000 0.274193
v 0.266694 -0.273000 0.285482
v 0.262018 -0.273000 0.280806
v -0.166500 0.084000 0.313500
v -0.166500 0.114000 0.313500
v -0.166500 0.084000 0.298500
v -0.166500 0.114000 0.298500
v 0.169500 0.084000 0.313500
v 0.169500 0.114000 0.313500
v 0.169500 0.084000 0.298500
v 0.169500 0.114000 0.298500
v -0.241500 0.084000 0.285000
v -0.241500 0.114000 0.285000
v -0.241500 0.084000 0.270000
v -0.241500 0.114000 0.270000
v 0.247500 0.084000 0.285000
v 0.247500 0.114000 0.285000
v 0.247500 0.084000 0.270000
v 0.247500 0.114000 0.270000
v -0.166500 -0.168000 0.313500
v -0.166500 -0.138000 0.313500
v -0.166500 -0.168000 0.298500
v -0.166500 -0.138000 0.298500
v 0.169500 -0.168000 0.313500
v 0.169500 -0.138000 0.313500
v 0.169500 -0.168000 0.298500
v 0.169500 -0.138000 0.298500
v -0.241500 -0.168000 0.285000
v -0.241500 -0.138000 0.285000
v -0.241500 -0.168000 0.270000
v -0.241500 -0.138000 0.270000
v 0.247500 -0.168000 0.285000
v 0.247500 -0.138000 0.285000
v 0.247500 -0.168000 0.270000
v 0.247500 -0.138000 0.270000
v -0.231200 -0.087000 0.320000
v -0.251200 -0.087000 0.320000
v -0.231200 -0.084000 0.314000
v -0.251200 -0.084000 0.314000
v -0.231200 0.033000 0.320000
v -0.251200 0.033000 0.320000
v -0.231200 0.030000 0.314000
v -0.251200 0.030000 0.314000
v -0.231200 0.053000 0.290000
v -0.251200 0.053000 0.290000
v -0.231200 0.050000 0.284000
v -0.251200 0.050000 0.284000
v -0.231200 0.073000 0.290000
v -0.251200 0.073000 0.290000
v -0.231200 0.073000 0.284000
v -0.231200 -0.107000 0.290000
v -0.251200 -0.107000 0.290000
v -0.231200 -0.104000 0.284000
v -0.251200 -0.104000 0.284000
v -0.231200 -0.127000 0.290000
v -0.251200 -0.127000 0.290000
v -0.231200 -0.127000 0.284000
v -0.251200 0.073000 0.284000
v -0.251200 -0.127000 0.284000
v -0.234464 0.060323 0.293098
v -0.234702 0.065790 0.293098
v -0.238161 0.056288 0.293098
v -0.238737 0.069487 0.293098
v -0.244204 0.069248 0.293098
v -0.247901 0.065214 0.293098
v -0.243628 0.056049 0.293098
v -0.247662 0.059746 0.293098
v -0.234464 0.060323 0.289899
v -0.234702 0.065790 0.289899
v -0.238161 0.056288 0.289899
v -0.238737 0.069487 0.289899
v -0.244204 0.069248 0.289899
v -0.243628 0.056049 0.289899
v -0.247901 0.065214 0.289899
v -0.247662 0.059746 0.289899
v -0.234464 -0.119395 0.293098
v -0.234702 -0.113928 0.293098
v -0.238161 -0.123429 0.293098
v -0.238737 -0.110231 0.293098
v -0.244204 -0.110469 0.293098
v -0.247901 -0.114504 0.293098
v -0.243628 -0.123668 0.293098
v -0.247662 -0.119971 0.293098
v -0.234464 -0.119395 0.289899
v -0.234702 -0.113928 0.289899
v -0.238161 -0.123429 0.289899
v -0.238737 -0.110231 0.289899
v -0.244204 -0.110469 0.289899
v -0.243628 -0.123668 0.289899
v -0.247901 -0.114504 0.289899
v -0.247662 -0.119971 0.289899
vn -0.0000 -0.0000 -1.0000
vn -1.0000 0.0062 -0.0000
vn 0.0191 -0.9998 -0.0000
vn 0.9999 -0.0160 -0.0000
vn -0.0000 -0.0000 1.0000
vn 0.7071 0.7071 -0.0000
vn -0.7071 -0.7071 -0.0000
vn -0.0193 -0.9998 -0.0000
vn 0.9999 0.0120 -0.0000
vn 0.7071 -0.7071 -0.0000
vn 0.0188 0.9998 -0.0000
vn -0.9999 -0.0162 -0.0000
vn -0.7071 0.7071 -0.0000
vn -0.0191 0.9998 -0.0000
vn -0.9999 0.0162 -0.0000
vn 0.9999 0.0166 -0.0000
vn 0.0191 0.9998 -0.0000
vn 0.0193 -0.9998 -0.0000
vn -0.0199 0.9998 -0.0000
vn -0.0191 -0.9998 -0.0000
vn 1.0000 -0.0061 -0.0000
vn -0.9999 -0.0121 -0.0000
vn 0.1638 -0.1637 -0.9728
vn 0.2200 -0.2199 -0.9504
vn -0.2200 -0.2200 -0.9504
vn -0.1638 -0.1638 -0.9728
vn -0.1638 0.1637 -0.9728
vn 0.1637 0.1638 -0.9728
vn -0.2201 0.2200 -0.9503
vn -0.1638 0.1637 0.9728
vn -0.2200 0.2199 0.9504
vn -0.2199 -0.2201 0.9504
vn -0.1637 -0.1638 0.9728
vn 0.2199 0.2201 -0.9504
vn 0.1638 0.1638 0.9728
vn 0.1638 -0.1637 0.9728
vn 0.2201 -0.2200 0.9503
vn 0.2200 0.2200 0.9504
vn -0.0000 -1.0000 -0.0000
vn 0.3827 -0.0000 -0.9239
vn 0.9239 -0.0000 -0.3827
vn 0.9239 -0.0000 0.3827
vn -0.3827 -0.0000 0.9239
vn 0.3827 -0.0000 0.9239
vn -0.9239 -0.0000 -0.3827
vn -0.9239 -0.0000 0.3827
vn -0.3827 -0.0000 -0.9239
vn -0.0000 1.0000 -0.0000
vn 0.1327 -0.0000 -0.9912
vn -0.1327 -0.0000 -0.9912
vn 0.1327 -0.0000 0.9912
vn -0.1327 -0.0000 0.9911
vn 0.4211 -0.0000 -0.9070
vn -0.4211 -0.0000 0.9070
vn 0.3976 -0.0000 0.9176
vn 1.0000 -0.0000 -0.0000
vn -1.0000 -0.0000 -0.0000
vn -0.0000 -0.8321 -0.5547
vn -0.0000 0.8320 0.5547
vn -0.0000 0.8320 -0.5547
vn -0.0000 -0.8321 0.5547
vn -0.2655 -0.7296 0.6303
vn 0.3281 -0.7036 0.6303
vn 0.7296 -0.2655 0.6303
vn 0.7036 0.3281 0.6303
vn 0.2655 0.7296 0.6303
vn -0.3281 0.7036 0.6303
vn -0.7296 0.2655 0.6303
vn -0.7036 -0.3281 0.6303
vn -0.3420 -0.9397 -0.0000
vn -0.9063 -0.4226 -0.0000
vn -0.9397 0.3420 -0.0000
vn 0.4226 -0.9063 -0.0000
vn 0.9397 -0.3420 -0.0000
vn -0.4226 0.9063 -0.0000
vn 0.3420 0.9397 -0.0000
vn 0.9063 0.4226 -0.0000
vn -0.3976 -0.0000 -0.9176
vt 0.544932 0.792416
vt 0.539289 0.792416
vt 0.533555 0.550610
vt 0.539289 0.802705
vt 0.534642 0.802705
vt 0.349430 0.802705
vt 0.539289 0.802705
vt 0.533555 0.735823
vt 0.539289 0.792416
vt 0.339140 0.792416
vt 0.534642 0.494017
vt 0.539289 0.494017
vt 0.533555 0.550610
vt 0.539289 0.504307
vt 0.544932 0.504307
vt 0.339140 0.504307
vt 0.533555 0.746112
vt 0.539289 0.504307
vt 0.533555 0.735823
vt 0.349430 0.494017
vt 0.539289 0.791361
vt 0.533555 0.551751
vt 0.533499 0.791363
vt 0.533555 0.734767
vt 0.350482 0.791272
vt 0.539289 0.791272
vt 0.533555 0.551662
vt 0.533590 0.505450
vt 0.539289 0.505448
vt 0.539289 0.505450
vt 0.533555 0.734771
vt 0.350482 0.505451
vt 0.533573 0.505451
vt 0.539272 0.734771
vt 0.350482 0.505451
vt 0.539272 0.551662
vt 0.533573 0.505448
vt 0.544932 0.792416
vt 0.533573 0.792416
vt 0.539272 0.550610
vt 0.533573 0.802705
vt 0.534642 0.802705
vt 0.349430 0.802705
vt 0.533573 0.802705
vt 0.539272 0.735823
vt 0.533573 0.792416
vt 0.339140 0.792416
vt 0.534642 0.494017
vt 0.533573 0.494017
vt 0.539272 0.550610
vt 0.533573 0.504307
vt 0.544932 0.504307
vt 0.339140 0.504307
vt 0.539272 0.746112
vt 0.533573 0.504307
vt 0.539272 0.735823
vt 0.349430 0.494017
vt 0.539272 0.551751
vt 0.533499 0.791363
vt 0.539272 0.734768
vt 0.350482 0.791272
vt 0.533573 0.791272
vt 0.539289 0.648361
vt 0.544932 0.648361
vt 0.533545 0.648407
vt 0.539289 0.648405
vt 0.533573 0.648361
vt 0.544932 0.648361
vt 0.533559 0.648406
vt 0.533555 0.643216
vt 0.442036 0.505450
vt 0.533555 0.643216
vt 0.442036 0.494017
vt 0.539272 0.643216
vt 0.442036 0.505450
vt 0.539272 0.643216
vt 0.442036 0.494017
vt 0.442036 0.802705
vt 0.533555 0.643216
vt 0.533555 0.643259
vt 0.441990 0.791318
vt 0.442036 0.802705
vt 0.539272 0.643216
vt 0.539272 0.643259
vt 0.441990 0.791318
vt 0.539289 0.695019
vt 0.339140 0.695013
vt 0.350482 0.695031
vt 0.539289 0.695026
vt 0.533573 0.695018
vt 0.339140 0.695013
vt 0.350482 0.695031
vt 0.533573 0.695026
vt 1.521531 -1.218761
vt -0.678877 -1.217666
vt 1.522627 2.218761
vt -0.678877 2.218760
vt 1.521531 -1.218761
vt -0.678877 -1.217666
vt 1.522627 2.218761
vt -0.678877 2.218760
vt -0.372401 1.915795
vt 1.216054 1.915796
vt 1.215149 -0.915644
vt -0.372398 -0.914852
vt -0.372401 1.915795
vt 1.216054 1.915796
vt 1.215149 -0.915643
vt -0.372397 -0.914852
vt 0.308594 0.888796
vt 0.293394 0.909734
vt 0.302407 0.900721
vt 0.308594 0.919798
vt 0.304688 0.888796
vt 0.289661 0.906001
vt 0.300781 0.888796
vt 0.289661 0.900721
vt 0.298673 0.896988
vt 0.304688 0.919798
vt 0.293394 0.896988
vt 0.300781 0.919798
vt 0.312500 0.888796
vt 0.296875 0.888796
vt 0.298673 0.909734
vt 0.300781 0.888796
vt 0.302407 0.906001
vt 0.302407 0.906001
vt 0.312500 0.919798
vt 0.296875 0.919798
vt 0.298673 0.909734
vt 0.300781 0.919798
vt 0.296875 0.888796
vt 0.312500 0.888796
vt 0.293394 0.896988
vt 0.304688 0.888796
vt 0.302407 0.900721
vt 0.308594 0.888796
vt 0.298673 0.896988
vt 0.293394 0.909734
vt 0.304688 0.919798
vt 0.289661 0.900721
vt 0.296875 0.919798
vt 0.312500 0.919798
vt 0.289661 0.906001
vt 0.308594 0.919798
vt 0.308594 0.888796
vt 0.293394 0.909734
vt 0.302407 0.900721
vt 0.308594 0.919798
vt 0.304688 0.888796
vt 0.289661 0.906001
vt 0.300781 0.888796
vt 0.289661 0.900721
vt 0.298673 0.896988
vt 0.304688 0.919798
vt 0.293394 0.896988
vt 0.300781 0.919798
vt 0.312500 0.888796
vt 0.296875 0.888796
vt 0.298673 0.909734
vt 0.300781 0.888796
vt 0.302407 0.906001
vt 0.302407 0.906001
vt 0.312500 0.919798
vt 0.296875 0.919798
vt 0.298673 0.909734
vt 0.300781 0.919798
vt 0.296875 0.888796
vt 0.312500 0.888796
vt 0.293394 0.896988
vt 0.304688 0.888796
vt 0.302407 0.900721
vt 0.308594 0.888796
vt 0.298673 0.896988
vt 0.293394 0.909734
vt 0.304688 0.919798
vt 0.289661 0.900721
vt 0.296875 0.919798
vt 0.312500 0.919798
vt 0.289661 0.906001
vt 0.308594 0.919798
vt 0.506562 0.726875
vt 0.533203 0.726562
vt 0.506562 0.726875
vt 0.544922 0.726562
vt 0.512812 0.726875
vt 0.533203 0.726562
vt 0.512812 0.726875
vt 0.544922 0.726562
vt 0.533203 0.585938
vt 0.506562 0.586875
vt 0.544922 0.585938
vt 0.506562 0.586875
vt 0.512812 0.586875
vt 0.533203 0.585938
vt 0.512812 0.586875
vt 0.544922 0.585938
vt 0.518438 0.758125
vt 0.533203 0.756232
vt 0.518438 0.758125
vt 0.544922 0.756232
vt 0.524688 0.758125
vt 0.533203 0.756232
vt 0.524688 0.758125
vt 0.544922 0.756232
vt 0.533203 0.556054
vt 0.518438 0.554375
vt 0.544922 0.556054
vt 0.518438 0.554375
vt 0.524687 0.554375
vt 0.533203 0.556054
vt 0.524687 0.554375
vt 0.544922 0.556054
vt 0.506562 0.726875
vt 0.339844 0.726562
vt 0.506562 0.726875
vt 0.351562 0.726562
vt 0.512812 0.726875
vt 0.339844 0.726562
vt 0.512812 0.726875
vt 0.351562 0.726562
vt 0.339844 0.585938
vt 0.506562 0.586875
vt 0.351562 0.585938
vt 0.506562 0.586875
vt 0.512812 0.586875
vt 0.339844 0.585938
vt 0.512812 0.586875
vt 0.351562 0.585938
vt 0.518438 0.758125
vt 0.339844 0.756232
vt 0.518438 0.758125
vt 0.351562 0.756232
vt 0.524688 0.758125
vt 0.339844 0.756232
vt 0.524688 0.758125
vt 0.351562 0.756232
vt 0.339844 0.556054
vt 0.518438 0.554375
vt 0.351563 0.556054
vt 0.518438 0.554375
vt 0.524687 0.554375
vt 0.339844 0.556054
vt 0.524687 0.554375
vt 0.351563 0.556054
vt 0.214844 0.601562
vt 0.219932 0.554670
vt 0.214844 0.595065
vt 0.222656 0.601562
vt 0.219933 0.554671
vt 0.222656 0.595065
vt 0.214844 0.557063
vt 0.222058 0.555843
vt 0.214844 0.562876
vt 0.222656 0.557063
vt 0.222058 0.555844
vt 0.222656 0.562876
vt 0.214844 0.554688
vt 0.214844 0.561185
vt 0.219933 0.601579
vt 0.222656 0.554688
vt 0.219933 0.601579
vt 0.222656 0.561185
vt 0.214844 0.599187
vt 0.214844 0.593374
vt 0.222058 0.600406
vt 0.222656 0.599187
vt 0.222058 0.600406
vt 0.222656 0.593374
vt 0.214844 0.548978
vt 0.214844 0.544922
vt 0.230561 0.609397
vt 0.222656 0.548978
vt 0.222656 0.544922
vt 0.230561 0.609397
vt 0.214844 0.608023
vt 0.232687 0.608224
vt 0.222656 0.608023
vt 0.232687 0.608224
vt 0.214844 0.537109
vt 0.230561 0.617215
vt 0.214844 0.544922
vt 0.222656 0.537109
vt 0.230561 0.617215
vt 0.222656 0.544922
vt 0.232687 0.617215
vt 0.214844 0.542969
vt 0.214844 0.607272
vt 0.230561 0.546853
vt 0.214844 0.611328
vt 0.222656 0.607272
vt 0.230561 0.546853
vt 0.222656 0.611328
vt 0.214844 0.548227
vt 0.232687 0.548026
vt 0.222656 0.548227
vt 0.232687 0.548026
vt 0.230561 0.539035
vt 0.214844 0.619141
vt 0.214844 0.611328
vt 0.230561 0.539035
vt 0.222656 0.619141
vt 0.222656 0.611328
vt 0.232687 0.539035
vt 0.214844 0.613281
vt 0.232687 0.617215
vt 0.222656 0.542969
vt 0.232687 0.539035
vt 0.222656 0.613281
vt 0.450919 0.205078
vt 0.453549 0.205078
vt 0.448705 0.199732
vt 0.453549 0.199732
vt 0.453549 0.210424
vt 0.448705 0.210424
vt 0.453549 0.210424
vt 0.443359 0.197518
vt 0.453549 0.205078
vt 0.438014 0.199732
vt 0.453549 0.199732
vt 0.435799 0.205078
vt 0.453549 0.205078
vt 0.443359 0.212638
vt 0.453549 0.205078
vt 0.438014 0.210424
vt 0.453549 0.199732
vt 0.453549 0.210424
vt 0.456932 0.205078
vt 0.456932 0.199732
vt 0.456932 0.210424
vt 0.456932 0.210424
vt 0.456932 0.205078
vt 0.456932 0.199732
vt 0.456932 0.205078
vt 0.456932 0.205078
vt 0.456932 0.199732
vt 0.456932 0.210424
vt 0.450919 0.205078
vt 0.453549 0.205078
vt 0.448705 0.199732
vt 0.453549 0.199732
vt 0.453549 0.210424
vt 0.448705 0.210424
vt 0.453549 0.210424
vt 0.443359 0.197518
vt 0.453549 0.205078
vt 0.438014 0.199732
vt 0.453549 0.199732
vt 0.435799 0.205078
vt 0.453549 0.205078
vt 0.443359 0.212638
vt 0.453549 0.205078
vt 0.438014 0.210424
vt 0.453549 0.199732
vt 0.453549 0.210424
vt 0.456932 0.205078
vt 0.456932 0.199732
vt 0.456932 0.210424
vt 0.456932 0.210424
vt 0.456932 0.205078
vt 0.456932 0.199732
vt 0.456932 0.205078
vt 0.456932 0.205078
vt 0.456932 0.199732
vt 0.456932 0.210424
s 1
usemtl electronics_etx_part_1
f 2675/5841/522 2668/5823/522 2667/5819/522
f 2676/5843/522 2670/5828/522 2669/5824/522
f 2677/5846/522 2672/5833/522 2671/5829/522
f 2678/5850/522 2674/5838/522 2673/5834/522
f 2704/5907/523 2706/5911/523 2679/5851/523 2678/5848/523
f 2699/5897/524 2701/5901/524 2682/5858/524 2668/5821/524
f 2692/5884/525 2694/5887/525 2689/5877/525 2675/5839/525
f 2689/5877/526 2681/5856/526 2682/5860/526
f 2690/5879/526 2683/5861/526 2684/5865/526
f 2680/5855/526 2685/5866/526 2686/5870/526
f 2679/5853/526 2687/5871/526 2688/5875/526
f 2692/5883/522 2675/5841/522 2667/5819/522 2691/5882/522
f 2700/5899/522 2676/5843/522 2669/5824/522 2699/5896/522
f 2704/5906/522 2678/5850/522 2673/5834/522 2703/5905/522
f 2695/5889/522 2677/5846/522 2671/5829/522 2696/5891/522
f 2697/5893/526 2698/5895/526 2685/5866/526 2680/5855/526
f 2706/5910/526 2705/5909/526 2687/5871/526 2679/5853/526
f 2702/5903/526 2701/5900/526 2683/5861/526 2690/5879/526
f 2674/5837/527 2688/5874/527 2687/5872/527 2673/5835/527
f 2668/5822/528 2682/5859/528 2681/5857/528 2667/5820/528
f 2695/5888/529 2697/5892/529 2680/5854/529 2677/5845/529
f 2703/5904/530 2705/5908/530 2684/5864/530 2670/5827/530
f 2694/5887/526 2693/5886/526 2681/5856/526 2689/5877/526
f 2670/5827/531 2684/5864/531 2683/5862/531 2669/5825/531
f 2700/5898/532 2702/5902/532 2690/5878/532 2676/5842/532
f 2691/5881/533 2693/5885/533 2686/5869/533 2672/5832/533
f 2672/5832/534 2686/5869/534 2685/5867/534 2671/5830/534
f 2696/5890/535 2698/5894/535 2688/5874/535 2674/5837/535
f 2667/5820/536 2681/5857/536 2693/5885/536 2691/5881/536
f 2680/5855/526 2686/5870/526 2693/5886/526 2694/5887/526
f 2677/5846/522 2692/5883/522 2691/5882/522 2672/5833/522
f 2677/5847/537 2680/5855/537 2694/5887/537 2692/5884/537
f 2671/5831/538 2685/5868/538 2698/5894/538 2696/5890/538
f 2678/5849/539 2679/5852/539 2697/5892/539 2695/5888/539
f 2679/5853/526 2688/5875/526 2698/5895/526 2697/5893/526
f 2678/5850/522 2695/5889/522 2696/5891/522 2674/5838/522
f 2675/5840/540 2689/5876/540 2702/5902/540 2700/5898/540
f 2689/5877/526 2682/5860/526 2701/5900/526 2702/5903/526
f 2675/5841/522 2700/5899/522 2699/5896/522 2668/5823/522
f 2669/5826/541 2683/5863/541 2701/5901/541 2699/5897/541
f 2673/5836/542 2687/5873/542 2705/5908/542 2703/5904/542
f 2690/5879/526 2684/5865/526 2705/5909/526 2706/5910/526
f 2676/5843/522 2704/5906/522 2703/5905/522 2670/5828/522
f 2676/5844/543 2690/5880/543 2706/5911/543 2704/5907/543
f 2736/5957/560 2732/5948/560 2731/5945/560 2724/5930/560 2727/5936/560 2728/5938/560 2737/5959/560 2738/5962/560
f 2729/5940/561 2723/5928/562 2724/5931/562 2731/5946/561
f 2723/5928/562 2725/5932/563 2727/5937/563 2724/5931/562
f 2737/5960/564 2728/5939/565 2726/5934/565 2733/5950/564
f 2728/5939/565 2727/5937/563 2725/5932/563 2726/5934/565
f 2736/5958/566 2738/5963/567 2735/5955/567 2734/5953/566
f 2738/5963/567 2737/5961/564 2733/5951/564 2735/5955/567
f 2731/5947/561 2732/5949/568 2730/5943/568 2729/5941/561
f 2732/5949/568 2736/5958/566 2734/5953/566 2730/5943/568
f 2725/5933/569 2723/5929/569 2729/5942/569 2730/5944/569 2734/5954/569 2735/5956/569 2733/5952/569 2726/5935/569
f 2752/5993/560 2748/5984/560 2747/5981/560 2740/5966/560 2743/5972/560 2744/5974/560 2753/5995/560 2754/5998/560
f 2745/5976/561 2739/5964/562 2740/5967/562 2747/5982/561
f 2739/5964/562 2741/5968/563 2743/5973/563 2740/5967/562
f 2753/5996/564 2744/5975/565 2742/5970/565 2749/5986/564
f 2744/5975/565 2743/5973/563 2741/5968/563 2742/5970/565
f 2752/5994/566 2754/5999/567 2751/5991/567 2750/5989/566
f 2754/5999/567 2753/5997/564 2749/5987/564 2751/5991/567
f 2747/5983/561 2748/5985/568 2746/5979/568 2745/5977/561
f 2748/5985/568 2752/5994/566 2750/5989/566 2746/5979/568
f 2741/5969/569 2739/5965/569 2745/5978/569 2746/5980/569 2750/5990/569 2751/5992/569 2749/5988/569 2742/5971/569
f 2757/6005/570 2758/6007/570 2762/6015/571 2761/6013/571
f 2756/6002/569 2758/6006/569 2766/6022/569 2764/6018/569
f 2759/6008/572 2760/6010/572 2756/6003/573 2755/6001/573
f 2757/6004/560 2761/6012/560 2759/6009/560 2755/6000/560
f 2762/6014/569 2758/6006/569 2756/6002/569 2760/6011/569
f 2757/6004/560 2755/6000/560 2763/6016/560 2765/6020/560
f 2758/6007/570 2757/6005/570 2765/6021/574 2766/6023/574
f 2755/6001/573 2756/6003/573 2764/6019/575 2763/6017/575
f 2760/6010/572 2759/6008/572 2767/6024/576 2768/6026/576
f 2759/6009/560 2761/6012/560 2769/6028/560 2767/6025/560
f 2762/6014/569 2760/6011/569 2768/6027/569 2770/6030/569
f 2773/6037/570 2774/6039/570 2778/6047/571 2777/6045/571
f 2772/6034/569 2774/6038/569 2782/6054/569 2780/6050/569
f 2775/6040/572 2776/6042/572 2772/6035/573 2771/6033/573
f 2773/6036/560 2777/6044/560 2775/6041/560 2771/6032/560
f 2778/6046/569 2774/6038/569 2772/6034/569 2776/6043/569
f 2773/6036/560 2771/6032/560 2779/6048/560 2781/6052/560
f 2774/6039/570 2773/6037/570 2781/6053/574 2782/6055/574
f 2771/6033/573 2772/6035/573 2780/6051/575 2779/6049/575
f 2776/6042/572 2775/6040/572 2783/6056/576 2784/6058/576
f 2775/6041/560 2777/6044/560 2785/6060/560 2783/6057/560
f 2778/6046/569 2776/6043/569 2784/6059/569 2786/6062/569
f 2789/6070/522 2790/6073/522 2794/6085/522 2793/6082/522
f 2791/6076/526 2792/6079/526 2788/6067/526 2787/6064/526
f 2789/6071/577 2793/6084/577 2791/6078/577 2787/6065/577
f 2794/6086/578 2790/6074/578 2788/6068/578 2792/6080/578
f 2794/6086/578 2792/6080/578 2796/6093/578 2798/6097/578
f 2793/6083/579 2794/6087/579 2798/6096/579 2797/6094/579
f 2792/6081/580 2791/6077/580 2795/6088/580 2796/6091/580
f 2791/6078/577 2793/6084/577 2797/6095/577 2795/6090/577
f 2796/6092/526 2795/6089/526 2799/6098/526 2800/6101/526
f 2795/6090/577 2797/6095/577 2801/6104/577 2799/6099/577
f 2798/6097/578 2796/6093/578 2800/6102/578 2809/6124/578
f 2788/6068/578 2790/6074/578 2805/6115/578 2803/6110/578
f 2789/6071/577 2787/6065/577 2802/6107/577 2804/6113/577
f 2790/6075/581 2789/6072/581 2804/6112/581 2805/6114/581
f 2787/6066/582 2788/6069/582 2803/6109/582 2802/6106/582
f 2803/6110/578 2805/6115/578 2810/6126/578 2807/6119/578
f 2804/6113/577 2802/6107/577 2806/6116/577 2808/6122/577
f 2802/6108/526 2803/6111/526 2807/6120/526 2806/6117/526
f 2800/6103/569 2799/6100/569 2801/6105/569 2809/6125/569
f 2806/6118/560 2807/6121/560 2810/6127/560 2808/6123/560
f 2817/6141/583 2813/6133/584 2811/6128/585 2812/6130/586 2814/6135/587 2815/6137/588 2816/6139/589 2818/6143/590
f 2824/6152/591 2817/6142/583 2818/6144/590 2826/6154/592
f 2826/6155/592 2818/6145/590 2816/6140/589 2825/6153/593
f 2817/6142/583 2824/6152/591 2821/6149/594 2813/6134/584
f 2813/6134/584 2821/6149/594 2819/6146/595 2811/6129/585
f 2825/6153/593 2816/6140/589 2815/6138/588 2823/6151/596
f 2823/6151/596 2815/6138/588 2814/6136/587 2822/6150/597
f 2811/6129/585 2819/6146/595 2820/6147/598 2812/6131/586
f 2812/6132/586 2820/6148/598 2822/6150/597 2814/6136/587
f 2833/6169/583 2829/6161/584 2827/6156/585 2828/6158/586 2830/6163/587 2831/6165/588 2832/6167/589 2834/6171/590
f 2840/6180/591 2833/6170/583 2834/6172/590 2842/6182/592
f 2842/6183/592 2834/6173/590 2832/6168/589 2841/6181/593
f 2833/6170/583 2840/6180/591 2837/6177/594 2829/6162/584
f 2829/6162/584 2837/6177/594 2835/6174/595 2827/6157/585
f 2841/6181/593 2832/6168/589 2831/6166/588 2839/6179/596
f 2839/6179/596 2831/6166/588 2830/6164/587 2838/6178/597
f 2827/6157/585 2835/6174/595 2836/6175/598 2828/6159/586
f 2828/6160/586 2836/6176/598 2838/6178/597 2830/6164/587
f 2761/6013/571 2762/6015/571 2770/6031/599 2769/6029/599
f 2777/6045/571 2778/6047/571 2786/6063/599 2785/6061/599
usemtl grate_etx_1
f 2716/5921/544 2709/5914/545 2710/5915/546 2715/5920/547
f 2715/5920/547 2718/5923/548 2717/5922/549 2716/5921/544
f 2718/5923/548 2715/5920/547 2710/5915/546 2708/5913/550
f 2720/5925/551 2713/5918/552 2711/5916/553 2721/5926/554
f 2717/5922/549 2718/5923/548 2708/5913/550 2707/5912/555
f 2719/5924/556 2720/5925/551 2721/5926/554 2722/5927/557
f 2722/5927/557 2712/5917/558 2714/5919/559 2719/5924/556
f 2721/5926/554 2711/5916/553 2712/5917/558 2722/5927/557
f 2716/5921/544 2717/5922/549 2707/5912/555 2709/5914/545
f 2719/5924/556 2714/5919/559 2713/5918/552 2720/5925/551
