# Blender 3.4.0
# www.blender.org
mtllib panel_etx_2_2.mtl
o panel_etx_2_2
v 0.084200 -0.009400 0.160000
v 0.141800 0.091400 0.160000
v 0.084200 0.091400 0.160000
v 0.136040 -0.003640 0.166800
v 0.089960 -0.003640 0.166800
v 0.141800 -0.009400 0.160000
v 0.136040 0.085640 0.166800
v 0.089960 0.085640 0.166800
v 0.141800 -0.009400 0.166800
v 0.084200 -0.009400 0.166800
v 0.084200 0.091400 0.166800
v 0.141800 0.091400 0.166800
v 0.136040 -0.003640 0.152400
v 0.089960 -0.003640 0.152400
v 0.089960 0.085640 0.152400
v 0.136040 0.085640 0.152400
v -0.181000 0.183000 0.140000
v 0.185000 0.183000 0.140000
v -0.220000 0.300000 0.000000
v 0.220000 0.300000 0.000000
v -0.172455 0.268473 0.145047
v -0.178690 0.276582 0.145047
v -0.173779 0.258330 0.145047
v -0.188833 0.277907 0.145047
v -0.196942 0.271671 0.145047
v -0.198267 0.261528 0.145047
v -0.181888 0.252095 0.145047
v -0.192031 0.253419 0.145047
v -0.172455 0.268473 0.139701
v -0.178690 0.276582 0.139701
v -0.173779 0.258330 0.139701
v -0.188833 0.277907 0.139701
v -0.196942 0.271671 0.139701
v -0.181888 0.252095 0.139701
v -0.198267 0.261528 0.139701
v -0.192031 0.253419 0.139701
v 0.184364 0.277113 0.145047
v 0.177453 0.269572 0.145047
v 0.194583 0.277560 0.145047
v 0.177899 0.259352 0.145047
v 0.185441 0.252442 0.145047
v 0.195660 0.252888 0.145047
v 0.202125 0.270649 0.145047
v 0.202571 0.260430 0.145047
v 0.184364 0.277113 0.139701
v 0.177453 0.269572 0.139701
v 0.194583 0.277560 0.139701
v 0.177899 0.259352 0.139701
v 0.185441 0.252442 0.139701
v 0.202125 0.270649 0.139701
v 0.195660 0.252888 0.139701
v 0.202571 0.260430 0.139701
v 0.178756 -0.190995 0.125047
v 0.178555 -0.201222 0.125047
v 0.186131 -0.183906 0.125047
v 0.185644 -0.208596 0.125047
v 0.195871 -0.208798 0.125047
v 0.203245 -0.201709 0.125047
v 0.196358 -0.184107 0.125047
v 0.203447 -0.191481 0.125047
v 0.178756 -0.190995 0.119701
v 0.178555 -0.201222 0.119701
v 0.186131 -0.183906 0.119701
v 0.185644 -0.208596 0.119701
v 0.195871 -0.208798 0.119701
v 0.196358 -0.184107 0.119701
v 0.203245 -0.201709 0.119701
v 0.203447 -0.191481 0.119701
v -0.175537 -0.191746 0.125047
v -0.182256 -0.184032 0.125047
v -0.176240 -0.201950 0.125047
v -0.192461 -0.183329 0.125047
v -0.200174 -0.190048 0.125047
v -0.200877 -0.200253 0.125047
v -0.183953 -0.208669 0.125047
v -0.194158 -0.207966 0.125047
v -0.175537 -0.191746 0.119701
v -0.182256 -0.184032 0.119701
v -0.176240 -0.201950 0.119701
v -0.192461 -0.183329 0.119701
v -0.200174 -0.190048 0.119701
v -0.183953 -0.208669 0.119701
v -0.200877 -0.200253 0.119701
v -0.194158 -0.207966 0.119701
v -0.181000 -0.037000 0.160000
v -0.181000 0.183000 0.160000
v 0.185000 0.183000 0.160000
v 0.231800 -0.288200 0.120000
v 0.231800 -0.151800 0.120000
v -0.181000 -0.037000 0.140000
v 0.185000 -0.037000 0.140000
v 0.185000 -0.037000 0.160000
v -0.195629 -0.097668 0.145047
v -0.198671 -0.107435 0.145047
v -0.186573 -0.092913 0.145047
v -0.193915 -0.116492 0.145047
v -0.184149 -0.119533 0.145047
v -0.175092 -0.114777 0.145047
v -0.176806 -0.095954 0.145047
v -0.172051 -0.105011 0.145047
v -0.195629 -0.097668 0.139701
v -0.198670 -0.107435 0.139701
v -0.186573 -0.092913 0.139701
v -0.193915 -0.116492 0.139701
v -0.184149 -0.119533 0.139701
v -0.176806 -0.095954 0.139701
v -0.175092 -0.114777 0.139701
v -0.172051 -0.105011 0.139701
v 0.196359 -0.095525 0.145047
v 0.186391 -0.093228 0.145047
v 0.201783 -0.104197 0.145047
v 0.177719 -0.098653 0.145047
v 0.175422 -0.108621 0.145047
v 0.180846 -0.117293 0.145047
v 0.199487 -0.114165 0.145047
v 0.190814 -0.119590 0.145047
v 0.196359 -0.095525 0.139701
v 0.186391 -0.093228 0.139701
v 0.201783 -0.104197 0.139701
v 0.177719 -0.098653 0.139701
v 0.175422 -0.108621 0.139701
v 0.199487 -0.114165 0.139701
v 0.180846 -0.117293 0.139701
v 0.190814 -0.119590 0.139701
v 0.089960 -0.003640 0.160000
v 0.089960 0.085640 0.160000
v 0.136040 0.085640 0.160000
v 0.136040 -0.003640 0.160000
v -0.355800 -0.009400 0.160000
v -0.298200 0.091400 0.160000
v -0.355800 0.091400 0.160000
v -0.303960 -0.003640 0.166800
v -0.350040 -0.003640 0.166800
v -0.298200 -0.009400 0.160000
v -0.303960 0.085640 0.166800
v -0.350040 0.085640 0.166800
v -0.298200 -0.009400 0.166800
v -0.355800 -0.009400 0.166800
v -0.355800 0.091400 0.166800
v -0.298200 0.091400 0.166800
v -0.303960 -0.003640 0.152400
v -0.350040 -0.003640 0.152400
v -0.350040 0.085640 0.152400
v -0.303960 0.085640 0.152400
v -0.621000 0.183000 0.140000
v -0.255000 0.183000 0.140000
v -0.660000 0.300000 0.000000
v -0.220000 -0.140000 0.000000
v -0.612455 0.268473 0.145047
v -0.618690 0.276582 0.145047
v -0.613779 0.258330 0.145047
v -0.628833 0.277907 0.145047
v -0.636942 0.271671 0.145047
v -0.638267 0.261528 0.145047
v -0.621888 0.252095 0.145047
v -0.632031 0.253419 0.145047
v -0.612455 0.268473 0.139701
v -0.618690 0.276582 0.139701
v -0.613779 0.258330 0.139701
v -0.628833 0.277907 0.139701
v -0.636942 0.271671 0.139701
v -0.621888 0.252095 0.139701
v -0.638267 0.261528 0.139701
v -0.632031 0.253419 0.139701
v -0.255636 0.277113 0.145047
v -0.262547 0.269572 0.145047
v -0.245417 0.277560 0.145047
v -0.262101 0.259352 0.145047
v -0.254559 0.252442 0.145047
v -0.244340 0.252888 0.145047
v -0.237875 0.270649 0.145047
v -0.237429 0.260430 0.145047
v -0.255636 0.277113 0.139701
v -0.262547 0.269572 0.139701
v -0.245417 0.277560 0.139701
v -0.262101 0.259352 0.139701
v -0.254559 0.252442 0.139701
v -0.237875 0.270649 0.139701
v -0.244340 0.252888 0.139701
v -0.237429 0.260430 0.139701
v -0.261378 -0.190995 0.045047
v -0.261580 -0.201222 0.045047
v -0.254004 -0.183906 0.045047
v -0.254490 -0.208596 0.045047
v -0.244263 -0.208798 0.045047
v -0.236889 -0.201709 0.045047
v -0.243777 -0.184107 0.045047
v -0.236687 -0.191481 0.045047
v -0.261378 -0.190995 0.039701
v -0.261580 -0.201222 0.039701
v -0.254004 -0.183906 0.039701
v -0.254490 -0.208596 0.039701
v -0.244263 -0.208798 0.039701
v -0.243777 -0.184107 0.039701
v -0.236889 -0.201709 0.039701
v -0.236687 -0.191481 0.039701
v -0.615537 -0.191746 0.045047
v -0.622256 -0.184032 0.045047
v -0.616240 -0.201950 0.045047
v -0.632461 -0.183329 0.045047
v -0.640174 -0.190048 0.045047
v -0.640877 -0.200253 0.045047
v -0.623953 -0.208669 0.045047
v -0.634158 -0.207966 0.045047
v -0.615537 -0.191746 0.039701
v -0.622256 -0.184032 0.039701
v -0.616240 -0.201950 0.039701
v -0.632461 -0.183329 0.039701
v -0.640174 -0.190048 0.039701
v -0.623953 -0.208669 0.039701
v -0.640877 -0.200253 0.039701
v -0.634158 -0.207966 0.039701
v -0.660000 -0.140000 0.140000
v -0.660000 0.300000 0.140000
v -0.220000 -0.140000 0.140000
v -0.220000 0.300000 0.140000
v -0.621000 -0.037000 0.160000
v -0.621000 0.183000 0.160000
v -0.255000 0.183000 0.160000
v -0.660000 -0.300000 0.120000
v -0.660000 -0.300000 0.000000
v -0.220000 -0.300000 0.000000
v -0.660000 -0.140000 0.120000
v -0.621000 -0.037000 0.140000
v -0.255000 -0.037000 0.140000
v -0.255000 -0.037000 0.160000
v -0.635629 -0.097668 0.145047
v -0.638671 -0.107435 0.145047
v -0.626573 -0.092913 0.145047
v -0.633915 -0.116492 0.145047
v -0.624149 -0.119533 0.145047
v -0.615092 -0.114777 0.145047
v -0.616806 -0.095954 0.145047
v -0.612051 -0.105011 0.145047
v -0.635629 -0.097668 0.139701
v -0.638671 -0.107435 0.139701
v -0.626573 -0.092913 0.139701
v -0.633915 -0.116492 0.139701
v -0.624149 -0.119533 0.139701
v -0.616806 -0.095954 0.139701
v -0.615092 -0.114777 0.139701
v -0.612051 -0.105011 0.139701
v -0.243641 -0.095525 0.145047
v -0.253609 -0.093228 0.145047
v -0.238217 -0.104197 0.145047
v -0.262282 -0.098653 0.145047
v -0.264578 -0.108621 0.145047
v -0.259154 -0.117293 0.145047
v -0.240513 -0.114165 0.145047
v -0.249186 -0.119590 0.145047
v -0.243641 -0.095525 0.139701
v -0.253609 -0.093228 0.139701
v -0.238217 -0.104197 0.139701
v -0.262282 -0.098653 0.139701
v -0.264578 -0.108621 0.139701
v -0.240513 -0.114165 0.139701
v -0.259154 -0.117293 0.139701
v -0.249186 -0.119590 0.139701
v -0.350040 -0.003640 0.160000
v -0.350040 0.085640 0.160000
v -0.303960 0.085640 0.160000
v -0.303960 -0.003640 0.160000
v 0.524200 -0.009400 0.160000
v 0.581800 0.091400 0.160000
v 0.524200 0.091400 0.160000
v 0.576040 -0.003640 0.166800
v 0.529960 -0.003640 0.166800
v 0.581800 -0.009400 0.160000
v 0.576040 0.085640 0.166800
v 0.529960 0.085640 0.166800
v 0.581800 -0.009400 0.166800
v 0.524200 -0.009400 0.166800
v 0.524200 0.091400 0.166800
v 0.581800 0.091400 0.166800
v 0.576040 -0.003640 0.152400
v 0.529960 -0.003640 0.152400
v 0.529960 0.085640 0.152400
v 0.576040 0.085640 0.152400
v 0.259000 0.183000 0.140000
v 0.625000 0.183000 0.140000
v 0.660000 0.300000 0.000000
v 0.267545 0.268473 0.145047
v 0.261310 0.276582 0.145047
v 0.266221 0.258330 0.145047
v 0.251167 0.277907 0.145047
v 0.243058 0.271671 0.145047
v 0.241733 0.261528 0.145047
v 0.258112 0.252095 0.145047
v 0.247969 0.253419 0.145047
v 0.267545 0.268473 0.139701
v 0.261310 0.276582 0.139701
v 0.266221 0.258330 0.139701
v 0.251167 0.277907 0.139701
v 0.243058 0.271671 0.139701
v 0.258112 0.252095 0.139701
v 0.241733 0.261528 0.139701
v 0.247969 0.253419 0.139701
v 0.624364 0.277113 0.145047
v 0.617453 0.269572 0.145047
v 0.634583 0.277560 0.145047
v 0.617899 0.259352 0.145047
v 0.625441 0.252442 0.145047
v 0.635660 0.252888 0.145047
v 0.642125 0.270649 0.145047
v 0.642571 0.260430 0.145047
v 0.624364 0.277113 0.139701
v 0.617453 0.269572 0.139701
v 0.634583 0.277560 0.139701
v 0.617899 0.259352 0.139701
v 0.625441 0.252442 0.139701
v 0.642125 0.270649 0.139701
v 0.635660 0.252888 0.139701
v 0.642571 0.260430 0.139701
v 0.220000 -0.140000 0.140000
v 0.220000 0.300000 0.140000
v 0.660000 -0.140000 0.140000
v 0.660000 0.300000 0.140000
v 0.259000 -0.037000 0.160000
v 0.259000 0.183000 0.160000
v 0.625000 0.183000 0.160000
v 0.648200 -0.288200 0.120000
v 0.220000 -0.300000 0.000000
v 0.660000 -0.300000 0.000000
v 0.648200 -0.151800 0.120000
v 0.259000 -0.037000 0.140000
v 0.625000 -0.037000 0.140000
v 0.625000 -0.037000 0.160000
v 0.244371 -0.097668 0.145047
v 0.241329 -0.107435 0.145047
v 0.253427 -0.092913 0.145047
v 0.246085 -0.116492 0.145047
v 0.255851 -0.119533 0.145047
v 0.264908 -0.114777 0.145047
v 0.263194 -0.095954 0.145047
v 0.267949 -0.105011 0.145047
v 0.244371 -0.097668 0.139701
v 0.241329 -0.107435 0.139701
v 0.253427 -0.092913 0.139701
v 0.246085 -0.116492 0.139701
v 0.255851 -0.119533 0.139701
v 0.263194 -0.095954 0.139701
v 0.264908 -0.114777 0.139701
v 0.267949 -0.105011 0.139701
v 0.636359 -0.095525 0.145047
v 0.626391 -0.093228 0.145047
v 0.641783 -0.104197 0.145047
v 0.617718 -0.098653 0.145047
v 0.615422 -0.108621 0.145047
v 0.620846 -0.117293 0.145047
v 0.639486 -0.114165 0.145047
v 0.630814 -0.119590 0.145047
v 0.636359 -0.095525 0.139701
v 0.626391 -0.093228 0.139701
v 0.641783 -0.104197 0.139701
v 0.617718 -0.098653 0.139701
v 0.615422 -0.108621 0.139701
v 0.639486 -0.114165 0.139701
v 0.620846 -0.117293 0.139701
v 0.630814 -0.119590 0.139701
v 0.529960 -0.003640 0.160000
v 0.529960 0.085640 0.160000
v 0.576040 0.085640 0.160000
v 0.576040 -0.003640 0.160000
v -0.453261 -0.076640 0.140573
v -0.455607 -0.067885 0.140573
v -0.462016 -0.061475 0.140573
v -0.470772 -0.059129 0.140573
v -0.479527 -0.061475 0.140573
v -0.485936 -0.067885 0.140573
v -0.488282 -0.076640 0.140573
v -0.485936 -0.085395 0.140573
v -0.479527 -0.091805 0.140573
v -0.470772 -0.094151 0.140573
v -0.462016 -0.091805 0.140573
v -0.455607 -0.085395 0.140573
v -0.453261 -0.076640 0.146174
v -0.455607 -0.067885 0.146174
v -0.462016 -0.061475 0.146174
v -0.470772 -0.059129 0.146174
v -0.479527 -0.061475 0.146174
v -0.485936 -0.067885 0.146174
v -0.488282 -0.076640 0.146174
v -0.485936 -0.085395 0.146174
v -0.479527 -0.091805 0.146174
v -0.470772 -0.094151 0.146174
v -0.462016 -0.091805 0.146174
v -0.455607 -0.085395 0.146174
v -0.457595 -0.076640 0.146174
v -0.470772 -0.063464 0.146174
v -0.483948 -0.076640 0.146174
v -0.470772 -0.089816 0.146174
v -0.457595 -0.076640 0.152663
v -0.470772 -0.063464 0.152663
v -0.483948 -0.076640 0.152663
v -0.470772 -0.089816 0.152663
v -0.461772 -0.067640 0.146174
v -0.479771 -0.067640 0.146174
v -0.479771 -0.085640 0.146174
v -0.461772 -0.085640 0.146174
v -0.461772 -0.067640 0.152663
v -0.479771 -0.067640 0.152663
v -0.479771 -0.085640 0.152663
v -0.461772 -0.085640 0.152663
v -0.390716 -0.076640 0.140573
v -0.393062 -0.067885 0.140573
v -0.399471 -0.061475 0.140573
v -0.408227 -0.059129 0.140573
v -0.416982 -0.061475 0.140573
v -0.423392 -0.067885 0.140573
v -0.425738 -0.076640 0.140573
v -0.423392 -0.085395 0.140573
v -0.416982 -0.091805 0.140573
v -0.408227 -0.094151 0.140573
v -0.399471 -0.091805 0.140573
v -0.393062 -0.085395 0.140573
v -0.390716 -0.076640 0.146174
v -0.393062 -0.067885 0.146174
v -0.399471 -0.061475 0.146174
v -0.408227 -0.059129 0.146174
v -0.416982 -0.061475 0.146174
v -0.423392 -0.067885 0.146174
v -0.425738 -0.076640 0.146174
v -0.423392 -0.085395 0.146174
v -0.416982 -0.091805 0.146174
v -0.408227 -0.094151 0.146174
v -0.399471 -0.091805 0.146174
v -0.393062 -0.085395 0.146174
v -0.395050 -0.076640 0.146174
v -0.408227 -0.063464 0.146174
v -0.421403 -0.076640 0.146174
v -0.408227 -0.089816 0.146174
v -0.395050 -0.076640 0.152663
v -0.408227 -0.063464 0.152663
v -0.421403 -0.076640 0.152663
v -0.408227 -0.089816 0.152663
v -0.399227 -0.067640 0.146174
v -0.417226 -0.067640 0.146174
v -0.417226 -0.085640 0.146174
v -0.399227 -0.085640 0.146174
v -0.399227 -0.067640 0.152663
v -0.417226 -0.067640 0.152663
v -0.417226 -0.085640 0.152663
v -0.399227 -0.085640 0.152663
v -0.013261 -0.076640 0.140573
v -0.015607 -0.067885 0.140573
v -0.022016 -0.061475 0.140573
v -0.030772 -0.059129 0.140573
v -0.039527 -0.061475 0.140573
v -0.045936 -0.067885 0.140573
v -0.048282 -0.076640 0.140573
v -0.045936 -0.085395 0.140573
v -0.039527 -0.091805 0.140573
v -0.030772 -0.094151 0.140573
v -0.022016 -0.091805 0.140573
v -0.015607 -0.085395 0.140573
v -0.013261 -0.076640 0.146174
v -0.015607 -0.067885 0.146174
v -0.022016 -0.061475 0.146174
v -0.030772 -0.059129 0.146174
v -0.039527 -0.061475 0.146174
v -0.045936 -0.067885 0.146174
v -0.048282 -0.076640 0.146174
v -0.045936 -0.085395 0.146174
v -0.039527 -0.091805 0.146174
v -0.030772 -0.094151 0.146174
v -0.022016 -0.091805 0.146174
v -0.015607 -0.085395 0.146174
v -0.017595 -0.076640 0.146174
v -0.030772 -0.063464 0.146174
v -0.043948 -0.076640 0.146174
v -0.030772 -0.089816 0.146174
v -0.017595 -0.076640 0.152663
v -0.030772 -0.063464 0.152663
v -0.043948 -0.076640 0.152663
v -0.030772 -0.089816 0.152663
v -0.021772 -0.067640 0.146174
v -0.039771 -0.067640 0.146174
v -0.039771 -0.085640 0.146174
v -0.021772 -0.085640 0.146174
v -0.021772 -0.067640 0.152663
v -0.039771 -0.067640 0.152663
v -0.039771 -0.085640 0.152663
v -0.021772 -0.085640 0.152663
v 0.049284 -0.076640 0.140573
v 0.046938 -0.067885 0.140573
v 0.040529 -0.061475 0.140573
v 0.031773 -0.059129 0.140573
v 0.023018 -0.061475 0.140573
v 0.016609 -0.067885 0.140573
v 0.014263 -0.076640 0.140573
v 0.016609 -0.085395 0.140573
v 0.023018 -0.091805 0.140573
v 0.031773 -0.094151 0.140573
v 0.040529 -0.091805 0.140573
v 0.046938 -0.085395 0.140573
v 0.049284 -0.076640 0.146174
v 0.046938 -0.067885 0.146174
v 0.040529 -0.061475 0.146174
v 0.031773 -0.059129 0.146174
v 0.023018 -0.061475 0.146174
v 0.016609 -0.067885 0.146174
v 0.014263 -0.076640 0.146174
v 0.016609 -0.085395 0.146174
v 0.023018 -0.091805 0.146174
v 0.031773 -0.094151 0.146174
v 0.040529 -0.091805 0.146174
v 0.046938 -0.085395 0.146174
v 0.044950 -0.076640 0.146174
v 0.031773 -0.063464 0.146174
v 0.018597 -0.076640 0.146174
v 0.031773 -0.089816 0.146174
v 0.044950 -0.076640 0.152663
v 0.031773 -0.063464 0.152663
v 0.018597 -0.076640 0.152663
v 0.031773 -0.089816 0.152663
v 0.040773 -0.067640 0.146174
v 0.022774 -0.067640 0.146174
v 0.022774 -0.085640 0.146174
v 0.040773 -0.085640 0.146174
v 0.040773 -0.067640 0.152663
v 0.022774 -0.067640 0.152663
v 0.022774 -0.085640 0.152663
v 0.040773 -0.085640 0.152663
v 0.426739 -0.076640 0.140573
v 0.424393 -0.067885 0.140573
v 0.417984 -0.061475 0.140573
v 0.409228 -0.059129 0.140573
v 0.400473 -0.061475 0.140573
v 0.394064 -0.067885 0.140573
v 0.391718 -0.076640 0.140573
v 0.394064 -0.085395 0.140573
v 0.400473 -0.091805 0.140573
v 0.409228 -0.094151 0.140573
v 0.417984 -0.091805 0.140573
v 0.424393 -0.085395 0.140573
v 0.426739 -0.076640 0.146174
v 0.424393 -0.067885 0.146174
v 0.417984 -0.061475 0.146174
v 0.409228 -0.059129 0.146174
v 0.400473 -0.061475 0.146174
v 0.394064 -0.067885 0.146174
v 0.391718 -0.076640 0.146174
v 0.394064 -0.085395 0.146174
v 0.400473 -0.091805 0.146174
v 0.409228 -0.094151 0.146174
v 0.417984 -0.091805 0.146174
v 0.424393 -0.085395 0.146174
v 0.422405 -0.076640 0.146174
v 0.409228 -0.063464 0.146174
v 0.396052 -0.076640 0.146174
v 0.409228 -0.089816 0.146174
v 0.422405 -0.076640 0.152663
v 0.409228 -0.063464 0.152663
v 0.396052 -0.076640 0.152663
v 0.409228 -0.089816 0.152663
v 0.418228 -0.067640 0.146174
v 0.400229 -0.067640 0.146174
v 0.400229 -0.085640 0.146174
v 0.418228 -0.085640 0.146174
v 0.418228 -0.067640 0.152663
v 0.400229 -0.067640 0.152663
v 0.400229 -0.085640 0.152663
v 0.418228 -0.085640 0.152663
v 0.489284 -0.076640 0.140573
v 0.486938 -0.067885 0.140573
v 0.480529 -0.061475 0.140573
v 0.471773 -0.059129 0.140573
v 0.463018 -0.061475 0.140573
v 0.456609 -0.067885 0.140573
v 0.454263 -0.076640 0.140573
v 0.456609 -0.085395 0.140573
v 0.463018 -0.091805 0.140573
v 0.471773 -0.094151 0.140573
v 0.480529 -0.091805 0.140573
v 0.486938 -0.085395 0.140573
v 0.489284 -0.076640 0.146174
v 0.486938 -0.067885 0.146174
v 0.480529 -0.061475 0.146174
v 0.471773 -0.059129 0.146174
v 0.463018 -0.061475 0.146174
v 0.456609 -0.067885 0.146174
v 0.454263 -0.076640 0.146174
v 0.456609 -0.085395 0.146174
v 0.463018 -0.091805 0.146174
v 0.471773 -0.094151 0.146174
v 0.480529 -0.091805 0.146174
v 0.486938 -0.085395 0.146174
v 0.484950 -0.076640 0.146174
v 0.471773 -0.063464 0.146174
v 0.458597 -0.076640 0.146174
v 0.471773 -0.089816 0.146174
v 0.484950 -0.076640 0.152663
v 0.471773 -0.063464 0.152663
v 0.458597 -0.076640 0.152663
v 0.471773 -0.089816 0.152663
v 0.480773 -0.067640 0.146174
v 0.462774 -0.067640 0.146174
v 0.462774 -0.085640 0.146174
v 0.480773 -0.085640 0.146174
v 0.480773 -0.067640 0.152663
v 0.462774 -0.067640 0.152663
v 0.462774 -0.085640 0.152663
v 0.480773 -0.085640 0.152663
v -0.053789 -0.220000 0.148000
v -0.046583 -0.246894 0.148000
v -0.026895 -0.266582 0.148000
v -0.026895 -0.173418 0.148000
v -0.046583 -0.193106 0.148000
v -0.060000 -0.220000 0.120000
v -0.030000 -0.271962 0.120000
v -0.051962 -0.250000 0.120000
v -0.051962 -0.190000 0.120000
v -0.030000 -0.168039 0.120000
v -0.000000 -0.273788 0.148000
v 0.053788 -0.220000 0.148000
v 0.026894 -0.266582 0.148000
v 0.046582 -0.246894 0.148000
v -0.000000 -0.166212 0.148000
v 0.046582 -0.193106 0.148000
v 0.026894 -0.173418 0.148000
v -0.000000 -0.280000 0.120000
v 0.051961 -0.250000 0.120000
v 0.030000 -0.271962 0.120000
v -0.000000 -0.160000 0.120000
v 0.060000 -0.220000 0.120000
v 0.030000 -0.168039 0.120000
v 0.051961 -0.190000 0.120000
v 0.051961 -0.190000 0.148000
v 0.060000 -0.220000 0.148000
v -0.060000 -0.220000 0.148000
v -0.051962 -0.190000 0.148000
v -0.000000 -0.280000 0.148000
v -0.030000 -0.271962 0.148000
v -0.030000 -0.168039 0.148000
v -0.000000 -0.160000 0.148000
v -0.051962 -0.250000 0.148000
v 0.030000 -0.271962 0.148000
v 0.051961 -0.250000 0.148000
v 0.030000 -0.168039 0.148000
v 0.046582 -0.193106 0.136000
v 0.053788 -0.220000 0.136000
v -0.053789 -0.220000 0.136000
v -0.046583 -0.193106 0.136000
v -0.000000 -0.273788 0.136000
v -0.026895 -0.266582 0.136000
v -0.026895 -0.173418 0.136000
v -0.046583 -0.246894 0.136000
v 0.026894 -0.266582 0.136000
v 0.046582 -0.246894 0.136000
v 0.026894 -0.173418 0.136000
v -0.000001 -0.166212 0.136000
v 0.076969 -0.220000 0.142400
v 0.082734 -0.241515 0.142400
v 0.098484 -0.257266 0.142400
v 0.098484 -0.182734 0.142400
v 0.082734 -0.198485 0.142400
v 0.072000 -0.220000 0.120000
v 0.096000 -0.261569 0.120000
v 0.078431 -0.244000 0.120000
v 0.078431 -0.196000 0.120000
v 0.096000 -0.178431 0.120000
v 0.120000 -0.263031 0.142400
v 0.163030 -0.220000 0.142400
v 0.141515 -0.257266 0.142400
v 0.157265 -0.241515 0.142400
v 0.120000 -0.176969 0.142400
v 0.157265 -0.198485 0.142400
v 0.141515 -0.182734 0.142400
v 0.120000 -0.268000 0.120000
v 0.161569 -0.244000 0.120000
v 0.144000 -0.261569 0.120000
v 0.120000 -0.172000 0.120000
v 0.168000 -0.220000 0.120000
v 0.144000 -0.178431 0.120000
v 0.161569 -0.196000 0.120000
v 0.161569 -0.196000 0.142400
v 0.168000 -0.220000 0.142400
v 0.072000 -0.220000 0.142400
v 0.078431 -0.196000 0.142400
v 0.120000 -0.268000 0.142400
v 0.096000 -0.261569 0.142400
v 0.096000 -0.178431 0.142400
v 0.120000 -0.172000 0.142400
v 0.078431 -0.244000 0.142400
v 0.144000 -0.261569 0.142400
v 0.161569 -0.244000 0.142400
v 0.144000 -0.178431 0.142400
v 0.157265 -0.198485 0.132800
v 0.163030 -0.220000 0.132800
v 0.076969 -0.220000 0.132800
v 0.082734 -0.198485 0.132800
v 0.120000 -0.263031 0.132800
v 0.098484 -0.257266 0.132800
v 0.098484 -0.182734 0.132800
v 0.082734 -0.241515 0.132800
v 0.141515 -0.257266 0.132800
v 0.157265 -0.241515 0.132800
v 0.141515 -0.182734 0.132800
v 0.120000 -0.176969 0.132800
v -0.163031 -0.220000 0.142400
v -0.157266 -0.241515 0.142400
v -0.141516 -0.257266 0.142400
v -0.141516 -0.182734 0.142400
v -0.157266 -0.198485 0.142400
v -0.168000 -0.220000 0.120000
v -0.144000 -0.261569 0.120000
v -0.161569 -0.244000 0.120000
v -0.161569 -0.196000 0.120000
v -0.144000 -0.178431 0.120000
v -0.120000 -0.263031 0.142400
v -0.076970 -0.220000 0.142400
v -0.098485 -0.257266 0.142400
v -0.082735 -0.241515 0.142400
v -0.120000 -0.176969 0.142400
v -0.082735 -0.198485 0.142400
v -0.098485 -0.182734 0.142400
v -0.120000 -0.268000 0.120000
v -0.078431 -0.244000 0.120000
v -0.096000 -0.261569 0.120000
v -0.120000 -0.172000 0.120000
v -0.072000 -0.220000 0.120000
v -0.096000 -0.178431 0.120000
v -0.078431 -0.196000 0.120000
v -0.078431 -0.196000 0.142400
v -0.072000 -0.220000 0.142400
v -0.168000 -0.220000 0.142400
v -0.161569 -0.196000 0.142400
v -0.120000 -0.268000 0.142400
v -0.144000 -0.261569 0.142400
v -0.144000 -0.178431 0.142400
v -0.120000 -0.172000 0.142400
v -0.161569 -0.244000 0.142400
v -0.096000 -0.261569 0.142400
v -0.078431 -0.244000 0.142400
v -0.096000 -0.178431 0.142400
v -0.082735 -0.198485 0.132800
v -0.076970 -0.220000 0.132800
v -0.163031 -0.220000 0.132800
v -0.157266 -0.198485 0.132800
v -0.120000 -0.263031 0.132800
v -0.141516 -0.257266 0.132800
v -0.141516 -0.182734 0.132800
v -0.157266 -0.241515 0.132800
v -0.098485 -0.257266 0.132800
v -0.082735 -0.241515 0.132800
v -0.098485 -0.182734 0.132800
v -0.120000 -0.176969 0.132800
v 0.220000 -0.300000 0.120000
v 0.220000 -0.140000 0.120000
v 0.660000 -0.300000 0.120000
v 0.660000 -0.140000 0.120000
v 0.231800 -0.288200 0.040000
v 0.231800 -0.151800 0.040000
v 0.648200 -0.288200 0.040000
v 0.648200 -0.151800 0.040000
v 0.240000 -0.280000 0.048000
v 0.240000 -0.160000 0.048000
v 0.240000 -0.280000 0.044000
v 0.240000 -0.160000 0.044000
v 0.527201 -0.273163 0.051000
v 0.527201 -0.273163 0.054000
v 0.523687 -0.264678 0.051000
v 0.527201 -0.256193 0.051000
v 0.523687 -0.264678 0.054000
v 0.527201 -0.256193 0.054000
v 0.535687 -0.276678 0.051000
v 0.544172 -0.273163 0.051000
v 0.535687 -0.276678 0.054000
v 0.544172 -0.273163 0.054000
v 0.535687 -0.252678 0.051000
v 0.547687 -0.264678 0.051000
v 0.544172 -0.256193 0.051000
v 0.547687 -0.264678 0.054000
v 0.535687 -0.252678 0.054000
v 0.544172 -0.256193 0.054000
v 0.529687 -0.267478 0.039000
v 0.529687 -0.267478 0.051000
v 0.529687 -0.261878 0.039000
v 0.529687 -0.261878 0.051000
v 0.530887 -0.267478 0.039000
v 0.530887 -0.267478 0.051000
v 0.530887 -0.261878 0.039000
v 0.530887 -0.261878 0.051000
v 0.529687 -0.266878 0.037800
v 0.529687 -0.262478 0.037800
v 0.530887 -0.266878 0.037800
v 0.530887 -0.262478 0.037800
v 0.540487 -0.267478 0.039000
v 0.540487 -0.267478 0.051000
v 0.540487 -0.261878 0.039000
v 0.540487 -0.261878 0.051000
v 0.541687 -0.267478 0.039000
v 0.541687 -0.267478 0.051000
v 0.541687 -0.261878 0.039000
v 0.541687 -0.261878 0.051000
v 0.540487 -0.266878 0.037800
v 0.540487 -0.262478 0.037800
v 0.541687 -0.266878 0.037800
v 0.541687 -0.262478 0.037800
v 0.526523 -0.273842 0.054000
v 0.526523 -0.273842 0.091000
v 0.522727 -0.264678 0.054000
v 0.526523 -0.255514 0.054000
v 0.522727 -0.264678 0.091000
v 0.526523 -0.255514 0.091000
v 0.535687 -0.277638 0.054000
v 0.544851 -0.273842 0.054000
v 0.535687 -0.277638 0.091000
v 0.544851 -0.273842 0.091000
v 0.535687 -0.251718 0.054000
v 0.548647 -0.264678 0.054000
v 0.544851 -0.255514 0.054000
v 0.548647 -0.264678 0.091000
v 0.535687 -0.251718 0.091000
v 0.544851 -0.255514 0.091000
v 0.526523 -0.273842 0.067000
v 0.527439 -0.272926 0.064000
v 0.526523 -0.273842 0.061000
v 0.526523 -0.255514 0.061000
v 0.527439 -0.256430 0.064000
v 0.526523 -0.255514 0.067000
v 0.522727 -0.264678 0.061000
v 0.524023 -0.264678 0.064000
v 0.522727 -0.264678 0.067000
v 0.548647 -0.264678 0.067000
v 0.547351 -0.264678 0.064000
v 0.548647 -0.264678 0.061000
v 0.544851 -0.255514 0.061000
v 0.543934 -0.256430 0.064000
v 0.544851 -0.255514 0.067000
v 0.535687 -0.251718 0.061000
v 0.535687 -0.253014 0.064000
v 0.535687 -0.251718 0.067000
v 0.535687 -0.277638 0.067000
v 0.535687 -0.276342 0.064000
v 0.535687 -0.277638 0.061000
v 0.544851 -0.273842 0.061000
v 0.543934 -0.272926 0.064000
v 0.544851 -0.273842 0.067000
v 0.322514 -0.264485 0.051000
v 0.322514 -0.264485 0.054000
v 0.319000 -0.256000 0.051000
v 0.322514 -0.247515 0.051000
v 0.319000 -0.256000 0.054000
v 0.322514 -0.247515 0.054000
v 0.331000 -0.268000 0.051000
v 0.339485 -0.264485 0.051000
v 0.331000 -0.268000 0.054000
v 0.339485 -0.264485 0.054000
v 0.331000 -0.244000 0.051000
v 0.343000 -0.256000 0.051000
v 0.339485 -0.247515 0.051000
v 0.343000 -0.256000 0.054000
v 0.331000 -0.244000 0.054000
v 0.339485 -0.247515 0.054000
v 0.325000 -0.258800 0.039000
v 0.325000 -0.258800 0.051000
v 0.325000 -0.253200 0.039000
v 0.325000 -0.253200 0.051000
v 0.326200 -0.258800 0.039000
v 0.326200 -0.258800 0.051000
v 0.326200 -0.253200 0.039000
v 0.326200 -0.253200 0.051000
v 0.325000 -0.258200 0.037800
v 0.325000 -0.253800 0.037800
v 0.326200 -0.258200 0.037800
v 0.326200 -0.253800 0.037800
v 0.335800 -0.258800 0.039000
v 0.335800 -0.258800 0.051000
v 0.335800 -0.253200 0.039000
v 0.335800 -0.253200 0.051000
v 0.337000 -0.258800 0.039000
v 0.337000 -0.258800 0.051000
v 0.337000 -0.253200 0.039000
v 0.337000 -0.253200 0.051000
v 0.335800 -0.258200 0.037800
v 0.335800 -0.253800 0.037800
v 0.337000 -0.258200 0.037800
v 0.337000 -0.253800 0.037800
v 0.319545 -0.267455 0.054000
v 0.319545 -0.267455 0.101000
v 0.314800 -0.256000 0.054000
v 0.319545 -0.244545 0.054000
v 0.314800 -0.256000 0.101000
v 0.319545 -0.244545 0.101000
v 0.331000 -0.272200 0.054000
v 0.342455 -0.267455 0.054000
v 0.331000 -0.272200 0.101000
v 0.342455 -0.267455 0.101000
v 0.331000 -0.239800 0.054000
v 0.347200 -0.256000 0.054000
v 0.342455 -0.244545 0.054000
v 0.347200 -0.256000 0.101000
v 0.331000 -0.239800 0.101000
v 0.342455 -0.244545 0.101000
v 0.319545 -0.267455 0.067000
v 0.320690 -0.266310 0.064000
v 0.319545 -0.267455 0.061000
v 0.319545 -0.244545 0.061000
v 0.320690 -0.245690 0.064000
v 0.319545 -0.244545 0.067000
v 0.314800 -0.256000 0.061000
v 0.316420 -0.256000 0.064000
v 0.314800 -0.256000 0.067000
v 0.347200 -0.256000 0.067000
v 0.345580 -0.256000 0.064000
v 0.347200 -0.256000 0.061000
v 0.342455 -0.244545 0.061000
v 0.341309 -0.245690 0.064000
v 0.342455 -0.244545 0.067000
v 0.331000 -0.239800 0.061000
v 0.331000 -0.241420 0.064000
v 0.331000 -0.239800 0.067000
v 0.331000 -0.272200 0.067000
v 0.331000 -0.270580 0.064000
v 0.331000 -0.272200 0.061000
v 0.342455 -0.267455 0.061000
v 0.341309 -0.266310 0.064000
v 0.342455 -0.267455 0.067000
v 0.350000 -0.199802 0.051909
v 0.300000 -0.199802 0.051909
v 0.350000 -0.197693 0.057000
v 0.350000 -0.199802 0.062091
v 0.300000 -0.197693 0.057000
v 0.300000 -0.199802 0.062091
v 0.350000 -0.204893 0.049800
v 0.350000 -0.209984 0.051909
v 0.300000 -0.204893 0.049800
v 0.300000 -0.209984 0.051909
v 0.350000 -0.204893 0.064200
v 0.350000 -0.212093 0.057000
v 0.350000 -0.209984 0.062091
v 0.300000 -0.212093 0.057000
v 0.300000 -0.204893 0.064200
v 0.300000 -0.209984 0.062091
v 0.351500 -0.200650 0.052758
v 0.350000 -0.200650 0.052758
v 0.351500 -0.198893 0.057000
v 0.351500 -0.200650 0.061243
v 0.350000 -0.198893 0.057000
v 0.350000 -0.200650 0.061243
v 0.351500 -0.204893 0.051000
v 0.351500 -0.209136 0.052758
v 0.350000 -0.204893 0.051000
v 0.350000 -0.209136 0.052758
v 0.351500 -0.204893 0.063000
v 0.351500 -0.210893 0.057000
v 0.351500 -0.209136 0.061243
v 0.350000 -0.210893 0.057000
v 0.350000 -0.204893 0.063000
v 0.350000 -0.209136 0.061243
v 0.354400 -0.201893 0.047301
v 0.351500 -0.201893 0.055600
v 0.357200 -0.201893 0.047301
v 0.351500 -0.201893 0.058400
v 0.354400 -0.202772 0.047301
v 0.351500 -0.202772 0.055600
v 0.357200 -0.202772 0.047301
v 0.351500 -0.202772 0.058400
v 0.354700 -0.201893 0.046701
v 0.356900 -0.201893 0.046701
v 0.354700 -0.202772 0.046701
v 0.356900 -0.202772 0.046701
v 0.354400 -0.207014 0.047301
v 0.351500 -0.207014 0.055600
v 0.357200 -0.207014 0.047301
v 0.351500 -0.207014 0.058400
v 0.354400 -0.207893 0.047301
v 0.351500 -0.207893 0.055600
v 0.357200 -0.207893 0.047301
v 0.351500 -0.207893 0.058400
v 0.354700 -0.207014 0.046701
v 0.356900 -0.207014 0.046701
v 0.354700 -0.207893 0.046701
v 0.356900 -0.207893 0.046701
v 0.354500 -0.201893 0.055600
v 0.357200 -0.201893 0.058400
v 0.357200 -0.202772 0.058400
v 0.354500 -0.202772 0.055600
v 0.354500 -0.207014 0.055600
v 0.357200 -0.207014 0.058400
v 0.357200 -0.207893 0.058400
v 0.354500 -0.207893 0.055600
v 0.298500 -0.209136 0.052758
v 0.300000 -0.209136 0.052758
v 0.298500 -0.210893 0.057000
v 0.298500 -0.209136 0.061243
v 0.300000 -0.210893 0.057000
v 0.300000 -0.209136 0.061243
v 0.298500 -0.204893 0.051000
v 0.298500 -0.200650 0.052758
v 0.300000 -0.204893 0.051000
v 0.300000 -0.200650 0.052758
v 0.298500 -0.204893 0.063000
v 0.298500 -0.198893 0.057000
v 0.298500 -0.200650 0.061243
v 0.300000 -0.198893 0.057000
v 0.300000 -0.204893 0.063000
v 0.300000 -0.200650 0.061243
v 0.295600 -0.207893 0.047301
v 0.298500 -0.207893 0.055600
v 0.292800 -0.207893 0.047301
v 0.298500 -0.207893 0.058400
v 0.295600 -0.207014 0.047301
v 0.298500 -0.207014 0.055600
v 0.292800 -0.207014 0.047301
v 0.298500 -0.207014 0.058400
v 0.295300 -0.207893 0.046701
v 0.293100 -0.207893 0.046701
v 0.295300 -0.207014 0.046701
v 0.293100 -0.207014 0.046701
v 0.295600 -0.202772 0.047301
v 0.298500 -0.202772 0.055600
v 0.292800 -0.202772 0.047301
v 0.298500 -0.202772 0.058400
v 0.295600 -0.201893 0.047301
v 0.298500 -0.201893 0.055600
v 0.292800 -0.201893 0.047301
v 0.298500 -0.201893 0.058400
v 0.295300 -0.202772 0.046701
v 0.293100 -0.202772 0.046701
v 0.295300 -0.201893 0.046701
v 0.293100 -0.201893 0.046701
v 0.295500 -0.207893 0.055600
v 0.292800 -0.207893 0.058400
v 0.292800 -0.207014 0.058400
v 0.295500 -0.207014 0.055600
v 0.295500 -0.202772 0.055600
v 0.292800 -0.202772 0.058400
v 0.292800 -0.201893 0.058400
v 0.295500 -0.201893 0.055600
v 0.273497 -0.206595 0.051127
v 0.273497 -0.246595 0.051127
v 0.271810 -0.206595 0.055200
v 0.273497 -0.206595 0.059273
v 0.271810 -0.246595 0.055200
v 0.273497 -0.246595 0.059273
v 0.277570 -0.206595 0.049440
v 0.281643 -0.206595 0.051127
v 0.277570 -0.246595 0.049440
v 0.281643 -0.246595 0.051127
v 0.277570 -0.206595 0.060960
v 0.283330 -0.206595 0.055200
v 0.281643 -0.206595 0.059273
v 0.283330 -0.246595 0.055200
v 0.277570 -0.246595 0.060960
v 0.281643 -0.246595 0.059273
v 0.274176 -0.205395 0.051806
v 0.274176 -0.206595 0.051806
v 0.272770 -0.205395 0.055200
v 0.274176 -0.205395 0.058595
v 0.272770 -0.206595 0.055200
v 0.274176 -0.206595 0.058595
v 0.277570 -0.205395 0.050400
v 0.280964 -0.205395 0.051806
v 0.277570 -0.206595 0.050400
v 0.280964 -0.206595 0.051806
v 0.277570 -0.205395 0.060000
v 0.282370 -0.205395 0.055200
v 0.280964 -0.205395 0.058595
v 0.282370 -0.206595 0.055200
v 0.277570 -0.206595 0.060000
v 0.280964 -0.206595 0.058595
v 0.275170 -0.203075 0.047440
v 0.275170 -0.205395 0.054080
v 0.275170 -0.200835 0.047440
v 0.275170 -0.205395 0.056320
v 0.275873 -0.203075 0.047440
v 0.275873 -0.205395 0.054080
v 0.275873 -0.200835 0.047440
v 0.275873 -0.205395 0.056320
v 0.275170 -0.202835 0.046960
v 0.275170 -0.201075 0.046960
v 0.275873 -0.202835 0.046960
v 0.275873 -0.201075 0.046960
v 0.279267 -0.203075 0.047440
v 0.279267 -0.205395 0.054080
v 0.279267 -0.200835 0.047440
v 0.279267 -0.205395 0.056320
v 0.279970 -0.203075 0.047440
v 0.279970 -0.205395 0.054080
v 0.279970 -0.200835 0.047440
v 0.279970 -0.205395 0.056320
v 0.279267 -0.202835 0.046960
v 0.279267 -0.201075 0.046960
v 0.279970 -0.202835 0.046960
v 0.279970 -0.201075 0.046960
v 0.275170 -0.202995 0.054080
v 0.275170 -0.200835 0.056320
v 0.275873 -0.200835 0.056320
v 0.275873 -0.202995 0.054080
v 0.279267 -0.202995 0.054080
v 0.279267 -0.200835 0.056320
v 0.279970 -0.200835 0.056320
v 0.279970 -0.202995 0.054080
v 0.280964 -0.247795 0.051806
v 0.280964 -0.246595 0.051806
v 0.282370 -0.247795 0.055200
v 0.280964 -0.247795 0.058595
v 0.282370 -0.246595 0.055200
v 0.280964 -0.246595 0.058595
v 0.277570 -0.247795 0.050400
v 0.274176 -0.247795 0.051806
v 0.277570 -0.246595 0.050400
v 0.274176 -0.246595 0.051806
v 0.277570 -0.247795 0.060000
v 0.272770 -0.247795 0.055200
v 0.274176 -0.247795 0.058595
v 0.272770 -0.246595 0.055200
v 0.277570 -0.246595 0.060000
v 0.274176 -0.246595 0.058595
v 0.279970 -0.250115 0.047440
v 0.279970 -0.247795 0.054080
v 0.279970 -0.252355 0.047440
v 0.279970 -0.247795 0.056320
v 0.279267 -0.250115 0.047440
v 0.279267 -0.247795 0.054080
v 0.279267 -0.252355 0.047440
v 0.279267 -0.247795 0.056320
v 0.279970 -0.250355 0.046960
v 0.279970 -0.252115 0.046960
v 0.279267 -0.250355 0.046960
v 0.279267 -0.252115 0.046960
v 0.275873 -0.250115 0.047440
v 0.275873 -0.247795 0.054080
v 0.275873 -0.252355 0.047440
v 0.275873 -0.247795 0.056320
v 0.275170 -0.250115 0.047440
v 0.275170 -0.247795 0.054080
v 0.275170 -0.252355 0.047440
v 0.275170 -0.247795 0.056320
v 0.275873 -0.250355 0.046960
v 0.275873 -0.252115 0.046960
v 0.275170 -0.250355 0.046960
v 0.275170 -0.252115 0.046960
v 0.279970 -0.250195 0.054080
v 0.279970 -0.252355 0.056320
v 0.279267 -0.252355 0.056320
v 0.279267 -0.250195 0.054080
v 0.275873 -0.250195 0.054080
v 0.275873 -0.252355 0.056320
v 0.275170 -0.252355 0.056320
v 0.275170 -0.250195 0.054080
v 0.256479 -0.201595 0.051909
v 0.256479 -0.251595 0.051909
v 0.254370 -0.201595 0.057000
v 0.256479 -0.201595 0.062091
v 0.254370 -0.251595 0.057000
v 0.256479 -0.251595 0.062091
v 0.261570 -0.201595 0.049800
v 0.266661 -0.201595 0.051909
v 0.261570 -0.251595 0.049800
v 0.266661 -0.251595 0.051909
v 0.261570 -0.201595 0.064200
v 0.268770 -0.201595 0.057000
v 0.266661 -0.201595 0.062091
v 0.268770 -0.251595 0.057000
v 0.261570 -0.251595 0.064200
v 0.266661 -0.251595 0.062091
v 0.257327 -0.200095 0.052758
v 0.257327 -0.201595 0.052758
v 0.255570 -0.200095 0.057000
v 0.257327 -0.200095 0.061243
v 0.255570 -0.201595 0.057000
v 0.257327 -0.201595 0.061243
v 0.261570 -0.200095 0.051000
v 0.265812 -0.200095 0.052758
v 0.261570 -0.201595 0.051000
v 0.265812 -0.201595 0.052758
v 0.261570 -0.200095 0.063000
v 0.267570 -0.200095 0.057000
v 0.265812 -0.200095 0.061243
v 0.267570 -0.201595 0.057000
v 0.261570 -0.201595 0.063000
v 0.265812 -0.201595 0.061243
v 0.258570 -0.197195 0.047301
v 0.258570 -0.200095 0.055600
v 0.258570 -0.194395 0.047301
v 0.258570 -0.200095 0.058400
v 0.259448 -0.197195 0.047301
v 0.259448 -0.200095 0.055600
v 0.259448 -0.194395 0.047301
v 0.259448 -0.200095 0.058400
v 0.258570 -0.196895 0.046701
v 0.258570 -0.194695 0.046701
v 0.259448 -0.196895 0.046701
v 0.259448 -0.194695 0.046701
v 0.263691 -0.197195 0.047301
v 0.263691 -0.200095 0.055600
v 0.263691 -0.194395 0.047301
v 0.263691 -0.200095 0.058400
v 0.264570 -0.197195 0.047301
v 0.264570 -0.200095 0.055600
v 0.264570 -0.194395 0.047301
v 0.264570 -0.200095 0.058400
v 0.263691 -0.196895 0.046701
v 0.263691 -0.194695 0.046701
v 0.264570 -0.196895 0.046701
v 0.264570 -0.194695 0.046701
v 0.258570 -0.197095 0.055600
v 0.258570 -0.194395 0.058400
v 0.259448 -0.194395 0.058400
v 0.259448 -0.197095 0.055600
v 0.263691 -0.197095 0.055600
v 0.263691 -0.194395 0.058400
v 0.264570 -0.194395 0.058400
v 0.264570 -0.197095 0.055600
v 0.265812 -0.253095 0.052758
v 0.265812 -0.251595 0.052758
v 0.267570 -0.253095 0.057000
v 0.265812 -0.253095 0.061243
v 0.267570 -0.251595 0.057000
v 0.265812 -0.251595 0.061243
v 0.261570 -0.253095 0.051000
v 0.257327 -0.253095 0.052758
v 0.261570 -0.251595 0.051000
v 0.257327 -0.251595 0.052758
v 0.261570 -0.253095 0.063000
v 0.255570 -0.253095 0.057000
v 0.257327 -0.253095 0.061243
v 0.255570 -0.251595 0.057000
v 0.261570 -0.251595 0.063000
v 0.257327 -0.251595 0.061243
v 0.264570 -0.255995 0.047301
v 0.264570 -0.253095 0.055600
v 0.264570 -0.258795 0.047301
v 0.264570 -0.253095 0.058400
v 0.263691 -0.255995 0.047301
v 0.263691 -0.253095 0.055600
v 0.263691 -0.258795 0.047301
v 0.263691 -0.253095 0.058400
v 0.264570 -0.256295 0.046701
v 0.264570 -0.258495 0.046701
v 0.263691 -0.256295 0.046701
v 0.263691 -0.258495 0.046701
v 0.259448 -0.255995 0.047301
v 0.259448 -0.253095 0.055600
v 0.259448 -0.258795 0.047301
v 0.259448 -0.253095 0.058400
v 0.258570 -0.255995 0.047301
v 0.258570 -0.253095 0.055600
v 0.258570 -0.258795 0.047301
v 0.258570 -0.253095 0.058400
v 0.259448 -0.256295 0.046701
v 0.259448 -0.258495 0.046701
v 0.258570 -0.256295 0.046701
v 0.258570 -0.258495 0.046701
v 0.264570 -0.256095 0.055600
v 0.264570 -0.258795 0.058400
v 0.263691 -0.258795 0.058400
v 0.263691 -0.256095 0.055600
v 0.259448 -0.256095 0.055600
v 0.259448 -0.258795 0.058400
v 0.258570 -0.258795 0.058400
v 0.258570 -0.256095 0.055600
v 0.522853 -0.191595 0.053946
v 0.522853 -0.221595 0.053946
v 0.521588 -0.191595 0.057000
v 0.522853 -0.191595 0.060055
v 0.521588 -0.221595 0.057000
v 0.522853 -0.221595 0.060055
v 0.525908 -0.191595 0.052680
v 0.528962 -0.191595 0.053946
v 0.525908 -0.221595 0.052680
v 0.528962 -0.221595 0.053946
v 0.525908 -0.191595 0.061320
v 0.530228 -0.191595 0.057000
v 0.528962 -0.191595 0.060055
v 0.530228 -0.221595 0.057000
v 0.525908 -0.221595 0.061320
v 0.528962 -0.221595 0.060055
v 0.523362 -0.190695 0.054455
v 0.523362 -0.191595 0.054455
v 0.522308 -0.190695 0.057000
v 0.523362 -0.190695 0.059546
v 0.522308 -0.191595 0.057000
v 0.523362 -0.191595 0.059546
v 0.525908 -0.190695 0.053400
v 0.528453 -0.190695 0.054455
v 0.525908 -0.191595 0.053400
v 0.528453 -0.191595 0.054455
v 0.525908 -0.190695 0.060600
v 0.529508 -0.190695 0.057000
v 0.528453 -0.190695 0.059546
v 0.529508 -0.191595 0.057000
v 0.525908 -0.191595 0.060600
v 0.528453 -0.191595 0.059546
v 0.524108 -0.188955 0.051180
v 0.524108 -0.190695 0.056160
v 0.524108 -0.187275 0.051180
v 0.524108 -0.190695 0.057840
v 0.524635 -0.188955 0.051180
v 0.524635 -0.190695 0.056160
v 0.524635 -0.187275 0.051180
v 0.524635 -0.190695 0.057840
v 0.524108 -0.188775 0.050820
v 0.524108 -0.187455 0.050820
v 0.524635 -0.188775 0.050820
v 0.524635 -0.187455 0.050820
v 0.527181 -0.188955 0.051180
v 0.527181 -0.190695 0.056160
v 0.527181 -0.187275 0.051180
v 0.527181 -0.190695 0.057840
v 0.527708 -0.188955 0.051180
v 0.527708 -0.190695 0.056160
v 0.527708 -0.187275 0.051180
v 0.527708 -0.190695 0.057840
v 0.527181 -0.188775 0.050820
v 0.527181 -0.187455 0.050820
v 0.527708 -0.188775 0.050820
v 0.527708 -0.187455 0.050820
v 0.524108 -0.188895 0.056160
v 0.524108 -0.187275 0.057840
v 0.524635 -0.187275 0.057840
v 0.524635 -0.188895 0.056160
v 0.527181 -0.188895 0.056160
v 0.527181 -0.187275 0.057840
v 0.527708 -0.187275 0.057840
v 0.527708 -0.188895 0.056160
v 0.528453 -0.222495 0.054455
v 0.528453 -0.221595 0.054455
v 0.529508 -0.222495 0.057000
v 0.528453 -0.222495 0.059546
v 0.529508 -0.221595 0.057000
v 0.528453 -0.221595 0.059546
v 0.525908 -0.222495 0.053400
v 0.523362 -0.222495 0.054455
v 0.525908 -0.221595 0.053400
v 0.523362 -0.221595 0.054455
v 0.525908 -0.222495 0.060600
v 0.522308 -0.222495 0.057000
v 0.523362 -0.222495 0.059546
v 0.522308 -0.221595 0.057000
v 0.525908 -0.221595 0.060600
v 0.523362 -0.221595 0.059546
v 0.527708 -0.224235 0.051180
v 0.527708 -0.222495 0.056160
v 0.527708 -0.225915 0.051180
v 0.527708 -0.222495 0.057840
v 0.527181 -0.224235 0.051180
v 0.527181 -0.222495 0.056160
v 0.527181 -0.225915 0.051180
v 0.527181 -0.222495 0.057840
v 0.527708 -0.224415 0.050820
v 0.527708 -0.225735 0.050820
v 0.527181 -0.224415 0.050820
v 0.527181 -0.225735 0.050820
v 0.524635 -0.224235 0.051180
v 0.524635 -0.222495 0.056160
v 0.524635 -0.225915 0.051180
v 0.524635 -0.222495 0.057840
v 0.524108 -0.224235 0.051180
v 0.524108 -0.222495 0.056160
v 0.524108 -0.225915 0.051180
v 0.524108 -0.222495 0.057840
v 0.524635 -0.224415 0.050820
v 0.524635 -0.225735 0.050820
v 0.524108 -0.224415 0.050820
v 0.524108 -0.225735 0.050820
v 0.527708 -0.224295 0.056160
v 0.527708 -0.225915 0.057840
v 0.527181 -0.225915 0.057840
v 0.527181 -0.224295 0.056160
v 0.524635 -0.224295 0.056160
v 0.524635 -0.225915 0.057840
v 0.524108 -0.225915 0.057840
v 0.524108 -0.224295 0.056160
v 0.536700 -0.181595 0.051909
v 0.536700 -0.231595 0.051909
v 0.534591 -0.181595 0.057000
v 0.536700 -0.181595 0.062091
v 0.534591 -0.231595 0.057000
v 0.536700 -0.231595 0.062091
v 0.541791 -0.181595 0.049800
v 0.546882 -0.181595 0.051909
v 0.541791 -0.231595 0.049800
v 0.546882 -0.231595 0.051909
v 0.541791 -0.181595 0.064200
v 0.548991 -0.181595 0.057000
v 0.546882 -0.181595 0.062091
v 0.548991 -0.231595 0.057000
v 0.541791 -0.231595 0.064200
v 0.546882 -0.231595 0.062091
v 0.537548 -0.180095 0.052758
v 0.537548 -0.181595 0.052758
v 0.535791 -0.180095 0.057000
v 0.537548 -0.180095 0.061243
v 0.535791 -0.181595 0.057000
v 0.537548 -0.181595 0.061243
v 0.541791 -0.180095 0.051000
v 0.546033 -0.180095 0.052758
v 0.541791 -0.181595 0.051000
v 0.546033 -0.181595 0.052758
v 0.541791 -0.180095 0.063000
v 0.547791 -0.180095 0.057000
v 0.546033 -0.180095 0.061243
v 0.547791 -0.181595 0.057000
v 0.541791 -0.181595 0.063000
v 0.546033 -0.181595 0.061243
v 0.538791 -0.177195 0.047301
v 0.538791 -0.180095 0.055600
v 0.538791 -0.174395 0.047301
v 0.538791 -0.180095 0.058400
v 0.539669 -0.177195 0.047301
v 0.539669 -0.180095 0.055600
v 0.539669 -0.174395 0.047301
v 0.539669 -0.180095 0.058400
v 0.538791 -0.176895 0.046701
v 0.538791 -0.174695 0.046701
v 0.539669 -0.176895 0.046701
v 0.539669 -0.174695 0.046701
v 0.543912 -0.177195 0.047301
v 0.543912 -0.180095 0.055600
v 0.543912 -0.174395 0.047301
v 0.543912 -0.180095 0.058400
v 0.544791 -0.177195 0.047301
v 0.544791 -0.180095 0.055600
v 0.544791 -0.174395 0.047301
v 0.544791 -0.180095 0.058400
v 0.543912 -0.176895 0.046701
v 0.543912 -0.174695 0.046701
v 0.544791 -0.176895 0.046701
v 0.544791 -0.174695 0.046701
v 0.538791 -0.177095 0.055600
v 0.538791 -0.174395 0.058400
v 0.539669 -0.174395 0.058400
v 0.539669 -0.177095 0.055600
v 0.543912 -0.177095 0.055600
v 0.543912 -0.174395 0.058400
v 0.544791 -0.174395 0.058400
v 0.544791 -0.177095 0.055600
v 0.546033 -0.233095 0.052758
v 0.546033 -0.231595 0.052758
v 0.547791 -0.233095 0.057000
v 0.546033 -0.233095 0.061243
v 0.547791 -0.231595 0.057000
v 0.546033 -0.231595 0.061243
v 0.541791 -0.233095 0.051000
v 0.537548 -0.233095 0.052758
v 0.541791 -0.231595 0.051000
v 0.537548 -0.231595 0.052758
v 0.541791 -0.233095 0.063000
v 0.535791 -0.233095 0.057000
v 0.537548 -0.233095 0.061243
v 0.535791 -0.231595 0.057000
v 0.541791 -0.231595 0.063000
v 0.537548 -0.231595 0.061243
v 0.544791 -0.235995 0.047301
v 0.544791 -0.233095 0.055600
v 0.544791 -0.238795 0.047301
v 0.544791 -0.233095 0.058400
v 0.543912 -0.235995 0.047301
v 0.543912 -0.233095 0.055600
v 0.543912 -0.238795 0.047301
v 0.543912 -0.233095 0.058400
v 0.544791 -0.236295 0.046701
v 0.544791 -0.238495 0.046701
v 0.543912 -0.236295 0.046701
v 0.543912 -0.238495 0.046701
v 0.539669 -0.235995 0.047301
v 0.539669 -0.233095 0.055600
v 0.539669 -0.238795 0.047301
v 0.539669 -0.233095 0.058400
v 0.538791 -0.235995 0.047301
v 0.538791 -0.233095 0.055600
v 0.538791 -0.238795 0.047301
v 0.538791 -0.233095 0.058400
v 0.539669 -0.236295 0.046701
v 0.539669 -0.238495 0.046701
v 0.538791 -0.236295 0.046701
v 0.538791 -0.238495 0.046701
v 0.544791 -0.236095 0.055600
v 0.544791 -0.238795 0.058400
v 0.543912 -0.238795 0.058400
v 0.543912 -0.236095 0.055600
v 0.539669 -0.236095 0.055600
v 0.539669 -0.238795 0.058400
v 0.538791 -0.238795 0.058400
v 0.538791 -0.236095 0.055600
v 0.360635 -0.264394 0.051000
v 0.360635 -0.264394 0.054000
v 0.357120 -0.255908 0.051000
v 0.360635 -0.247423 0.051000
v 0.357120 -0.255908 0.054000
v 0.360635 -0.247423 0.054000
v 0.369120 -0.267908 0.051000
v 0.377605 -0.264394 0.051000
v 0.369120 -0.267908 0.054000
v 0.377605 -0.264394 0.054000
v 0.369120 -0.243908 0.051000
v 0.381120 -0.255908 0.051000
v 0.377605 -0.247423 0.051000
v 0.381120 -0.255908 0.054000
v 0.369120 -0.243908 0.054000
v 0.377605 -0.247423 0.054000
v 0.363120 -0.258708 0.039000
v 0.363120 -0.258708 0.051000
v 0.363120 -0.253108 0.039000
v 0.363120 -0.253108 0.051000
v 0.364320 -0.258708 0.039000
v 0.364320 -0.258708 0.051000
v 0.364320 -0.253108 0.039000
v 0.364320 -0.253108 0.051000
v 0.363120 -0.258108 0.037800
v 0.363120 -0.253708 0.037800
v 0.364320 -0.258108 0.037800
v 0.364320 -0.253708 0.037800
v 0.373920 -0.258708 0.039000
v 0.373920 -0.258708 0.051000
v 0.373920 -0.253108 0.039000
v 0.373920 -0.253108 0.051000
v 0.375120 -0.258708 0.039000
v 0.375120 -0.258708 0.051000
v 0.375120 -0.253108 0.039000
v 0.375120 -0.253108 0.051000
v 0.373920 -0.258108 0.037800
v 0.373920 -0.253708 0.037800
v 0.375120 -0.258108 0.037800
v 0.375120 -0.253708 0.037800
v 0.359956 -0.265072 0.054000
v 0.359956 -0.265072 0.091000
v 0.356160 -0.255908 0.054000
v 0.359956 -0.246744 0.054000
v 0.356160 -0.255908 0.091000
v 0.359956 -0.246744 0.091000
v 0.369120 -0.268868 0.054000
v 0.378284 -0.265072 0.054000
v 0.369120 -0.268868 0.091000
v 0.378284 -0.265072 0.091000
v 0.369120 -0.242948 0.054000
v 0.382080 -0.255908 0.054000
v 0.378284 -0.246744 0.054000
v 0.382080 -0.255908 0.091000
v 0.369120 -0.242948 0.091000
v 0.378284 -0.246744 0.091000
v 0.359956 -0.265072 0.067000
v 0.360873 -0.264156 0.064000
v 0.359956 -0.265072 0.061000
v 0.359956 -0.246744 0.061000
v 0.360873 -0.247660 0.064000
v 0.359956 -0.246744 0.067000
v 0.356160 -0.255908 0.061000
v 0.357456 -0.255908 0.064000
v 0.356160 -0.255908 0.067000
v 0.382080 -0.255908 0.067000
v 0.380784 -0.255908 0.064000
v 0.382080 -0.255908 0.061000
v 0.378284 -0.246744 0.061000
v 0.377368 -0.247660 0.064000
v 0.378284 -0.246744 0.067000
v 0.369120 -0.242948 0.061000
v 0.369120 -0.244244 0.064000
v 0.369120 -0.242948 0.067000
v 0.369120 -0.268868 0.067000
v 0.369120 -0.267572 0.064000
v 0.369120 -0.268868 0.061000
v 0.378284 -0.265072 0.061000
v 0.377368 -0.264156 0.064000
v 0.378284 -0.265072 0.067000
v 0.350000 -0.220313 0.051909
v 0.300000 -0.220313 0.051909
v 0.350000 -0.218204 0.057000
v 0.350000 -0.220313 0.062091
v 0.300000 -0.218204 0.057000
v 0.300000 -0.220313 0.062091
v 0.350000 -0.225404 0.049800
v 0.350000 -0.230495 0.051909
v 0.300000 -0.225404 0.049800
v 0.300000 -0.230495 0.051909
v 0.350000 -0.225404 0.064200
v 0.350000 -0.232604 0.057000
v 0.350000 -0.230495 0.062091
v 0.300000 -0.232604 0.057000
v 0.300000 -0.225404 0.064200
v 0.300000 -0.230495 0.062091
v 0.351500 -0.221161 0.052758
v 0.350000 -0.221161 0.052758
v 0.351500 -0.219404 0.057000
v 0.351500 -0.221161 0.061243
v 0.350000 -0.219404 0.057000
v 0.350000 -0.221161 0.061243
v 0.351500 -0.225404 0.051000
v 0.351500 -0.229646 0.052758
v 0.350000 -0.225404 0.051000
v 0.350000 -0.229646 0.052758
v 0.351500 -0.225404 0.063000
v 0.351500 -0.231404 0.057000
v 0.351500 -0.229646 0.061243
v 0.350000 -0.231404 0.057000
v 0.350000 -0.225404 0.063000
v 0.350000 -0.229646 0.061243
v 0.354400 -0.222404 0.047301
v 0.351500 -0.222404 0.055600
v 0.357200 -0.222404 0.047301
v 0.351500 -0.222404 0.058400
v 0.354400 -0.223282 0.047301
v 0.351500 -0.223282 0.055600
v 0.357200 -0.223282 0.047301
v 0.351500 -0.223282 0.058400
v 0.354700 -0.222404 0.046701
v 0.356900 -0.222404 0.046701
v 0.354700 -0.223282 0.046701
v 0.356900 -0.223282 0.046701
v 0.354400 -0.227525 0.047301
v 0.351500 -0.227525 0.055600
v 0.357200 -0.227525 0.047301
v 0.351500 -0.227525 0.058400
v 0.354400 -0.228404 0.047301
v 0.351500 -0.228404 0.055600
v 0.357200 -0.228404 0.047301
v 0.351500 -0.228404 0.058400
v 0.354700 -0.227525 0.046701
v 0.356900 -0.227525 0.046701
v 0.354700 -0.228404 0.046701
v 0.356900 -0.228404 0.046701
v 0.354500 -0.222404 0.055600
v 0.357200 -0.222404 0.058400
v 0.357200 -0.223282 0.058400
v 0.354500 -0.223282 0.055600
v 0.354500 -0.227525 0.055600
v 0.357200 -0.227525 0.058400
v 0.357200 -0.228404 0.058400
v 0.354500 -0.228404 0.055600
v 0.298500 -0.229646 0.052758
v 0.300000 -0.229646 0.052758
v 0.298500 -0.231404 0.057000
v 0.298500 -0.229646 0.061243
v 0.300000 -0.231404 0.057000
v 0.300000 -0.229646 0.061243
v 0.298500 -0.225404 0.051000
v 0.298500 -0.221161 0.052758
v 0.300000 -0.225404 0.051000
v 0.300000 -0.221161 0.052758
v 0.298500 -0.225404 0.063000
v 0.298500 -0.219404 0.057000
v 0.298500 -0.221161 0.061243
v 0.300000 -0.219404 0.057000
v 0.300000 -0.225404 0.063000
v 0.300000 -0.221161 0.061243
v 0.295600 -0.228404 0.047301
v 0.298500 -0.228404 0.055600
v 0.292800 -0.228404 0.047301
v 0.298500 -0.228404 0.058400
v 0.295600 -0.227525 0.047301
v 0.298500 -0.227525 0.055600
v 0.292800 -0.227525 0.047301
v 0.298500 -0.227525 0.058400
v 0.295300 -0.228404 0.046701
v 0.293100 -0.228404 0.046701
v 0.295300 -0.227525 0.046701
v 0.293100 -0.227525 0.046701
v 0.295600 -0.223282 0.047301
v 0.298500 -0.223282 0.055600
v 0.292800 -0.223282 0.047301
v 0.298500 -0.223282 0.058400
v 0.295600 -0.222404 0.047301
v 0.298500 -0.222404 0.055600
v 0.292800 -0.222404 0.047301
v 0.298500 -0.222404 0.058400
v 0.295300 -0.223282 0.046701
v 0.293100 -0.223282 0.046701
v 0.295300 -0.222404 0.046701
v 0.293100 -0.222404 0.046701
v 0.295500 -0.228404 0.055600
v 0.292800 -0.228404 0.058400
v 0.292800 -0.227525 0.058400
v 0.295500 -0.227525 0.055600
v 0.295500 -0.223282 0.055600
v 0.292800 -0.223282 0.058400
v 0.292800 -0.222404 0.058400
v 0.295500 -0.222404 0.055600
v 0.560000 -0.280000 0.048000
v 0.560000 -0.160000 0.048000
v 0.560000 -0.280000 0.044000
v 0.560000 -0.160000 0.044000
v 0.640000 -0.280000 0.048000
v 0.640000 -0.160000 0.048000
v 0.640000 -0.280000 0.044000
v 0.640000 -0.160000 0.044000
v 0.605884 -0.216595 0.051127
v 0.605884 -0.256595 0.051127
v 0.604197 -0.216595 0.055200
v 0.605884 -0.216595 0.059273
v 0.604197 -0.256595 0.055200
v 0.605884 -0.256595 0.059273
v 0.609957 -0.216595 0.049440
v 0.614030 -0.216595 0.051127
v 0.609957 -0.256595 0.049440
v 0.614030 -0.256595 0.051127
v 0.609957 -0.216595 0.060960
v 0.615717 -0.216595 0.055200
v 0.614030 -0.216595 0.059273
v 0.615717 -0.256595 0.055200
v 0.609957 -0.256595 0.060960
v 0.614030 -0.256595 0.059273
v 0.606562 -0.215395 0.051806
v 0.606562 -0.216595 0.051806
v 0.605157 -0.215395 0.055200
v 0.606562 -0.215395 0.058595
v 0.605157 -0.216595 0.055200
v 0.606562 -0.216595 0.058595
v 0.609957 -0.215395 0.050400
v 0.613351 -0.215395 0.051806
v 0.609957 -0.216595 0.050400
v 0.613351 -0.216595 0.051806
v 0.609957 -0.215395 0.060000
v 0.614757 -0.215395 0.055200
v 0.613351 -0.215395 0.058595
v 0.614757 -0.216595 0.055200
v 0.609957 -0.216595 0.060000
v 0.613351 -0.216595 0.058595
v 0.607557 -0.213075 0.047440
v 0.607557 -0.215395 0.054080
v 0.607557 -0.210835 0.047440
v 0.607557 -0.215395 0.056320
v 0.608260 -0.213075 0.047440
v 0.608260 -0.215395 0.054080
v 0.608260 -0.210835 0.047440
v 0.608260 -0.215395 0.056320
v 0.607557 -0.212835 0.046960
v 0.607557 -0.211075 0.046960
v 0.608260 -0.212835 0.046960
v 0.608260 -0.211075 0.046960
v 0.611654 -0.213075 0.047440
v 0.611654 -0.215395 0.054080
v 0.611654 -0.210835 0.047440
v 0.611654 -0.215395 0.056320
v 0.612357 -0.213075 0.047440
v 0.612357 -0.215395 0.054080
v 0.612357 -0.210835 0.047440
v 0.612357 -0.215395 0.056320
v 0.611654 -0.212835 0.046960
v 0.611654 -0.211075 0.046960
v 0.612357 -0.212835 0.046960
v 0.612357 -0.211075 0.046960
v 0.607557 -0.212995 0.054080
v 0.607557 -0.210835 0.056320
v 0.608260 -0.210835 0.056320
v 0.608260 -0.212995 0.054080
v 0.611654 -0.212995 0.054080
v 0.611654 -0.210835 0.056320
v 0.612357 -0.210835 0.056320
v 0.612357 -0.212995 0.054080
v 0.613351 -0.257795 0.051806
v 0.613351 -0.256595 0.051806
v 0.614757 -0.257795 0.055200
v 0.613351 -0.257795 0.058595
v 0.614757 -0.256595 0.055200
v 0.613351 -0.256595 0.058595
v 0.609957 -0.257795 0.050400
v 0.606562 -0.257795 0.051806
v 0.609957 -0.256595 0.050400
v 0.606562 -0.256595 0.051806
v 0.609957 -0.257795 0.060000
v 0.605157 -0.257795 0.055200
v 0.606562 -0.257795 0.058595
v 0.605157 -0.256595 0.055200
v 0.609957 -0.256595 0.060000
v 0.606562 -0.256595 0.058595
v 0.612357 -0.260115 0.047440
v 0.612357 -0.257795 0.054080
v 0.612357 -0.262355 0.047440
v 0.612357 -0.257795 0.056320
v 0.611654 -0.260115 0.047440
v 0.611654 -0.257795 0.054080
v 0.611654 -0.262355 0.047440
v 0.611654 -0.257795 0.056320
v 0.612357 -0.260355 0.046960
v 0.612357 -0.262115 0.046960
v 0.611654 -0.260355 0.046960
v 0.611654 -0.262115 0.046960
v 0.608260 -0.260115 0.047440
v 0.608260 -0.257795 0.054080
v 0.608260 -0.262355 0.047440
v 0.608260 -0.257795 0.056320
v 0.607557 -0.260115 0.047440
v 0.607557 -0.257795 0.054080
v 0.607557 -0.262355 0.047440
v 0.607557 -0.257795 0.056320
v 0.608260 -0.260355 0.046960
v 0.608260 -0.262115 0.046960
v 0.607557 -0.260355 0.046960
v 0.607557 -0.262115 0.046960
v 0.612357 -0.260195 0.054080
v 0.612357 -0.262355 0.056320
v 0.611654 -0.262355 0.056320
v 0.611654 -0.260195 0.054080
v 0.608260 -0.260195 0.054080
v 0.608260 -0.262355 0.056320
v 0.607557 -0.262355 0.056320
v 0.607557 -0.260195 0.054080
v 0.588865 -0.211595 0.051909
v 0.588865 -0.261595 0.051909
v 0.586757 -0.211595 0.057000
v 0.588865 -0.211595 0.062091
v 0.586757 -0.261595 0.057000
v 0.588865 -0.261595 0.062091
v 0.593957 -0.211595 0.049800
v 0.599048 -0.211595 0.051909
v 0.593957 -0.261595 0.049800
v 0.599048 -0.261595 0.051909
v 0.593957 -0.211595 0.064200
v 0.601157 -0.211595 0.057000
v 0.599048 -0.211595 0.062091
v 0.601157 -0.261595 0.057000
v 0.593957 -0.261595 0.064200
v 0.599048 -0.261595 0.062091
v 0.589714 -0.210095 0.052758
v 0.589714 -0.211595 0.052758
v 0.587957 -0.210095 0.057000
v 0.589714 -0.210095 0.061243
v 0.587957 -0.211595 0.057000
v 0.589714 -0.211595 0.061243
v 0.593957 -0.210095 0.051000
v 0.598199 -0.210095 0.052758
v 0.593957 -0.211595 0.051000
v 0.598199 -0.211595 0.052758
v 0.593957 -0.210095 0.063000
v 0.599957 -0.210095 0.057000
v 0.598199 -0.210095 0.061243
v 0.599957 -0.211595 0.057000
v 0.593957 -0.211595 0.063000
v 0.598199 -0.211595 0.061243
v 0.590957 -0.207195 0.047301
v 0.590957 -0.210095 0.055600
v 0.590957 -0.204395 0.047301
v 0.590957 -0.210095 0.058400
v 0.591835 -0.207195 0.047301
v 0.591835 -0.210095 0.055600
v 0.591835 -0.204395 0.047301
v 0.591835 -0.210095 0.058400
v 0.590957 -0.206895 0.046701
v 0.590957 -0.204695 0.046701
v 0.591835 -0.206895 0.046701
v 0.591835 -0.204695 0.046701
v 0.596078 -0.207195 0.047301
v 0.596078 -0.210095 0.055600
v 0.596078 -0.204395 0.047301
v 0.596078 -0.210095 0.058400
v 0.596957 -0.207195 0.047301
v 0.596957 -0.210095 0.055600
v 0.596957 -0.204395 0.047301
v 0.596957 -0.210095 0.058400
v 0.596078 -0.206895 0.046701
v 0.596078 -0.204695 0.046701
v 0.596957 -0.206895 0.046701
v 0.596957 -0.204695 0.046701
v 0.590957 -0.207095 0.055600
v 0.590957 -0.204395 0.058400
v 0.591835 -0.204395 0.058400
v 0.591835 -0.207095 0.055600
v 0.596078 -0.207095 0.055600
v 0.596078 -0.204395 0.058400
v 0.596957 -0.204395 0.058400
v 0.596957 -0.207095 0.055600
v 0.598199 -0.263095 0.052758
v 0.598199 -0.261595 0.052758
v 0.599957 -0.263095 0.057000
v 0.598199 -0.263095 0.061243
v 0.599957 -0.261595 0.057000
v 0.598199 -0.261595 0.061243
v 0.593957 -0.263095 0.051000
v 0.589714 -0.263095 0.052758
v 0.593957 -0.261595 0.051000
v 0.589714 -0.261595 0.052758
v 0.593957 -0.263095 0.063000
v 0.587957 -0.263095 0.057000
v 0.589714 -0.263095 0.061243
v 0.587957 -0.261595 0.057000
v 0.593957 -0.261595 0.063000
v 0.589714 -0.261595 0.061243
v 0.596957 -0.265995 0.047301
v 0.596957 -0.263095 0.055600
v 0.596957 -0.268795 0.047301
v 0.596957 -0.263095 0.058400
v 0.596078 -0.265995 0.047301
v 0.596078 -0.263095 0.055600
v 0.596078 -0.268795 0.047301
v 0.596078 -0.263095 0.058400
v 0.596957 -0.266295 0.046701
v 0.596957 -0.268495 0.046701
v 0.596078 -0.266295 0.046701
v 0.596078 -0.268495 0.046701
v 0.591835 -0.265995 0.047301
v 0.591835 -0.263095 0.055600
v 0.591835 -0.268795 0.047301
v 0.591835 -0.263095 0.058400
v 0.590957 -0.265995 0.047301
v 0.590957 -0.263095 0.055600
v 0.590957 -0.268795 0.047301
v 0.590957 -0.263095 0.058400
v 0.591835 -0.266295 0.046701
v 0.591835 -0.268495 0.046701
v 0.590957 -0.266295 0.046701
v 0.590957 -0.268495 0.046701
v 0.596957 -0.266095 0.055600
v 0.596957 -0.268795 0.058400
v 0.596078 -0.268795 0.058400
v 0.596078 -0.266095 0.055600
v 0.591835 -0.266095 0.055600
v 0.591835 -0.268795 0.058400
v 0.590957 -0.268795 0.058400
v 0.590957 -0.266095 0.055600
v 0.593414 -0.191615 0.051000
v 0.593414 -0.191615 0.054000
v 0.589899 -0.183129 0.051000
v 0.593414 -0.174644 0.051000
v 0.589899 -0.183129 0.054000
v 0.593414 -0.174644 0.054000
v 0.601899 -0.195129 0.051000
v 0.610384 -0.191615 0.051000
v 0.601899 -0.195129 0.054000
v 0.610384 -0.191615 0.054000
v 0.601899 -0.171129 0.051000
v 0.613899 -0.183129 0.051000
v 0.610384 -0.174644 0.051000
v 0.613899 -0.183129 0.054000
v 0.601899 -0.171129 0.054000
v 0.610384 -0.174644 0.054000
v 0.595899 -0.185929 0.039000
v 0.595899 -0.185929 0.051000
v 0.595899 -0.180329 0.039000
v 0.595899 -0.180329 0.051000
v 0.597099 -0.185929 0.039000
v 0.597099 -0.185929 0.051000
v 0.597099 -0.180329 0.039000
v 0.597099 -0.180329 0.051000
v 0.595899 -0.185329 0.037800
v 0.595899 -0.180929 0.037800
v 0.597099 -0.185329 0.037800
v 0.597099 -0.180929 0.037800
v 0.606699 -0.185929 0.039000
v 0.606699 -0.185929 0.051000
v 0.606699 -0.180329 0.039000
v 0.606699 -0.180329 0.051000
v 0.607899 -0.185929 0.039000
v 0.607899 -0.185929 0.051000
v 0.607899 -0.180329 0.039000
v 0.607899 -0.180329 0.051000
v 0.606699 -0.185329 0.037800
v 0.606699 -0.180929 0.037800
v 0.607899 -0.185329 0.037800
v 0.607899 -0.180929 0.037800
v 0.592735 -0.192293 0.054000
v 0.592735 -0.192293 0.091000
v 0.588939 -0.183129 0.054000
v 0.592735 -0.173965 0.054000
v 0.588939 -0.183129 0.091000
v 0.592735 -0.173965 0.091000
v 0.601899 -0.196089 0.054000
v 0.611063 -0.192293 0.054000
v 0.601899 -0.196089 0.091000
v 0.611063 -0.192293 0.091000
v 0.601899 -0.170169 0.054000
v 0.614859 -0.183129 0.054000
v 0.611063 -0.173965 0.054000
v 0.614859 -0.183129 0.091000
v 0.601899 -0.170169 0.091000
v 0.611063 -0.173965 0.091000
v 0.592735 -0.192293 0.067000
v 0.593651 -0.191377 0.064000
v 0.592735 -0.192293 0.061000
v 0.592735 -0.173965 0.061000
v 0.593651 -0.174882 0.064000
v 0.592735 -0.173965 0.067000
v 0.588939 -0.183129 0.061000
v 0.590235 -0.183129 0.064000
v 0.588939 -0.183129 0.067000
v 0.614859 -0.183129 0.067000
v 0.613563 -0.183129 0.064000
v 0.614859 -0.183129 0.061000
v 0.611063 -0.173965 0.061000
v 0.610147 -0.174882 0.064000
v 0.611063 -0.173965 0.067000
v 0.601899 -0.170169 0.061000
v 0.601899 -0.171465 0.064000
v 0.601899 -0.170169 0.067000
v 0.601899 -0.196089 0.067000
v 0.601899 -0.194793 0.064000
v 0.601899 -0.196089 0.061000
v 0.611063 -0.192293 0.061000
v 0.610147 -0.191377 0.064000
v 0.611063 -0.192293 0.067000
v -0.648200 -0.288200 0.120000
v -0.648200 -0.151800 0.120000
v -0.231800 -0.288200 0.120000
v -0.231800 -0.151800 0.120000
v -0.220000 -0.300000 0.120000
v -0.220000 -0.140000 0.120000
v -0.648200 -0.288200 0.040000
v -0.648200 -0.151800 0.040000
v -0.231800 -0.288200 0.040000
v -0.231800 -0.151800 0.040000
v -0.321200 -0.171400 0.099400
v -0.321200 -0.160600 0.099400
v -0.321200 -0.171400 0.063400
v -0.321200 -0.160600 0.063400
v -0.315800 -0.171400 0.099400
v -0.315800 -0.160600 0.099400
v -0.315800 -0.171400 0.063400
v -0.315800 -0.160600 0.063400
v -0.314000 -0.171400 0.081400
v -0.314000 -0.160600 0.081400
v -0.308600 -0.171400 0.081400
v -0.308600 -0.160600 0.081400
v -0.321200 -0.171400 0.058000
v -0.321200 -0.160600 0.058000
v -0.342800 -0.171400 0.099400
v -0.342800 -0.160600 0.099400
v -0.342800 -0.171400 0.063400
v -0.342800 -0.160600 0.063400
v -0.348200 -0.171400 0.099400
v -0.348200 -0.160600 0.099400
v -0.348200 -0.171400 0.063400
v -0.348200 -0.160600 0.063400
v -0.350000 -0.171400 0.081400
v -0.350000 -0.160600 0.081400
v -0.355400 -0.171400 0.081400
v -0.355400 -0.160600 0.081400
v -0.342800 -0.171400 0.058000
v -0.342800 -0.160600 0.058000
v -0.321200 -0.279400 0.099400
v -0.321200 -0.268600 0.099400
v -0.321200 -0.279400 0.063400
v -0.321200 -0.268600 0.063400
v -0.315800 -0.279400 0.099400
v -0.315800 -0.268600 0.099400
v -0.315800 -0.279400 0.063400
v -0.315800 -0.268600 0.063400
v -0.314000 -0.279400 0.081400
v -0.314000 -0.268600 0.081400
v -0.308600 -0.279400 0.081400
v -0.308600 -0.268600 0.081400
v -0.321200 -0.279400 0.058000
v -0.321200 -0.268600 0.058000
v -0.342800 -0.279400 0.099400
v -0.342800 -0.268600 0.099400
v -0.342800 -0.279400 0.063400
v -0.342800 -0.268600 0.063400
v -0.348200 -0.279400 0.099400
v -0.348200 -0.268600 0.099400
v -0.348200 -0.279400 0.063400
v -0.348200 -0.268600 0.063400
v -0.350000 -0.279400 0.081400
v -0.350000 -0.268600 0.081400
v -0.355400 -0.279400 0.081400
v -0.355400 -0.268600 0.081400
v -0.342800 -0.279400 0.058000
v -0.342800 -0.268600 0.058000
v -0.321200 -0.160600 0.040000
v -0.321200 -0.171400 0.040000
v -0.342800 -0.160600 0.040000
v -0.342800 -0.171400 0.040000
v -0.321200 -0.268600 0.040000
v -0.321200 -0.279400 0.040000
v -0.342800 -0.268600 0.040000
v -0.342800 -0.279400 0.040000
v -0.393200 -0.171400 0.099400
v -0.393200 -0.160600 0.099400
v -0.393200 -0.171400 0.063400
v -0.393200 -0.160600 0.063400
v -0.387800 -0.171400 0.099400
v -0.387800 -0.160600 0.099400
v -0.387800 -0.171400 0.063400
v -0.387800 -0.160600 0.063400
v -0.386000 -0.171400 0.081400
v -0.386000 -0.160600 0.081400
v -0.380600 -0.171400 0.081400
v -0.380600 -0.160600 0.081400
v -0.393200 -0.171400 0.058000
v -0.393200 -0.160600 0.058000
v -0.414800 -0.171400 0.099400
v -0.414800 -0.160600 0.099400
v -0.414800 -0.171400 0.063400
v -0.414800 -0.160600 0.063400
v -0.420200 -0.171400 0.099400
v -0.420200 -0.160600 0.099400
v -0.420200 -0.171400 0.063400
v -0.420200 -0.160600 0.063400
v -0.422000 -0.171400 0.081400
v -0.422000 -0.160600 0.081400
v -0.427400 -0.171400 0.081400
v -0.427400 -0.160600 0.081400
v -0.414800 -0.171400 0.058000
v -0.414800 -0.160600 0.058000
v -0.393200 -0.279400 0.099400
v -0.393200 -0.268600 0.099400
v -0.393200 -0.279400 0.063400
v -0.393200 -0.268600 0.063400
v -0.387800 -0.279400 0.099400
v -0.387800 -0.268600 0.099400
v -0.387800 -0.279400 0.063400
v -0.387800 -0.268600 0.063400
v -0.386000 -0.279400 0.081400
v -0.386000 -0.268600 0.081400
v -0.380600 -0.279400 0.081400
v -0.380600 -0.268600 0.081400
v -0.393200 -0.279400 0.058000
v -0.393200 -0.268600 0.058000
v -0.414800 -0.279400 0.099400
v -0.414800 -0.268600 0.099400
v -0.414800 -0.279400 0.063400
v -0.414800 -0.268600 0.063400
v -0.420200 -0.279400 0.099400
v -0.420200 -0.268600 0.099400
v -0.420200 -0.279400 0.063400
v -0.420200 -0.268600 0.063400
v -0.422000 -0.279400 0.081400
v -0.422000 -0.268600 0.081400
v -0.427400 -0.279400 0.081400
v -0.427400 -0.268600 0.081400
v -0.414800 -0.279400 0.058000
v -0.414800 -0.268600 0.058000
v -0.393200 -0.160600 0.040000
v -0.393200 -0.171400 0.040000
v -0.414800 -0.160600 0.040000
v -0.414800 -0.171400 0.040000
v -0.393200 -0.268600 0.040000
v -0.393200 -0.279400 0.040000
v -0.414800 -0.268600 0.040000
v -0.414800 -0.279400 0.040000
v -0.465200 -0.171400 0.099400
v -0.465200 -0.160600 0.099400
v -0.465200 -0.171400 0.063400
v -0.465200 -0.160600 0.063400
v -0.459800 -0.171400 0.099400
v -0.459800 -0.160600 0.099400
v -0.459800 -0.171400 0.063400
v -0.459800 -0.160600 0.063400
v -0.458000 -0.171400 0.081400
v -0.458000 -0.160600 0.081400
v -0.452600 -0.171400 0.081400
v -0.452600 -0.160600 0.081400
v -0.465200 -0.171400 0.058000
v -0.465200 -0.160600 0.058000
v -0.486800 -0.171400 0.099400
v -0.486800 -0.160600 0.099400
v -0.486800 -0.171400 0.063400
v -0.486800 -0.160600 0.063400
v -0.492200 -0.171400 0.099400
v -0.492200 -0.160600 0.099400
v -0.492200 -0.171400 0.063400
v -0.492200 -0.160600 0.063400
v -0.494000 -0.171400 0.081400
v -0.494000 -0.160600 0.081400
v -0.499400 -0.171400 0.081400
v -0.499400 -0.160600 0.081400
v -0.486800 -0.171400 0.058000
v -0.486800 -0.160600 0.058000
v -0.465200 -0.279400 0.099400
v -0.465200 -0.268600 0.099400
v -0.465200 -0.279400 0.063400
v -0.465200 -0.268600 0.063400
v -0.459800 -0.279400 0.099400
v -0.459800 -0.268600 0.099400
v -0.459800 -0.279400 0.063400
v -0.459800 -0.268600 0.063400
v -0.458000 -0.279400 0.081400
v -0.458000 -0.268600 0.081400
v -0.452600 -0.279400 0.081400
v -0.452600 -0.268600 0.081400
v -0.465200 -0.279400 0.058000
v -0.465200 -0.268600 0.058000
v -0.486800 -0.279400 0.099400
v -0.486800 -0.268600 0.099400
v -0.486800 -0.279400 0.063400
v -0.486800 -0.268600 0.063400
v -0.492200 -0.279400 0.099400
v -0.492200 -0.268600 0.099400
v -0.492200 -0.279400 0.063400
v -0.492200 -0.268600 0.063400
v -0.494000 -0.279400 0.081400
v -0.494000 -0.268600 0.081400
v -0.499400 -0.279400 0.081400
v -0.499400 -0.268600 0.081400
v -0.486800 -0.279400 0.058000
v -0.486800 -0.268600 0.058000
v -0.465200 -0.160600 0.040000
v -0.465200 -0.171400 0.040000
v -0.486800 -0.160600 0.040000
v -0.486800 -0.171400 0.040000
v -0.465200 -0.268600 0.040000
v -0.465200 -0.279400 0.040000
v -0.486800 -0.268600 0.040000
v -0.486800 -0.279400 0.040000
v -0.537200 -0.171400 0.099400
v -0.537200 -0.160600 0.099400
v -0.537200 -0.171400 0.063400
v -0.537200 -0.160600 0.063400
v -0.531800 -0.171400 0.099400
v -0.531800 -0.160600 0.099400
v -0.531800 -0.171400 0.063400
v -0.531800 -0.160600 0.063400
v -0.530000 -0.171400 0.081400
v -0.530000 -0.160600 0.081400
v -0.524600 -0.171400 0.081400
v -0.524600 -0.160600 0.081400
v -0.537200 -0.171400 0.058000
v -0.537200 -0.160600 0.058000
v -0.558800 -0.171400 0.099400
v -0.558800 -0.160600 0.099400
v -0.558800 -0.171400 0.063400
v -0.558800 -0.160600 0.063400
v -0.564200 -0.171400 0.099400
v -0.564200 -0.160600 0.099400
v -0.564200 -0.171400 0.063400
v -0.564200 -0.160600 0.063400
v -0.566000 -0.171400 0.081400
v -0.566000 -0.160600 0.081400
v -0.571400 -0.171400 0.081400
v -0.571400 -0.160600 0.081400
v -0.558800 -0.171400 0.058000
v -0.558800 -0.160600 0.058000
v -0.537200 -0.279400 0.099400
v -0.537200 -0.268600 0.099400
v -0.537200 -0.279400 0.063400
v -0.537200 -0.268600 0.063400
v -0.531800 -0.279400 0.099400
v -0.531800 -0.268600 0.099400
v -0.531800 -0.279400 0.063400
v -0.531800 -0.268600 0.063400
v -0.530000 -0.279400 0.081400
v -0.530000 -0.268600 0.081400
v -0.524600 -0.279400 0.081400
v -0.524600 -0.268600 0.081400
v -0.537200 -0.279400 0.058000
v -0.537200 -0.268600 0.058000
v -0.558800 -0.279400 0.099400
v -0.558800 -0.268600 0.099400
v -0.558800 -0.279400 0.063400
v -0.558800 -0.268600 0.063400
v -0.564200 -0.279400 0.099400
v -0.564200 -0.268600 0.099400
v -0.564200 -0.279400 0.063400
v -0.564200 -0.268600 0.063400
v -0.566000 -0.279400 0.081400
v -0.566000 -0.268600 0.081400
v -0.571400 -0.279400 0.081400
v -0.571400 -0.268600 0.081400
v -0.558800 -0.279400 0.058000
v -0.558800 -0.268600 0.058000
v -0.537200 -0.160600 0.040000
v -0.537200 -0.171400 0.040000
v -0.558800 -0.160600 0.040000
v -0.558800 -0.171400 0.040000
v -0.537200 -0.268600 0.040000
v -0.537200 -0.279400 0.040000
v -0.558800 -0.268600 0.040000
v -0.558800 -0.279400 0.040000
v -0.347000 -0.237000 0.056000
v -0.342000 -0.242000 0.056000
v -0.342000 -0.197000 0.056000
v -0.347000 -0.202000 0.056000
v -0.342000 -0.242000 0.040000
v -0.347000 -0.237000 0.040000
v -0.347000 -0.202000 0.040000
v -0.342000 -0.197000 0.040000
v -0.322000 -0.242000 0.056000
v -0.317000 -0.237000 0.056000
v -0.317000 -0.202000 0.056000
v -0.322000 -0.197000 0.056000
v -0.317000 -0.237000 0.040000
v -0.322000 -0.242000 0.040000
v -0.322000 -0.197000 0.040000
v -0.317000 -0.202000 0.040000
v -0.337702 -0.206887 0.061047
v -0.344613 -0.214428 0.061047
v -0.327483 -0.206440 0.061047
v -0.344167 -0.224648 0.061047
v -0.336625 -0.231558 0.061047
v -0.326406 -0.231112 0.061047
v -0.319941 -0.213351 0.061047
v -0.319495 -0.223570 0.061047
v -0.337702 -0.206887 0.055701
v -0.344613 -0.214428 0.055701
v -0.327483 -0.206440 0.055701
v -0.344167 -0.224648 0.055701
v -0.336625 -0.231558 0.055701
v -0.319941 -0.213351 0.055701
v -0.326406 -0.231112 0.055701
v -0.319495 -0.223570 0.055701
v -0.419000 -0.237000 0.056000
v -0.414000 -0.242000 0.056000
v -0.414000 -0.197000 0.056000
v -0.419000 -0.202000 0.056000
v -0.414000 -0.242000 0.040000
v -0.419000 -0.237000 0.040000
v -0.419000 -0.202000 0.040000
v -0.414000 -0.197000 0.040000
v -0.394000 -0.242000 0.056000
v -0.389000 -0.237000 0.056000
v -0.389000 -0.202000 0.056000
v -0.394000 -0.197000 0.056000
v -0.389000 -0.237000 0.040000
v -0.394000 -0.242000 0.040000
v -0.394000 -0.197000 0.040000
v -0.389000 -0.202000 0.040000
v -0.393106 -0.211334 0.061047
v -0.401733 -0.205837 0.061047
v -0.390892 -0.221320 0.061047
v -0.411720 -0.208051 0.061047
v -0.417216 -0.216679 0.061047
v -0.415002 -0.226665 0.061047
v -0.396388 -0.229947 0.061047
v -0.406375 -0.232161 0.061047
v -0.393106 -0.211334 0.055701
v -0.401733 -0.205837 0.055701
v -0.390892 -0.221320 0.055701
v -0.411720 -0.208051 0.055701
v -0.417216 -0.216679 0.055701
v -0.396388 -0.229947 0.055701
v -0.415002 -0.226665 0.055701
v -0.406375 -0.232161 0.055701
v -0.491000 -0.237000 0.056000
v -0.486000 -0.242000 0.056000
v -0.486000 -0.197000 0.056000
v -0.491000 -0.202000 0.056000
v -0.486000 -0.242000 0.040000
v -0.491000 -0.237000 0.040000
v -0.491000 -0.202000 0.040000
v -0.486000 -0.197000 0.040000
v -0.466000 -0.242000 0.056000
v -0.461000 -0.237000 0.056000
v -0.461000 -0.202000 0.056000
v -0.466000 -0.197000 0.056000
v -0.461000 -0.237000 0.040000
v -0.466000 -0.242000 0.040000
v -0.466000 -0.197000 0.040000
v -0.461000 -0.202000 0.040000
v -0.478375 -0.232161 0.061047
v -0.468388 -0.229947 0.061047
v -0.487002 -0.226665 0.061047
v -0.462892 -0.221320 0.061047
v -0.465106 -0.211334 0.061047
v -0.473733 -0.205838 0.061047
v -0.489216 -0.216679 0.061047
v -0.483720 -0.208051 0.061047
v -0.478375 -0.232161 0.055701
v -0.468388 -0.229947 0.055701
v -0.487002 -0.226665 0.055701
v -0.462892 -0.221320 0.055701
v -0.465106 -0.211334 0.055701
v -0.489216 -0.216679 0.055701
v -0.473733 -0.205838 0.055701
v -0.483720 -0.208051 0.055701
v -0.563000 -0.237000 0.056000
v -0.558000 -0.242000 0.056000
v -0.558000 -0.197000 0.056000
v -0.563000 -0.202000 0.056000
v -0.558000 -0.242000 0.040000
v -0.563000 -0.237000 0.040000
v -0.563000 -0.202000 0.040000
v -0.558000 -0.197000 0.040000
v -0.538000 -0.242000 0.056000
v -0.533000 -0.237000 0.056000
v -0.533000 -0.202000 0.056000
v -0.538000 -0.197000 0.056000
v -0.533000 -0.237000 0.040000
v -0.538000 -0.242000 0.040000
v -0.538000 -0.197000 0.040000
v -0.533000 -0.202000 0.040000
v -0.560613 -0.214428 0.061047
v -0.560167 -0.224648 0.061047
v -0.553703 -0.206887 0.061047
v -0.552625 -0.231558 0.061047
v -0.542406 -0.231112 0.061047
v -0.535495 -0.223570 0.061047
v -0.543483 -0.206440 0.061047
v -0.535941 -0.213351 0.061047
v -0.560613 -0.214428 0.055701
v -0.560167 -0.224648 0.055701
v -0.553703 -0.206887 0.055701
v -0.552625 -0.231558 0.055701
v -0.542406 -0.231112 0.055701
v -0.543483 -0.206440 0.055701
v -0.535495 -0.223570 0.055701
v -0.535941 -0.213351 0.055701
v -0.517000 -0.288200 0.105000
v -0.517000 -0.151800 0.105000
v -0.517000 -0.288200 0.040000
v -0.517000 -0.151800 0.040000
v -0.507000 -0.288200 0.105000
v -0.507000 -0.151800 0.105000
v -0.507000 -0.288200 0.040000
v -0.507000 -0.151800 0.040000
v -0.445000 -0.288200 0.105000
v -0.445000 -0.151800 0.105000
v -0.445000 -0.288200 0.040000
v -0.445000 -0.151800 0.040000
v -0.435000 -0.288200 0.105000
v -0.435000 -0.151800 0.105000
v -0.435000 -0.288200 0.040000
v -0.435000 -0.151800 0.040000
v -0.373000 -0.288200 0.105000
v -0.373000 -0.151800 0.105000
v -0.373000 -0.288200 0.040000
v -0.373000 -0.151800 0.040000
v -0.363000 -0.288200 0.105000
v -0.363000 -0.151800 0.105000
v -0.363000 -0.288200 0.040000
v -0.363000 -0.151800 0.040000
v -0.301000 -0.288200 0.105000
v -0.301000 -0.151800 0.105000
v -0.301000 -0.288200 0.040000
v -0.301000 -0.151800 0.040000
v -0.291000 -0.288200 0.105000
v -0.291000 -0.151800 0.105000
v -0.291000 -0.288200 0.040000
v -0.291000 -0.151800 0.040000
v -0.589000 -0.288200 0.105000
v -0.589000 -0.151800 0.105000
v -0.589000 -0.288200 0.040000
v -0.589000 -0.151800 0.040000
v -0.579000 -0.288200 0.105000
v -0.579000 -0.151800 0.105000
v -0.579000 -0.288200 0.040000
v -0.579000 -0.151800 0.040000
vn -0.0000 -1.0000 -0.0000
vn -0.0000 1.0000 -0.0000
vn -1.0000 -0.0000 -0.0000
vn 1.0000 -0.0000 -0.0000
vn -0.0000 -0.0000 1.0000
vn 0.6728 -0.3875 0.6303
vn 0.7497 0.2017 0.6303
vn 0.3875 0.6728 0.6303
vn -0.2017 0.7497 0.6303
vn -0.6728 0.3875 0.6303
vn -0.7497 -0.2017 0.6303
vn -0.3875 -0.6728 0.6303
vn 0.2017 -0.7497 0.6303
vn 0.2598 -0.9657 -0.0000
vn -0.4991 -0.8665 -0.0000
vn -0.9657 -0.2598 -0.0000
vn 0.8665 -0.4991 -0.0000
vn 0.9657 0.2598 -0.0000
vn -0.8665 0.4991 -0.0000
vn -0.2598 0.9657 -0.0000
vn 0.4991 0.8665 -0.0000
vn 0.2655 0.7296 0.6303
vn -0.3281 0.7036 0.6303
vn -0.7296 0.2655 0.6303
vn -0.7036 -0.3281 0.6303
vn -0.2655 -0.7296 0.6303
vn 0.3281 -0.7036 0.6303
vn 0.7296 -0.2655 0.6303
vn 0.7036 0.3281 0.6303
vn 0.9063 0.4226 -0.0000
vn 0.9397 -0.3420 -0.0000
vn 0.4226 -0.9063 -0.0000
vn 0.3420 0.9397 -0.0000
vn -0.4226 0.9063 -0.0000
vn -0.3420 -0.9397 -0.0000
vn -0.9063 -0.4226 -0.0000
vn -0.9397 0.3420 -0.0000
vn -0.2829 0.7230 0.6303
vn -0.7113 0.3112 0.6303
vn -0.7230 -0.2829 0.6303
vn -0.3112 -0.7113 0.6303
vn 0.2829 -0.7230 0.6303
vn 0.7113 -0.3112 0.6303
vn 0.7230 0.2829 0.6303
vn 0.3112 0.7113 0.6303
vn 0.4008 0.9162 -0.0000
vn 0.9312 0.3644 -0.0000
vn 0.9162 -0.4008 -0.0000
vn -0.3644 0.9312 -0.0000
vn -0.9162 0.4008 -0.0000
vn 0.3644 -0.9312 -0.0000
vn -0.4008 -0.9162 -0.0000
vn -0.9312 -0.3644 -0.0000
vn 0.6952 -0.3457 0.6303
vn 0.7360 0.2471 0.6303
vn 0.3457 0.6952 0.6303
vn -0.2471 0.7360 0.6303
vn -0.6952 0.3457 0.6303
vn -0.7360 -0.2471 0.6303
vn -0.3457 -0.6952 0.6303
vn 0.2471 -0.7360 0.6303
vn 0.3183 -0.9480 -0.0000
vn -0.4453 -0.8954 -0.0000
vn -0.9480 -0.3183 -0.0000
vn 0.8954 -0.4453 -0.0000
vn 0.9480 0.3183 -0.0000
vn -0.8954 0.4453 -0.0000
vn -0.3183 0.9480 -0.0000
vn 0.4453 0.8954 -0.0000
vn -0.0704 0.7732 0.6303
vn -0.5965 0.4969 0.6303
vn -0.7732 -0.0704 0.6303
vn -0.4969 -0.5965 0.6303
vn 0.0704 -0.7732 0.6303
vn 0.5965 -0.4969 0.6303
vn 0.7732 0.0704 0.6303
vn 0.4969 0.5965 0.6303
vn 0.6401 0.7683 -0.0000
vn 0.9959 0.0907 -0.0000
vn 0.7683 -0.6401 -0.0000
vn -0.0907 0.9959 -0.0000
vn -0.7683 0.6401 -0.0000
vn 0.0907 -0.9959 -0.0000
vn -0.6401 -0.7683 -0.0000
vn -0.9959 -0.0907 -0.0000
vn 0.7657 0.1285 0.6303
vn 0.4506 0.6323 0.6303
vn -0.1285 0.7657 0.6303
vn -0.6323 0.4506 0.6303
vn -0.7657 -0.1285 0.6303
vn -0.4506 -0.6323 0.6303
vn 0.1285 -0.7657 0.6303
vn 0.6323 -0.4506 0.6303
vn 0.8144 -0.5803 -0.0000
vn 0.1655 -0.9862 -0.0000
vn -0.5803 -0.8144 -0.0000
vn 0.9862 0.1655 -0.0000
vn 0.5803 0.8144 -0.0000
vn -0.9862 -0.1655 -0.0000
vn -0.8144 0.5803 -0.0000
vn -0.1655 0.9862 -0.0000
vn 0.8660 0.5000 -0.0000
vn -0.8660 0.5000 -0.0000
vn -0.5000 -0.8660 -0.0000
vn 0.5000 0.8660 -0.0000
vn 0.8660 -0.5000 -0.0000
vn -0.8660 -0.5000 -0.0000
vn 0.5000 -0.8660 -0.0000
vn -0.5000 0.8660 -0.0000
vn 0.7071 -0.7071 -0.0000
vn -0.7071 0.7071 -0.0000
vn -0.7071 -0.7071 -0.0000
vn 0.7071 0.7071 -0.0000
vn -0.3827 -0.9239 -0.0000
vn -0.9239 -0.3827 -0.0000
vn -0.3827 0.9239 -0.0000
vn -0.9239 0.3827 -0.0000
vn 0.9239 0.3827 -0.0000
vn 0.3827 0.9239 -0.0000
vn 0.3827 -0.9239 -0.0000
vn 0.9239 -0.3827 -0.0000
vn -0.0000 -0.0000 -1.0000
vn -0.0000 -0.8944 -0.4472
vn -0.0000 0.8944 -0.4472
vn 0.6491 -0.6491 -0.3966
vn 0.9180 -0.0000 -0.3966
vn 0.6491 -0.6491 0.3966
vn 0.9180 -0.0000 0.3966
vn -0.0000 -0.9180 -0.3966
vn -0.0000 -0.9180 0.3966
vn 0.6491 0.6491 -0.3966
vn -0.0000 0.9180 -0.3966
vn 0.6491 0.6491 0.3966
vn -0.0000 0.9180 0.3966
vn -0.6491 0.6491 -0.3966
vn -0.9180 -0.0000 -0.3966
vn -0.6491 0.6491 0.3966
vn -0.9180 -0.0000 0.3966
vn -0.6491 -0.6491 0.3966
vn -0.6491 -0.6491 -0.3966
vn 0.6222 -0.6222 -0.4751
vn 0.8799 -0.0000 -0.4751
vn 0.6222 -0.6222 0.4751
vn 0.8799 -0.0000 0.4751
vn -0.0000 -0.8799 -0.4751
vn -0.0000 -0.8799 0.4751
vn 0.6222 0.6222 -0.4752
vn -0.0000 0.8799 -0.4752
vn 0.6222 0.6222 0.4752
vn -0.0000 0.8799 0.4752
vn -0.6222 0.6222 -0.4752
vn -0.8799 -0.0000 -0.4752
vn -0.6222 0.6222 0.4752
vn -0.8799 -0.0000 0.4752
vn -0.6222 -0.6222 0.4751
vn -0.6222 -0.6222 -0.4751
vn -0.0000 0.7071 -0.7071
vn -0.0000 0.7071 0.7071
vn -0.0000 -0.7071 0.7071
vn -0.0000 -0.7071 -0.7071
vn -0.0000 0.3827 -0.9239
vn -0.0000 0.9239 -0.3827
vn -0.0000 0.3827 0.9239
vn -0.0000 0.9239 0.3827
vn -0.0000 -0.9239 0.3827
vn -0.0000 -0.3827 0.9239
vn -0.0000 -0.3827 -0.9239
vn -0.0000 -0.9239 -0.3827
vn 0.7071 -0.0000 0.7071
vn -0.7114 -0.0000 -0.7028
vn -0.8944 -0.0000 -0.4472
vn 0.8944 -0.0000 -0.4472
vn -0.9999 -0.0000 0.0120
vn -0.7071 -0.0000 0.7071
vn 0.7114 -0.0000 -0.7028
vn 0.9999 -0.0000 0.0120
vn -0.7071 -0.0000 -0.7071
vn 0.7071 -0.0000 -0.7071
vn -0.3827 -0.0000 -0.9239
vn -0.9239 -0.0000 -0.3827
vn -0.3827 -0.0000 0.9239
vn -0.9239 -0.0000 0.3827
vn 0.9239 -0.0000 0.3827
vn 0.3827 -0.0000 0.9239
vn 0.3827 -0.0000 -0.9239
vn 0.9239 -0.0000 -0.3827
vn -0.0000 -0.7114 -0.7028
vn -0.0000 -0.9999 0.0120
vn -0.0000 0.7114 -0.7028
vn -0.0000 0.8945 -0.4472
vn -0.0000 0.9999 0.0120
vn -0.0000 0.7113 -0.7028
vn -0.0000 -0.8944 -0.4473
vn -0.0000 0.8944 -0.4473
vn -0.9285 -0.0000 0.3714
vn 0.9285 -0.0000 0.3714
vn 0.9285 -0.0000 -0.3714
vn -0.9285 -0.0000 -0.3714
vn 0.4453 -0.6360 0.6303
vn 0.7646 -0.1348 0.6303
vn 0.6360 0.4453 0.6303
vn 0.1348 0.7646 0.6303
vn -0.4453 0.6360 0.6303
vn -0.7646 0.1348 0.6303
vn -0.6360 -0.4453 0.6303
vn -0.1348 -0.7646 0.6303
vn 0.5736 -0.8192 -0.0000
vn -0.1736 -0.9848 -0.0000
vn -0.8192 -0.5736 -0.0000
vn 0.9848 -0.1736 -0.0000
vn 0.8192 0.5736 -0.0000
vn -0.9848 0.1736 -0.0000
vn -0.5736 0.8192 -0.0000
vn 0.1737 0.9848 -0.0000
vn 0.1736 0.9848 -0.0000
vn 0.9848 -0.1737 -0.0000
vt 0.171006 0.206992
vt 0.147197 0.193087
vt 0.171006 0.179564
vt 0.195197 0.193087
vt 0.171006 0.206992
vt 0.195197 0.193087
vt 0.149940 0.189849
vt 0.149940 0.182306
vt 0.167768 0.182306
vt 0.149940 0.204249
vt 0.167768 0.204249
vt 0.149940 0.189849
vt 0.171006 0.179564
vt 0.147197 0.193087
vt 0.192454 0.189849
vt 0.192454 0.182306
vt 0.167768 0.182306
vt 0.192454 0.204249
vt 0.192454 0.189849
vt 0.167768 0.204249
vt 0.167768 0.179564
vt 0.147197 0.189849
vt 0.147197 0.179564
vt 0.167768 0.206992
vt 0.147197 0.189849
vt 0.147197 0.206992
vt 0.167768 0.206992
vt 0.195197 0.189849
vt 0.195197 0.206992
vt 0.167768 0.179564
vt 0.195197 0.189849
vt 0.195197 0.179564
vt 0.149940 0.196706
vt 0.174625 0.182306
vt 0.150391 0.179688
vt 0.174625 0.204249
vt 0.149940 0.196706
vt 0.150391 0.203125
vt 0.192454 0.196706
vt 0.174625 0.204249
vt 0.193359 0.203125
vt 0.192454 0.196706
vt 0.174625 0.182306
vt 0.193359 0.179688
vt 0.519531 0.632812
vt 0.509797 0.941728
vt 0.552734 0.632812
vt 0.685547 0.632812
vt 0.693382 0.941728
vt 0.552734 0.632812
vt 0.490234 0.632813
vt 0.710938 0.632812
vt 0.539062 1.000000
vt 0.710937 0.632812
vt 0.490234 0.632812
vt 0.450919 0.220703
vt 0.453549 0.220703
vt 0.448705 0.215357
vt 0.453549 0.215357
vt 0.453549 0.226049
vt 0.448705 0.226049
vt 0.453549 0.226049
vt 0.443359 0.213143
vt 0.453549 0.220703
vt 0.438014 0.215357
vt 0.453549 0.215357
vt 0.435799 0.220703
vt 0.453549 0.220703
vt 0.443359 0.228263
vt 0.453549 0.220703
vt 0.438014 0.226049
vt 0.453549 0.215357
vt 0.453549 0.226049
vt 0.456573 0.220703
vt 0.456573 0.215357
vt 0.456573 0.226049
vt 0.456573 0.226049
vt 0.456573 0.220703
vt 0.456573 0.215357
vt 0.456573 0.220703
vt 0.456573 0.220703
vt 0.456573 0.215357
vt 0.456573 0.226049
vt 0.450919 0.220703
vt 0.453549 0.220703
vt 0.448705 0.215357
vt 0.453549 0.215357
vt 0.453549 0.226049
vt 0.448705 0.226049
vt 0.453549 0.226049
vt 0.443359 0.213143
vt 0.453549 0.220703
vt 0.438014 0.215357
vt 0.453549 0.215357
vt 0.435799 0.220703
vt 0.453549 0.220703
vt 0.443359 0.228263
vt 0.453549 0.220703
vt 0.438014 0.226049
vt 0.453549 0.215357
vt 0.453549 0.226049
vt 0.456573 0.220703
vt 0.456573 0.215357
vt 0.456573 0.226049
vt 0.456573 0.226049
vt 0.456573 0.220703
vt 0.456573 0.215357
vt 0.456573 0.220703
vt 0.456573 0.220703
vt 0.456573 0.215357
vt 0.456573 0.226049
vt 0.450919 0.220703
vt 0.453549 0.220703
vt 0.448705 0.215357
vt 0.453549 0.215357
vt 0.453549 0.226049
vt 0.448705 0.226049
vt 0.453549 0.226049
vt 0.443359 0.213143
vt 0.453549 0.220703
vt 0.438014 0.215357
vt 0.453549 0.215357
vt 0.435799 0.220703
vt 0.453549 0.220703
vt 0.443359 0.228263
vt 0.453549 0.220703
vt 0.438014 0.226049
vt 0.453549 0.215357
vt 0.453549 0.226049
vt 0.456573 0.220703
vt 0.456573 0.215357
vt 0.456573 0.226049
vt 0.456573 0.226049
vt 0.456573 0.220703
vt 0.456573 0.215357
vt 0.456573 0.220703
vt 0.456573 0.220703
vt 0.456573 0.215357
vt 0.456573 0.226049
vt 0.450919 0.220703
vt 0.453549 0.220703
vt 0.448705 0.215357
vt 0.453549 0.215357
vt 0.453549 0.226049
vt 0.448705 0.226049
vt 0.453549 0.226049
vt 0.443359 0.213143
vt 0.453549 0.220703
vt 0.438014 0.215357
vt 0.453549 0.215357
vt 0.435799 0.220703
vt 0.453549 0.220703
vt 0.443359 0.228263
vt 0.453549 0.220703
vt 0.438014 0.226049
vt 0.453549 0.215357
vt 0.453549 0.226049
vt 0.456573 0.220703
vt 0.456573 0.215357
vt 0.456573 0.226049
vt 0.456573 0.226049
vt 0.456573 0.220703
vt 0.456573 0.215357
vt 0.456573 0.220703
vt 0.456573 0.220703
vt 0.456573 0.215357
vt 0.456573 0.226049
vt 0.509797 0.832158
vt 0.652344 0.621094
vt 0.519531 0.621094
vt 0.519531 0.621094
vt 0.509797 0.941729
vt 0.552734 0.621094
vt 0.685547 0.621094
vt 0.693382 0.941728
vt 0.552734 0.621094
vt 0.490234 0.900391
vt 0.496153 0.546893
vt 0.490234 0.701172
vt 0.496153 0.614826
vt 0.490234 0.767578
vt 0.490234 0.900391
vt 0.509797 0.832158
vt 0.652344 0.632812
vt 0.519531 0.632812
vt 0.693381 0.832158
vt 0.652344 0.632812
vt 0.685547 0.632812
vt 0.693382 0.832158
vt 0.652344 0.621094
vt 0.685547 0.621094
vt 0.450919 0.220703
vt 0.453549 0.220703
vt 0.448705 0.215357
vt 0.453549 0.215357
vt 0.453549 0.226049
vt 0.448705 0.226049
vt 0.453549 0.226049
vt 0.443359 0.213143
vt 0.453549 0.220703
vt 0.438014 0.215357
vt 0.453549 0.215357
vt 0.435799 0.220703
vt 0.453549 0.220703
vt 0.443359 0.228263
vt 0.453549 0.220703
vt 0.438014 0.226049
vt 0.453549 0.215357
vt 0.453549 0.226049
vt 0.456573 0.220703
vt 0.456573 0.215357
vt 0.456573 0.226049
vt 0.456573 0.226049
vt 0.456573 0.220703
vt 0.456573 0.215357
vt 0.456573 0.220703
vt 0.456573 0.220703
vt 0.456573 0.215357
vt 0.456573 0.226049
vt 0.450919 0.220703
vt 0.453549 0.220703
vt 0.448705 0.215357
vt 0.453549 0.215357
vt 0.453549 0.226049
vt 0.448705 0.226049
vt 0.453549 0.226049
vt 0.443359 0.213143
vt 0.453549 0.220703
vt 0.438014 0.215357
vt 0.453549 0.215357
vt 0.435799 0.220703
vt 0.453549 0.220703
vt 0.443359 0.228263
vt 0.453549 0.220703
vt 0.438014 0.226049
vt 0.453549 0.215357
vt 0.453549 0.226049
vt 0.456573 0.220703
vt 0.456573 0.215357
vt 0.456573 0.226049
vt 0.456573 0.226049
vt 0.456573 0.220703
vt 0.456573 0.215357
vt 0.456573 0.220703
vt 0.456573 0.220703
vt 0.456573 0.215357
vt 0.456573 0.226049
vt 0.645710 0.848773
vt 0.645710 0.893239
vt 0.668823 0.893239
vt 0.668823 0.848773
vt 0.171006 0.206992
vt 0.147197 0.193087
vt 0.171006 0.179564
vt 0.195197 0.193087
vt 0.171006 0.206992
vt 0.195197 0.193087
vt 0.149940 0.189849
vt 0.149940 0.182306
vt 0.167768 0.182306
vt 0.149940 0.204249
vt 0.167768 0.204249
vt 0.149940 0.189849
vt 0.171006 0.179564
vt 0.147197 0.193087
vt 0.192454 0.189849
vt 0.192454 0.182306
vt 0.167768 0.182306
vt 0.192454 0.204249
vt 0.192454 0.189849
vt 0.167768 0.204249
vt 0.167768 0.179564
vt 0.147197 0.189849
vt 0.147197 0.179564
vt 0.167768 0.206992
vt 0.147197 0.189849
vt 0.147197 0.206992
vt 0.167768 0.206992
vt 0.195197 0.189849
vt 0.195197 0.206992
vt 0.167768 0.179564
vt 0.195197 0.189849
vt 0.195197 0.179564
vt 0.149940 0.196706
vt 0.174625 0.182306
vt 0.150391 0.179688
vt 0.174625 0.204249
vt 0.149940 0.196706
vt 0.150391 0.203125
vt 0.192454 0.196706
vt 0.174625 0.204249
vt 0.193359 0.203125
vt 0.192454 0.196706
vt 0.174625 0.182306
vt 0.193359 0.179688
vt 0.519531 0.632812
vt 0.509797 0.941728
vt 0.552734 0.632812
vt 0.685547 0.632812
vt 0.693382 0.941728
vt 0.552734 0.632812
vt 0.490234 0.632812
vt 0.490234 1.000000
vt 0.539063 0.780859
vt 0.450919 0.220703
vt 0.453549 0.220703
vt 0.448705 0.215357
vt 0.453549 0.215357
vt 0.453549 0.226049
vt 0.448705 0.226049
vt 0.453549 0.226049
vt 0.443359 0.213143
vt 0.453549 0.220703
vt 0.438014 0.215357
vt 0.453549 0.215357
vt 0.435799 0.220703
vt 0.453549 0.220703
vt 0.443359 0.228263
vt 0.453549 0.220703
vt 0.438014 0.226049
vt 0.453549 0.215357
vt 0.453549 0.226049
vt 0.456573 0.220703
vt 0.456573 0.215357
vt 0.456573 0.226049
vt 0.456573 0.226049
vt 0.456573 0.220703
vt 0.456573 0.215357
vt 0.456573 0.220703
vt 0.456573 0.220703
vt 0.456573 0.215357
vt 0.456573 0.226049
vt 0.450919 0.220703
vt 0.453549 0.220703
vt 0.448705 0.215357
vt 0.453549 0.215357
vt 0.453549 0.226049
vt 0.448705 0.226049
vt 0.453549 0.226049
vt 0.443359 0.213143
vt 0.453549 0.220703
vt 0.438014 0.215357
vt 0.453549 0.215357
vt 0.435799 0.220703
vt 0.453549 0.220703
vt 0.443359 0.228263
vt 0.453549 0.220703
vt 0.438014 0.226049
vt 0.453549 0.215357
vt 0.453549 0.226049
vt 0.456573 0.220703
vt 0.456573 0.215357
vt 0.456573 0.226049
vt 0.456573 0.226049
vt 0.456573 0.220703
vt 0.456573 0.215357
vt 0.456573 0.220703
vt 0.456573 0.220703
vt 0.456573 0.215357
vt 0.456573 0.226049
vt 0.450919 0.220703
vt 0.453549 0.220703
vt 0.448705 0.215357
vt 0.453549 0.215357
vt 0.453549 0.226049
vt 0.448705 0.226049
vt 0.453549 0.226049
vt 0.443359 0.213143
vt 0.453549 0.220703
vt 0.438014 0.215357
vt 0.453549 0.215357
vt 0.435799 0.220703
vt 0.453549 0.220703
vt 0.443359 0.228263
vt 0.453549 0.220703
vt 0.438014 0.226049
vt 0.453549 0.215357
vt 0.453549 0.226049
vt 0.456573 0.220703
vt 0.456573 0.215357
vt 0.456573 0.226049
vt 0.456573 0.226049
vt 0.456573 0.220703
vt 0.456573 0.215357
vt 0.456573 0.220703
vt 0.456573 0.220703
vt 0.456573 0.215357
vt 0.456573 0.226049
vt 0.450919 0.220703
vt 0.453549 0.220703
vt 0.448705 0.215357
vt 0.453549 0.215357
vt 0.453549 0.226049
vt 0.448705 0.226049
vt 0.453549 0.226049
vt 0.443359 0.213143
vt 0.453549 0.220703
vt 0.438014 0.215357
vt 0.453549 0.215357
vt 0.435799 0.220703
vt 0.453549 0.220703
vt 0.443359 0.228263
vt 0.453549 0.220703
vt 0.438014 0.226049
vt 0.453549 0.215357
vt 0.453549 0.226049
vt 0.456573 0.220703
vt 0.456573 0.215357
vt 0.456573 0.226049
vt 0.456573 0.226049
vt 0.456573 0.220703
vt 0.456573 0.215357
vt 0.456573 0.220703
vt 0.456573 0.220703
vt 0.456573 0.215357
vt 0.456573 0.226049
vt 0.490234 0.780859
vt 0.501953 0.621094
vt 0.421875 0.780859
vt 0.490234 0.701172
vt 0.490234 1.000000
vt 0.421875 1.000000
vt 0.490234 0.780859
vt 0.501953 0.621094
vt 0.470703 0.780859
vt 0.710938 0.780859
vt 0.701172 0.621094
vt 0.490234 0.701172
vt 0.490234 1.000000
vt 0.710938 0.701172
vt 0.470703 1.000000
vt 0.710938 1.000000
vt 0.509797 0.832158
vt 0.652344 0.621094
vt 0.519531 0.621094
vt 0.519531 0.621094
vt 0.509797 0.941729
vt 0.552734 0.621094
vt 0.685547 0.621094
vt 0.693382 0.941728
vt 0.552734 0.621094
vt 0.490234 0.691406
vt 0.431641 0.701172
vt 0.490234 0.541016
vt 0.490234 0.632812
vt 0.490234 0.701172
vt 0.490235 0.632812
vt 0.710937 0.632812
vt 0.539062 0.701171
vt 0.501953 0.632812
vt 0.431641 0.780859
vt 0.490234 0.620703
vt 0.509797 0.832158
vt 0.652344 0.632812
vt 0.519531 0.632812
vt 0.693381 0.832158
vt 0.652344 0.632812
vt 0.685547 0.632812
vt 0.693382 0.832158
vt 0.652344 0.621094
vt 0.685547 0.621094
vt 0.450919 0.220703
vt 0.453549 0.220703
vt 0.448705 0.215357
vt 0.453549 0.215357
vt 0.453549 0.226049
vt 0.448705 0.226049
vt 0.453549 0.226049
vt 0.443359 0.213143
vt 0.453549 0.220703
vt 0.438014 0.215357
vt 0.453549 0.215357
vt 0.435799 0.220703
vt 0.453549 0.220703
vt 0.443359 0.228263
vt 0.453549 0.220703
vt 0.438014 0.226049
vt 0.453549 0.215357
vt 0.453549 0.226049
vt 0.456573 0.220703
vt 0.456573 0.215357
vt 0.456573 0.226049
vt 0.456573 0.226049
vt 0.456573 0.220703
vt 0.456573 0.215357
vt 0.456573 0.220703
vt 0.456573 0.220703
vt 0.456573 0.215357
vt 0.456573 0.226049
vt 0.450919 0.220703
vt 0.453549 0.220703
vt 0.448705 0.215357
vt 0.453549 0.215357
vt 0.453549 0.226049
vt 0.448705 0.226049
vt 0.453549 0.226049
vt 0.443359 0.213143
vt 0.453549 0.220703
vt 0.438014 0.215357
vt 0.453549 0.215357
vt 0.435799 0.220703
vt 0.453549 0.220703
vt 0.443359 0.228263
vt 0.453549 0.220703
vt 0.438014 0.226049
vt 0.453549 0.215357
vt 0.453549 0.226049
vt 0.456573 0.220703
vt 0.456573 0.215357
vt 0.456573 0.226049
vt 0.456573 0.226049
vt 0.456573 0.220703
vt 0.456573 0.215357
vt 0.456573 0.220703
vt 0.456573 0.220703
vt 0.456573 0.215357
vt 0.456573 0.226049
vt 0.645710 0.848773
vt 0.645710 0.893239
vt 0.668823 0.893239
vt 0.668823 0.848773
vt 0.171006 0.206992
vt 0.147197 0.193087
vt 0.171006 0.179564
vt 0.195197 0.193087
vt 0.171006 0.206992
vt 0.195197 0.193087
vt 0.149940 0.189849
vt 0.149940 0.182306
vt 0.167768 0.182306
vt 0.149940 0.204249
vt 0.167768 0.204249
vt 0.149940 0.189849
vt 0.171006 0.179564
vt 0.147197 0.193087
vt 0.192454 0.189849
vt 0.192454 0.182306
vt 0.167768 0.182306
vt 0.192454 0.204249
vt 0.192454 0.189849
vt 0.167768 0.204249
vt 0.167768 0.179564
vt 0.147197 0.189849
vt 0.147197 0.179564
vt 0.167768 0.206992
vt 0.147197 0.189849
vt 0.147197 0.206992
vt 0.167768 0.206992
vt 0.195197 0.189849
vt 0.195197 0.206992
vt 0.167768 0.179564
vt 0.195197 0.189849
vt 0.195197 0.179564
vt 0.149940 0.196706
vt 0.174625 0.182306
vt 0.150391 0.179688
vt 0.174625 0.204249
vt 0.149940 0.196706
vt 0.150391 0.203125
vt 0.192454 0.196706
vt 0.174625 0.204249
vt 0.193359 0.203125
vt 0.192454 0.196706
vt 0.174625 0.182306
vt 0.193359 0.179688
vt 0.519531 0.632812
vt 0.509797 0.941728
vt 0.552734 0.632812
vt 0.685547 0.632812
vt 0.693382 0.941728
vt 0.552734 0.632812
vt 0.710938 0.632813
vt 0.490234 1.000000
vt 0.450919 0.220703
vt 0.453549 0.220703
vt 0.448705 0.215357
vt 0.453549 0.215357
vt 0.453549 0.226049
vt 0.448705 0.226049
vt 0.453549 0.226049
vt 0.443359 0.213143
vt 0.453549 0.220703
vt 0.438014 0.215357
vt 0.453549 0.215357
vt 0.435799 0.220703
vt 0.453549 0.220703
vt 0.443359 0.228263
vt 0.453549 0.220703
vt 0.438014 0.226049
vt 0.453549 0.215357
vt 0.453549 0.226049
vt 0.456573 0.220703
vt 0.456573 0.215357
vt 0.456573 0.226049
vt 0.456573 0.226049
vt 0.456573 0.220703
vt 0.456573 0.215357
vt 0.456573 0.220703
vt 0.456573 0.220703
vt 0.456573 0.215357
vt 0.456573 0.226049
vt 0.450919 0.220703
vt 0.453549 0.220703
vt 0.448705 0.215357
vt 0.453549 0.215357
vt 0.453549 0.226049
vt 0.448705 0.226049
vt 0.453549 0.226049
vt 0.443359 0.213143
vt 0.453549 0.220703
vt 0.438014 0.215357
vt 0.453549 0.215357
vt 0.435799 0.220703
vt 0.453549 0.220703
vt 0.443359 0.228263
vt 0.453549 0.220703
vt 0.438014 0.226049
vt 0.453549 0.215357
vt 0.453549 0.226049
vt 0.456573 0.220703
vt 0.456573 0.215357
vt 0.456573 0.226049
vt 0.456573 0.226049
vt 0.456573 0.220703
vt 0.456573 0.215357
vt 0.456573 0.220703
vt 0.456573 0.220703
vt 0.456573 0.215357
vt 0.456573 0.226049
vt 0.710938 0.780859
vt 0.701172 0.621094
vt 0.490234 0.780859
vt 0.501953 0.621094
vt 0.710938 0.701172
vt 0.710938 1.000000
vt 0.490234 0.701172
vt 0.490234 1.000000
vt 0.710938 0.780859
vt 0.701172 0.621094
vt 0.421875 0.780859
vt 0.710938 0.701172
vt 0.710938 1.000000
vt 0.421875 1.000000
vt 0.509797 0.832158
vt 0.652344 0.621094
vt 0.519531 0.621094
vt 0.519531 0.621094
vt 0.509797 0.941729
vt 0.552734 0.621094
vt 0.685547 0.621094
vt 0.693382 0.941728
vt 0.552734 0.621094
vt 0.705019 0.546893
vt 0.490234 0.701172
vt 0.710938 0.632812
vt 0.490235 0.632812
vt 0.710937 0.632812
vt 0.490234 0.701171
vt 0.705019 0.614826
vt 0.490234 0.701172
vt 0.490234 0.767578
vt 0.509797 0.832158
vt 0.652344 0.632812
vt 0.519531 0.632812
vt 0.693381 0.832158
vt 0.652344 0.632812
vt 0.685547 0.632812
vt 0.693382 0.832158
vt 0.652344 0.621094
vt 0.685547 0.621094
vt 0.450919 0.220703
vt 0.453549 0.220703
vt 0.448705 0.215357
vt 0.453549 0.215357
vt 0.453549 0.226049
vt 0.448705 0.226049
vt 0.453549 0.226049
vt 0.443359 0.213143
vt 0.453549 0.220703
vt 0.438014 0.215357
vt 0.453549 0.215357
vt 0.435799 0.220703
vt 0.453549 0.220703
vt 0.443359 0.228263
vt 0.453549 0.220703
vt 0.438014 0.226049
vt 0.453549 0.215357
vt 0.453549 0.226049
vt 0.456573 0.220703
vt 0.456573 0.215357
vt 0.456573 0.226049
vt 0.456573 0.226049
vt 0.456573 0.220703
vt 0.456573 0.215357
vt 0.456573 0.220703
vt 0.456573 0.220703
vt 0.456573 0.215357
vt 0.456573 0.226049
vt 0.450919 0.220703
vt 0.453549 0.220703
vt 0.448705 0.215357
vt 0.453549 0.215357
vt 0.453549 0.226049
vt 0.448705 0.226049
vt 0.453549 0.226049
vt 0.443359 0.213143
vt 0.453549 0.220703
vt 0.438014 0.215357
vt 0.453549 0.215357
vt 0.435799 0.220703
vt 0.453549 0.220703
vt 0.443359 0.228263
vt 0.453549 0.220703
vt 0.438014 0.226049
vt 0.453549 0.215357
vt 0.453549 0.226049
vt 0.456573 0.220703
vt 0.456573 0.215357
vt 0.456573 0.226049
vt 0.456573 0.226049
vt 0.456573 0.220703
vt 0.456573 0.215357
vt 0.456573 0.220703
vt 0.456573 0.220703
vt 0.456573 0.215357
vt 0.456573 0.226049
vt 0.645710 0.848773
vt 0.645710 0.893239
vt 0.668823 0.893239
vt 0.668823 0.848773
vt 0.301965 0.885327
vt 0.301965 0.891994
vt 0.301965 0.898661
vt 0.301965 0.905327
vt 0.301965 0.911994
vt 0.301965 0.918661
vt 0.301965 0.925327
vt 0.301965 0.931994
vt 0.301965 0.938661
vt 0.301965 0.945327
vt 0.301965 0.865327
vt 0.301965 0.871994
vt 0.301965 0.878661
vt 0.297845 0.885327
vt 0.287464 0.901994
vt 0.290798 0.896220
vt 0.297845 0.891994
vt 0.296571 0.892887
vt 0.297845 0.898661
vt 0.303238 0.892887
vt 0.297845 0.905327
vt 0.309012 0.896220
vt 0.297845 0.911994
vt 0.297845 0.918661
vt 0.312345 0.901994
vt 0.297845 0.925327
vt 0.312345 0.908661
vt 0.309012 0.914434
vt 0.297845 0.931994
vt 0.303238 0.917767
vt 0.297845 0.938661
vt 0.297845 0.945327
vt 0.297845 0.865327
vt 0.296571 0.917767
vt 0.297845 0.871994
vt 0.290798 0.914434
vt 0.297845 0.878661
vt 0.287464 0.908661
vt 0.297519 0.919922
vt 0.297519 0.905327
vt 0.297519 0.890733
vt 0.297519 0.876138
vt 0.297519 0.934516
vt 0.303984 0.896537
vt 0.302291 0.919922
vt 0.308695 0.909407
vt 0.302291 0.905327
vt 0.295825 0.914118
vt 0.302291 0.890733
vt 0.302291 0.876138
vt 0.291114 0.901248
vt 0.302291 0.934516
vt 0.297519 0.912624
vt 0.297519 0.898030
vt 0.297519 0.883435
vt 0.297519 0.927219
vt 0.308695 0.902110
vt 0.302291 0.912624
vt 0.303122 0.914118
vt 0.302291 0.898030
vt 0.291114 0.908545
vt 0.302291 0.883435
vt 0.296687 0.896537
vt 0.302291 0.927219
vt 0.297845 0.925327
vt 0.297845 0.918661
vt 0.297845 0.911994
vt 0.297845 0.905327
vt 0.297845 0.898661
vt 0.297845 0.891994
vt 0.297845 0.885327
vt 0.297845 0.878661
vt 0.297845 0.871994
vt 0.297845 0.865327
vt 0.297845 0.945327
vt 0.297845 0.938661
vt 0.297845 0.931994
vt 0.301965 0.925327
vt 0.290798 0.914434
vt 0.287464 0.908661
vt 0.301965 0.918661
vt 0.287464 0.901994
vt 0.301965 0.911994
vt 0.290798 0.896220
vt 0.301965 0.905327
vt 0.296571 0.892887
vt 0.301965 0.898661
vt 0.301965 0.891994
vt 0.303238 0.892887
vt 0.301965 0.885327
vt 0.309012 0.896220
vt 0.312345 0.901994
vt 0.301965 0.878661
vt 0.312345 0.908660
vt 0.301965 0.871994
vt 0.301965 0.865327
vt 0.301965 0.945327
vt 0.309012 0.914434
vt 0.301965 0.938661
vt 0.303238 0.917767
vt 0.301965 0.931994
vt 0.296571 0.917767
vt 0.297519 0.919922
vt 0.297519 0.905327
vt 0.297519 0.890733
vt 0.297519 0.876138
vt 0.297519 0.934516
vt 0.295825 0.896537
vt 0.302291 0.919922
vt 0.308695 0.901248
vt 0.302291 0.905327
vt 0.303984 0.914118
vt 0.302291 0.890733
vt 0.302291 0.876138
vt 0.291114 0.909407
vt 0.302291 0.934516
vt 0.297519 0.912624
vt 0.297519 0.898030
vt 0.297519 0.883435
vt 0.297519 0.927219
vt 0.303122 0.896537
vt 0.302291 0.912624
vt 0.308695 0.908545
vt 0.302291 0.898030
vt 0.296687 0.914118
vt 0.302291 0.883435
vt 0.291114 0.902110
vt 0.302291 0.927219
vt 0.301965 0.885327
vt 0.301965 0.891994
vt 0.301965 0.898661
vt 0.301965 0.905327
vt 0.301965 0.911994
vt 0.301965 0.918661
vt 0.301965 0.925327
vt 0.301965 0.931994
vt 0.301965 0.938661
vt 0.301965 0.945327
vt 0.301965 0.865327
vt 0.301965 0.871994
vt 0.301965 0.878661
vt 0.297845 0.885327
vt 0.287464 0.901994
vt 0.290798 0.896220
vt 0.297845 0.891994
vt 0.296571 0.892887
vt 0.297845 0.898661
vt 0.303238 0.892887
vt 0.297845 0.905327
vt 0.309012 0.896220
vt 0.297845 0.911994
vt 0.297845 0.918661
vt 0.312345 0.901994
vt 0.297845 0.925327
vt 0.312345 0.908661
vt 0.309012 0.914434
vt 0.297845 0.931994
vt 0.303238 0.917767
vt 0.297845 0.938661
vt 0.297845 0.945327
vt 0.297845 0.865327
vt 0.296571 0.917767
vt 0.297845 0.871994
vt 0.290798 0.914434
vt 0.297845 0.878661
vt 0.287464 0.908661
vt 0.297519 0.919922
vt 0.297519 0.905327
vt 0.297519 0.890733
vt 0.297519 0.876138
vt 0.297519 0.934516
vt 0.303984 0.896537
vt 0.302291 0.919922
vt 0.308695 0.909407
vt 0.302291 0.905327
vt 0.295825 0.914118
vt 0.302291 0.890733
vt 0.302291 0.876138
vt 0.291114 0.901248
vt 0.302291 0.934516
vt 0.297519 0.912624
vt 0.297519 0.898030
vt 0.297519 0.883435
vt 0.297519 0.927219
vt 0.308695 0.902110
vt 0.302291 0.912624
vt 0.303122 0.914118
vt 0.302291 0.898030
vt 0.291114 0.908545
vt 0.302291 0.883435
vt 0.296687 0.896537
vt 0.302291 0.927219
vt 0.297845 0.925327
vt 0.297845 0.918661
vt 0.297845 0.911994
vt 0.297845 0.905327
vt 0.297845 0.898661
vt 0.297845 0.891994
vt 0.297845 0.885327
vt 0.297845 0.878661
vt 0.297845 0.871994
vt 0.297845 0.865327
vt 0.297845 0.945327
vt 0.297845 0.938661
vt 0.297845 0.931994
vt 0.301965 0.925327
vt 0.290798 0.914434
vt 0.287464 0.908661
vt 0.301965 0.918661
vt 0.287464 0.901994
vt 0.301965 0.911994
vt 0.290798 0.896220
vt 0.301965 0.905327
vt 0.296571 0.892887
vt 0.301965 0.898661
vt 0.301965 0.891994
vt 0.303238 0.892887
vt 0.301965 0.885327
vt 0.309012 0.896220
vt 0.312345 0.901994
vt 0.301965 0.878661
vt 0.312345 0.908660
vt 0.301965 0.871994
vt 0.301965 0.865327
vt 0.301965 0.945327
vt 0.309012 0.914434
vt 0.301965 0.938661
vt 0.303238 0.917767
vt 0.301965 0.931994
vt 0.296571 0.917767
vt 0.297519 0.919922
vt 0.297519 0.905327
vt 0.297519 0.890733
vt 0.297519 0.876138
vt 0.297519 0.934516
vt 0.295825 0.896537
vt 0.302291 0.919922
vt 0.308695 0.901248
vt 0.302291 0.905327
vt 0.303984 0.914118
vt 0.302291 0.890733
vt 0.302291 0.876138
vt 0.291114 0.909407
vt 0.302291 0.934516
vt 0.297519 0.912624
vt 0.297519 0.898030
vt 0.297519 0.883435
vt 0.297519 0.927219
vt 0.303122 0.896537
vt 0.302291 0.912624
vt 0.308695 0.908545
vt 0.302291 0.898030
vt 0.296687 0.914118
vt 0.302291 0.883435
vt 0.291114 0.902110
vt 0.302291 0.927219
vt 0.301965 0.885327
vt 0.301965 0.891994
vt 0.301965 0.898661
vt 0.301965 0.905327
vt 0.301965 0.911994
vt 0.301965 0.918661
vt 0.301965 0.925327
vt 0.301965 0.931994
vt 0.301965 0.938661
vt 0.301965 0.945327
vt 0.301965 0.865327
vt 0.301965 0.871994
vt 0.301965 0.878661
vt 0.297845 0.885327
vt 0.287464 0.901994
vt 0.290798 0.896220
vt 0.297845 0.891994
vt 0.296571 0.892887
vt 0.297845 0.898661
vt 0.303238 0.892887
vt 0.297845 0.905327
vt 0.309012 0.896220
vt 0.297845 0.911994
vt 0.297845 0.918661
vt 0.312345 0.901994
vt 0.297845 0.925327
vt 0.312345 0.908661
vt 0.309012 0.914434
vt 0.297845 0.931994
vt 0.303238 0.917767
vt 0.297845 0.938661
vt 0.297845 0.945327
vt 0.297845 0.865327
vt 0.296571 0.917767
vt 0.297845 0.871994
vt 0.290798 0.914434
vt 0.297845 0.878661
vt 0.287464 0.908661
vt 0.297519 0.919922
vt 0.297519 0.905327
vt 0.297519 0.890733
vt 0.297519 0.876138
vt 0.297519 0.934516
vt 0.303984 0.896537
vt 0.302291 0.919922
vt 0.308695 0.909407
vt 0.302291 0.905327
vt 0.295825 0.914118
vt 0.302291 0.890733
vt 0.302291 0.876138
vt 0.291114 0.901248
vt 0.302291 0.934516
vt 0.297519 0.912624
vt 0.297519 0.898030
vt 0.297519 0.883435
vt 0.297519 0.927219
vt 0.308695 0.902110
vt 0.302291 0.912624
vt 0.303122 0.914118
vt 0.302291 0.898030
vt 0.291114 0.908545
vt 0.302291 0.883435
vt 0.296687 0.896537
vt 0.302291 0.927219
vt 0.297845 0.925327
vt 0.297845 0.918661
vt 0.297845 0.911994
vt 0.297845 0.905327
vt 0.297845 0.898661
vt 0.297845 0.891994
vt 0.297845 0.885327
vt 0.297845 0.878661
vt 0.297845 0.871994
vt 0.297845 0.865327
vt 0.297845 0.945327
vt 0.297845 0.938661
vt 0.297845 0.931994
vt 0.301965 0.925327
vt 0.290798 0.914434
vt 0.287464 0.908661
vt 0.301965 0.918661
vt 0.287464 0.901994
vt 0.301965 0.911994
vt 0.290798 0.896220
vt 0.301965 0.905327
vt 0.296571 0.892887
vt 0.301965 0.898661
vt 0.301965 0.891994
vt 0.303238 0.892887
vt 0.301965 0.885327
vt 0.309012 0.896220
vt 0.312345 0.901994
vt 0.301965 0.878661
vt 0.312345 0.908660
vt 0.301965 0.871994
vt 0.301965 0.865327
vt 0.301965 0.945327
vt 0.309012 0.914434
vt 0.301965 0.938661
vt 0.303238 0.917767
vt 0.301965 0.931994
vt 0.296571 0.917767
vt 0.297519 0.919922
vt 0.297519 0.905327
vt 0.297519 0.890733
vt 0.297519 0.876138
vt 0.297519 0.934516
vt 0.295825 0.896537
vt 0.302291 0.919922
vt 0.308695 0.901248
vt 0.302291 0.905327
vt 0.303984 0.914118
vt 0.302291 0.890733
vt 0.302291 0.876138
vt 0.291114 0.909407
vt 0.302291 0.934516
vt 0.297519 0.912624
vt 0.297519 0.898030
vt 0.297519 0.883435
vt 0.297519 0.927219
vt 0.303122 0.896537
vt 0.302291 0.912624
vt 0.308695 0.908545
vt 0.302291 0.898030
vt 0.296687 0.914118
vt 0.302291 0.883435
vt 0.291114 0.902110
vt 0.302291 0.927219
vt 0.627477 0.741406
vt 0.638672 0.765625
vt 0.638672 0.750000
vt 0.631344 0.726974
vt 0.638672 0.750000
vt 0.638672 0.765625
vt 0.641909 0.716409
vt 0.638672 0.765625
vt 0.638672 0.750000
vt 0.641909 0.766403
vt 0.638672 0.765625
vt 0.638672 0.750000
vt 0.631344 0.755838
vt 0.638672 0.750000
vt 0.638672 0.765625
vt 0.640299 0.765625
vt 0.640299 0.750000
vt 0.640299 0.765625
vt 0.640299 0.750000
vt 0.640299 0.765625
vt 0.640299 0.750000
vt 0.640299 0.750000
vt 0.640299 0.765625
vt 0.640299 0.750000
vt 0.640299 0.765625
vt 0.656342 0.712542
vt 0.638672 0.750000
vt 0.638672 0.765625
vt 0.685206 0.741406
vt 0.638672 0.750000
vt 0.638672 0.765625
vt 0.638672 0.765625
vt 0.670774 0.716409
vt 0.638672 0.750000
vt 0.638672 0.750000
vt 0.681339 0.726974
vt 0.638672 0.765625
vt 0.656342 0.770270
vt 0.638672 0.765625
vt 0.638672 0.750000
vt 0.681339 0.755838
vt 0.638672 0.750000
vt 0.638672 0.765625
vt 0.670774 0.766403
vt 0.638672 0.765625
vt 0.638672 0.750000
vt 0.640299 0.750000
vt 0.640299 0.765625
vt 0.640299 0.750000
vt 0.640299 0.765625
vt 0.640299 0.750000
vt 0.640299 0.765625
vt 0.640299 0.765625
vt 0.640299 0.750000
vt 0.640299 0.750000
vt 0.640299 0.765625
vt 0.640299 0.765625
vt 0.640299 0.750000
vt 0.640299 0.765625
vt 0.640299 0.750000
vt 0.656250 0.765625
vt 0.656250 0.750000
vt 0.684225 0.757505
vt 0.656250 0.750000
vt 0.656250 0.765625
vt 0.688539 0.741406
vt 0.656250 0.765625
vt 0.656250 0.750000
vt 0.624144 0.741406
vt 0.656250 0.750000
vt 0.656250 0.765625
vt 0.628458 0.757505
vt 0.656250 0.750000
vt 0.656250 0.765625
vt 0.656342 0.709209
vt 0.656250 0.765625
vt 0.656250 0.750000
vt 0.640243 0.713522
vt 0.656250 0.750000
vt 0.656250 0.765625
vt 0.640243 0.769290
vt 0.656250 0.765625
vt 0.656250 0.750000
vt 0.656341 0.773604
vt 0.656250 0.765625
vt 0.656250 0.750000
vt 0.628458 0.725308
vt 0.656250 0.750000
vt 0.656250 0.765625
vt 0.672440 0.713522
vt 0.656250 0.750000
vt 0.656250 0.765625
vt 0.684225 0.725308
vt 0.656250 0.765625
vt 0.656250 0.750000
vt 0.672440 0.769290
vt 0.646484 0.750000
vt 0.646484 0.765625
vt 0.174225 0.765317
vt 0.646484 0.750000
vt 0.646484 0.765625
vt 0.186734 0.718634
vt 0.646484 0.765625
vt 0.646484 0.750000
vt 0.000000 0.718634
vt 0.646484 0.750000
vt 0.646484 0.765625
vt 0.012509 0.765317
vt 0.646484 0.750000
vt 0.646484 0.765625
vt 0.093367 0.625267
vt 0.646484 0.765625
vt 0.646484 0.750000
vt 0.046683 0.637776
vt 0.646484 0.765625
vt 0.646484 0.750000
vt 0.046683 0.799492
vt 0.646484 0.750000
vt 0.646484 0.765625
vt 0.012509 0.671950
vt 0.646484 0.765625
vt 0.646484 0.750000
vt 0.140051 0.637776
vt 0.646484 0.750000
vt 0.646484 0.765625
vt 0.174225 0.671950
vt 0.646484 0.765625
vt 0.646484 0.750000
vt 0.140051 0.799492
vt 0.646484 0.765625
vt 0.646484 0.750000
vt 0.093367 0.812001
vt 0.627477 0.741406
vt 0.638672 0.765625
vt 0.638672 0.750000
vt 0.631344 0.726974
vt 0.638672 0.750000
vt 0.638672 0.765625
vt 0.641909 0.716409
vt 0.638672 0.765625
vt 0.638672 0.750000
vt 0.641909 0.766403
vt 0.638672 0.765625
vt 0.638672 0.750000
vt 0.631344 0.755838
vt 0.638672 0.750000
vt 0.638672 0.765625
vt 0.640299 0.765625
vt 0.640299 0.750000
vt 0.640299 0.765625
vt 0.640299 0.750000
vt 0.640299 0.765625
vt 0.640299 0.750000
vt 0.640299 0.750000
vt 0.640299 0.765625
vt 0.640299 0.750000
vt 0.640299 0.765625
vt 0.656342 0.712542
vt 0.638672 0.750000
vt 0.638672 0.765625
vt 0.685206 0.741406
vt 0.638672 0.750000
vt 0.638672 0.765625
vt 0.638672 0.765625
vt 0.670774 0.716409
vt 0.638672 0.750000
vt 0.638672 0.750000
vt 0.681339 0.726974
vt 0.638672 0.765625
vt 0.656342 0.770270
vt 0.638672 0.765625
vt 0.638672 0.750000
vt 0.681339 0.755838
vt 0.638672 0.750000
vt 0.638672 0.765625
vt 0.670774 0.766403
vt 0.638672 0.765625
vt 0.638672 0.750000
vt 0.640299 0.750000
vt 0.640299 0.765625
vt 0.640299 0.750000
vt 0.640299 0.765625
vt 0.640299 0.750000
vt 0.640299 0.765625
vt 0.640299 0.765625
vt 0.640299 0.750000
vt 0.640299 0.750000
vt 0.640299 0.765625
vt 0.640299 0.765625
vt 0.640299 0.750000
vt 0.640299 0.765625
vt 0.640299 0.750000
vt 0.656250 0.765625
vt 0.656250 0.750000
vt 0.684225 0.757505
vt 0.656250 0.750000
vt 0.656250 0.765625
vt 0.688539 0.741406
vt 0.656250 0.765625
vt 0.656250 0.750000
vt 0.624144 0.741406
vt 0.656250 0.750000
vt 0.656250 0.765625
vt 0.628458 0.757505
vt 0.656250 0.750000
vt 0.656250 0.765625
vt 0.656342 0.709209
vt 0.656250 0.765625
vt 0.656250 0.750000
vt 0.640243 0.713522
vt 0.656250 0.750000
vt 0.656250 0.765625
vt 0.640243 0.769290
vt 0.656250 0.765625
vt 0.656250 0.750000
vt 0.656341 0.773604
vt 0.656250 0.765625
vt 0.656250 0.750000
vt 0.628458 0.725308
vt 0.656250 0.750000
vt 0.656250 0.765625
vt 0.672440 0.713522
vt 0.656250 0.750000
vt 0.656250 0.765625
vt 0.684225 0.725308
vt 0.656250 0.765625
vt 0.656250 0.750000
vt 0.672440 0.769290
vt 0.646484 0.750000
vt 0.646484 0.765625
vt 0.174225 0.765317
vt 0.646484 0.750000
vt 0.646484 0.765625
vt 0.186734 0.718634
vt 0.646484 0.765625
vt 0.646484 0.750000
vt 0.000000 0.718634
vt 0.646484 0.750000
vt 0.646484 0.765625
vt 0.012509 0.765317
vt 0.646484 0.750000
vt 0.646484 0.765625
vt 0.093367 0.625267
vt 0.646484 0.765625
vt 0.646484 0.750000
vt 0.046683 0.637776
vt 0.646484 0.765625
vt 0.646484 0.750000
vt 0.046683 0.799492
vt 0.646484 0.750000
vt 0.646484 0.765625
vt 0.012509 0.671950
vt 0.646484 0.765625
vt 0.646484 0.750000
vt 0.140051 0.637776
vt 0.646484 0.750000
vt 0.646484 0.765625
vt 0.174225 0.671950
vt 0.646484 0.765625
vt 0.646484 0.750000
vt 0.140051 0.799492
vt 0.646484 0.765625
vt 0.646484 0.750000
vt 0.093367 0.812001
vt 0.627477 0.741406
vt 0.638672 0.765625
vt 0.638672 0.750000
vt 0.631344 0.726974
vt 0.638672 0.750000
vt 0.638672 0.765625
vt 0.641909 0.716409
vt 0.638672 0.765625
vt 0.638672 0.750000
vt 0.641909 0.766403
vt 0.638672 0.765625
vt 0.638672 0.750000
vt 0.631344 0.755838
vt 0.638672 0.750000
vt 0.638672 0.765625
vt 0.640299 0.765625
vt 0.640299 0.750000
vt 0.640299 0.765625
vt 0.640299 0.750000
vt 0.640299 0.765625
vt 0.640299 0.750000
vt 0.640299 0.750000
vt 0.640299 0.765625
vt 0.640299 0.750000
vt 0.640299 0.765625
vt 0.656342 0.712542
vt 0.638672 0.750000
vt 0.638672 0.765625
vt 0.685206 0.741406
vt 0.638672 0.750000
vt 0.638672 0.765625
vt 0.638672 0.765625
vt 0.670774 0.716409
vt 0.638672 0.750000
vt 0.638672 0.750000
vt 0.681339 0.726974
vt 0.638672 0.765625
vt 0.656342 0.770270
vt 0.638672 0.765625
vt 0.638672 0.750000
vt 0.681339 0.755838
vt 0.638672 0.750000
vt 0.638672 0.765625
vt 0.670774 0.766403
vt 0.638672 0.765625
vt 0.638672 0.750000
vt 0.640299 0.750000
vt 0.640299 0.765625
vt 0.640299 0.750000
vt 0.640299 0.765625
vt 0.640299 0.750000
vt 0.640299 0.765625
vt 0.640299 0.765625
vt 0.640299 0.750000
vt 0.640299 0.750000
vt 0.640299 0.765625
vt 0.640299 0.765625
vt 0.640299 0.750000
vt 0.640299 0.765625
vt 0.640299 0.750000
vt 0.656250 0.765625
vt 0.656250 0.750000
vt 0.684225 0.757505
vt 0.656250 0.750000
vt 0.656250 0.765625
vt 0.688539 0.741406
vt 0.656250 0.765625
vt 0.656250 0.750000
vt 0.624144 0.741406
vt 0.656250 0.750000
vt 0.656250 0.765625
vt 0.628458 0.757505
vt 0.656250 0.750000
vt 0.656250 0.765625
vt 0.656342 0.709209
vt 0.656250 0.765625
vt 0.656250 0.750000
vt 0.640243 0.713522
vt 0.656250 0.750000
vt 0.656250 0.765625
vt 0.640243 0.769290
vt 0.656250 0.765625
vt 0.656250 0.750000
vt 0.656341 0.773604
vt 0.656250 0.765625
vt 0.656250 0.750000
vt 0.628458 0.725308
vt 0.656250 0.750000
vt 0.656250 0.765625
vt 0.672440 0.713522
vt 0.656250 0.750000
vt 0.656250 0.765625
vt 0.684225 0.725308
vt 0.656250 0.765625
vt 0.656250 0.750000
vt 0.672440 0.769290
vt 0.646484 0.750000
vt 0.646484 0.765625
vt 0.174225 0.765317
vt 0.646484 0.750000
vt 0.646484 0.765625
vt 0.186734 0.718634
vt 0.646484 0.765625
vt 0.646484 0.750000
vt 0.000000 0.718634
vt 0.646484 0.750000
vt 0.646484 0.765625
vt 0.012509 0.765317
vt 0.646484 0.750000
vt 0.646484 0.765625
vt 0.093367 0.625267
vt 0.646484 0.765625
vt 0.646484 0.750000
vt 0.046683 0.637776
vt 0.646484 0.765625
vt 0.646484 0.750000
vt 0.046683 0.799492
vt 0.646484 0.750000
vt 0.646484 0.765625
vt 0.012509 0.671950
vt 0.646484 0.765625
vt 0.646484 0.750000
vt 0.140051 0.637776
vt 0.646484 0.750000
vt 0.646484 0.765625
vt 0.174225 0.671950
vt 0.646484 0.765625
vt 0.646484 0.750000
vt 0.140051 0.799492
vt 0.646484 0.765625
vt 0.646484 0.750000
vt 0.093367 0.812001
vt 0.710938 0.541016
vt 0.710938 0.691406
vt 0.490234 0.691406
vt 0.490234 0.541016
vt 0.701172 0.632812
vt 0.710938 0.620703
vt 0.501953 0.632812
vt 0.490234 0.620703
vt 0.710938 0.691406
vt 0.431641 0.701172
vt 0.710938 0.541016
vt 0.701172 0.632812
vt 0.431641 0.780859
vt 0.710938 0.620703
vt 0.452734 0.900391
vt 0.496153 0.546893
vt 0.452734 0.701172
vt 0.496153 0.614826
vt 0.452734 0.767578
vt 0.452734 0.900391
vt 0.705019 0.546893
vt 0.452734 0.701172
vt 0.705019 0.614826
vt 0.452734 0.701172
vt 0.452734 0.767578
vt 0.458984 0.349609
vt 0.361328 0.416178
vt 0.361328 0.349609
vt 0.390625 0.349609
vt 0.361328 0.484538
vt 0.361328 0.349609
vt 0.458984 0.351562
vt 0.361328 0.351562
vt 0.390625 0.351562
vt 0.361328 0.351562
vt 0.813794 0.905018
vt 0.790204 0.905915
vt 0.810932 0.905018
vt 0.813794 0.896255
vt 0.816656 0.931306
vt 0.796400 0.899719
vt 0.816656 0.922543
vt 0.805163 0.899719
vt 0.810932 0.896255
vt 0.813794 0.931306
vt 0.813794 0.922543
vt 0.813794 0.913780
vt 0.790204 0.914678
vt 0.813794 0.922543
vt 0.796400 0.920874
vt 0.810932 0.913780
vt 0.810932 0.922543
vt 0.816656 0.913780
vt 0.811359 0.905915
vt 0.816656 0.896255
vt 0.813794 0.931306
vt 0.805163 0.920874
vt 0.816656 0.905018
vt 0.811359 0.914678
vt 0.813794 0.896255
vt 0.810932 0.931306
vt 0.813794 0.913780
vt 0.813794 0.905018
vt 0.655205 0.257381
vt 0.655205 0.256954
vt 0.645092 0.257516
vt 0.645092 0.246067
vt 0.655205 0.245932
vt 0.656350 0.247212
vt 0.656350 0.247638
vt 0.650435 0.257516
vt 0.650435 0.246067
vt 0.656350 0.258661
vt 0.654061 0.257381
vt 0.654061 0.256954
vt 0.648527 0.247212
vt 0.648527 0.258661
vt 0.654061 0.245932
vt 0.655205 0.247212
vt 0.655205 0.247638
vt 0.653870 0.247212
vt 0.655205 0.258661
vt 0.653870 0.258661
vt 0.655205 0.258234
vt 0.652916 0.272209
vt 0.645665 0.258661
vt 0.652915 0.268011
vt 0.656350 0.246358
vt 0.649863 0.258661
vt 0.654061 0.258234
vt 0.654061 0.272209
vt 0.649099 0.246067
vt 0.654060 0.268011
vt 0.655205 0.246358
vt 0.653297 0.246067
vt 0.657495 0.257381
vt 0.657495 0.256954
vt 0.645092 0.270110
vt 0.645092 0.258661
vt 0.657495 0.245932
vt 0.652916 0.257381
vt 0.652916 0.256954
vt 0.650435 0.270110
vt 0.650435 0.258661
vt 0.652916 0.245932
vt 0.656350 0.257381
vt 0.656350 0.256954
vt 0.648527 0.259806
vt 0.648527 0.271255
vt 0.656350 0.245932
vt 0.654061 0.257381
vt 0.654061 0.256954
vt 0.653870 0.259806
vt 0.654061 0.245932
vt 0.653870 0.271255
vt 0.657495 0.258234
vt 0.652916 0.261905
vt 0.645665 0.271255
vt 0.652915 0.257707
vt 0.652916 0.258234
vt 0.649863 0.271255
vt 0.656350 0.258234
vt 0.654061 0.261905
vt 0.649099 0.258661
vt 0.654060 0.257707
vt 0.654061 0.258234
vt 0.653297 0.258661
vt 0.438707 0.329390
vt 0.493869 0.281354
vt 0.445953 0.322007
vt 0.493936 0.316548
vt 0.446049 0.322048
vt 0.503130 0.281264
vt 0.512442 0.281252
vt 0.456432 0.322048
vt 0.438611 0.329348
vt 0.503218 0.316506
vt 0.438611 0.339731
vt 0.512477 0.316450
vt 0.521576 0.281660
vt 0.438707 0.339773
vt 0.484635 0.281513
vt 0.512428 0.281493
vt 0.446049 0.347114
vt 0.456336 0.322007
vt 0.484615 0.316561
vt 0.521712 0.316370
vt 0.463677 0.329348
vt 0.512490 0.316463
vt 0.521725 0.281444
vt 0.484680 0.281106
vt 0.463773 0.329390
vt 0.503276 0.281371
vt 0.456432 0.347114
vt 0.494053 0.281230
vt 0.463773 0.339773
vt 0.463677 0.339731
vt 0.503251 0.316548
vt 0.445953 0.347073
vt 0.484629 0.316707
vt 0.521725 0.316385
vt 0.456336 0.347073
vt 0.493971 0.316631
vt 0.493980 0.294127
vt 0.493991 0.290998
vt 0.493950 0.287863
vt 0.512358 0.287798
vt 0.512309 0.290946
vt 0.512360 0.294089
vt 0.503153 0.287798
vt 0.503139 0.290960
vt 0.503170 0.294117
vt 0.503167 0.294154
vt 0.503201 0.291005
vt 0.503201 0.287859
vt 0.493997 0.287788
vt 0.494018 0.290958
vt 0.493961 0.294120
vt 0.484646 0.287798
vt 0.521590 0.287995
vt 0.485158 0.290913
vt 0.521042 0.290997
vt 0.484629 0.294027
vt 0.521567 0.294008
vt 0.521486 0.294058
vt 0.484734 0.294052
vt 0.520942 0.291076
vt 0.485273 0.291031
vt 0.521458 0.288116
vt 0.484747 0.288029
vt 0.512327 0.287938
vt 0.512298 0.291041
vt 0.512326 0.294151
vt 0.813794 0.905018
vt 0.790204 0.905915
vt 0.810932 0.905018
vt 0.813794 0.896255
vt 0.816656 0.931306
vt 0.796400 0.899719
vt 0.816656 0.922543
vt 0.805163 0.899719
vt 0.810932 0.896255
vt 0.813794 0.931306
vt 0.813794 0.922543
vt 0.813794 0.913780
vt 0.790204 0.914678
vt 0.813794 0.922543
vt 0.796400 0.920874
vt 0.810932 0.913780
vt 0.810932 0.922543
vt 0.816656 0.913780
vt 0.811359 0.905915
vt 0.816656 0.896255
vt 0.813794 0.931306
vt 0.805163 0.920874
vt 0.816656 0.905018
vt 0.811359 0.914678
vt 0.813794 0.896255
vt 0.810932 0.931306
vt 0.813794 0.913780
vt 0.813794 0.905018
vt 0.655205 0.257381
vt 0.655205 0.256954
vt 0.645092 0.257516
vt 0.645092 0.246067
vt 0.655205 0.245932
vt 0.656350 0.247212
vt 0.656350 0.247638
vt 0.650435 0.257516
vt 0.650435 0.246067
vt 0.656350 0.258661
vt 0.654061 0.257381
vt 0.654061 0.256954
vt 0.648527 0.247212
vt 0.648527 0.258661
vt 0.654061 0.245932
vt 0.655205 0.247212
vt 0.655205 0.247638
vt 0.653870 0.247212
vt 0.655205 0.258661
vt 0.653870 0.258661
vt 0.655205 0.258234
vt 0.652916 0.272209
vt 0.645664 0.258661
vt 0.652916 0.268011
vt 0.656350 0.246358
vt 0.649862 0.258661
vt 0.654061 0.258234
vt 0.654060 0.272209
vt 0.649099 0.246067
vt 0.654061 0.268011
vt 0.655205 0.246358
vt 0.653297 0.246067
vt 0.657495 0.257381
vt 0.657495 0.256954
vt 0.645092 0.270110
vt 0.645092 0.258661
vt 0.657495 0.245932
vt 0.652916 0.257381
vt 0.652916 0.256954
vt 0.650435 0.270110
vt 0.650435 0.258661
vt 0.652916 0.245932
vt 0.656350 0.257381
vt 0.656350 0.256954
vt 0.648527 0.259806
vt 0.648527 0.271255
vt 0.656350 0.245932
vt 0.654061 0.257381
vt 0.654061 0.256954
vt 0.653870 0.259806
vt 0.654061 0.245932
vt 0.653870 0.271255
vt 0.657495 0.258234
vt 0.652916 0.261905
vt 0.645664 0.271255
vt 0.652916 0.257707
vt 0.652916 0.258234
vt 0.649862 0.271255
vt 0.656350 0.258234
vt 0.654060 0.261905
vt 0.649099 0.258661
vt 0.654061 0.257707
vt 0.654061 0.258234
vt 0.653297 0.258661
vt 0.457010 0.321541
vt 0.519401 0.233246
vt 0.466492 0.298916
vt 0.519382 0.278008
vt 0.443600 0.321541
vt 0.507852 0.233146
vt 0.496229 0.233124
vt 0.434118 0.312059
vt 0.457010 0.289433
vt 0.507783 0.277968
vt 0.443600 0.289433
vt 0.496209 0.277916
vt 0.484910 0.233580
vt 0.466492 0.312059
vt 0.530919 0.233427
vt 0.496320 0.233407
vt 0.466492 0.298649
vt 0.466492 0.312325
vt 0.531022 0.278020
vt 0.484659 0.277814
vt 0.457010 0.321807
vt 0.496195 0.277921
vt 0.484645 0.233373
vt 0.530940 0.232934
vt 0.434118 0.298649
vt 0.507730 0.233282
vt 0.457010 0.289167
vt 0.519224 0.233105
vt 0.443600 0.289167
vt 0.443600 0.321807
vt 0.507748 0.278019
vt 0.434118 0.298916
vt 0.531008 0.278209
vt 0.484645 0.277857
vt 0.434118 0.312325
vt 0.519345 0.278116
vt 0.519302 0.246250
vt 0.519288 0.243000
vt 0.519326 0.239745
vt 0.496317 0.239670
vt 0.496369 0.242947
vt 0.496322 0.246218
vt 0.507829 0.239675
vt 0.507844 0.242961
vt 0.507814 0.246243
vt 0.507852 0.246288
vt 0.507809 0.243020
vt 0.507803 0.239756
vt 0.519287 0.239656
vt 0.519274 0.242947
vt 0.519360 0.246235
vt 0.530984 0.239643
vt 0.484786 0.239913
vt 0.530360 0.242894
vt 0.485448 0.243023
vt 0.531008 0.246136
vt 0.484808 0.246147
vt 0.484950 0.246180
vt 0.530849 0.246168
vt 0.485626 0.243089
vt 0.530184 0.243038
vt 0.485008 0.240021
vt 0.530817 0.239929
vt 0.496403 0.239841
vt 0.496425 0.243064
vt 0.496412 0.246291
vt 0.199219 0.310671
vt 0.189878 0.273015
vt 0.198891 0.264003
vt 0.199219 0.341673
vt 0.195312 0.310671
vt 0.186145 0.269282
vt 0.191406 0.310671
vt 0.186145 0.264003
vt 0.195158 0.260269
vt 0.195312 0.341673
vt 0.189878 0.260269
vt 0.191406 0.341673
vt 0.203125 0.310671
vt 0.187500 0.310671
vt 0.195158 0.273015
vt 0.191406 0.310671
vt 0.198891 0.269282
vt 0.198891 0.269282
vt 0.203125 0.341673
vt 0.187500 0.341673
vt 0.195158 0.273015
vt 0.191406 0.341673
vt 0.187500 0.310671
vt 0.203125 0.310671
vt 0.189878 0.260269
vt 0.195312 0.310671
vt 0.198891 0.264003
vt 0.199219 0.310671
vt 0.195158 0.260269
vt 0.189878 0.273015
vt 0.195312 0.341673
vt 0.186145 0.264003
vt 0.187500 0.341673
vt 0.203125 0.341673
vt 0.186145 0.269282
vt 0.199219 0.341673
vt 0.845044 0.951893
vt 0.821454 0.952790
vt 0.842182 0.951893
vt 0.845044 0.943130
vt 0.847906 0.978181
vt 0.827650 0.946594
vt 0.847906 0.969418
vt 0.836413 0.946594
vt 0.842182 0.943130
vt 0.845044 0.978181
vt 0.845044 0.969418
vt 0.845044 0.960655
vt 0.821454 0.961553
vt 0.845044 0.969418
vt 0.827650 0.967749
vt 0.842182 0.960655
vt 0.842182 0.969418
vt 0.847906 0.960655
vt 0.842609 0.952790
vt 0.847906 0.943130
vt 0.845044 0.978181
vt 0.836413 0.967749
vt 0.847906 0.951893
vt 0.842609 0.961553
vt 0.845044 0.943130
vt 0.842182 0.978181
vt 0.845044 0.960655
vt 0.845044 0.951893
vt 0.655206 0.254821
vt 0.655205 0.256612
vt 0.629255 0.251601
vt 0.645092 0.246067
vt 0.655205 0.245932
vt 0.656350 0.242091
vt 0.657113 0.237443
vt 0.629254 0.256943
vt 0.650435 0.246067
vt 0.656350 0.258661
vt 0.653529 0.254821
vt 0.632689 0.253127
vt 0.653528 0.256612
vt 0.630933 0.253127
vt 0.648527 0.258661
vt 0.653529 0.245932
vt 0.654674 0.242091
vt 0.632688 0.247784
vt 0.630902 0.247784
vt 0.654862 0.237443
vt 0.654646 0.258661
vt 0.653870 0.258661
vt 0.655206 0.254821
vt 0.652916 0.274499
vt 0.628108 0.252173
vt 0.652916 0.274499
vt 0.656350 0.242091
vt 0.628108 0.256371
vt 0.653529 0.254821
vt 0.654592 0.274499
vt 0.631544 0.252554
vt 0.654593 0.274499
vt 0.654674 0.242091
vt 0.631544 0.248356
vt 0.658028 0.254821
vt 0.658027 0.256612
vt 0.629255 0.264195
vt 0.645092 0.258661
vt 0.658027 0.245932
vt 0.652383 0.262500
vt 0.652384 0.267149
vt 0.629254 0.269538
vt 0.650435 0.258661
vt 0.652384 0.245932
vt 0.656351 0.254821
vt 0.656350 0.256612
vt 0.632689 0.265721
vt 0.648527 0.271255
vt 0.656350 0.245932
vt 0.654060 0.262500
vt 0.632689 0.260378
vt 0.654060 0.267149
vt 0.654061 0.245932
vt 0.653870 0.271255
vt 0.658028 0.254821
vt 0.652384 0.264195
vt 0.628108 0.264767
vt 0.652384 0.264195
vt 0.652383 0.262500
vt 0.628108 0.268965
vt 0.656351 0.254821
vt 0.654061 0.264195
vt 0.631544 0.265148
vt 0.654061 0.264195
vt 0.654060 0.262500
vt 0.631544 0.260950
vt 0.655205 0.251656
vt 0.645092 0.251791
vt 0.655929 0.247784
vt 0.656404 0.251763
vt 0.650435 0.256943
vt 0.653655 0.247784
vt 0.654753 0.247784
vt 0.654584 0.247784
vt 0.653802 0.251763
vt 0.653529 0.251656
vt 0.648527 0.252936
vt 0.658027 0.251656
vt 0.645092 0.264385
vt 0.652384 0.256808
vt 0.652384 0.252830
vt 0.650435 0.269538
vt 0.654060 0.256808
vt 0.653870 0.260378
vt 0.654061 0.252830
vt 0.656350 0.251656
vt 0.648527 0.265530
vt 0.845044 0.951893
vt 0.821454 0.952790
vt 0.842182 0.951893
vt 0.845044 0.943130
vt 0.847906 0.978181
vt 0.827650 0.946594
vt 0.847906 0.969418
vt 0.836413 0.946594
vt 0.842182 0.943130
vt 0.845044 0.978181
vt 0.845044 0.969418
vt 0.845044 0.960655
vt 0.821454 0.961553
vt 0.845044 0.969418
vt 0.827650 0.967749
vt 0.842182 0.960655
vt 0.842182 0.969418
vt 0.847906 0.960655
vt 0.842609 0.952790
vt 0.847906 0.943130
vt 0.845044 0.978181
vt 0.836413 0.967749
vt 0.847906 0.951893
vt 0.842609 0.961553
vt 0.845044 0.943130
vt 0.842182 0.978181
vt 0.845044 0.960655
vt 0.845044 0.951893
vt 0.655206 0.254821
vt 0.655205 0.256612
vt 0.629255 0.251601
vt 0.645092 0.246067
vt 0.655205 0.245932
vt 0.656350 0.242091
vt 0.657113 0.237443
vt 0.629254 0.256943
vt 0.650435 0.246067
vt 0.656350 0.258661
vt 0.653529 0.254821
vt 0.632689 0.253127
vt 0.653528 0.256612
vt 0.630933 0.253127
vt 0.648527 0.258661
vt 0.653529 0.245932
vt 0.654674 0.242091
vt 0.632688 0.247784
vt 0.630902 0.247784
vt 0.654862 0.237443
vt 0.654646 0.258661
vt 0.653870 0.258661
vt 0.655206 0.254821
vt 0.652916 0.274499
vt 0.628108 0.252173
vt 0.652916 0.274499
vt 0.656350 0.242091
vt 0.628108 0.256371
vt 0.653529 0.254821
vt 0.654592 0.274499
vt 0.631544 0.252554
vt 0.654593 0.274499
vt 0.654674 0.242091
vt 0.631544 0.248356
vt 0.658028 0.254821
vt 0.658027 0.256612
vt 0.629255 0.264195
vt 0.645092 0.258661
vt 0.658027 0.245932
vt 0.652383 0.262500
vt 0.652384 0.267149
vt 0.629254 0.269538
vt 0.650435 0.258661
vt 0.652384 0.245932
vt 0.656351 0.254821
vt 0.656350 0.256612
vt 0.632689 0.265721
vt 0.648527 0.271255
vt 0.656350 0.245932
vt 0.654060 0.262500
vt 0.632689 0.260378
vt 0.654060 0.267149
vt 0.654061 0.245932
vt 0.653870 0.271255
vt 0.658028 0.254821
vt 0.652384 0.264195
vt 0.628108 0.264767
vt 0.652384 0.264195
vt 0.652383 0.262500
vt 0.628108 0.268965
vt 0.656351 0.254821
vt 0.654061 0.264195
vt 0.631544 0.265148
vt 0.654061 0.264195
vt 0.654060 0.262500
vt 0.631544 0.260950
vt 0.655205 0.251656
vt 0.645092 0.251791
vt 0.655929 0.247784
vt 0.656404 0.251763
vt 0.650435 0.256943
vt 0.653655 0.247784
vt 0.654753 0.247784
vt 0.654584 0.247784
vt 0.653802 0.251763
vt 0.653529 0.251656
vt 0.648527 0.252936
vt 0.658027 0.251656
vt 0.645092 0.264385
vt 0.652384 0.256808
vt 0.652384 0.252830
vt 0.650435 0.269538
vt 0.654060 0.256808
vt 0.653870 0.260378
vt 0.654061 0.252830
vt 0.656350 0.251656
vt 0.648527 0.265530
vt 0.199219 0.310671
vt 0.189878 0.273015
vt 0.198891 0.264003
vt 0.199219 0.341673
vt 0.195312 0.310671
vt 0.186145 0.269282
vt 0.191406 0.310671
vt 0.186145 0.264003
vt 0.195158 0.260269
vt 0.195312 0.341673
vt 0.189878 0.260269
vt 0.191406 0.341673
vt 0.203125 0.310671
vt 0.187500 0.310671
vt 0.195158 0.273015
vt 0.191406 0.310671
vt 0.198891 0.269282
vt 0.198891 0.269282
vt 0.203125 0.341673
vt 0.187500 0.341673
vt 0.195158 0.273015
vt 0.191406 0.341673
vt 0.187500 0.310671
vt 0.203125 0.310671
vt 0.189878 0.260269
vt 0.195312 0.310671
vt 0.198891 0.264003
vt 0.199219 0.310671
vt 0.195158 0.260269
vt 0.189878 0.273015
vt 0.195312 0.341673
vt 0.186145 0.264003
vt 0.187500 0.341673
vt 0.203125 0.341673
vt 0.186145 0.269282
vt 0.199219 0.341673
vt 0.845044 0.951893
vt 0.821454 0.952790
vt 0.842182 0.951893
vt 0.845044 0.943130
vt 0.847906 0.978181
vt 0.827650 0.946594
vt 0.847906 0.969418
vt 0.836413 0.946594
vt 0.842182 0.943130
vt 0.845044 0.978181
vt 0.845044 0.969418
vt 0.845044 0.960655
vt 0.821454 0.961553
vt 0.845044 0.969418
vt 0.827650 0.967749
vt 0.842182 0.960655
vt 0.842182 0.969418
vt 0.847906 0.960655
vt 0.842609 0.952790
vt 0.847906 0.943130
vt 0.845044 0.978181
vt 0.836413 0.967749
vt 0.847906 0.951893
vt 0.842609 0.961553
vt 0.845044 0.943130
vt 0.842182 0.978181
vt 0.845044 0.960655
vt 0.845044 0.951893
vt 0.655206 0.254821
vt 0.655205 0.256612
vt 0.629255 0.251601
vt 0.645092 0.246067
vt 0.655205 0.245932
vt 0.656350 0.242091
vt 0.657113 0.237443
vt 0.629254 0.256943
vt 0.650435 0.246067
vt 0.656350 0.258661
vt 0.653529 0.254821
vt 0.632689 0.253127
vt 0.653528 0.256612
vt 0.630933 0.253127
vt 0.648527 0.258661
vt 0.653529 0.245932
vt 0.654674 0.242091
vt 0.632688 0.247784
vt 0.630902 0.247784
vt 0.654862 0.237443
vt 0.654646 0.258661
vt 0.653870 0.258661
vt 0.655206 0.254821
vt 0.652916 0.274499
vt 0.628108 0.252173
vt 0.652916 0.274499
vt 0.656350 0.242091
vt 0.628108 0.256371
vt 0.653529 0.254821
vt 0.654592 0.274499
vt 0.631544 0.252554
vt 0.654593 0.274499
vt 0.654674 0.242091
vt 0.631544 0.248356
vt 0.658028 0.254821
vt 0.658027 0.256612
vt 0.629255 0.264195
vt 0.645092 0.258661
vt 0.658027 0.245932
vt 0.652383 0.262500
vt 0.652384 0.267149
vt 0.629254 0.269538
vt 0.650435 0.258661
vt 0.652384 0.245932
vt 0.656351 0.254821
vt 0.656350 0.256612
vt 0.632689 0.265721
vt 0.648527 0.271255
vt 0.656350 0.245932
vt 0.654060 0.262500
vt 0.632689 0.260378
vt 0.654060 0.267149
vt 0.654061 0.245932
vt 0.653870 0.271255
vt 0.658028 0.254821
vt 0.652384 0.264195
vt 0.628108 0.264767
vt 0.652384 0.264195
vt 0.652383 0.262500
vt 0.628108 0.268965
vt 0.656351 0.254821
vt 0.654061 0.264195
vt 0.631544 0.265148
vt 0.654061 0.264195
vt 0.654060 0.262500
vt 0.631544 0.260950
vt 0.655205 0.251656
vt 0.645092 0.251791
vt 0.655929 0.247784
vt 0.656404 0.251763
vt 0.650435 0.256943
vt 0.653655 0.247784
vt 0.654753 0.247784
vt 0.654584 0.247784
vt 0.653802 0.251763
vt 0.653529 0.251656
vt 0.648527 0.252936
vt 0.658027 0.251656
vt 0.645092 0.264385
vt 0.652384 0.256808
vt 0.652384 0.252830
vt 0.650435 0.269538
vt 0.654060 0.256808
vt 0.653870 0.260378
vt 0.654061 0.252830
vt 0.656350 0.251656
vt 0.648527 0.265530
vt 0.845044 0.951893
vt 0.821454 0.952790
vt 0.842182 0.951893
vt 0.845044 0.943130
vt 0.847906 0.978181
vt 0.827650 0.946594
vt 0.847906 0.969418
vt 0.836413 0.946594
vt 0.842182 0.943130
vt 0.845044 0.978181
vt 0.845044 0.969418
vt 0.845044 0.960655
vt 0.821454 0.961553
vt 0.845044 0.969418
vt 0.827650 0.967749
vt 0.842182 0.960655
vt 0.842182 0.969418
vt 0.847906 0.960655
vt 0.842609 0.952790
vt 0.847906 0.943130
vt 0.845044 0.978181
vt 0.836413 0.967749
vt 0.847906 0.951893
vt 0.842609 0.961553
vt 0.845044 0.943130
vt 0.842182 0.978181
vt 0.845044 0.960655
vt 0.845044 0.951893
vt 0.655206 0.254821
vt 0.655205 0.256612
vt 0.629255 0.251601
vt 0.645092 0.246067
vt 0.655205 0.245932
vt 0.656350 0.242091
vt 0.657113 0.237443
vt 0.629254 0.256943
vt 0.650435 0.246067
vt 0.656350 0.258661
vt 0.653529 0.254821
vt 0.632689 0.253127
vt 0.653528 0.256612
vt 0.630933 0.253127
vt 0.648527 0.258661
vt 0.653529 0.245932
vt 0.654674 0.242091
vt 0.632688 0.247784
vt 0.630902 0.247784
vt 0.654862 0.237443
vt 0.654646 0.258661
vt 0.653870 0.258661
vt 0.655206 0.254821
vt 0.652916 0.274499
vt 0.628108 0.252173
vt 0.652916 0.274499
vt 0.656350 0.242091
vt 0.628108 0.256371
vt 0.653529 0.254821
vt 0.654592 0.274499
vt 0.631544 0.252554
vt 0.654593 0.274499
vt 0.654674 0.242091
vt 0.631544 0.248356
vt 0.658028 0.254821
vt 0.658027 0.256612
vt 0.629255 0.264195
vt 0.645092 0.258661
vt 0.658027 0.245932
vt 0.652383 0.262500
vt 0.652384 0.267149
vt 0.629254 0.269538
vt 0.650435 0.258661
vt 0.652384 0.245932
vt 0.656351 0.254821
vt 0.656350 0.256612
vt 0.632689 0.265721
vt 0.648527 0.271255
vt 0.656350 0.245932
vt 0.654060 0.262500
vt 0.632689 0.260378
vt 0.654060 0.267149
vt 0.654061 0.245932
vt 0.653870 0.271255
vt 0.658028 0.254821
vt 0.652384 0.264195
vt 0.628108 0.264767
vt 0.652384 0.264195
vt 0.652383 0.262500
vt 0.628108 0.268965
vt 0.656351 0.254821
vt 0.654061 0.264195
vt 0.631544 0.265148
vt 0.654061 0.264195
vt 0.654060 0.262500
vt 0.631544 0.260950
vt 0.655205 0.251656
vt 0.645092 0.251791
vt 0.655929 0.247784
vt 0.656404 0.251763
vt 0.650435 0.256943
vt 0.653655 0.247784
vt 0.654753 0.247784
vt 0.654584 0.247784
vt 0.653802 0.251763
vt 0.653529 0.251656
vt 0.648527 0.252936
vt 0.658027 0.251656
vt 0.645092 0.264385
vt 0.652384 0.256808
vt 0.652384 0.252830
vt 0.650435 0.269538
vt 0.654060 0.256808
vt 0.653870 0.260378
vt 0.654061 0.252830
vt 0.656350 0.251656
vt 0.648527 0.265530
vt 0.199219 0.310671
vt 0.189878 0.273015
vt 0.198891 0.264003
vt 0.199219 0.341673
vt 0.195312 0.310671
vt 0.186145 0.269282
vt 0.191406 0.310671
vt 0.186145 0.264003
vt 0.195158 0.260269
vt 0.195312 0.341673
vt 0.189878 0.260269
vt 0.191406 0.341673
vt 0.203125 0.310671
vt 0.187500 0.310671
vt 0.195158 0.273015
vt 0.191406 0.310671
vt 0.198891 0.269282
vt 0.198891 0.269282
vt 0.203125 0.341673
vt 0.187500 0.341673
vt 0.195158 0.273015
vt 0.191406 0.341673
vt 0.187500 0.310671
vt 0.203125 0.310671
vt 0.189878 0.260269
vt 0.195312 0.310671
vt 0.198891 0.264003
vt 0.199219 0.310671
vt 0.195158 0.260269
vt 0.189878 0.273015
vt 0.195312 0.341673
vt 0.186145 0.264003
vt 0.187500 0.341673
vt 0.203125 0.341673
vt 0.186145 0.269282
vt 0.199219 0.341673
vt 0.845044 0.951893
vt 0.821454 0.952790
vt 0.842182 0.951893
vt 0.845044 0.943130
vt 0.847906 0.978181
vt 0.827650 0.946594
vt 0.847906 0.969418
vt 0.836413 0.946594
vt 0.842182 0.943130
vt 0.845044 0.978181
vt 0.845044 0.969418
vt 0.845044 0.960655
vt 0.821454 0.961553
vt 0.845044 0.969418
vt 0.827650 0.967749
vt 0.842182 0.960655
vt 0.842182 0.969418
vt 0.847906 0.960655
vt 0.842609 0.952790
vt 0.847906 0.943130
vt 0.845044 0.978181
vt 0.836413 0.967749
vt 0.847906 0.951893
vt 0.842609 0.961553
vt 0.845044 0.943130
vt 0.842182 0.978181
vt 0.845044 0.960655
vt 0.845044 0.951893
vt 0.655206 0.254821
vt 0.655205 0.256612
vt 0.629255 0.251601
vt 0.645092 0.246067
vt 0.655205 0.245932
vt 0.656350 0.242091
vt 0.657113 0.237443
vt 0.629254 0.256943
vt 0.650435 0.246067
vt 0.656350 0.258661
vt 0.653529 0.254821
vt 0.632689 0.253127
vt 0.653528 0.256612
vt 0.630933 0.253127
vt 0.648527 0.258661
vt 0.653529 0.245932
vt 0.654674 0.242091
vt 0.632688 0.247784
vt 0.630902 0.247784
vt 0.654862 0.237443
vt 0.654646 0.258661
vt 0.653870 0.258661
vt 0.655206 0.254821
vt 0.652916 0.274499
vt 0.628108 0.252173
vt 0.652916 0.274499
vt 0.656350 0.242091
vt 0.628108 0.256371
vt 0.653529 0.254821
vt 0.654592 0.274499
vt 0.631544 0.252554
vt 0.654593 0.274499
vt 0.654674 0.242091
vt 0.631544 0.248356
vt 0.658028 0.254821
vt 0.658027 0.256612
vt 0.629255 0.264195
vt 0.645092 0.258661
vt 0.658027 0.245932
vt 0.652383 0.262500
vt 0.652384 0.267149
vt 0.629254 0.269538
vt 0.650435 0.258661
vt 0.652384 0.245932
vt 0.656351 0.254821
vt 0.656350 0.256612
vt 0.632689 0.265721
vt 0.648527 0.271255
vt 0.656350 0.245932
vt 0.654060 0.262500
vt 0.632689 0.260378
vt 0.654060 0.267149
vt 0.654061 0.245932
vt 0.653870 0.271255
vt 0.658028 0.254821
vt 0.652384 0.264195
vt 0.628108 0.264767
vt 0.652384 0.264195
vt 0.652383 0.262500
vt 0.628108 0.268965
vt 0.656351 0.254821
vt 0.654061 0.264195
vt 0.631544 0.265148
vt 0.654061 0.264195
vt 0.654060 0.262500
vt 0.631544 0.260950
vt 0.655205 0.251656
vt 0.645092 0.251791
vt 0.655929 0.247784
vt 0.656404 0.251763
vt 0.650435 0.256943
vt 0.653655 0.247784
vt 0.654753 0.247784
vt 0.654584 0.247784
vt 0.653802 0.251763
vt 0.653529 0.251656
vt 0.648527 0.252936
vt 0.658027 0.251656
vt 0.645092 0.264385
vt 0.652384 0.256808
vt 0.652384 0.252830
vt 0.650435 0.269538
vt 0.654060 0.256808
vt 0.653870 0.260378
vt 0.654061 0.252830
vt 0.656350 0.251656
vt 0.648527 0.265530
vt 0.845044 0.951893
vt 0.821454 0.952790
vt 0.842182 0.951893
vt 0.845044 0.943130
vt 0.847906 0.978181
vt 0.827650 0.946594
vt 0.847906 0.969418
vt 0.836413 0.946594
vt 0.842182 0.943130
vt 0.845044 0.978181
vt 0.845044 0.969418
vt 0.845044 0.960655
vt 0.821454 0.961553
vt 0.845044 0.969418
vt 0.827650 0.967749
vt 0.842182 0.960655
vt 0.842182 0.969418
vt 0.847906 0.960655
vt 0.842609 0.952790
vt 0.847906 0.943130
vt 0.845044 0.978181
vt 0.836413 0.967749
vt 0.847906 0.951893
vt 0.842609 0.961553
vt 0.845044 0.943130
vt 0.842182 0.978181
vt 0.845044 0.960655
vt 0.845044 0.951893
vt 0.655206 0.254821
vt 0.655205 0.256612
vt 0.629255 0.251601
vt 0.645092 0.246067
vt 0.655205 0.245932
vt 0.656350 0.242091
vt 0.657113 0.237443
vt 0.629254 0.256943
vt 0.650435 0.246067
vt 0.656350 0.258661
vt 0.653529 0.254821
vt 0.632689 0.253127
vt 0.653528 0.256612
vt 0.630933 0.253127
vt 0.648527 0.258661
vt 0.653529 0.245932
vt 0.654674 0.242091
vt 0.632688 0.247784
vt 0.630902 0.247784
vt 0.654862 0.237443
vt 0.654646 0.258661
vt 0.653870 0.258661
vt 0.655206 0.254821
vt 0.652916 0.274499
vt 0.628108 0.252173
vt 0.652916 0.274499
vt 0.656350 0.242091
vt 0.628108 0.256371
vt 0.653529 0.254821
vt 0.654592 0.274499
vt 0.631544 0.252554
vt 0.654593 0.274499
vt 0.654674 0.242091
vt 0.631544 0.248356
vt 0.658028 0.254821
vt 0.658027 0.256612
vt 0.629255 0.264195
vt 0.645092 0.258661
vt 0.658027 0.245932
vt 0.652383 0.262500
vt 0.652384 0.267149
vt 0.629254 0.269538
vt 0.650435 0.258661
vt 0.652384 0.245932
vt 0.656351 0.254821
vt 0.656350 0.256612
vt 0.632689 0.265721
vt 0.648527 0.271255
vt 0.656350 0.245932
vt 0.654060 0.262500
vt 0.632689 0.260378
vt 0.654060 0.267149
vt 0.654061 0.245932
vt 0.653870 0.271255
vt 0.658028 0.254821
vt 0.652384 0.264195
vt 0.628108 0.264767
vt 0.652384 0.264195
vt 0.652383 0.262500
vt 0.628108 0.268965
vt 0.656351 0.254821
vt 0.654061 0.264195
vt 0.631544 0.265148
vt 0.654061 0.264195
vt 0.654060 0.262500
vt 0.631544 0.260950
vt 0.655205 0.251656
vt 0.645092 0.251791
vt 0.655929 0.247784
vt 0.656404 0.251763
vt 0.650435 0.256943
vt 0.653655 0.247784
vt 0.654753 0.247784
vt 0.654584 0.247784
vt 0.653802 0.251763
vt 0.653529 0.251656
vt 0.648527 0.252936
vt 0.658027 0.251656
vt 0.645092 0.264385
vt 0.652384 0.256808
vt 0.652384 0.252830
vt 0.650435 0.269538
vt 0.654060 0.256808
vt 0.653870 0.260378
vt 0.654061 0.252830
vt 0.656350 0.251656
vt 0.648527 0.265530
vt 0.199219 0.310671
vt 0.189878 0.273015
vt 0.198891 0.264003
vt 0.199219 0.341673
vt 0.195312 0.310671
vt 0.186145 0.269282
vt 0.191406 0.310671
vt 0.186145 0.264003
vt 0.195158 0.260269
vt 0.195312 0.341673
vt 0.189878 0.260269
vt 0.191406 0.341673
vt 0.203125 0.310671
vt 0.187500 0.310671
vt 0.195158 0.273015
vt 0.191406 0.310671
vt 0.198891 0.269282
vt 0.198891 0.269282
vt 0.203125 0.341673
vt 0.187500 0.341673
vt 0.195158 0.273015
vt 0.191406 0.341673
vt 0.187500 0.310671
vt 0.203125 0.310671
vt 0.189878 0.260269
vt 0.195312 0.310671
vt 0.198891 0.264003
vt 0.199219 0.310671
vt 0.195158 0.260269
vt 0.189878 0.273015
vt 0.195312 0.341673
vt 0.186145 0.264003
vt 0.187500 0.341673
vt 0.203125 0.341673
vt 0.186145 0.269282
vt 0.199219 0.341673
vt 0.845044 0.951893
vt 0.821454 0.952790
vt 0.842182 0.951893
vt 0.845044 0.943130
vt 0.847906 0.978181
vt 0.827650 0.946594
vt 0.847906 0.969418
vt 0.836413 0.946594
vt 0.842182 0.943130
vt 0.845044 0.978181
vt 0.845044 0.969418
vt 0.845044 0.960655
vt 0.821454 0.961553
vt 0.845044 0.969418
vt 0.827650 0.967749
vt 0.842182 0.960655
vt 0.842182 0.969418
vt 0.847906 0.960655
vt 0.842609 0.952790
vt 0.847906 0.943130
vt 0.845044 0.978181
vt 0.836413 0.967749
vt 0.847906 0.951893
vt 0.842609 0.961553
vt 0.845044 0.943130
vt 0.842182 0.978181
vt 0.845044 0.960655
vt 0.845044 0.951893
vt 0.655206 0.254821
vt 0.655205 0.256612
vt 0.629255 0.251601
vt 0.645092 0.246067
vt 0.655205 0.245932
vt 0.656350 0.242091
vt 0.657113 0.237443
vt 0.629254 0.256943
vt 0.650435 0.246067
vt 0.656350 0.258661
vt 0.653529 0.254821
vt 0.632689 0.253127
vt 0.653528 0.256612
vt 0.630933 0.253127
vt 0.648527 0.258661
vt 0.653529 0.245932
vt 0.654674 0.242091
vt 0.632688 0.247784
vt 0.630902 0.247784
vt 0.654862 0.237443
vt 0.654646 0.258661
vt 0.653870 0.258661
vt 0.655206 0.254821
vt 0.652916 0.274499
vt 0.628108 0.252173
vt 0.652916 0.274499
vt 0.656350 0.242091
vt 0.628108 0.256371
vt 0.653529 0.254821
vt 0.654592 0.274499
vt 0.631544 0.252554
vt 0.654593 0.274499
vt 0.654674 0.242091
vt 0.631544 0.248356
vt 0.658028 0.254821
vt 0.658027 0.256612
vt 0.629255 0.264195
vt 0.645092 0.258661
vt 0.658027 0.245932
vt 0.652383 0.262500
vt 0.652384 0.267149
vt 0.629254 0.269538
vt 0.650435 0.258661
vt 0.652384 0.245932
vt 0.656351 0.254821
vt 0.656350 0.256612
vt 0.632689 0.265721
vt 0.648527 0.271255
vt 0.656350 0.245932
vt 0.654060 0.262500
vt 0.632689 0.260378
vt 0.654060 0.267149
vt 0.654061 0.245932
vt 0.653870 0.271255
vt 0.658028 0.254821
vt 0.652384 0.264195
vt 0.628108 0.264767
vt 0.652384 0.264195
vt 0.652383 0.262500
vt 0.628108 0.268965
vt 0.656351 0.254821
vt 0.654061 0.264195
vt 0.631544 0.265148
vt 0.654061 0.264195
vt 0.654060 0.262500
vt 0.631544 0.260950
vt 0.655205 0.251656
vt 0.645092 0.251791
vt 0.655929 0.247784
vt 0.656404 0.251763
vt 0.650435 0.256943
vt 0.653655 0.247784
vt 0.654753 0.247784
vt 0.654584 0.247784
vt 0.653802 0.251763
vt 0.653529 0.251656
vt 0.648527 0.252936
vt 0.658027 0.251656
vt 0.645092 0.264385
vt 0.652384 0.256808
vt 0.652384 0.252830
vt 0.650435 0.269538
vt 0.654060 0.256808
vt 0.653870 0.260378
vt 0.654061 0.252830
vt 0.656350 0.251656
vt 0.648527 0.265530
vt 0.845044 0.951893
vt 0.821454 0.952790
vt 0.842182 0.951893
vt 0.845044 0.943130
vt 0.847906 0.978181
vt 0.827650 0.946594
vt 0.847906 0.969418
vt 0.836413 0.946594
vt 0.842182 0.943130
vt 0.845044 0.978181
vt 0.845044 0.969418
vt 0.845044 0.960655
vt 0.821454 0.961553
vt 0.845044 0.969418
vt 0.827650 0.967749
vt 0.842182 0.960655
vt 0.842182 0.969418
vt 0.847906 0.960655
vt 0.842609 0.952790
vt 0.847906 0.943130
vt 0.845044 0.978181
vt 0.836413 0.967749
vt 0.847906 0.951893
vt 0.842609 0.961553
vt 0.845044 0.943130
vt 0.842182 0.978181
vt 0.845044 0.960655
vt 0.845044 0.951893
vt 0.655206 0.254821
vt 0.655205 0.256612
vt 0.629255 0.251601
vt 0.645092 0.246067
vt 0.655205 0.245932
vt 0.656350 0.242091
vt 0.657113 0.237443
vt 0.629254 0.256943
vt 0.650435 0.246067
vt 0.656350 0.258661
vt 0.653529 0.254821
vt 0.632689 0.253127
vt 0.653528 0.256612
vt 0.630933 0.253127
vt 0.648527 0.258661
vt 0.653529 0.245932
vt 0.654674 0.242091
vt 0.632688 0.247784
vt 0.630902 0.247784
vt 0.654862 0.237443
vt 0.654646 0.258661
vt 0.653870 0.258661
vt 0.655206 0.254821
vt 0.652916 0.274499
vt 0.628108 0.252173
vt 0.652916 0.274499
vt 0.656350 0.242091
vt 0.628108 0.256371
vt 0.653529 0.254821
vt 0.654592 0.274499
vt 0.631544 0.252554
vt 0.654593 0.274499
vt 0.654674 0.242091
vt 0.631544 0.248356
vt 0.658028 0.254821
vt 0.658027 0.256612
vt 0.629255 0.264195
vt 0.645092 0.258661
vt 0.658027 0.245932
vt 0.652383 0.262500
vt 0.652384 0.267149
vt 0.629254 0.269538
vt 0.650435 0.258661
vt 0.652384 0.245932
vt 0.656351 0.254821
vt 0.656350 0.256612
vt 0.632689 0.265721
vt 0.648527 0.271255
vt 0.656350 0.245932
vt 0.654060 0.262500
vt 0.632689 0.260378
vt 0.654060 0.267149
vt 0.654061 0.245932
vt 0.653870 0.271255
vt 0.658028 0.254821
vt 0.652384 0.264195
vt 0.628108 0.264767
vt 0.652384 0.264195
vt 0.652383 0.262500
vt 0.628108 0.268965
vt 0.656351 0.254821
vt 0.654061 0.264195
vt 0.631544 0.265148
vt 0.654061 0.264195
vt 0.654060 0.262500
vt 0.631544 0.260950
vt 0.655205 0.251656
vt 0.645092 0.251791
vt 0.655929 0.247784
vt 0.656404 0.251763
vt 0.650435 0.256943
vt 0.653655 0.247784
vt 0.654753 0.247784
vt 0.654584 0.247784
vt 0.653802 0.251763
vt 0.653529 0.251656
vt 0.648527 0.252936
vt 0.658027 0.251656
vt 0.645092 0.264385
vt 0.652384 0.256808
vt 0.652384 0.252830
vt 0.650435 0.269538
vt 0.654060 0.256808
vt 0.653870 0.260378
vt 0.654061 0.252830
vt 0.656350 0.251656
vt 0.648527 0.265530
vt 0.199219 0.341921
vt 0.189878 0.273015
vt 0.198891 0.264003
vt 0.199219 0.372923
vt 0.195312 0.341921
vt 0.186145 0.269282
vt 0.191406 0.341921
vt 0.186145 0.264003
vt 0.195158 0.260269
vt 0.195312 0.372923
vt 0.189878 0.260269
vt 0.191406 0.372923
vt 0.203125 0.341921
vt 0.187500 0.341921
vt 0.195158 0.273015
vt 0.191406 0.341921
vt 0.198891 0.269282
vt 0.198891 0.269282
vt 0.203125 0.372923
vt 0.187500 0.372923
vt 0.195158 0.273015
vt 0.191406 0.372923
vt 0.187500 0.341921
vt 0.203125 0.341921
vt 0.189878 0.260269
vt 0.195312 0.341921
vt 0.198891 0.264003
vt 0.199219 0.341921
vt 0.195158 0.260269
vt 0.189878 0.273015
vt 0.195312 0.372923
vt 0.186145 0.264003
vt 0.187500 0.372923
vt 0.203125 0.372923
vt 0.186145 0.269282
vt 0.199219 0.372923
vt 0.845044 0.951893
vt 0.821454 0.952790
vt 0.842182 0.951893
vt 0.845044 0.943130
vt 0.847906 0.978181
vt 0.827650 0.946594
vt 0.847906 0.969418
vt 0.836413 0.946594
vt 0.842182 0.943130
vt 0.845044 0.978181
vt 0.845044 0.969418
vt 0.845044 0.960655
vt 0.821454 0.961553
vt 0.845044 0.969418
vt 0.827650 0.967749
vt 0.842182 0.960655
vt 0.842182 0.969418
vt 0.847906 0.960655
vt 0.842609 0.952790
vt 0.847906 0.943130
vt 0.845044 0.978181
vt 0.836413 0.967749
vt 0.847906 0.951893
vt 0.842609 0.961553
vt 0.845044 0.943130
vt 0.842182 0.978181
vt 0.845044 0.960655
vt 0.845044 0.951893
vt 0.655206 0.254821
vt 0.655205 0.256612
vt 0.629255 0.251601
vt 0.645092 0.246067
vt 0.655205 0.245932
vt 0.656350 0.242091
vt 0.657113 0.237443
vt 0.629254 0.256943
vt 0.650435 0.246067
vt 0.656350 0.258661
vt 0.653529 0.254821
vt 0.632689 0.253127
vt 0.653528 0.256612
vt 0.630933 0.253127
vt 0.648527 0.258661
vt 0.653529 0.245932
vt 0.654674 0.242091
vt 0.632688 0.247784
vt 0.630902 0.247784
vt 0.654862 0.237443
vt 0.654646 0.258661
vt 0.653870 0.258661
vt 0.655206 0.254821
vt 0.652916 0.274499
vt 0.628108 0.252173
vt 0.652916 0.274499
vt 0.656350 0.242091
vt 0.628108 0.256371
vt 0.653529 0.254821
vt 0.654592 0.274499
vt 0.631544 0.252554
vt 0.654593 0.274499
vt 0.654674 0.242091
vt 0.631544 0.248356
vt 0.658028 0.254821
vt 0.658027 0.256612
vt 0.629255 0.264195
vt 0.645092 0.258661
vt 0.658027 0.245932
vt 0.652383 0.262500
vt 0.652384 0.267149
vt 0.629254 0.269538
vt 0.650435 0.258661
vt 0.652384 0.245932
vt 0.656351 0.254821
vt 0.656350 0.256612
vt 0.632689 0.265721
vt 0.648527 0.271255
vt 0.656350 0.245932
vt 0.654060 0.262500
vt 0.632689 0.260378
vt 0.654060 0.267149
vt 0.654061 0.245932
vt 0.653870 0.271255
vt 0.658028 0.254821
vt 0.652384 0.264195
vt 0.628108 0.264767
vt 0.652384 0.264195
vt 0.652383 0.262500
vt 0.628108 0.268965
vt 0.656351 0.254821
vt 0.654061 0.264195
vt 0.631544 0.265148
vt 0.654061 0.264195
vt 0.654060 0.262500
vt 0.631544 0.260950
vt 0.655205 0.251656
vt 0.645092 0.251791
vt 0.655929 0.247784
vt 0.656404 0.251763
vt 0.650435 0.256943
vt 0.653655 0.247784
vt 0.654753 0.247784
vt 0.654584 0.247784
vt 0.653802 0.251763
vt 0.653529 0.251656
vt 0.648527 0.252936
vt 0.658027 0.251656
vt 0.645092 0.264385
vt 0.652384 0.256808
vt 0.652384 0.252830
vt 0.650435 0.269538
vt 0.654060 0.256808
vt 0.653870 0.260378
vt 0.654061 0.252830
vt 0.656350 0.251656
vt 0.648527 0.265530
vt 0.845044 0.951893
vt 0.821454 0.952790
vt 0.842182 0.951893
vt 0.845044 0.943130
vt 0.847906 0.978181
vt 0.827650 0.946594
vt 0.847906 0.969418
vt 0.836413 0.946594
vt 0.842182 0.943130
vt 0.845044 0.978181
vt 0.845044 0.969418
vt 0.845044 0.960655
vt 0.821454 0.961553
vt 0.845044 0.969418
vt 0.827650 0.967749
vt 0.842182 0.960655
vt 0.842182 0.969418
vt 0.847906 0.960655
vt 0.842609 0.952790
vt 0.847906 0.943130
vt 0.845044 0.978181
vt 0.836413 0.967749
vt 0.847906 0.951893
vt 0.842609 0.961553
vt 0.845044 0.943130
vt 0.842182 0.978181
vt 0.845044 0.960655
vt 0.845044 0.951893
vt 0.655206 0.254821
vt 0.655205 0.256612
vt 0.629255 0.251601
vt 0.645092 0.246067
vt 0.655205 0.245932
vt 0.656350 0.242091
vt 0.657113 0.237443
vt 0.629254 0.256943
vt 0.650435 0.246067
vt 0.656350 0.258661
vt 0.653529 0.254821
vt 0.632689 0.253127
vt 0.653528 0.256612
vt 0.630933 0.253127
vt 0.648527 0.258661
vt 0.653529 0.245932
vt 0.654674 0.242091
vt 0.632688 0.247784
vt 0.630902 0.247784
vt 0.654862 0.237443
vt 0.654646 0.258661
vt 0.653870 0.258661
vt 0.655206 0.254821
vt 0.652916 0.274499
vt 0.628108 0.252173
vt 0.652916 0.274499
vt 0.656350 0.242091
vt 0.628108 0.256371
vt 0.653529 0.254821
vt 0.654592 0.274499
vt 0.631544 0.252554
vt 0.654593 0.274499
vt 0.654674 0.242091
vt 0.631544 0.248356
vt 0.658028 0.254821
vt 0.658027 0.256612
vt 0.629255 0.264195
vt 0.645092 0.258661
vt 0.658027 0.245932
vt 0.652383 0.262500
vt 0.652384 0.267149
vt 0.629254 0.269538
vt 0.650435 0.258661
vt 0.652384 0.245932
vt 0.656351 0.254821
vt 0.656350 0.256612
vt 0.632689 0.265721
vt 0.648527 0.271255
vt 0.656350 0.245932
vt 0.654060 0.262500
vt 0.632689 0.260378
vt 0.654060 0.267149
vt 0.654061 0.245932
vt 0.653870 0.271255
vt 0.658028 0.254821
vt 0.652384 0.264195
vt 0.628108 0.264767
vt 0.652384 0.264195
vt 0.652383 0.262500
vt 0.628108 0.268965
vt 0.656351 0.254821
vt 0.654061 0.264195
vt 0.631544 0.265148
vt 0.654061 0.264195
vt 0.654060 0.262500
vt 0.631544 0.260950
vt 0.655205 0.251656
vt 0.645092 0.251791
vt 0.655929 0.247784
vt 0.656404 0.251763
vt 0.650435 0.256943
vt 0.653655 0.247784
vt 0.654753 0.247784
vt 0.654584 0.247784
vt 0.653802 0.251763
vt 0.653529 0.251656
vt 0.648527 0.252936
vt 0.658027 0.251656
vt 0.645092 0.264385
vt 0.652384 0.256808
vt 0.652384 0.252830
vt 0.650435 0.269538
vt 0.654060 0.256808
vt 0.653870 0.260378
vt 0.654061 0.252830
vt 0.656350 0.251656
vt 0.648527 0.265530
vt 0.813794 0.905018
vt 0.790204 0.905915
vt 0.810932 0.905018
vt 0.813794 0.896255
vt 0.816656 0.931306
vt 0.796400 0.899719
vt 0.816656 0.922543
vt 0.805163 0.899719
vt 0.810932 0.896255
vt 0.813794 0.931306
vt 0.813794 0.922543
vt 0.813794 0.913780
vt 0.790204 0.914678
vt 0.813794 0.922543
vt 0.796400 0.920874
vt 0.810932 0.913780
vt 0.810932 0.922543
vt 0.816656 0.913780
vt 0.811359 0.905915
vt 0.816656 0.896255
vt 0.813794 0.931306
vt 0.805163 0.920874
vt 0.816656 0.905018
vt 0.811359 0.914678
vt 0.813794 0.896255
vt 0.810932 0.931306
vt 0.813794 0.913780
vt 0.813794 0.905018
vt 0.655205 0.257381
vt 0.655205 0.256954
vt 0.645092 0.257516
vt 0.645092 0.246067
vt 0.655205 0.245932
vt 0.656350 0.247212
vt 0.656350 0.247638
vt 0.650435 0.257516
vt 0.650435 0.246067
vt 0.656350 0.258661
vt 0.654061 0.257381
vt 0.654061 0.256954
vt 0.648527 0.247212
vt 0.648527 0.258661
vt 0.654061 0.245932
vt 0.655205 0.247212
vt 0.655205 0.247638
vt 0.653870 0.247212
vt 0.655205 0.258661
vt 0.653870 0.258661
vt 0.655205 0.258234
vt 0.652916 0.272209
vt 0.645665 0.258661
vt 0.652915 0.268011
vt 0.656350 0.246358
vt 0.649863 0.258661
vt 0.654061 0.258234
vt 0.654061 0.272209
vt 0.649099 0.246067
vt 0.654060 0.268011
vt 0.655205 0.246358
vt 0.653297 0.246067
vt 0.657495 0.257381
vt 0.657495 0.256954
vt 0.645092 0.270110
vt 0.645092 0.258661
vt 0.657495 0.245932
vt 0.652916 0.257381
vt 0.652916 0.256954
vt 0.650435 0.270110
vt 0.650435 0.258661
vt 0.652916 0.245932
vt 0.656350 0.257381
vt 0.656350 0.256954
vt 0.648527 0.259806
vt 0.648527 0.271255
vt 0.656350 0.245932
vt 0.654061 0.257381
vt 0.654061 0.256954
vt 0.653870 0.259806
vt 0.654061 0.245932
vt 0.653870 0.271255
vt 0.657495 0.258234
vt 0.652916 0.261905
vt 0.645665 0.271255
vt 0.652915 0.257707
vt 0.652916 0.258234
vt 0.649863 0.271255
vt 0.656350 0.258234
vt 0.654061 0.261905
vt 0.649099 0.258661
vt 0.654060 0.257707
vt 0.654061 0.258234
vt 0.653297 0.258661
vt 0.438707 0.329390
vt 0.493869 0.281354
vt 0.445953 0.322007
vt 0.493936 0.316548
vt 0.446049 0.322048
vt 0.503130 0.281264
vt 0.512442 0.281252
vt 0.456432 0.322048
vt 0.438611 0.329348
vt 0.503218 0.316506
vt 0.438611 0.339731
vt 0.512477 0.316450
vt 0.521576 0.281660
vt 0.438707 0.339773
vt 0.484635 0.281513
vt 0.512428 0.281493
vt 0.446049 0.347114
vt 0.456336 0.322007
vt 0.484615 0.316561
vt 0.521712 0.316370
vt 0.463677 0.329348
vt 0.512490 0.316463
vt 0.521725 0.281444
vt 0.484680 0.281106
vt 0.463773 0.329390
vt 0.503276 0.281371
vt 0.456432 0.347114
vt 0.494053 0.281230
vt 0.463773 0.339773
vt 0.463677 0.339731
vt 0.503251 0.316548
vt 0.445953 0.347073
vt 0.484629 0.316707
vt 0.521725 0.316385
vt 0.456336 0.347073
vt 0.493971 0.316631
vt 0.493980 0.294127
vt 0.493991 0.290998
vt 0.493950 0.287863
vt 0.512358 0.287798
vt 0.512309 0.290946
vt 0.512360 0.294089
vt 0.503153 0.287798
vt 0.503139 0.290960
vt 0.503170 0.294117
vt 0.503167 0.294154
vt 0.503201 0.291005
vt 0.503201 0.287859
vt 0.493997 0.287788
vt 0.494018 0.290958
vt 0.493961 0.294120
vt 0.484646 0.287798
vt 0.521590 0.287995
vt 0.485158 0.290913
vt 0.521042 0.290997
vt 0.484629 0.294027
vt 0.521567 0.294008
vt 0.521486 0.294058
vt 0.484734 0.294052
vt 0.520942 0.291076
vt 0.485273 0.291031
vt 0.521458 0.288116
vt 0.484747 0.288029
vt 0.512327 0.287938
vt 0.512298 0.291041
vt 0.512326 0.294151
vt 0.199219 0.310671
vt 0.189878 0.273015
vt 0.198891 0.264003
vt 0.199219 0.341673
vt 0.195312 0.310671
vt 0.186145 0.269282
vt 0.191406 0.310671
vt 0.186145 0.264003
vt 0.195158 0.260269
vt 0.195312 0.341673
vt 0.189878 0.260269
vt 0.191406 0.341673
vt 0.203125 0.310671
vt 0.187500 0.310671
vt 0.195158 0.273015
vt 0.191406 0.310671
vt 0.198891 0.269282
vt 0.198891 0.269282
vt 0.203125 0.341673
vt 0.187500 0.341673
vt 0.195158 0.273015
vt 0.191406 0.341673
vt 0.187500 0.310671
vt 0.203125 0.310671
vt 0.189878 0.260269
vt 0.195312 0.310671
vt 0.198891 0.264003
vt 0.199219 0.310671
vt 0.195158 0.260269
vt 0.189878 0.273015
vt 0.195312 0.341673
vt 0.186145 0.264003
vt 0.187500 0.341673
vt 0.203125 0.341673
vt 0.186145 0.269282
vt 0.199219 0.341673
vt 0.845044 0.951893
vt 0.821454 0.952790
vt 0.842182 0.951893
vt 0.845044 0.943130
vt 0.847906 0.978181
vt 0.827650 0.946594
vt 0.847906 0.969418
vt 0.836413 0.946594
vt 0.842182 0.943130
vt 0.845044 0.978181
vt 0.845044 0.969418
vt 0.845044 0.960655
vt 0.821454 0.961553
vt 0.845044 0.969418
vt 0.827650 0.967749
vt 0.842182 0.960655
vt 0.842182 0.969418
vt 0.847906 0.960655
vt 0.842609 0.952790
vt 0.847906 0.943130
vt 0.845044 0.978181
vt 0.836413 0.967749
vt 0.847906 0.951893
vt 0.842609 0.961553
vt 0.845044 0.943130
vt 0.842182 0.978181
vt 0.845044 0.960655
vt 0.845044 0.951893
vt 0.655206 0.254821
vt 0.655205 0.256612
vt 0.629255 0.251601
vt 0.645092 0.246067
vt 0.655205 0.245932
vt 0.656350 0.242091
vt 0.657113 0.237443
vt 0.629254 0.256943
vt 0.650435 0.246067
vt 0.656350 0.258661
vt 0.653529 0.254821
vt 0.632689 0.253127
vt 0.653528 0.256612
vt 0.630933 0.253127
vt 0.648527 0.258661
vt 0.653529 0.245932
vt 0.654674 0.242091
vt 0.632688 0.247784
vt 0.630902 0.247784
vt 0.654862 0.237443
vt 0.654646 0.258661
vt 0.653870 0.258661
vt 0.655206 0.254821
vt 0.652916 0.274499
vt 0.628108 0.252173
vt 0.652916 0.274499
vt 0.656350 0.242091
vt 0.628108 0.256371
vt 0.653529 0.254821
vt 0.654592 0.274499
vt 0.631544 0.252554
vt 0.654593 0.274499
vt 0.654674 0.242091
vt 0.631544 0.248356
vt 0.658028 0.254821
vt 0.658027 0.256612
vt 0.629255 0.264195
vt 0.645092 0.258661
vt 0.658027 0.245932
vt 0.652383 0.262500
vt 0.652384 0.267149
vt 0.629254 0.269538
vt 0.650435 0.258661
vt 0.652384 0.245932
vt 0.656351 0.254821
vt 0.656350 0.256612
vt 0.632689 0.265721
vt 0.648527 0.271255
vt 0.656350 0.245932
vt 0.654060 0.262500
vt 0.632689 0.260378
vt 0.654060 0.267149
vt 0.654061 0.245932
vt 0.653870 0.271255
vt 0.658028 0.254821
vt 0.652384 0.264195
vt 0.628108 0.264767
vt 0.652384 0.264195
vt 0.652383 0.262500
vt 0.628108 0.268965
vt 0.656351 0.254821
vt 0.654061 0.264195
vt 0.631544 0.265148
vt 0.654061 0.264195
vt 0.654060 0.262500
vt 0.631544 0.260950
vt 0.655205 0.251656
vt 0.645092 0.251791
vt 0.655929 0.247784
vt 0.656404 0.251763
vt 0.650435 0.256943
vt 0.653655 0.247784
vt 0.654753 0.247784
vt 0.654584 0.247784
vt 0.653802 0.251763
vt 0.653529 0.251656
vt 0.648527 0.252936
vt 0.658027 0.251656
vt 0.645092 0.264385
vt 0.652384 0.256808
vt 0.652384 0.252830
vt 0.650435 0.269538
vt 0.654060 0.256808
vt 0.653870 0.260378
vt 0.654061 0.252830
vt 0.656350 0.251656
vt 0.648527 0.265530
vt 0.845044 0.951893
vt 0.821454 0.952790
vt 0.842182 0.951893
vt 0.845044 0.943130
vt 0.847906 0.978181
vt 0.827650 0.946594
vt 0.847906 0.969418
vt 0.836413 0.946594
vt 0.842182 0.943130
vt 0.845044 0.978181
vt 0.845044 0.969418
vt 0.845044 0.960655
vt 0.821454 0.961553
vt 0.845044 0.969418
vt 0.827650 0.967749
vt 0.842182 0.960655
vt 0.842182 0.969418
vt 0.847906 0.960655
vt 0.842609 0.952790
vt 0.847906 0.943130
vt 0.845044 0.978181
vt 0.836413 0.967749
vt 0.847906 0.951893
vt 0.842609 0.961553
vt 0.845044 0.943130
vt 0.842182 0.978181
vt 0.845044 0.960655
vt 0.845044 0.951893
vt 0.655206 0.254821
vt 0.655205 0.256612
vt 0.629255 0.251601
vt 0.645092 0.246067
vt 0.655205 0.245932
vt 0.656350 0.242091
vt 0.657113 0.237443
vt 0.629254 0.256943
vt 0.650435 0.246067
vt 0.656350 0.258661
vt 0.653529 0.254821
vt 0.632689 0.253127
vt 0.653528 0.256612
vt 0.630933 0.253127
vt 0.648527 0.258661
vt 0.653529 0.245932
vt 0.654674 0.242091
vt 0.632688 0.247784
vt 0.630902 0.247784
vt 0.654862 0.237443
vt 0.654646 0.258661
vt 0.653870 0.258661
vt 0.655206 0.254821
vt 0.652916 0.274499
vt 0.628108 0.252173
vt 0.652916 0.274499
vt 0.656350 0.242091
vt 0.628108 0.256371
vt 0.653529 0.254821
vt 0.654592 0.274499
vt 0.631544 0.252554
vt 0.654593 0.274499
vt 0.654674 0.242091
vt 0.631544 0.248356
vt 0.658028 0.254821
vt 0.658027 0.256612
vt 0.629255 0.264195
vt 0.645092 0.258661
vt 0.658027 0.245932
vt 0.652383 0.262500
vt 0.652384 0.267149
vt 0.629254 0.269538
vt 0.650435 0.258661
vt 0.652384 0.245932
vt 0.656351 0.254821
vt 0.656350 0.256612
vt 0.632689 0.265721
vt 0.648527 0.271255
vt 0.656350 0.245932
vt 0.654060 0.262500
vt 0.632689 0.260378
vt 0.654060 0.267149
vt 0.654061 0.245932
vt 0.653870 0.271255
vt 0.658028 0.254821
vt 0.652384 0.264195
vt 0.628108 0.264767
vt 0.652384 0.264195
vt 0.652383 0.262500
vt 0.628108 0.268965
vt 0.656351 0.254821
vt 0.654061 0.264195
vt 0.631544 0.265148
vt 0.654061 0.264195
vt 0.654060 0.262500
vt 0.631544 0.260950
vt 0.655205 0.251656
vt 0.645092 0.251791
vt 0.655929 0.247784
vt 0.656404 0.251763
vt 0.650435 0.256943
vt 0.653655 0.247784
vt 0.654753 0.247784
vt 0.654584 0.247784
vt 0.653802 0.251763
vt 0.653529 0.251656
vt 0.648527 0.252936
vt 0.658027 0.251656
vt 0.645092 0.264385
vt 0.652384 0.256808
vt 0.652384 0.252830
vt 0.650435 0.269538
vt 0.654060 0.256808
vt 0.653870 0.260378
vt 0.654061 0.252830
vt 0.656350 0.251656
vt 0.648527 0.265530
vt 0.541016 0.416178
vt 0.541016 0.349609
vt 0.363281 0.398600
vt 0.361328 0.349609
vt 0.541016 0.484538
vt 0.541016 0.349609
vt 0.431641 0.398600
vt 0.361328 0.349609
vt 0.541016 0.351562
vt 0.361328 0.351562
vt 0.541016 0.351562
vt 0.361328 0.351562
vt 0.458984 0.349609
vt 0.363281 0.353678
vt 0.406250 0.349609
vt 0.390625 0.349609
vt 0.431641 0.353678
vt 0.406250 0.349609
vt 0.458984 0.351562
vt 0.406250 0.351562
vt 0.390625 0.351562
vt 0.406250 0.351562
vt 0.199219 0.310671
vt 0.189878 0.273015
vt 0.198891 0.264003
vt 0.199219 0.341673
vt 0.195312 0.310671
vt 0.186145 0.269282
vt 0.191406 0.310671
vt 0.186145 0.264003
vt 0.195158 0.260269
vt 0.195312 0.341673
vt 0.189878 0.260269
vt 0.191406 0.341673
vt 0.203125 0.310671
vt 0.187500 0.310671
vt 0.195158 0.273015
vt 0.191406 0.310671
vt 0.198891 0.269282
vt 0.198891 0.269282
vt 0.203125 0.341673
vt 0.187500 0.341673
vt 0.195158 0.273015
vt 0.191406 0.341673
vt 0.187500 0.310671
vt 0.203125 0.310671
vt 0.189878 0.260269
vt 0.195312 0.310671
vt 0.198891 0.264003
vt 0.199219 0.310671
vt 0.195158 0.260269
vt 0.189878 0.273015
vt 0.195312 0.341673
vt 0.186145 0.264003
vt 0.187500 0.341673
vt 0.203125 0.341673
vt 0.186145 0.269282
vt 0.199219 0.341673
vt 0.845044 0.951893
vt 0.821454 0.952790
vt 0.842182 0.951893
vt 0.845044 0.943130
vt 0.847906 0.978181
vt 0.827650 0.946594
vt 0.847906 0.969418
vt 0.836413 0.946594
vt 0.842182 0.943130
vt 0.845044 0.978181
vt 0.845044 0.969418
vt 0.845044 0.960655
vt 0.821454 0.961553
vt 0.845044 0.969418
vt 0.827650 0.967749
vt 0.842182 0.960655
vt 0.842182 0.969418
vt 0.847906 0.960655
vt 0.842609 0.952790
vt 0.847906 0.943130
vt 0.845044 0.978181
vt 0.836413 0.967749
vt 0.847906 0.951893
vt 0.842609 0.961553
vt 0.845044 0.943130
vt 0.842182 0.978181
vt 0.845044 0.960655
vt 0.845044 0.951893
vt 0.655206 0.254821
vt 0.655205 0.256612
vt 0.629255 0.251601
vt 0.645092 0.246067
vt 0.655205 0.245932
vt 0.656350 0.242091
vt 0.657113 0.237443
vt 0.629254 0.256943
vt 0.650435 0.246067
vt 0.656350 0.258661
vt 0.653529 0.254821
vt 0.632689 0.253127
vt 0.653528 0.256612
vt 0.630933 0.253127
vt 0.648527 0.258661
vt 0.653529 0.245932
vt 0.654674 0.242091
vt 0.632688 0.247784
vt 0.630902 0.247784
vt 0.654862 0.237443
vt 0.654646 0.258661
vt 0.653870 0.258661
vt 0.655206 0.254821
vt 0.652916 0.274499
vt 0.628108 0.252173
vt 0.652916 0.274499
vt 0.656350 0.242091
vt 0.628108 0.256371
vt 0.653529 0.254821
vt 0.654592 0.274499
vt 0.631544 0.252554
vt 0.654593 0.274499
vt 0.654674 0.242091
vt 0.631544 0.248356
vt 0.658028 0.254821
vt 0.658027 0.256612
vt 0.629255 0.264195
vt 0.645092 0.258661
vt 0.658027 0.245932
vt 0.652383 0.262500
vt 0.652384 0.267149
vt 0.629254 0.269538
vt 0.650435 0.258661
vt 0.652384 0.245932
vt 0.656351 0.254821
vt 0.656350 0.256612
vt 0.632689 0.265721
vt 0.648527 0.271255
vt 0.656350 0.245932
vt 0.654060 0.262500
vt 0.632689 0.260378
vt 0.654060 0.267149
vt 0.654061 0.245932
vt 0.653870 0.271255
vt 0.658028 0.254821
vt 0.652384 0.264195
vt 0.628108 0.264767
vt 0.652384 0.264195
vt 0.652383 0.262500
vt 0.628108 0.268965
vt 0.656351 0.254821
vt 0.654061 0.264195
vt 0.631544 0.265148
vt 0.654061 0.264195
vt 0.654060 0.262500
vt 0.631544 0.260950
vt 0.655205 0.251656
vt 0.645092 0.251791
vt 0.655929 0.247784
vt 0.656404 0.251763
vt 0.650435 0.256943
vt 0.653655 0.247784
vt 0.654753 0.247784
vt 0.654584 0.247784
vt 0.653802 0.251763
vt 0.653529 0.251656
vt 0.648527 0.252936
vt 0.658027 0.251656
vt 0.645092 0.264385
vt 0.652384 0.256808
vt 0.652384 0.252830
vt 0.650435 0.269538
vt 0.654060 0.256808
vt 0.653870 0.260378
vt 0.654061 0.252830
vt 0.656350 0.251656
vt 0.648527 0.265530
vt 0.845044 0.951893
vt 0.821454 0.952790
vt 0.842182 0.951893
vt 0.845044 0.943130
vt 0.847906 0.978181
vt 0.827650 0.946594
vt 0.847906 0.969418
vt 0.836413 0.946594
vt 0.842182 0.943130
vt 0.845044 0.978181
vt 0.845044 0.969418
vt 0.845044 0.960655
vt 0.821454 0.961553
vt 0.845044 0.969418
vt 0.827650 0.967749
vt 0.842182 0.960655
vt 0.842182 0.969418
vt 0.847906 0.960655
vt 0.842609 0.952790
vt 0.847906 0.943130
vt 0.845044 0.978181
vt 0.836413 0.967749
vt 0.847906 0.951893
vt 0.842609 0.961553
vt 0.845044 0.943130
vt 0.842182 0.978181
vt 0.845044 0.960655
vt 0.845044 0.951893
vt 0.655206 0.254821
vt 0.655205 0.256612
vt 0.629255 0.251601
vt 0.645092 0.246067
vt 0.655205 0.245932
vt 0.656350 0.242091
vt 0.657113 0.237443
vt 0.629254 0.256943
vt 0.650435 0.246067
vt 0.656350 0.258661
vt 0.653529 0.254821
vt 0.632689 0.253127
vt 0.653528 0.256612
vt 0.630933 0.253127
vt 0.648527 0.258661
vt 0.653529 0.245932
vt 0.654674 0.242091
vt 0.632688 0.247784
vt 0.630902 0.247784
vt 0.654862 0.237443
vt 0.654646 0.258661
vt 0.653870 0.258661
vt 0.655206 0.254821
vt 0.652916 0.274499
vt 0.628108 0.252173
vt 0.652916 0.274499
vt 0.656350 0.242091
vt 0.628108 0.256371
vt 0.653529 0.254821
vt 0.654592 0.274499
vt 0.631544 0.252554
vt 0.654593 0.274499
vt 0.654674 0.242091
vt 0.631544 0.248356
vt 0.658028 0.254821
vt 0.658027 0.256612
vt 0.629255 0.264195
vt 0.645092 0.258661
vt 0.658027 0.245932
vt 0.652383 0.262500
vt 0.652384 0.267149
vt 0.629254 0.269538
vt 0.650435 0.258661
vt 0.652384 0.245932
vt 0.656351 0.254821
vt 0.656350 0.256612
vt 0.632689 0.265721
vt 0.648527 0.271255
vt 0.656350 0.245932
vt 0.654060 0.262500
vt 0.632689 0.260378
vt 0.654060 0.267149
vt 0.654061 0.245932
vt 0.653870 0.271255
vt 0.658028 0.254821
vt 0.652384 0.264195
vt 0.628108 0.264767
vt 0.652384 0.264195
vt 0.652383 0.262500
vt 0.628108 0.268965
vt 0.656351 0.254821
vt 0.654061 0.264195
vt 0.631544 0.265148
vt 0.654061 0.264195
vt 0.654060 0.262500
vt 0.631544 0.260950
vt 0.655205 0.251656
vt 0.645092 0.251791
vt 0.655929 0.247784
vt 0.656404 0.251763
vt 0.650435 0.256943
vt 0.653655 0.247784
vt 0.654753 0.247784
vt 0.654584 0.247784
vt 0.653802 0.251763
vt 0.653529 0.251656
vt 0.648527 0.252936
vt 0.658027 0.251656
vt 0.645092 0.264385
vt 0.652384 0.256808
vt 0.652384 0.252830
vt 0.650435 0.269538
vt 0.654060 0.256808
vt 0.653870 0.260378
vt 0.654061 0.252830
vt 0.656350 0.251656
vt 0.648527 0.265530
vt 0.199219 0.310671
vt 0.189878 0.273015
vt 0.198891 0.264003
vt 0.199219 0.341673
vt 0.195312 0.310671
vt 0.186145 0.269282
vt 0.191406 0.310671
vt 0.186145 0.264003
vt 0.195158 0.260269
vt 0.195312 0.341673
vt 0.189878 0.260269
vt 0.191406 0.341673
vt 0.203125 0.310671
vt 0.187500 0.310671
vt 0.195158 0.273015
vt 0.191406 0.310671
vt 0.198891 0.269282
vt 0.198891 0.269282
vt 0.203125 0.341673
vt 0.187500 0.341673
vt 0.195158 0.273015
vt 0.191406 0.341673
vt 0.187500 0.310671
vt 0.203125 0.310671
vt 0.189878 0.260269
vt 0.195312 0.310671
vt 0.198891 0.264003
vt 0.199219 0.310671
vt 0.195158 0.260269
vt 0.189878 0.273015
vt 0.195312 0.341673
vt 0.186145 0.264003
vt 0.187500 0.341673
vt 0.203125 0.341673
vt 0.186145 0.269282
vt 0.199219 0.341673
vt 0.845044 0.951893
vt 0.821454 0.952790
vt 0.842182 0.951893
vt 0.845044 0.943130
vt 0.847906 0.978181
vt 0.827650 0.946594
vt 0.847906 0.969418
vt 0.836413 0.946594
vt 0.842182 0.943130
vt 0.845044 0.978181
vt 0.845044 0.969418
vt 0.845044 0.960655
vt 0.821454 0.961553
vt 0.845044 0.969418
vt 0.827650 0.967749
vt 0.842182 0.960655
vt 0.842182 0.969418
vt 0.847906 0.960655
vt 0.842609 0.952790
vt 0.847906 0.943130
vt 0.845044 0.978181
vt 0.836413 0.967749
vt 0.847906 0.951893
vt 0.842609 0.961553
vt 0.845044 0.943130
vt 0.842182 0.978181
vt 0.845044 0.960655
vt 0.845044 0.951893
vt 0.655206 0.254821
vt 0.655205 0.256612
vt 0.629255 0.251601
vt 0.645092 0.246067
vt 0.655205 0.245932
vt 0.656350 0.242091
vt 0.657113 0.237443
vt 0.629254 0.256943
vt 0.650435 0.246067
vt 0.656350 0.258661
vt 0.653529 0.254821
vt 0.632689 0.253127
vt 0.653528 0.256612
vt 0.630933 0.253127
vt 0.648527 0.258661
vt 0.653529 0.245932
vt 0.654674 0.242091
vt 0.632688 0.247784
vt 0.630902 0.247784
vt 0.654862 0.237443
vt 0.654646 0.258661
vt 0.653870 0.258661
vt 0.655206 0.254821
vt 0.652916 0.274499
vt 0.628108 0.252173
vt 0.652916 0.274499
vt 0.656350 0.242091
vt 0.628108 0.256371
vt 0.653529 0.254821
vt 0.654592 0.274499
vt 0.631544 0.252554
vt 0.654593 0.274499
vt 0.654674 0.242091
vt 0.631544 0.248356
vt 0.658028 0.254821
vt 0.658027 0.256612
vt 0.629255 0.264195
vt 0.645092 0.258661
vt 0.658027 0.245932
vt 0.652383 0.262500
vt 0.652384 0.267149
vt 0.629254 0.269538
vt 0.650435 0.258661
vt 0.652384 0.245932
vt 0.656351 0.254821
vt 0.656350 0.256612
vt 0.632689 0.265721
vt 0.648527 0.271255
vt 0.656350 0.245932
vt 0.654060 0.262500
vt 0.632689 0.260378
vt 0.654060 0.267149
vt 0.654061 0.245932
vt 0.653870 0.271255
vt 0.658028 0.254821
vt 0.652384 0.264195
vt 0.628108 0.264767
vt 0.652384 0.264195
vt 0.652383 0.262500
vt 0.628108 0.268965
vt 0.656351 0.254821
vt 0.654061 0.264195
vt 0.631544 0.265148
vt 0.654061 0.264195
vt 0.654060 0.262500
vt 0.631544 0.260950
vt 0.655205 0.251656
vt 0.645092 0.251791
vt 0.655929 0.247784
vt 0.656404 0.251763
vt 0.650435 0.256943
vt 0.653655 0.247784
vt 0.654753 0.247784
vt 0.654584 0.247784
vt 0.653802 0.251763
vt 0.653529 0.251656
vt 0.648527 0.252936
vt 0.658027 0.251656
vt 0.645092 0.264385
vt 0.652384 0.256808
vt 0.652384 0.252830
vt 0.650435 0.269538
vt 0.654060 0.256808
vt 0.653870 0.260378
vt 0.654061 0.252830
vt 0.656350 0.251656
vt 0.648527 0.265530
vt 0.845044 0.951893
vt 0.821454 0.952790
vt 0.842182 0.951893
vt 0.845044 0.943130
vt 0.847906 0.978181
vt 0.827650 0.946594
vt 0.847906 0.969418
vt 0.836413 0.946594
vt 0.842182 0.943130
vt 0.845044 0.978181
vt 0.845044 0.969418
vt 0.845044 0.960655
vt 0.821454 0.961553
vt 0.845044 0.969418
vt 0.827650 0.967749
vt 0.842182 0.960655
vt 0.842182 0.969418
vt 0.847906 0.960655
vt 0.842609 0.952790
vt 0.847906 0.943130
vt 0.845044 0.978181
vt 0.836413 0.967749
vt 0.847906 0.951893
vt 0.842609 0.961553
vt 0.845044 0.943130
vt 0.842182 0.978181
vt 0.845044 0.960655
vt 0.845044 0.951893
vt 0.655206 0.254821
vt 0.655205 0.256612
vt 0.629255 0.251601
vt 0.645092 0.246067
vt 0.655205 0.245932
vt 0.656350 0.242091
vt 0.657113 0.237443
vt 0.629254 0.256943
vt 0.650435 0.246067
vt 0.656350 0.258661
vt 0.653529 0.254821
vt 0.632689 0.253127
vt 0.653528 0.256612
vt 0.630933 0.253127
vt 0.648527 0.258661
vt 0.653529 0.245932
vt 0.654674 0.242091
vt 0.632688 0.247784
vt 0.630902 0.247784
vt 0.654862 0.237443
vt 0.654646 0.258661
vt 0.653870 0.258661
vt 0.655206 0.254821
vt 0.652916 0.274499
vt 0.628108 0.252173
vt 0.652916 0.274499
vt 0.656350 0.242091
vt 0.628108 0.256371
vt 0.653529 0.254821
vt 0.654592 0.274499
vt 0.631544 0.252554
vt 0.654593 0.274499
vt 0.654674 0.242091
vt 0.631544 0.248356
vt 0.658028 0.254821
vt 0.658027 0.256612
vt 0.629255 0.264195
vt 0.645092 0.258661
vt 0.658027 0.245932
vt 0.652383 0.262500
vt 0.652384 0.267149
vt 0.629254 0.269538
vt 0.650435 0.258661
vt 0.652384 0.245932
vt 0.656351 0.254821
vt 0.656350 0.256612
vt 0.632689 0.265721
vt 0.648527 0.271255
vt 0.656350 0.245932
vt 0.654060 0.262500
vt 0.632689 0.260378
vt 0.654060 0.267149
vt 0.654061 0.245932
vt 0.653870 0.271255
vt 0.658028 0.254821
vt 0.652384 0.264195
vt 0.628108 0.264767
vt 0.652384 0.264195
vt 0.652383 0.262500
vt 0.628108 0.268965
vt 0.656351 0.254821
vt 0.654061 0.264195
vt 0.631544 0.265148
vt 0.654061 0.264195
vt 0.654060 0.262500
vt 0.631544 0.260950
vt 0.655205 0.251656
vt 0.645092 0.251791
vt 0.655929 0.247784
vt 0.656404 0.251763
vt 0.650435 0.256943
vt 0.653655 0.247784
vt 0.654753 0.247784
vt 0.654584 0.247784
vt 0.653802 0.251763
vt 0.653529 0.251656
vt 0.648527 0.252936
vt 0.658027 0.251656
vt 0.645092 0.264385
vt 0.652384 0.256808
vt 0.652384 0.252830
vt 0.650435 0.269538
vt 0.654060 0.256808
vt 0.653870 0.260378
vt 0.654061 0.252830
vt 0.656350 0.251656
vt 0.648527 0.265530
vt 0.813794 0.905018
vt 0.790204 0.905915
vt 0.810932 0.905018
vt 0.813794 0.896255
vt 0.816656 0.931306
vt 0.796400 0.899719
vt 0.816656 0.922543
vt 0.805163 0.899719
vt 0.810932 0.896255
vt 0.813794 0.931306
vt 0.813794 0.922543
vt 0.813794 0.913780
vt 0.790204 0.914678
vt 0.813794 0.922543
vt 0.796400 0.920874
vt 0.810932 0.913780
vt 0.810932 0.922543
vt 0.816656 0.913780
vt 0.811359 0.905915
vt 0.816656 0.896255
vt 0.813794 0.931306
vt 0.805163 0.920874
vt 0.816656 0.905018
vt 0.811359 0.914678
vt 0.813794 0.896255
vt 0.810932 0.931306
vt 0.813794 0.913780
vt 0.813794 0.905018
vt 0.655205 0.257381
vt 0.655205 0.256954
vt 0.645092 0.257516
vt 0.645092 0.246067
vt 0.655205 0.245932
vt 0.656350 0.247212
vt 0.656350 0.247638
vt 0.650435 0.257516
vt 0.650435 0.246067
vt 0.656350 0.258661
vt 0.654061 0.257381
vt 0.654061 0.256954
vt 0.648527 0.247212
vt 0.648527 0.258661
vt 0.654061 0.245932
vt 0.655205 0.247212
vt 0.655205 0.247638
vt 0.653870 0.247212
vt 0.655205 0.258661
vt 0.653870 0.258661
vt 0.655205 0.258234
vt 0.652916 0.272209
vt 0.645665 0.258661
vt 0.652915 0.268011
vt 0.656350 0.246358
vt 0.649863 0.258661
vt 0.654061 0.258234
vt 0.654061 0.272209
vt 0.649099 0.246067
vt 0.654060 0.268011
vt 0.655205 0.246358
vt 0.653297 0.246067
vt 0.657495 0.257381
vt 0.657495 0.256954
vt 0.645092 0.270110
vt 0.645092 0.258661
vt 0.657495 0.245932
vt 0.652916 0.257381
vt 0.652916 0.256954
vt 0.650435 0.270110
vt 0.650435 0.258661
vt 0.652916 0.245932
vt 0.656350 0.257381
vt 0.656350 0.256954
vt 0.648527 0.259806
vt 0.648527 0.271255
vt 0.656350 0.245932
vt 0.654061 0.257381
vt 0.654061 0.256954
vt 0.653870 0.259806
vt 0.654061 0.245932
vt 0.653870 0.271255
vt 0.657495 0.258234
vt 0.652916 0.261905
vt 0.645665 0.271255
vt 0.652915 0.257707
vt 0.652916 0.258234
vt 0.649863 0.271255
vt 0.656350 0.258234
vt 0.654061 0.261905
vt 0.649099 0.258661
vt 0.654060 0.257707
vt 0.654061 0.258234
vt 0.653297 0.258661
vt 0.438707 0.329390
vt 0.493869 0.281354
vt 0.445953 0.322007
vt 0.493936 0.316548
vt 0.446049 0.322048
vt 0.503130 0.281264
vt 0.512442 0.281252
vt 0.456432 0.322048
vt 0.438611 0.329348
vt 0.503218 0.316506
vt 0.438611 0.339731
vt 0.512477 0.316450
vt 0.521576 0.281660
vt 0.438707 0.339773
vt 0.484635 0.281513
vt 0.512428 0.281493
vt 0.446049 0.347114
vt 0.456336 0.322007
vt 0.484615 0.316561
vt 0.521712 0.316370
vt 0.463677 0.329348
vt 0.512490 0.316463
vt 0.521725 0.281444
vt 0.484680 0.281106
vt 0.463773 0.329390
vt 0.503276 0.281371
vt 0.456432 0.347114
vt 0.494053 0.281230
vt 0.463773 0.339773
vt 0.463677 0.339731
vt 0.503251 0.316548
vt 0.445953 0.347073
vt 0.484629 0.316707
vt 0.521725 0.316385
vt 0.456336 0.347073
vt 0.493971 0.316631
vt 0.493980 0.294127
vt 0.493991 0.290998
vt 0.493950 0.287863
vt 0.512358 0.287798
vt 0.512309 0.290946
vt 0.512360 0.294089
vt 0.503153 0.287798
vt 0.503139 0.290960
vt 0.503170 0.294117
vt 0.503167 0.294154
vt 0.503201 0.291005
vt 0.503201 0.287859
vt 0.493997 0.287788
vt 0.494018 0.290958
vt 0.493961 0.294120
vt 0.484646 0.287798
vt 0.521590 0.287995
vt 0.485158 0.290913
vt 0.521042 0.290997
vt 0.484629 0.294027
vt 0.521567 0.294008
vt 0.521486 0.294058
vt 0.484734 0.294052
vt 0.520942 0.291076
vt 0.485273 0.291031
vt 0.521458 0.288116
vt 0.484747 0.288029
vt 0.512327 0.287938
vt 0.512298 0.291041
vt 0.512326 0.294151
vt 0.490234 0.900391
vt 0.496153 0.546893
vt 0.490234 0.701172
vt 0.496153 0.614826
vt 0.490234 0.767578
vt 0.490234 0.900391
vt 0.705019 0.546893
vt 0.490234 0.701172
vt 0.705019 0.614826
vt 0.490234 0.701172
vt 0.490234 0.767578
vt 0.490234 0.541016
vt 0.490234 0.691406
vt 0.710938 0.691406
vt 0.480469 0.701172
vt 0.710938 0.541016
vt 0.501953 0.632812
vt 0.490234 0.620703
vt 0.701172 0.632812
vt 0.480469 0.780859
vt 0.710938 0.620703
vt 0.452734 0.900391
vt 0.496153 0.546893
vt 0.452734 0.701172
vt 0.496153 0.614826
vt 0.452734 0.767578
vt 0.452734 0.900391
vt 0.705019 0.546893
vt 0.452734 0.701172
vt 0.705019 0.614826
vt 0.452734 0.701172
vt 0.452734 0.767578
vt 0.165932 0.243457
vt 0.167885 0.223710
vt 0.152675 0.243457
vt 0.165932 0.248002
vt 0.167885 0.223710
vt 0.152675 0.248002
vt 0.167826 0.243457
vt 0.167885 0.238861
vt 0.165932 0.243457
vt 0.167826 0.248002
vt 0.167885 0.238861
vt 0.165932 0.248002
vt 0.152675 0.243457
vt 0.168205 0.243457
vt 0.170158 0.223710
vt 0.152675 0.248002
vt 0.168205 0.248002
vt 0.170158 0.223710
vt 0.167826 0.243457
vt 0.168205 0.243457
vt 0.170158 0.238861
vt 0.170158 0.238861
vt 0.167826 0.248002
vt 0.168205 0.248002
vt 0.170916 0.231286
vt 0.160250 0.243457
vt 0.170916 0.231286
vt 0.160250 0.248002
vt 0.173188 0.231286
vt 0.160250 0.243457
vt 0.173188 0.231286
vt 0.160250 0.248002
vt 0.165932 0.243457
vt 0.167885 0.241134
vt 0.167885 0.241134
vt 0.165932 0.248002
vt 0.156841 0.243457
vt 0.158794 0.223710
vt 0.152675 0.243457
vt 0.156841 0.248002
vt 0.158794 0.223710
vt 0.152675 0.248002
vt 0.167826 0.243457
vt 0.158794 0.238861
vt 0.156841 0.243457
vt 0.167826 0.248002
vt 0.158794 0.238861
vt 0.156841 0.248002
vt 0.152675 0.243457
vt 0.154568 0.243457
vt 0.156522 0.223710
vt 0.152675 0.248002
vt 0.154568 0.248002
vt 0.156522 0.223710
vt 0.167826 0.243457
vt 0.156522 0.238861
vt 0.156522 0.238861
vt 0.167826 0.248002
vt 0.155764 0.231286
vt 0.160250 0.243457
vt 0.155764 0.231286
vt 0.160250 0.248002
vt 0.153491 0.231286
vt 0.160250 0.243457
vt 0.153491 0.231286
vt 0.160250 0.248002
vt 0.170099 0.243457
vt 0.158794 0.241134
vt 0.170099 0.248002
vt 0.158794 0.241134
vt 0.165932 0.243463
vt 0.167885 0.223710
vt 0.152675 0.243463
vt 0.165932 0.248008
vt 0.167885 0.223710
vt 0.152675 0.248008
vt 0.167826 0.243463
vt 0.167885 0.238861
vt 0.165932 0.243463
vt 0.167826 0.248008
vt 0.167885 0.238861
vt 0.165932 0.248008
vt 0.152675 0.243463
vt 0.168205 0.243463
vt 0.170158 0.223710
vt 0.152675 0.248008
vt 0.168205 0.248008
vt 0.170158 0.223710
vt 0.167826 0.243463
vt 0.168205 0.243463
vt 0.170158 0.238861
vt 0.170158 0.238861
vt 0.167826 0.248008
vt 0.168205 0.248008
vt 0.170916 0.231286
vt 0.160250 0.243463
vt 0.170916 0.231286
vt 0.160250 0.248008
vt 0.173188 0.231286
vt 0.160250 0.243463
vt 0.173188 0.231286
vt 0.160250 0.248008
vt 0.167885 0.241134
vt 0.165932 0.243463
vt 0.167885 0.241134
vt 0.165932 0.248008
vt 0.156841 0.243463
vt 0.158794 0.223710
vt 0.152675 0.243463
vt 0.156841 0.248008
vt 0.158794 0.223710
vt 0.152675 0.248008
vt 0.167826 0.243463
vt 0.158794 0.238861
vt 0.156841 0.243463
vt 0.167826 0.248008
vt 0.158794 0.238861
vt 0.156841 0.248008
vt 0.152675 0.243463
vt 0.154568 0.243463
vt 0.156522 0.223710
vt 0.152675 0.248008
vt 0.154568 0.248008
vt 0.156522 0.223710
vt 0.167826 0.243463
vt 0.156522 0.238861
vt 0.156522 0.238861
vt 0.167826 0.248008
vt 0.155764 0.231286
vt 0.160250 0.243463
vt 0.155764 0.231286
vt 0.160250 0.248008
vt 0.153491 0.231286
vt 0.160250 0.243463
vt 0.153491 0.231286
vt 0.160250 0.248008
vt 0.158794 0.241134
vt 0.170099 0.243463
vt 0.158794 0.241134
vt 0.170099 0.248008
vt 0.167885 0.248710
vt 0.162144 0.248002
vt 0.162144 0.243457
vt 0.167885 0.248710
vt 0.173887 0.248002
vt 0.158794 0.248710
vt 0.173887 0.243457
vt 0.158794 0.248710
vt 0.167885 0.248710
vt 0.162144 0.248008
vt 0.167885 0.248710
vt 0.162144 0.243463
vt 0.158794 0.248710
vt 0.173887 0.248008
vt 0.158794 0.248710
vt 0.173887 0.243463
vt 0.165932 0.243457
vt 0.167885 0.223710
vt 0.152675 0.243457
vt 0.165932 0.248002
vt 0.167885 0.223710
vt 0.152675 0.248002
vt 0.167826 0.243457
vt 0.167885 0.238861
vt 0.165932 0.243457
vt 0.167826 0.248002
vt 0.167885 0.238861
vt 0.165932 0.248002
vt 0.152675 0.243457
vt 0.168205 0.243457
vt 0.170158 0.223710
vt 0.152675 0.248002
vt 0.168205 0.248002
vt 0.170158 0.223710
vt 0.167826 0.243457
vt 0.168205 0.243457
vt 0.170158 0.238861
vt 0.170158 0.238861
vt 0.167826 0.248002
vt 0.168205 0.248002
vt 0.170916 0.231286
vt 0.160250 0.243457
vt 0.170916 0.231286
vt 0.160250 0.248002
vt 0.173188 0.231286
vt 0.160250 0.243457
vt 0.173188 0.231286
vt 0.160250 0.248002
vt 0.165932 0.243457
vt 0.167885 0.241134
vt 0.167885 0.241134
vt 0.165932 0.248002
vt 0.156841 0.243457
vt 0.158794 0.223710
vt 0.152675 0.243457
vt 0.156841 0.248002
vt 0.158794 0.223710
vt 0.152675 0.248002
vt 0.167826 0.243457
vt 0.158794 0.238861
vt 0.156841 0.243457
vt 0.167826 0.248002
vt 0.158794 0.238861
vt 0.156841 0.248002
vt 0.152675 0.243457
vt 0.154568 0.243457
vt 0.156522 0.223710
vt 0.152675 0.248002
vt 0.154568 0.248002
vt 0.156522 0.223710
vt 0.167826 0.243457
vt 0.156522 0.238861
vt 0.156522 0.238861
vt 0.167826 0.248002
vt 0.155764 0.231286
vt 0.160250 0.243457
vt 0.155764 0.231286
vt 0.160250 0.248002
vt 0.153491 0.231286
vt 0.160250 0.243457
vt 0.153491 0.231286
vt 0.160250 0.248002
vt 0.170099 0.243457
vt 0.158794 0.241134
vt 0.170099 0.248002
vt 0.158794 0.241134
vt 0.165932 0.243463
vt 0.167885 0.223710
vt 0.152675 0.243463
vt 0.165932 0.248008
vt 0.167885 0.223710
vt 0.152675 0.248008
vt 0.167826 0.243463
vt 0.167885 0.238861
vt 0.165932 0.243463
vt 0.167826 0.248008
vt 0.167885 0.238861
vt 0.165932 0.248008
vt 0.152675 0.243463
vt 0.168205 0.243463
vt 0.170158 0.223710
vt 0.152675 0.248008
vt 0.168205 0.248008
vt 0.170158 0.223710
vt 0.167826 0.243463
vt 0.168205 0.243463
vt 0.170158 0.238861
vt 0.170158 0.238861
vt 0.167826 0.248008
vt 0.168205 0.248008
vt 0.170916 0.231286
vt 0.160250 0.243463
vt 0.170916 0.231286
vt 0.160250 0.248008
vt 0.173188 0.231286
vt 0.160250 0.243463
vt 0.173188 0.231286
vt 0.160250 0.248008
vt 0.167885 0.241134
vt 0.165932 0.243463
vt 0.167885 0.241134
vt 0.165932 0.248008
vt 0.156841 0.243463
vt 0.158794 0.223710
vt 0.152675 0.243463
vt 0.156841 0.248008
vt 0.158794 0.223710
vt 0.152675 0.248008
vt 0.167826 0.243463
vt 0.158794 0.238861
vt 0.156841 0.243463
vt 0.167826 0.248008
vt 0.158794 0.238861
vt 0.156841 0.248008
vt 0.152675 0.243463
vt 0.154568 0.243463
vt 0.156522 0.223710
vt 0.152675 0.248008
vt 0.154568 0.248008
vt 0.156522 0.223710
vt 0.167826 0.243463
vt 0.156522 0.238861
vt 0.156522 0.238861
vt 0.167826 0.248008
vt 0.155764 0.231286
vt 0.160250 0.243463
vt 0.155764 0.231286
vt 0.160250 0.248008
vt 0.153491 0.231286
vt 0.160250 0.243463
vt 0.153491 0.231286
vt 0.160250 0.248008
vt 0.158794 0.241134
vt 0.170099 0.243463
vt 0.158794 0.241134
vt 0.170099 0.248008
vt 0.167885 0.248710
vt 0.162144 0.248002
vt 0.162144 0.243457
vt 0.167885 0.248710
vt 0.173887 0.248002
vt 0.158794 0.248710
vt 0.173887 0.243457
vt 0.158794 0.248710
vt 0.167885 0.248710
vt 0.162144 0.248008
vt 0.167885 0.248710
vt 0.162144 0.243463
vt 0.158794 0.248710
vt 0.173887 0.248008
vt 0.158794 0.248710
vt 0.173887 0.243463
vt 0.165932 0.243457
vt 0.167885 0.223710
vt 0.152675 0.243457
vt 0.165932 0.248002
vt 0.167885 0.223710
vt 0.152675 0.248002
vt 0.167826 0.243457
vt 0.167885 0.238861
vt 0.165932 0.243457
vt 0.167826 0.248002
vt 0.167885 0.238861
vt 0.165932 0.248002
vt 0.152675 0.243457
vt 0.168205 0.243457
vt 0.170158 0.223710
vt 0.152675 0.248002
vt 0.168205 0.248002
vt 0.170158 0.223710
vt 0.167826 0.243457
vt 0.168205 0.243457
vt 0.170158 0.238861
vt 0.170158 0.238861
vt 0.167826 0.248002
vt 0.168205 0.248002
vt 0.170916 0.231286
vt 0.160250 0.243457
vt 0.170916 0.231286
vt 0.160250 0.248002
vt 0.173188 0.231286
vt 0.160250 0.243457
vt 0.173188 0.231286
vt 0.160250 0.248002
vt 0.165932 0.243457
vt 0.167885 0.241134
vt 0.167885 0.241134
vt 0.165932 0.248002
vt 0.156841 0.243457
vt 0.158794 0.223710
vt 0.152675 0.243457
vt 0.156841 0.248002
vt 0.158794 0.223710
vt 0.152675 0.248002
vt 0.167826 0.243457
vt 0.158794 0.238861
vt 0.156841 0.243457
vt 0.167826 0.248002
vt 0.158794 0.238861
vt 0.156841 0.248002
vt 0.152675 0.243457
vt 0.154568 0.243457
vt 0.156522 0.223710
vt 0.152675 0.248002
vt 0.154568 0.248002
vt 0.156522 0.223710
vt 0.167826 0.243457
vt 0.156522 0.238861
vt 0.156522 0.238861
vt 0.167826 0.248002
vt 0.155764 0.231286
vt 0.160250 0.243457
vt 0.155764 0.231286
vt 0.160250 0.248002
vt 0.153491 0.231286
vt 0.160250 0.243457
vt 0.153491 0.231286
vt 0.160250 0.248002
vt 0.170099 0.243457
vt 0.158794 0.241134
vt 0.170099 0.248002
vt 0.158794 0.241134
vt 0.165932 0.243463
vt 0.167885 0.223710
vt 0.152675 0.243463
vt 0.165932 0.248008
vt 0.167885 0.223710
vt 0.152675 0.248008
vt 0.167826 0.243463
vt 0.167885 0.238861
vt 0.165932 0.243463
vt 0.167826 0.248008
vt 0.167885 0.238861
vt 0.165932 0.248008
vt 0.152675 0.243463
vt 0.168205 0.243463
vt 0.170158 0.223710
vt 0.152675 0.248008
vt 0.168205 0.248008
vt 0.170158 0.223710
vt 0.167826 0.243463
vt 0.168205 0.243463
vt 0.170158 0.238861
vt 0.170158 0.238861
vt 0.167826 0.248008
vt 0.168205 0.248008
vt 0.170916 0.231286
vt 0.160250 0.243463
vt 0.170916 0.231286
vt 0.160250 0.248008
vt 0.173188 0.231286
vt 0.160250 0.243463
vt 0.173188 0.231286
vt 0.160250 0.248008
vt 0.167885 0.241134
vt 0.165932 0.243463
vt 0.167885 0.241134
vt 0.165932 0.248008
vt 0.156841 0.243463
vt 0.158794 0.223710
vt 0.152675 0.243463
vt 0.156841 0.248008
vt 0.158794 0.223710
vt 0.152675 0.248008
vt 0.167826 0.243463
vt 0.158794 0.238861
vt 0.156841 0.243463
vt 0.167826 0.248008
vt 0.158794 0.238861
vt 0.156841 0.248008
vt 0.152675 0.243463
vt 0.154568 0.243463
vt 0.156522 0.223710
vt 0.152675 0.248008
vt 0.154568 0.248008
vt 0.156522 0.223710
vt 0.167826 0.243463
vt 0.156522 0.238861
vt 0.156522 0.238861
vt 0.167826 0.248008
vt 0.155764 0.231286
vt 0.160250 0.243463
vt 0.155764 0.231286
vt 0.160250 0.248008
vt 0.153491 0.231286
vt 0.160250 0.243463
vt 0.153491 0.231286
vt 0.160250 0.248008
vt 0.158794 0.241134
vt 0.170099 0.243463
vt 0.158794 0.241134
vt 0.170099 0.248008
vt 0.167885 0.248710
vt 0.162144 0.248002
vt 0.162144 0.243457
vt 0.167885 0.248710
vt 0.173887 0.248002
vt 0.158794 0.248710
vt 0.173887 0.243457
vt 0.158794 0.248710
vt 0.167885 0.248710
vt 0.162144 0.248008
vt 0.167885 0.248710
vt 0.162144 0.243463
vt 0.158794 0.248710
vt 0.173887 0.248008
vt 0.158794 0.248710
vt 0.173887 0.243463
vt 0.165932 0.243457
vt 0.167885 0.223710
vt 0.152675 0.243457
vt 0.165932 0.248002
vt 0.167885 0.223710
vt 0.152675 0.248002
vt 0.167826 0.243457
vt 0.167885 0.238861
vt 0.165932 0.243457
vt 0.167826 0.248002
vt 0.167885 0.238861
vt 0.165932 0.248002
vt 0.152675 0.243457
vt 0.168205 0.243457
vt 0.170158 0.223710
vt 0.152675 0.248002
vt 0.168205 0.248002
vt 0.170158 0.223710
vt 0.167826 0.243457
vt 0.168205 0.243457
vt 0.170158 0.238861
vt 0.170158 0.238861
vt 0.167826 0.248002
vt 0.168205 0.248002
vt 0.170916 0.231286
vt 0.160250 0.243457
vt 0.170916 0.231286
vt 0.160250 0.248002
vt 0.173188 0.231286
vt 0.160250 0.243457
vt 0.173188 0.231286
vt 0.160250 0.248002
vt 0.165932 0.243457
vt 0.167885 0.241134
vt 0.167885 0.241134
vt 0.165932 0.248002
vt 0.156841 0.243457
vt 0.158794 0.223710
vt 0.152675 0.243457
vt 0.156841 0.248002
vt 0.158794 0.223710
vt 0.152675 0.248002
vt 0.167826 0.243457
vt 0.158794 0.238861
vt 0.156841 0.243457
vt 0.167826 0.248002
vt 0.158794 0.238861
vt 0.156841 0.248002
vt 0.152675 0.243457
vt 0.154568 0.243457
vt 0.156522 0.223710
vt 0.152675 0.248002
vt 0.154568 0.248002
vt 0.156522 0.223710
vt 0.167826 0.243457
vt 0.156522 0.238861
vt 0.156522 0.238861
vt 0.167826 0.248002
vt 0.155764 0.231286
vt 0.160250 0.243457
vt 0.155764 0.231286
vt 0.160250 0.248002
vt 0.153491 0.231286
vt 0.160250 0.243457
vt 0.153491 0.231286
vt 0.160250 0.248002
vt 0.170099 0.243457
vt 0.158794 0.241134
vt 0.170099 0.248002
vt 0.158794 0.241134
vt 0.165932 0.243463
vt 0.167885 0.223710
vt 0.152675 0.243463
vt 0.165932 0.248008
vt 0.167885 0.223710
vt 0.152675 0.248008
vt 0.167826 0.243463
vt 0.167885 0.238861
vt 0.165932 0.243463
vt 0.167826 0.248008
vt 0.167885 0.238861
vt 0.165932 0.248008
vt 0.152675 0.243463
vt 0.168205 0.243463
vt 0.170158 0.223710
vt 0.152675 0.248008
vt 0.168205 0.248008
vt 0.170158 0.223710
vt 0.167826 0.243463
vt 0.168205 0.243463
vt 0.170158 0.238861
vt 0.170158 0.238861
vt 0.167826 0.248008
vt 0.168205 0.248008
vt 0.170916 0.231286
vt 0.160250 0.243463
vt 0.170916 0.231286
vt 0.160250 0.248008
vt 0.173188 0.231286
vt 0.160250 0.243463
vt 0.173188 0.231286
vt 0.160250 0.248008
vt 0.167885 0.241134
vt 0.165932 0.243463
vt 0.167885 0.241134
vt 0.165932 0.248008
vt 0.156841 0.243463
vt 0.158794 0.223710
vt 0.152675 0.243463
vt 0.156841 0.248008
vt 0.158794 0.223710
vt 0.152675 0.248008
vt 0.167826 0.243463
vt 0.158794 0.238861
vt 0.156841 0.243463
vt 0.167826 0.248008
vt 0.158794 0.238861
vt 0.156841 0.248008
vt 0.152675 0.243463
vt 0.154568 0.243463
vt 0.156522 0.223710
vt 0.152675 0.248008
vt 0.154568 0.248008
vt 0.156522 0.223710
vt 0.167826 0.243463
vt 0.156522 0.238861
vt 0.156522 0.238861
vt 0.167826 0.248008
vt 0.155764 0.231286
vt 0.160250 0.243463
vt 0.155764 0.231286
vt 0.160250 0.248008
vt 0.153491 0.231286
vt 0.160250 0.243463
vt 0.153491 0.231286
vt 0.160250 0.248008
vt 0.158794 0.241134
vt 0.170099 0.243463
vt 0.158794 0.241134
vt 0.170099 0.248008
vt 0.167885 0.248710
vt 0.162144 0.248002
vt 0.162144 0.243457
vt 0.167885 0.248710
vt 0.173887 0.248002
vt 0.158794 0.248710
vt 0.173887 0.243457
vt 0.158794 0.248710
vt 0.167885 0.248710
vt 0.162144 0.248008
vt 0.167885 0.248710
vt 0.162144 0.243463
vt 0.158794 0.248710
vt 0.173887 0.248008
vt 0.158794 0.248710
vt 0.173887 0.243463
vt 0.861625 0.948268
vt 0.865741 0.948268
vt 0.861625 0.952685
vt 0.864292 0.945601
vt 0.864292 0.952685
vt 0.864292 0.969601
vt 0.864292 0.952685
vt 0.861625 0.966934
vt 0.865741 0.966934
vt 0.861625 0.952685
vt 0.864292 0.961219
vt 0.874274 0.948268
vt 0.861625 0.961219
vt 0.874274 0.966934
vt 0.861625 0.961219
vt 0.864292 0.961219
vt 0.874958 0.945601
vt 0.874958 0.952685
vt 0.877625 0.948268
vt 0.865741 0.948268
vt 0.877625 0.952685
vt 0.877625 0.966934
vt 0.865741 0.966934
vt 0.877625 0.952685
vt 0.874958 0.969601
vt 0.874958 0.952685
vt 0.874274 0.948268
vt 0.877625 0.961219
vt 0.874958 0.961219
vt 0.874958 0.961219
vt 0.874274 0.966934
vt 0.877625 0.961219
vt 0.450919 0.220703
vt 0.453549 0.220703
vt 0.448705 0.215357
vt 0.453549 0.215357
vt 0.453549 0.226049
vt 0.448705 0.226049
vt 0.453549 0.226049
vt 0.443359 0.213143
vt 0.453549 0.220703
vt 0.438014 0.215357
vt 0.453549 0.215357
vt 0.435799 0.220703
vt 0.453549 0.220703
vt 0.443359 0.228263
vt 0.453549 0.220703
vt 0.438014 0.226049
vt 0.453549 0.215357
vt 0.453549 0.226049
vt 0.456573 0.220703
vt 0.456573 0.215357
vt 0.456573 0.226049
vt 0.456573 0.226049
vt 0.456573 0.220703
vt 0.456573 0.215357
vt 0.456573 0.220703
vt 0.456573 0.220703
vt 0.456573 0.215357
vt 0.456573 0.226049
vt 0.861625 0.948268
vt 0.865741 0.948268
vt 0.861625 0.952685
vt 0.864292 0.945601
vt 0.864292 0.952685
vt 0.864292 0.969601
vt 0.864292 0.952685
vt 0.861625 0.966934
vt 0.865741 0.966934
vt 0.861625 0.952685
vt 0.864292 0.961219
vt 0.874274 0.948268
vt 0.861625 0.961219
vt 0.874274 0.966934
vt 0.861625 0.961219
vt 0.864292 0.961219
vt 0.874958 0.945601
vt 0.874958 0.952685
vt 0.877625 0.948268
vt 0.865741 0.948268
vt 0.877625 0.952685
vt 0.877625 0.966934
vt 0.865741 0.966934
vt 0.877625 0.952685
vt 0.874958 0.969601
vt 0.874958 0.952685
vt 0.874274 0.948268
vt 0.877625 0.961219
vt 0.874958 0.961219
vt 0.874958 0.961219
vt 0.874274 0.966934
vt 0.877625 0.961219
vt 0.450919 0.220703
vt 0.453549 0.220703
vt 0.448705 0.215357
vt 0.453549 0.215357
vt 0.453549 0.226049
vt 0.448705 0.226049
vt 0.453549 0.226049
vt 0.443359 0.213143
vt 0.453549 0.220703
vt 0.438014 0.215357
vt 0.453549 0.215357
vt 0.435799 0.220703
vt 0.453549 0.220703
vt 0.443359 0.228263
vt 0.453549 0.220703
vt 0.438014 0.226049
vt 0.453549 0.215357
vt 0.453549 0.226049
vt 0.456573 0.220703
vt 0.456573 0.215357
vt 0.456573 0.226049
vt 0.456573 0.226049
vt 0.456573 0.220703
vt 0.456573 0.215357
vt 0.456573 0.220703
vt 0.456573 0.220703
vt 0.456573 0.215357
vt 0.456573 0.226049
vt 0.861625 0.948268
vt 0.865741 0.948268
vt 0.861625 0.952685
vt 0.864292 0.945601
vt 0.864292 0.952685
vt 0.864292 0.969601
vt 0.864292 0.952685
vt 0.861625 0.966934
vt 0.865741 0.966934
vt 0.861625 0.952685
vt 0.864292 0.961219
vt 0.874274 0.948268
vt 0.861625 0.961219
vt 0.874274 0.966934
vt 0.861625 0.961219
vt 0.864292 0.961219
vt 0.874958 0.945601
vt 0.874958 0.952685
vt 0.877625 0.948268
vt 0.865741 0.948268
vt 0.877625 0.952685
vt 0.877625 0.966934
vt 0.865741 0.966934
vt 0.877625 0.952685
vt 0.874958 0.969601
vt 0.874958 0.952685
vt 0.874274 0.948268
vt 0.877625 0.961219
vt 0.874958 0.961219
vt 0.874958 0.961219
vt 0.874274 0.966934
vt 0.877625 0.961219
vt 0.450919 0.220703
vt 0.453549 0.220703
vt 0.448705 0.215357
vt 0.453549 0.215357
vt 0.453549 0.226049
vt 0.448705 0.226049
vt 0.453549 0.226049
vt 0.443359 0.213143
vt 0.453549 0.220703
vt 0.438014 0.215357
vt 0.453549 0.215357
vt 0.435799 0.220703
vt 0.453549 0.220703
vt 0.443359 0.228263
vt 0.453549 0.220703
vt 0.438014 0.226049
vt 0.453549 0.215357
vt 0.453549 0.226049
vt 0.456573 0.220703
vt 0.456573 0.215357
vt 0.456573 0.226049
vt 0.456573 0.226049
vt 0.456573 0.220703
vt 0.456573 0.215357
vt 0.456573 0.220703
vt 0.456573 0.220703
vt 0.456573 0.215357
vt 0.456573 0.226049
vt 0.861625 0.948268
vt 0.865741 0.948268
vt 0.861625 0.952685
vt 0.864292 0.945601
vt 0.864292 0.952685
vt 0.864292 0.969601
vt 0.864292 0.952685
vt 0.861625 0.966934
vt 0.865741 0.966934
vt 0.861625 0.952685
vt 0.864292 0.961219
vt 0.874274 0.948268
vt 0.861625 0.961219
vt 0.874274 0.966934
vt 0.861625 0.961219
vt 0.864292 0.961219
vt 0.874958 0.945601
vt 0.874958 0.952685
vt 0.877625 0.948268
vt 0.865741 0.948268
vt 0.877625 0.952685
vt 0.877625 0.966934
vt 0.865741 0.966934
vt 0.877625 0.952685
vt 0.874958 0.969601
vt 0.874958 0.952685
vt 0.874274 0.948268
vt 0.877625 0.961219
vt 0.874958 0.961219
vt 0.874958 0.961219
vt 0.874274 0.966934
vt 0.877625 0.961219
vt 0.450919 0.220703
vt 0.453549 0.220703
vt 0.448705 0.215357
vt 0.453549 0.215357
vt 0.453549 0.226049
vt 0.448705 0.226049
vt 0.453549 0.226049
vt 0.443359 0.213143
vt 0.453549 0.220703
vt 0.438014 0.215357
vt 0.453549 0.215357
vt 0.435799 0.220703
vt 0.453549 0.220703
vt 0.443359 0.228263
vt 0.453549 0.220703
vt 0.438014 0.226049
vt 0.453549 0.215357
vt 0.453549 0.226049
vt 0.456573 0.220703
vt 0.456573 0.215357
vt 0.456573 0.226049
vt 0.456573 0.226049
vt 0.456573 0.220703
vt 0.456573 0.215357
vt 0.456573 0.220703
vt 0.456573 0.220703
vt 0.456573 0.215357
vt 0.456573 0.226049
vt 0.437500 0.716797
vt 0.679688 0.937500
vt 0.437500 0.783203
vt 0.601562 0.937500
vt 0.468750 0.716797
vt 0.468750 0.783203
vt 0.437500 0.716797
vt 0.679688 0.943359
vt 0.437500 0.783203
vt 0.601562 0.943359
vt 0.468750 0.716797
vt 0.468750 0.783203
vt 0.437500 0.716797
vt 0.679688 0.937500
vt 0.437500 0.783203
vt 0.601562 0.937500
vt 0.468750 0.716797
vt 0.468750 0.783203
vt 0.437500 0.716797
vt 0.679688 0.943359
vt 0.437500 0.783203
vt 0.601562 0.943359
vt 0.468750 0.716797
vt 0.468750 0.783203
vt 0.437500 0.716797
vt 0.679688 0.937500
vt 0.437500 0.783203
vt 0.601562 0.937500
vt 0.468750 0.716797
vt 0.468750 0.783203
vt 0.437500 0.716797
vt 0.679688 0.943359
vt 0.437500 0.783203
vt 0.601562 0.943359
vt 0.468750 0.716797
vt 0.468750 0.783203
vt 0.437500 0.716797
vt 0.679688 0.937500
vt 0.437500 0.783203
vt 0.601562 0.937500
vt 0.468750 0.716797
vt 0.468750 0.783203
vt 0.437500 0.716797
vt 0.679688 0.943359
vt 0.437500 0.783203
vt 0.601562 0.943359
vt 0.468750 0.716797
vt 0.468750 0.783203
vt 0.437500 0.716797
vt 0.679688 0.937500
vt 0.437500 0.783203
vt 0.601562 0.937500
vt 0.468750 0.716797
vt 0.468750 0.783203
vt 0.437500 0.716797
vt 0.679688 0.943359
vt 0.437500 0.783203
vt 0.601562 0.943359
vt 0.468750 0.716797
vt 0.468750 0.783203
s 0
usemtl electronics_etx_part_2
f 315/634/2 20/54/2 19/51/2 216/428/2
f 18/48/2 17/45/2 86/171/2 87/174/2
f 90/183/5 17/46/5 216/429/5 215/423/5
f 18/49/5 91/186/5 314/630/5 315/635/5
f 91/186/5 90/183/5 215/423/5 314/630/5
f 17/46/5 18/49/5 315/635/5 216/429/5
f 128/251/5 92/189/5 87/175/5 127/250/5
f 127/250/5 87/175/5 86/172/5 85/168/5 92/189/5 128/251/5 125/248/5 126/249/5
f 91/187/4 18/50/4 87/176/4 92/190/4
f 17/47/3 90/184/3 85/169/3 86/173/3
f 215/424/1 1989/4344/1 749/1515/1 314/631/1
f 749/1516/5 1989/4345/5 1988/4339/5 748/1511/5
f 1988/4340/1 222/447/1 322/655/1 748/1512/1
f 91/188/1 92/191/1 85/170/1 90/185/1
f 216/430/2 19/52/2 147/302/2 214/420/2
f 1989/4347/4 148/304/4 19/53/4 216/431/4 215/425/4
f 146/299/2 145/296/2 218/436/2 219/439/2
f 224/453/5 145/297/5 214/421/5 213/417/5
f 146/300/5 225/456/5 215/426/5 216/432/5
f 225/456/5 224/453/5 213/417/5 215/426/5
f 145/297/5 146/300/5 216/432/5 214/421/5
f 262/521/5 226/459/5 219/440/5 261/520/5
f 261/520/5 219/440/5 218/437/5 217/433/5 226/459/5 262/521/5 259/518/5 260/519/5
f 225/457/4 146/301/4 219/441/4 226/460/4
f 145/298/3 224/454/3 217/434/3 218/438/3
f 213/418/1 223/450/1 1989/4346/1 215/427/1
f 220/442/1 221/445/1 222/448/1 1988/4341/1
f 1988/4342/4 222/449/4 148/304/4 1989/4347/4
f 225/458/1 226/461/1 217/435/1 224/455/1
f 317/641/2 281/572/2 20/55/2 315/636/2
f 213/419/3 214/422/3 147/303/3 223/451/3
f 280/569/2 279/566/2 319/647/2 320/650/2
f 325/662/5 279/567/5 315/637/5 314/632/5
f 280/570/5 326/665/5 316/638/5 317/642/5
f 326/665/5 325/662/5 314/632/5 316/638/5
f 279/567/5 280/570/5 317/642/5 315/637/5
f 363/730/5 327/668/5 320/651/5 362/729/5
f 362/729/5 320/651/5 319/648/5 318/644/5 327/668/5 363/730/5 360/727/5 361/728/5
f 326/666/4 280/571/4 320/652/4 327/669/4
f 279/568/3 325/663/3 318/645/3 319/649/3
f 314/633/1 749/1517/1 751/1522/1 316/639/1
f 88/177/2 321/654/2 754/1532/2 752/1525/2
f 748/1513/1 322/656/1 323/657/1 750/1519/1
f 147/303/3 221/446/3 220/443/3 223/451/3
f 326/667/1 327/670/1 318/646/1 325/664/1
f 316/640/4 751/1523/4 281/573/4 317/643/4
f 750/1520/4 323/658/4 281/573/4 751/1523/4
s 1
f 616/1146/109 617/1149/103 649/1238/103 648/1235/109
f 621/1161/1 632/1187/1 633/1190/104 610/1132/104
f 610/1133/104 633/1191/104 636/1199/107 611/1134/107
f 611/1135/107 636/1200/107 630/1181/3 609/1130/3
f 635/1196/2 624/1167/2 613/1138/109 634/1193/109
f 634/1194/109 613/1139/109 612/1136/103 631/1184/103
f 631/1185/103 612/1137/103 609/1131/3 630/1182/3
f 632/1188/1 621/1162/1 623/1165/108 637/1202/108
f 637/1203/108 623/1166/108 622/1163/106 638/1205/106
f 638/1206/106 622/1164/106 625/1169/4 629/1178/4
f 624/1168/2 635/1197/2 639/1208/105 626/1171/105
f 626/1172/105 639/1209/105 628/1175/102 627/1173/102
f 627/1174/102 628/1176/102 629/1179/4 625/1170/4
f 619/1155/5 615/1143/5 629/1180/5 628/1177/5
f 604/1115/5 608/1127/5 631/1186/5 630/1183/5
f 614/1140/5 606/1121/5 633/1192/5 632/1189/5
f 607/1124/5 618/1152/5 635/1198/5 634/1195/5
f 606/1121/5 605/1118/5 636/1201/5 633/1192/5
f 605/1118/5 604/1115/5 630/1183/5 636/1201/5
f 608/1127/5 607/1124/5 634/1195/5 631/1186/5
f 616/1147/5 614/1140/5 632/1189/5 637/1204/5
f 617/1150/5 616/1147/5 637/1204/5 638/1207/5
f 615/1143/5 617/1150/5 638/1207/5 629/1180/5
f 618/1152/5 620/1158/5 639/1210/5 635/1198/5
f 620/1158/5 619/1155/5 628/1177/5 639/1210/5
f 604/1116/4 605/1119/102 647/1232/102 642/1217/4
f 606/1122/105 614/1141/2 644/1223/2 645/1226/105
f 617/1151/103 615/1144/3 641/1214/3 649/1239/103
f 607/1125/108 608/1128/106 643/1220/106 646/1229/108
f 618/1153/1 607/1126/108 646/1230/108 651/1244/1
f 620/1159/104 618/1154/1 651/1245/1 650/1241/104
f 615/1145/3 619/1156/107 640/1211/107 641/1215/3
f 614/1142/2 616/1148/109 648/1236/109 644/1224/2
f 605/1120/102 606/1123/105 645/1227/105 647/1233/102
f 619/1157/107 620/1160/104 650/1242/104 640/1212/107
f 608/1129/106 604/1117/4 642/1218/4 643/1221/106
f 644/1225/5 648/1237/5 649/1240/5 641/1216/5 640/1213/5 650/1243/5 651/1246/5 646/1231/5 643/1222/5 642/1219/5 647/1234/5 645/1228/5
f 664/1278/109 665/1281/103 697/1370/103 696/1367/109
f 669/1293/1 680/1319/1 681/1322/104 658/1264/104
f 658/1265/104 681/1323/104 684/1331/107 659/1266/107
f 659/1267/107 684/1332/107 678/1313/3 657/1262/3
f 683/1328/2 672/1299/2 661/1270/109 682/1325/109
f 682/1326/109 661/1271/109 660/1268/103 679/1316/103
f 679/1317/103 660/1269/103 657/1263/3 678/1314/3
f 680/1320/1 669/1294/1 671/1297/108 685/1334/108
f 685/1335/108 671/1298/108 670/1295/106 686/1337/106
f 686/1338/106 670/1296/106 673/1301/4 677/1310/4
f 672/1300/2 683/1329/2 687/1340/105 674/1303/105
f 674/1304/105 687/1341/105 676/1307/102 675/1305/102
f 675/1306/102 676/1308/102 677/1311/4 673/1302/4
f 667/1287/5 663/1275/5 677/1312/5 676/1309/5
f 652/1247/5 656/1259/5 679/1318/5 678/1315/5
f 662/1272/5 654/1253/5 681/1324/5 680/1321/5
f 655/1256/5 666/1284/5 683/1330/5 682/1327/5
f 654/1253/5 653/1250/5 684/1333/5 681/1324/5
f 653/1250/5 652/1247/5 678/1315/5 684/1333/5
f 656/1259/5 655/1256/5 682/1327/5 679/1318/5
f 664/1279/5 662/1272/5 680/1321/5 685/1336/5
f 665/1282/5 664/1279/5 685/1336/5 686/1339/5
f 663/1275/5 665/1282/5 686/1339/5 677/1312/5
f 666/1284/5 668/1290/5 687/1342/5 683/1330/5
f 668/1290/5 667/1287/5 676/1309/5 687/1342/5
f 652/1248/4 653/1251/102 695/1364/102 690/1349/4
f 654/1254/105 662/1273/2 692/1355/2 693/1358/105
f 665/1283/103 663/1276/3 689/1346/3 697/1371/103
f 655/1257/108 656/1260/106 691/1352/106 694/1361/108
f 666/1285/1 655/1258/108 694/1362/108 699/1376/1
f 668/1291/104 666/1286/1 699/1377/1 698/1373/104
f 663/1277/3 667/1288/107 688/1343/107 689/1347/3
f 662/1274/2 664/1280/109 696/1368/109 692/1356/2
f 653/1252/102 654/1255/105 693/1359/105 695/1365/102
f 667/1289/107 668/1292/104 698/1374/104 688/1344/107
f 656/1261/106 652/1249/4 690/1350/4 691/1353/106
f 692/1357/5 696/1369/5 697/1372/5 689/1348/5 688/1345/5 698/1375/5 699/1378/5 694/1363/5 691/1354/5 690/1351/5 695/1366/5 693/1360/5
f 712/1410/109 713/1413/103 745/1502/103 744/1499/109
f 717/1425/1 728/1451/1 729/1454/104 706/1396/104
f 706/1397/104 729/1455/104 732/1463/107 707/1398/107
f 707/1399/107 732/1464/107 726/1445/3 705/1394/3
f 731/1460/2 720/1431/2 709/1402/109 730/1457/109
f 730/1458/109 709/1403/109 708/1400/103 727/1448/103
f 727/1449/103 708/1401/103 705/1395/3 726/1446/3
f 728/1452/1 717/1426/1 719/1429/108 733/1466/108
f 733/1467/108 719/1430/108 718/1427/106 734/1469/106
f 734/1470/106 718/1428/106 721/1433/4 725/1442/4
f 720/1432/2 731/1461/2 735/1472/105 722/1435/105
f 722/1436/105 735/1473/105 724/1439/102 723/1437/102
f 723/1438/102 724/1440/102 725/1443/4 721/1434/4
f 715/1419/5 711/1407/5 725/1444/5 724/1441/5
f 700/1379/5 704/1391/5 727/1450/5 726/1447/5
f 710/1404/5 702/1385/5 729/1456/5 728/1453/5
f 703/1388/5 714/1416/5 731/1462/5 730/1459/5
f 702/1385/5 701/1382/5 732/1465/5 729/1456/5
f 701/1382/5 700/1379/5 726/1447/5 732/1465/5
f 704/1391/5 703/1388/5 730/1459/5 727/1450/5
f 712/1411/5 710/1404/5 728/1453/5 733/1468/5
f 713/1414/5 712/1411/5 733/1468/5 734/1471/5
f 711/1407/5 713/1414/5 734/1471/5 725/1444/5
f 714/1416/5 716/1422/5 735/1474/5 731/1462/5
f 716/1422/5 715/1419/5 724/1441/5 735/1474/5
f 700/1380/4 701/1383/102 743/1496/102 738/1481/4
f 702/1386/105 710/1405/2 740/1487/2 741/1490/105
f 713/1415/103 711/1408/3 737/1478/3 745/1503/103
f 703/1389/108 704/1392/106 739/1484/106 742/1493/108
f 714/1417/1 703/1390/108 742/1494/108 747/1508/1
f 716/1423/104 714/1418/1 747/1509/1 746/1505/104
f 711/1409/3 715/1420/107 736/1475/107 737/1479/3
f 710/1406/2 712/1412/109 744/1500/109 740/1488/2
f 701/1384/102 702/1387/105 741/1491/105 743/1497/102
f 715/1421/107 716/1424/104 746/1506/104 736/1476/107
f 704/1393/106 700/1381/4 738/1482/4 739/1485/106
f 740/1489/5 744/1501/5 745/1504/5 737/1480/5 736/1477/5 746/1507/5 747/1510/5 742/1495/5 739/1486/5 738/1483/5 743/1498/5 741/1492/5
s 0
f 88/178/5 89/180/5 749/1518/5 748/1514/5
f 324/659/5 321/653/5 750/1521/5 751/1524/5
f 321/653/5 88/178/5 748/1514/5 750/1521/5
f 89/180/5 324/659/5 751/1524/5 749/1518/5
f 755/1533/5 753/1528/5 752/1526/5 754/1531/5
f 89/181/4 88/179/4 752/1527/4 753/1529/4
f 324/660/1 89/182/1 753/1530/1 755/1534/1
f 321/654/3 324/661/3 755/1535/3 754/1532/3
f 1984/4328/2 1986/4335/2 1992/4356/2 1990/4349/2
f 1984/4329/5 1985/4331/5 223/452/5 220/444/5
f 1987/4336/5 1986/4334/5 1988/4343/5 1989/4348/5
f 1986/4334/5 1984/4329/5 220/444/5 1988/4343/5
f 1985/4331/5 1987/4336/5 1989/4348/5 223/452/5
f 1993/4357/5 1991/4352/5 1990/4350/5 1992/4355/5
f 1985/4332/4 1984/4330/4 1990/4351/4 1991/4353/4
f 1987/4337/1 1985/4333/1 1991/4354/1 1993/4358/1
f 1986/4335/3 1987/4338/3 1993/4359/3 1992/4356/3
f 2378/5224/3 2379/5226/3 2381/5229/3 2380/5228/3
f 2384/5234/4 2385/5235/4 2383/5232/4 2382/5230/4
f 2382/5231/5 2383/5233/5 2379/5227/5 2378/5225/5
f 2386/5236/3 2387/5238/3 2389/5241/3 2388/5240/3
f 2392/5246/4 2393/5247/4 2391/5244/4 2390/5242/4
f 2390/5243/5 2391/5245/5 2387/5239/5 2386/5237/5
f 2394/5248/3 2395/5250/3 2397/5253/3 2396/5252/3
f 2400/5258/4 2401/5259/4 2399/5256/4 2398/5254/4
f 2398/5255/5 2399/5257/5 2395/5251/5 2394/5249/5
f 2402/5260/3 2403/5262/3 2405/5265/3 2404/5264/3
f 2408/5270/4 2409/5271/4 2407/5268/4 2406/5266/4
f 2406/5267/5 2407/5269/5 2403/5263/5 2402/5261/5
f 2410/5272/3 2411/5274/3 2413/5277/3 2412/5276/3
f 2416/5282/4 2417/5283/4 2415/5280/4 2414/5278/4
f 2414/5279/5 2415/5281/5 2411/5275/5 2410/5273/5
usemtl electronics_etx_part_1
f 9/21/1 10/24/1 1/1/1 6/13/1
f 2/3/2 3/5/2 11/27/2 12/30/2
f 4/7/3 7/15/3 16/42/3 13/33/3
f 6/14/4 2/4/4 12/31/4 9/22/4
f 3/6/3 1/2/3 10/25/3 11/28/3
f 4/8/5 5/10/5 10/26/5 9/23/5
f 8/18/5 7/16/5 12/32/5 11/29/5
f 7/16/5 4/8/5 9/23/5 12/32/5
f 5/10/5 8/18/5 11/29/5 10/26/5
f 5/11/2 4/9/2 13/34/2 14/36/2
f 8/19/4 5/12/4 14/37/4 15/39/4
f 7/17/1 8/20/1 15/40/1 16/43/1
f 13/35/5 16/44/5 15/41/5 14/38/5
s 1
f 23/61/6 21/56/7 22/58/8 24/63/9 25/65/10 26/67/11 28/71/12 27/69/13
f 34/80/14 27/70/13 28/72/12 36/82/15
f 36/83/15 28/73/12 26/68/11 35/81/16
f 27/70/13 34/80/14 31/77/17 23/62/6
f 23/62/6 31/77/17 29/74/18 21/57/7
f 35/81/16 26/68/11 25/66/10 33/79/19
f 33/79/19 25/66/10 24/64/9 32/78/20
f 21/57/7 29/74/18 30/75/21 22/59/8
f 22/60/8 30/76/21 32/78/20 24/64/9
f 39/89/22 37/84/23 38/86/24 40/91/25 41/93/26 42/95/27 44/99/28 43/97/29
f 50/108/30 43/98/29 44/100/28 52/110/31
f 52/111/31 44/101/28 42/96/27 51/109/32
f 43/98/29 50/108/30 47/105/33 39/90/22
f 39/90/22 47/105/33 45/102/34 37/85/23
f 51/109/32 42/96/27 41/94/26 49/107/35
f 49/107/35 41/94/26 40/92/25 48/106/36
f 37/85/23 45/102/34 46/103/37 38/87/24
f 38/88/24 46/104/37 48/106/36 40/92/25
f 55/117/38 53/112/39 54/114/40 56/119/41 57/121/42 58/123/43 60/127/44 59/125/45
f 66/136/46 59/126/45 60/128/44 68/138/47
f 68/139/47 60/129/44 58/124/43 67/137/48
f 59/126/45 66/136/46 63/133/49 55/118/38
f 55/118/38 63/133/49 61/130/50 53/113/39
f 67/137/48 58/124/43 57/122/42 65/135/51
f 65/135/51 57/122/42 56/120/41 64/134/52
f 53/113/39 61/130/50 62/131/53 54/115/40
f 54/116/40 62/132/53 64/134/52 56/120/41
f 71/145/54 69/140/55 70/142/56 72/147/57 73/149/58 74/151/59 76/155/60 75/153/61
f 82/164/62 75/154/61 76/156/60 84/166/63
f 84/167/63 76/157/60 74/152/59 83/165/64
f 75/154/61 82/164/62 79/161/65 71/146/54
f 71/146/54 79/161/65 77/158/66 69/141/55
f 83/165/64 74/152/59 73/150/58 81/163/67
f 81/163/67 73/150/58 72/148/57 80/162/68
f 69/141/55 77/158/66 78/159/69 70/143/56
f 70/144/56 78/160/69 80/162/68 72/148/57
f 95/197/70 93/192/71 94/194/72 96/199/73 97/201/74 98/203/75 100/207/76 99/205/77
f 106/216/78 99/206/77 100/208/76 108/218/79
f 108/219/79 100/209/76 98/204/75 107/217/80
f 99/206/77 106/216/78 103/213/81 95/198/70
f 95/198/70 103/213/81 101/210/82 93/193/71
f 107/217/80 98/204/75 97/202/74 105/215/83
f 105/215/83 97/202/74 96/200/73 104/214/84
f 93/193/71 101/210/82 102/211/85 94/195/72
f 94/196/72 102/212/85 104/214/84 96/200/73
f 111/225/86 109/220/87 110/222/88 112/227/89 113/229/90 114/231/91 116/235/92 115/233/93
f 122/244/94 115/234/93 116/236/92 124/246/95
f 124/247/95 116/237/92 114/232/91 123/245/96
f 115/234/93 122/244/94 119/241/97 111/226/86
f 111/226/86 119/241/97 117/238/98 109/221/87
f 123/245/96 114/232/91 113/230/90 121/243/99
f 121/243/99 113/230/90 112/228/89 120/242/100
f 109/221/87 117/238/98 118/239/101 110/223/88
f 110/224/88 118/240/101 120/242/100 112/228/89
s 0
f 137/272/1 138/275/1 129/252/1 134/264/1
f 130/254/2 131/256/2 139/278/2 140/281/2
f 132/258/3 135/266/3 144/293/3 141/284/3
f 134/265/4 130/255/4 140/282/4 137/273/4
f 131/257/3 129/253/3 138/276/3 139/279/3
f 132/259/5 133/261/5 138/277/5 137/274/5
f 136/269/5 135/267/5 140/283/5 139/280/5
f 135/267/5 132/259/5 137/274/5 140/283/5
f 133/261/5 136/269/5 139/280/5 138/277/5
f 133/262/2 132/260/2 141/285/2 142/287/2
f 136/270/4 133/263/4 142/288/4 143/290/4
f 135/268/1 136/271/1 143/291/1 144/294/1
f 141/286/5 144/295/5 143/292/5 142/289/5
s 1
f 151/310/6 149/305/7 150/307/8 152/312/9 153/314/10 154/316/11 156/320/12 155/318/13
f 162/329/14 155/319/13 156/321/12 164/331/15
f 164/332/15 156/322/12 154/317/11 163/330/16
f 155/319/13 162/329/14 159/326/17 151/311/6
f 151/311/6 159/326/17 157/323/18 149/306/7
f 163/330/16 154/317/11 153/315/10 161/328/19
f 161/328/19 153/315/10 152/313/9 160/327/20
f 149/306/7 157/323/18 158/324/21 150/308/8
f 150/309/8 158/325/21 160/327/20 152/313/9
f 167/338/22 165/333/23 166/335/24 168/340/25 169/342/26 170/344/27 172/348/28 171/346/29
f 178/357/30 171/347/29 172/349/28 180/359/31
f 180/360/31 172/350/28 170/345/27 179/358/32
f 171/347/29 178/357/30 175/354/33 167/339/22
f 167/339/22 175/354/33 173/351/34 165/334/23
f 179/358/32 170/345/27 169/343/26 177/356/35
f 177/356/35 169/343/26 168/341/25 176/355/36
f 165/334/23 173/351/34 174/352/37 166/336/24
f 166/337/24 174/353/37 176/355/36 168/341/25
f 183/366/38 181/361/39 182/363/40 184/368/41 185/370/42 186/372/43 188/376/44 187/374/45
f 194/385/46 187/375/45 188/377/44 196/387/47
f 196/388/47 188/378/44 186/373/43 195/386/48
f 187/375/45 194/385/46 191/382/49 183/367/38
f 183/367/38 191/382/49 189/379/50 181/362/39
f 195/386/48 186/373/43 185/371/42 193/384/51
f 193/384/51 185/371/42 184/369/41 192/383/52
f 181/362/39 189/379/50 190/380/53 182/364/40
f 182/365/40 190/381/53 192/383/52 184/369/41
f 199/394/54 197/389/55 198/391/56 200/396/57 201/398/58 202/400/59 204/404/60 203/402/61
f 210/413/62 203/403/61 204/405/60 212/415/63
f 212/416/63 204/406/60 202/401/59 211/414/64
f 203/403/61 210/413/62 207/410/65 199/395/54
f 199/395/54 207/410/65 205/407/66 197/390/55
f 211/414/64 202/401/59 201/399/58 209/412/67
f 209/412/67 201/399/58 200/397/57 208/411/68
f 197/390/55 205/407/66 206/408/69 198/392/56
f 198/393/56 206/409/69 208/411/68 200/397/57
f 229/467/70 227/462/71 228/464/72 230/469/73 231/471/74 232/473/75 234/477/76 233/475/77
f 240/486/78 233/476/77 234/478/76 242/488/79
f 242/489/79 234/479/76 232/474/75 241/487/80
f 233/476/77 240/486/78 237/483/81 229/468/70
f 229/468/70 237/483/81 235/480/82 227/463/71
f 241/487/80 232/474/75 231/472/74 239/485/83
f 239/485/83 231/472/74 230/470/73 238/484/84
f 227/463/71 235/480/82 236/481/85 228/465/72
f 228/466/72 236/482/85 238/484/84 230/470/73
f 245/495/86 243/490/87 244/492/88 246/497/89 247/499/90 248/501/91 250/505/92 249/503/93
f 256/514/94 249/504/93 250/506/92 258/516/95
f 258/517/95 250/507/92 248/502/91 257/515/96
f 249/504/93 256/514/94 253/511/97 245/496/86
f 245/496/86 253/511/97 251/508/98 243/491/87
f 257/515/96 248/502/91 247/500/90 255/513/99
f 255/513/99 247/500/90 246/498/89 254/512/100
f 243/491/87 251/508/98 252/509/101 244/493/88
f 244/494/88 252/510/101 254/512/100 246/498/89
s 0
f 271/542/1 272/545/1 263/522/1 268/534/1
f 264/524/2 265/526/2 273/548/2 274/551/2
f 266/528/3 269/536/3 278/563/3 275/554/3
f 268/535/4 264/525/4 274/552/4 271/543/4
f 265/527/3 263/523/3 272/546/3 273/549/3
f 266/529/5 267/531/5 272/547/5 271/544/5
f 270/539/5 269/537/5 274/553/5 273/550/5
f 269/537/5 266/529/5 271/544/5 274/553/5
f 267/531/5 270/539/5 273/550/5 272/547/5
f 267/532/2 266/530/2 275/555/2 276/557/2
f 270/540/4 267/533/4 276/558/4 277/560/4
f 269/538/1 270/541/1 277/561/1 278/564/1
f 275/556/5 278/565/5 277/562/5 276/559/5
s 1
f 284/579/6 282/574/7 283/576/8 285/581/9 286/583/10 287/585/11 289/589/12 288/587/13
f 295/598/14 288/588/13 289/590/12 297/600/15
f 297/601/15 289/591/12 287/586/11 296/599/16
f 288/588/13 295/598/14 292/595/17 284/580/6
f 284/580/6 292/595/17 290/592/18 282/575/7
f 296/599/16 287/586/11 286/584/10 294/597/19
f 294/597/19 286/584/10 285/582/9 293/596/20
f 282/575/7 290/592/18 291/593/21 283/577/8
f 283/578/8 291/594/21 293/596/20 285/582/9
f 300/607/22 298/602/23 299/604/24 301/609/25 302/611/26 303/613/27 305/617/28 304/615/29
f 311/626/30 304/616/29 305/618/28 313/628/31
f 313/629/31 305/619/28 303/614/27 312/627/32
f 304/616/29 311/626/30 308/623/33 300/608/22
f 300/608/22 308/623/33 306/620/34 298/603/23
f 312/627/32 303/614/27 302/612/26 310/625/35
f 310/625/35 302/612/26 301/610/25 309/624/36
f 298/603/23 306/620/34 307/621/37 299/605/24
f 299/606/24 307/622/37 309/624/36 301/610/25
f 330/676/70 328/671/71 329/673/72 331/678/73 332/680/74 333/682/75 335/686/76 334/684/77
f 341/695/78 334/685/77 335/687/76 343/697/79
f 343/698/79 335/688/76 333/683/75 342/696/80
f 334/685/77 341/695/78 338/692/81 330/677/70
f 330/677/70 338/692/81 336/689/82 328/672/71
f 342/696/80 333/683/75 332/681/74 340/694/83
f 340/694/83 332/681/74 331/679/73 339/693/84
f 328/672/71 336/689/82 337/690/85 329/674/72
f 329/675/72 337/691/85 339/693/84 331/679/73
f 346/704/86 344/699/87 345/701/88 347/706/89 348/708/90 349/710/91 351/714/92 350/712/93
f 357/723/94 350/713/93 351/715/92 359/725/95
f 359/726/95 351/716/92 349/711/91 358/724/96
f 350/713/93 357/723/94 354/720/97 346/705/86
f 346/705/86 354/720/97 352/717/98 344/700/87
f 358/724/96 349/711/91 348/709/90 356/722/99
f 356/722/99 348/709/90 347/707/89 355/721/100
f 344/700/87 352/717/98 353/718/101 345/702/88
f 345/703/88 353/719/101 355/721/100 347/707/89
f 377/747/102 376/744/4 364/731/4 365/732/102
f 382/756/3 381/754/103 369/736/103 370/737/3
f 385/762/1 384/761/104 372/739/104 373/740/1
f 379/751/2 378/749/105 366/733/105 367/734/2
f 376/744/4 387/767/106 375/743/106 364/731/4
f 383/759/107 382/756/3 370/737/3 371/738/107
f 386/765/108 385/763/1 373/741/1 374/742/108
f 387/767/106 386/765/108 374/742/108 375/743/106
f 381/754/103 380/753/109 368/735/109 369/736/103
f 376/745/5 377/746/5 378/748/5 379/750/5 380/752/5 381/755/5 382/757/5 383/758/5 384/760/5 385/764/5 386/766/5 387/768/5
f 378/749/105 377/747/102 365/732/102 366/733/105
f 384/761/104 383/759/107 371/738/107 372/739/104
f 380/753/109 379/751/2 367/734/2 368/735/109
f 392/775/4 403/794/110 399/786/110 388/769/4
f 394/779/3 401/790/111 397/784/111 390/771/3
f 395/780/1 402/792/112 398/785/112 391/772/1
f 392/774/5 400/787/5 393/776/5 401/789/5 394/778/5 402/791/5 395/781/5 403/793/5
f 393/777/2 400/788/113 396/783/113 389/770/2
f 393/777/2 389/770/2 397/784/111 401/790/111
f 403/794/110 395/782/1 391/773/1 399/786/110
f 402/792/112 394/779/3 390/771/3 398/785/112
f 400/788/113 392/775/4 388/769/4 396/783/113
f 417/811/102 416/808/4 404/795/4 405/796/102
f 422/820/3 421/818/103 409/800/103 410/801/3
f 425/826/1 424/825/104 412/803/104 413/804/1
f 419/815/2 418/813/105 406/797/105 407/798/2
f 416/808/4 427/831/106 415/807/106 404/795/4
f 423/823/107 422/820/3 410/801/3 411/802/107
f 426/829/108 425/827/1 413/805/1 414/806/108
f 427/831/106 426/829/108 414/806/108 415/807/106
f 421/818/103 420/817/109 408/799/109 409/800/103
f 416/809/5 417/810/5 418/812/5 419/814/5 420/816/5 421/819/5 422/821/5 423/822/5 424/824/5 425/828/5 426/830/5 427/832/5
f 418/813/105 417/811/102 405/796/102 406/797/105
f 424/825/104 423/823/107 411/802/107 412/803/104
f 420/817/109 419/815/2 407/798/2 408/799/109
f 432/839/4 443/858/110 439/850/110 428/833/4
f 434/843/3 441/854/111 437/848/111 430/835/3
f 435/844/1 442/856/112 438/849/112 431/836/1
f 432/838/5 440/851/5 433/840/5 441/853/5 434/842/5 442/855/5 435/845/5 443/857/5
f 433/841/2 440/852/113 436/847/113 429/834/2
f 433/841/2 429/834/2 437/848/111 441/854/111
f 443/858/110 435/846/1 431/837/1 439/850/110
f 442/856/112 434/843/3 430/835/3 438/849/112
f 440/852/113 432/839/4 428/833/4 436/847/113
f 457/875/102 456/872/4 444/859/4 445/860/102
f 462/884/3 461/882/103 449/864/103 450/865/3
f 465/890/1 464/889/104 452/867/104 453/868/1
f 459/879/2 458/877/105 446/861/105 447/862/2
f 456/872/4 467/895/106 455/871/106 444/859/4
f 463/887/107 462/884/3 450/865/3 451/866/107
f 466/893/108 465/891/1 453/869/1 454/870/108
f 467/895/106 466/893/108 454/870/108 455/871/106
f 461/882/103 460/881/109 448/863/109 449/864/103
f 456/873/5 457/874/5 458/876/5 459/878/5 460/880/5 461/883/5 462/885/5 463/886/5 464/888/5 465/892/5 466/894/5 467/896/5
f 458/877/105 457/875/102 445/860/102 446/861/105
f 464/889/104 463/887/107 451/866/107 452/867/104
f 460/881/109 459/879/2 447/862/2 448/863/109
f 472/903/4 483/922/110 479/914/110 468/897/4
f 474/907/3 481/918/111 477/912/111 470/899/3
f 475/908/1 482/920/112 478/913/112 471/900/1
f 472/902/5 480/915/5 473/904/5 481/917/5 474/906/5 482/919/5 475/909/5 483/921/5
f 473/905/2 480/916/113 476/911/113 469/898/2
f 473/905/2 469/898/2 477/912/111 481/918/111
f 483/922/110 475/910/1 471/901/1 479/914/110
f 482/920/112 474/907/3 470/899/3 478/913/112
f 480/916/113 472/903/4 468/897/4 476/911/113
f 497/939/102 496/936/4 484/923/4 485/924/102
f 502/948/3 501/946/103 489/928/103 490/929/3
f 505/954/1 504/953/104 492/931/104 493/932/1
f 499/943/2 498/941/105 486/925/105 487/926/2
f 496/936/4 507/959/106 495/935/106 484/923/4
f 503/951/107 502/948/3 490/929/3 491/930/107
f 506/957/108 505/955/1 493/933/1 494/934/108
f 507/959/106 506/957/108 494/934/108 495/935/106
f 501/946/103 500/945/109 488/927/109 489/928/103
f 496/937/5 497/938/5 498/940/5 499/942/5 500/944/5 501/947/5 502/949/5 503/950/5 504/952/5 505/956/5 506/958/5 507/960/5
f 498/941/105 497/939/102 485/924/102 486/925/105
f 504/953/104 503/951/107 491/930/107 492/931/104
f 500/945/109 499/943/2 487/926/2 488/927/109
f 512/967/4 523/986/110 519/978/110 508/961/4
f 514/971/3 521/982/111 517/976/111 510/963/3
f 515/972/1 522/984/112 518/977/112 511/964/1
f 512/966/5 520/979/5 513/968/5 521/981/5 514/970/5 522/983/5 515/973/5 523/985/5
f 513/969/2 520/980/113 516/975/113 509/962/2
f 513/969/2 509/962/2 517/976/111 521/982/111
f 523/986/110 515/974/1 511/965/1 519/978/110
f 522/984/112 514/971/3 510/963/3 518/977/112
f 520/980/113 512/967/4 508/961/4 516/975/113
f 537/1003/102 536/1000/4 524/987/4 525/988/102
f 542/1012/3 541/1010/103 529/992/103 530/993/3
f 545/1018/1 544/1017/104 532/995/104 533/996/1
f 539/1007/2 538/1005/105 526/989/105 527/990/2
f 536/1000/4 547/1023/106 535/999/106 524/987/4
f 543/1015/107 542/1012/3 530/993/3 531/994/107
f 546/1021/108 545/1019/1 533/997/1 534/998/108
f 547/1023/106 546/1021/108 534/998/108 535/999/106
f 541/1010/103 540/1009/109 528/991/109 529/992/103
f 536/1001/5 537/1002/5 538/1004/5 539/1006/5 540/1008/5 541/1011/5 542/1013/5 543/1014/5 544/1016/5 545/1020/5 546/1022/5 547/1024/5
f 538/1005/105 537/1003/102 525/988/102 526/989/105
f 544/1017/104 543/1015/107 531/994/107 532/995/104
f 540/1009/109 539/1007/2 527/990/2 528/991/109
f 552/1031/4 563/1050/110 559/1042/110 548/1025/4
f 554/1035/3 561/1046/111 557/1040/111 550/1027/3
f 555/1036/1 562/1048/112 558/1041/112 551/1028/1
f 552/1030/5 560/1043/5 553/1032/5 561/1045/5 554/1034/5 562/1047/5 555/1037/5 563/1049/5
f 553/1033/2 560/1044/113 556/1039/113 549/1026/2
f 553/1033/2 549/1026/2 557/1040/111 561/1046/111
f 563/1050/110 555/1038/1 551/1029/1 559/1042/110
f 562/1048/112 554/1035/3 550/1027/3 558/1041/112
f 560/1044/113 552/1031/4 548/1025/4 556/1039/113
f 577/1067/102 576/1064/4 564/1051/4 565/1052/102
f 582/1076/3 581/1074/103 569/1056/103 570/1057/3
f 585/1082/1 584/1081/104 572/1059/104 573/1060/1
f 579/1071/2 578/1069/105 566/1053/105 567/1054/2
f 576/1064/4 587/1087/106 575/1063/106 564/1051/4
f 583/1079/107 582/1076/3 570/1057/3 571/1058/107
f 586/1085/108 585/1083/1 573/1061/1 574/1062/108
f 587/1087/106 586/1085/108 574/1062/108 575/1063/106
f 581/1074/103 580/1073/109 568/1055/109 569/1056/103
f 576/1065/5 577/1066/5 578/1068/5 579/1070/5 580/1072/5 581/1075/5 582/1077/5 583/1078/5 584/1080/5 585/1084/5 586/1086/5 587/1088/5
f 578/1069/105 577/1067/102 565/1052/102 566/1053/105
f 584/1081/104 583/1079/107 571/1058/107 572/1059/104
f 580/1073/109 579/1071/2 567/1054/2 568/1055/109
f 592/1095/4 603/1114/110 599/1106/110 588/1089/4
f 594/1099/3 601/1110/111 597/1104/111 590/1091/3
f 595/1100/1 602/1112/112 598/1105/112 591/1092/1
f 592/1094/5 600/1107/5 593/1096/5 601/1109/5 594/1098/5 602/1111/5 595/1101/5 603/1113/5
f 593/1097/2 600/1108/113 596/1103/113 589/1090/2
f 593/1097/2 589/1090/2 597/1104/111 601/1110/111
f 603/1114/110 595/1102/1 591/1093/1 599/1106/110
f 602/1112/112 594/1099/3 590/1091/3 598/1105/112
f 600/1108/113 592/1095/4 588/1089/4 596/1103/113
s 0
f 756/1536/3 757/1539/3 759/1544/3 758/1542/3
f 1672/3616/5 1673/3620/5 757/1540/5 756/1537/5
f 758/1543/1 1674/3624/1 1672/3617/1 756/1538/1
f 1675/3626/2 759/1545/2 757/1541/2 1673/3621/2
s 1
f 766/1557/114 768/1561/114 761/1548/114 760/1546/114
f 760/1546/115 761/1548/115 764/1554/115 762/1549/115
f 774/1572/116 770/1563/116 763/1552/116 765/1556/116
f 765/1556/117 763/1552/117 762/1550/117 764/1555/117
f 773/1570/118 771/1565/118 772/1568/118 775/1573/118
f 775/1573/119 772/1568/119 770/1563/119 774/1572/119
f 768/1561/120 766/1557/120 767/1559/120 769/1562/120
f 769/1562/121 767/1559/121 771/1566/121 773/1571/121
f 762/1551/122 763/1553/122 770/1564/122 772/1569/122 771/1567/122 767/1560/122 766/1558/122 760/1547/122
f 776/1576/3 777/1577/3 779/1582/3 778/1581/3
f 778/1579/2 779/1583/2 783/1592/2 782/1589/2
f 782/1591/4 783/1593/4 781/1587/4 780/1586/4
f 780/1584/1 781/1588/1 777/1578/1 776/1574/1
f 780/1585/123 776/1575/123 784/1594/123 786/1600/123
f 785/1597/122 787/1603/122 786/1601/122 784/1595/122
f 778/1580/124 782/1590/124 787/1604/124 785/1598/124
f 776/1576/3 778/1581/3 785/1599/3 784/1596/3
f 782/1591/4 780/1586/4 786/1602/4 787/1605/4
f 788/1608/3 789/1609/3 791/1614/3 790/1613/3
f 790/1611/2 791/1615/2 795/1624/2 794/1621/2
f 794/1623/4 795/1625/4 793/1619/4 792/1618/4
f 792/1616/1 793/1620/1 789/1610/1 788/1606/1
f 792/1617/123 788/1607/123 796/1626/123 798/1632/123
f 797/1629/122 799/1635/122 798/1633/122 796/1627/122
f 790/1612/124 794/1622/124 799/1636/124 797/1630/124
f 788/1608/3 790/1613/3 797/1631/3 796/1628/3
f 794/1623/4 792/1618/4 798/1634/4 799/1637/4
f 813/1667/5 815/1672/5 814/1669/5 805/1648/5 804/1646/5 801/1640/5 808/1655/5 809/1658/5
f 834/1696/1 808/1656/1 801/1641/112 816/1674/112
f 816/1674/112 801/1641/112 804/1647/3 824/1682/3
f 831/1690/2 810/1660/2 803/1644/111 819/1677/111
f 819/1677/111 803/1644/111 802/1643/3 822/1680/3
f 827/1685/4 811/1663/4 812/1665/113 828/1686/113
f 828/1686/113 812/1665/113 810/1661/2 831/1689/2
f 836/1699/1 806/1650/1 807/1653/110 837/1701/110
f 837/1701/110 807/1653/110 811/1663/4 827/1685/4
f 802/1642/122 803/1645/122 810/1662/122 812/1666/122 811/1664/122 807/1654/122 806/1651/122 800/1638/122
f 809/1659/110 839/1703/110 825/1683/4 813/1668/4
f 839/1703/125 838/1702/125 826/1684/126 825/1683/126
f 838/1702/127 837/1701/127 827/1685/128 826/1684/128
f 808/1657/1 834/1695/1 839/1703/110 809/1659/110
f 834/1695/129 835/1697/129 838/1702/125 839/1703/125
f 835/1697/130 836/1699/130 837/1701/127 838/1702/127
f 815/1673/113 830/1688/113 833/1693/2 814/1670/2
f 830/1688/131 829/1687/131 832/1691/132 833/1693/132
f 829/1687/133 828/1686/133 831/1689/134 832/1691/134
f 813/1668/4 825/1683/4 830/1688/113 815/1673/113
f 825/1683/126 826/1684/126 829/1687/131 830/1688/131
f 826/1684/128 827/1685/128 828/1686/133 829/1687/133
f 805/1649/111 821/1679/111 824/1682/3 804/1647/3
f 821/1679/135 820/1678/135 823/1681/136 824/1682/136
f 820/1678/137 819/1677/137 822/1680/138 823/1681/138
f 814/1671/2 833/1694/2 821/1679/111 805/1649/111
f 833/1694/132 832/1692/132 820/1678/135 821/1679/135
f 832/1692/134 831/1690/134 819/1677/137 820/1678/137
f 800/1639/112 818/1676/112 822/1680/3 802/1643/3
f 818/1676/139 817/1675/139 823/1681/138 822/1680/138
f 817/1675/140 816/1674/140 824/1682/136 823/1681/136
f 806/1652/1 836/1700/1 818/1676/112 800/1639/112
f 836/1700/130 835/1698/130 817/1675/139 818/1676/139
f 835/1698/129 834/1696/129 816/1674/140 817/1675/140
f 846/1715/114 848/1719/114 841/1706/114 840/1704/114
f 840/1704/115 841/1706/115 844/1712/115 842/1707/115
f 854/1730/116 850/1721/116 843/1710/116 845/1714/116
f 845/1714/117 843/1710/117 842/1708/117 844/1713/117
f 853/1728/118 851/1723/118 852/1726/118 855/1731/118
f 855/1731/119 852/1726/119 850/1721/119 854/1730/119
f 848/1719/120 846/1715/120 847/1717/120 849/1720/120
f 849/1720/121 847/1717/121 851/1724/121 853/1729/121
f 842/1709/122 843/1711/122 850/1722/122 852/1727/122 851/1725/122 847/1718/122 846/1716/122 840/1705/122
f 856/1734/3 857/1735/3 859/1740/3 858/1739/3
f 858/1737/2 859/1741/2 863/1750/2 862/1747/2
f 862/1749/4 863/1751/4 861/1745/4 860/1744/4
f 860/1742/1 861/1746/1 857/1736/1 856/1732/1
f 860/1743/123 856/1733/123 864/1752/123 866/1758/123
f 865/1755/122 867/1761/122 866/1759/122 864/1753/122
f 858/1738/124 862/1748/124 867/1762/124 865/1756/124
f 856/1734/3 858/1739/3 865/1757/3 864/1754/3
f 862/1749/4 860/1744/4 866/1760/4 867/1763/4
f 868/1766/3 869/1767/3 871/1772/3 870/1771/3
f 870/1769/2 871/1773/2 875/1782/2 874/1779/2
f 874/1781/4 875/1783/4 873/1777/4 872/1776/4
f 872/1774/1 873/1778/1 869/1768/1 868/1764/1
f 872/1775/123 868/1765/123 876/1784/123 878/1790/123
f 877/1787/122 879/1793/122 878/1791/122 876/1785/122
f 870/1770/124 874/1780/124 879/1794/124 877/1788/124
f 868/1766/3 870/1771/3 877/1789/3 876/1786/3
f 874/1781/4 872/1776/4 878/1792/4 879/1795/4
f 893/1825/5 895/1830/5 894/1827/5 885/1806/5 884/1804/5 881/1798/5 888/1813/5 889/1816/5
f 914/1854/1 888/1814/1 881/1799/112 896/1832/112
f 896/1832/112 881/1799/112 884/1805/3 904/1840/3
f 911/1848/2 890/1818/2 883/1802/111 899/1835/111
f 899/1835/111 883/1802/111 882/1801/3 902/1838/3
f 907/1843/4 891/1821/4 892/1823/113 908/1844/113
f 908/1844/113 892/1823/113 890/1819/2 911/1847/2
f 916/1857/1 886/1808/1 887/1811/110 917/1859/110
f 917/1859/110 887/1811/110 891/1821/4 907/1843/4
f 882/1800/122 883/1803/122 890/1820/122 892/1824/122 891/1822/122 887/1812/122 886/1809/122 880/1796/122
f 889/1817/110 919/1861/110 905/1841/4 893/1826/4
f 919/1861/141 918/1860/141 906/1842/142 905/1841/142
f 918/1860/143 917/1859/143 907/1843/144 906/1842/144
f 888/1815/1 914/1853/1 919/1861/110 889/1817/110
f 914/1853/145 915/1855/145 918/1860/141 919/1861/141
f 915/1855/146 916/1857/146 917/1859/143 918/1860/143
f 895/1831/113 910/1846/113 913/1851/2 894/1828/2
f 910/1846/147 909/1845/147 912/1849/148 913/1851/148
f 909/1845/149 908/1844/149 911/1847/150 912/1849/150
f 893/1826/4 905/1841/4 910/1846/113 895/1831/113
f 905/1841/142 906/1842/142 909/1845/147 910/1846/147
f 906/1842/144 907/1843/144 908/1844/149 909/1845/149
f 885/1807/111 901/1837/111 904/1840/3 884/1805/3
f 901/1837/151 900/1836/151 903/1839/152 904/1840/152
f 900/1836/153 899/1835/153 902/1838/154 903/1839/154
f 894/1829/2 913/1852/2 901/1837/111 885/1807/111
f 913/1852/148 912/1850/148 900/1836/151 901/1837/151
f 912/1850/150 911/1848/150 899/1835/153 900/1836/153
f 880/1797/112 898/1834/112 902/1838/3 882/1801/3
f 898/1834/155 897/1833/155 903/1839/154 902/1838/154
f 897/1833/156 896/1832/156 904/1840/152 903/1839/152
f 886/1810/1 916/1858/1 898/1834/112 880/1797/112
f 916/1858/146 915/1856/146 897/1833/155 898/1834/155
f 915/1856/145 914/1854/145 896/1832/156 897/1833/156
f 933/1891/3 935/1896/3 934/1893/3 925/1872/3 924/1870/3 921/1864/3 928/1879/3 929/1882/3
f 926/1874/122 928/1880/122 921/1865/157 920/1862/157
f 920/1862/157 921/1865/157 924/1871/2 922/1866/2
f 934/1894/5 930/1884/5 923/1868/158 925/1873/158
f 925/1873/158 923/1868/158 922/1866/2 924/1871/2
f 933/1892/1 931/1887/1 932/1889/159 935/1897/159
f 935/1897/159 932/1889/159 930/1885/5 934/1895/5
f 928/1881/122 926/1875/122 927/1877/160 929/1883/160
f 929/1883/160 927/1877/160 931/1887/1 933/1892/1
f 922/1867/4 923/1869/4 930/1886/4 932/1890/4 931/1888/4 927/1878/4 926/1876/4 920/1863/4
f 942/1909/161 944/1913/161 937/1900/161 936/1898/161
f 936/1898/162 937/1900/162 940/1906/162 938/1901/162
f 950/1924/163 946/1915/163 939/1904/163 941/1908/163
f 941/1908/164 939/1904/164 938/1902/164 940/1907/164
f 949/1922/165 947/1917/165 948/1920/165 951/1925/165
f 951/1925/166 948/1920/166 946/1915/166 950/1924/166
f 944/1913/167 942/1909/167 943/1911/167 945/1914/167
f 945/1914/168 943/1911/168 947/1918/168 949/1923/168
f 938/1903/4 939/1905/4 946/1916/4 948/1921/4 947/1919/4 943/1912/4 942/1910/4 936/1899/4
f 976/1993/2 953/1929/2 955/1934/2 977/1996/2
f 977/1994/169 955/1935/5 959/1946/5 978/1997/169
f 978/1998/1 959/1947/1 957/1940/1 979/2002/1
f 979/2001/170 957/1941/122 953/1930/122 976/1992/170
f 956/1936/171 952/1926/171 960/1948/171 962/1954/171
f 961/1951/122 963/1957/122 962/1955/122 960/1949/122
f 954/1931/172 958/1942/172 963/1958/172 961/1952/172
f 952/1928/2 954/1933/2 961/1953/2 960/1950/2
f 958/1943/1 956/1937/1 962/1956/1 963/1959/1
f 980/2004/2 965/1963/2 967/1968/2 981/2007/2
f 981/2005/169 967/1969/5 971/1978/5 982/2008/169
f 982/2009/1 971/1979/1 969/1973/1 983/2012/1
f 983/2011/170 969/1974/122 965/1964/122 980/2003/170
f 968/1970/171 964/1960/171 972/1980/171 974/1986/171
f 973/1983/122 975/1989/122 974/1987/122 972/1981/122
f 966/1965/172 970/1975/172 975/1990/172 973/1984/172
f 964/1962/2 966/1967/2 973/1985/2 972/1982/2
f 970/1976/1 968/1972/1 974/1988/1 975/1991/1
f 956/1938/173 979/2001/170 976/1992/170 952/1927/173
f 958/1944/1 978/1999/1 979/2002/1 956/1939/1
f 954/1932/4 977/1995/169 978/2000/169 958/1945/4
f 952/1928/2 976/1993/2 977/1996/2 954/1933/2
f 968/1971/173 983/2011/170 980/2003/170 964/1961/173
f 970/1976/1 982/2009/1 983/2012/1 968/1972/1
f 966/1966/4 981/2006/169 982/2010/169 970/1977/4
f 964/1962/2 980/2004/2 981/2007/2 966/1967/2
f 990/2024/167 992/2028/167 985/2015/167 984/2013/167
f 984/2013/168 985/2015/168 988/2021/168 986/2016/168
f 998/2039/166 994/2030/166 987/2019/166 989/2023/166
f 989/2023/165 987/2019/165 986/2017/165 988/2022/165
f 997/2037/164 995/2032/164 996/2035/164 999/2040/164
f 999/2040/163 996/2035/163 994/2030/163 998/2039/163
f 992/2028/161 990/2024/161 991/2026/161 993/2029/161
f 993/2029/162 991/2026/162 995/2033/162 997/2038/162
f 986/2018/3 987/2020/3 994/2031/3 996/2036/3 995/2034/3 991/2027/3 990/2025/3 984/2014/3
f 1024/2108/1 1001/2044/1 1003/2049/1 1025/2111/1
f 1025/2109/174 1003/2050/5 1007/2061/5 1026/2112/174
f 1026/2113/2 1007/2062/2 1005/2055/2 1027/2117/2
f 1027/2116/175 1005/2056/122 1001/2045/122 1024/2107/175
f 1004/2051/172 1000/2041/172 1008/2063/172 1010/2069/172
f 1009/2066/122 1011/2072/122 1010/2070/122 1008/2064/122
f 1002/2046/171 1006/2057/171 1011/2073/171 1009/2067/171
f 1000/2043/1 1002/2048/1 1009/2068/1 1008/2065/1
f 1006/2058/2 1004/2052/2 1010/2071/2 1011/2074/2
f 1028/2119/1 1013/2078/1 1015/2083/1 1029/2122/1
f 1029/2120/174 1015/2084/5 1019/2093/5 1030/2123/174
f 1030/2124/2 1019/2094/2 1017/2088/2 1031/2127/2
f 1031/2126/175 1017/2089/122 1013/2079/122 1028/2118/175
f 1016/2085/172 1012/2075/172 1020/2095/172 1022/2101/172
f 1021/2098/122 1023/2104/122 1022/2102/122 1020/2096/122
f 1014/2080/171 1018/2090/171 1023/2105/171 1021/2099/171
f 1012/2077/1 1014/2082/1 1021/2100/1 1020/2097/1
f 1018/2091/2 1016/2087/2 1022/2103/2 1023/2106/2
f 1004/2053/176 1027/2116/175 1024/2107/175 1000/2042/176
f 1006/2059/2 1026/2114/2 1027/2117/2 1004/2054/2
f 1002/2047/3 1025/2110/174 1026/2115/174 1006/2060/3
f 1000/2043/1 1024/2108/1 1025/2111/1 1002/2048/1
f 1016/2086/176 1031/2126/175 1028/2118/175 1012/2076/176
f 1018/2091/2 1030/2124/2 1031/2127/2 1016/2087/2
f 1014/2081/3 1029/2121/174 1030/2125/174 1018/2092/3
f 1012/2077/1 1028/2119/1 1029/2122/1 1014/2082/1
f 1045/2157/1 1047/2162/1 1046/2159/1 1037/2138/1 1036/2136/1 1033/2130/1 1040/2145/1 1041/2148/1
f 1038/2140/122 1040/2146/122 1033/2131/177 1032/2128/177
f 1032/2128/177 1033/2131/177 1036/2137/3 1034/2132/3
f 1046/2160/5 1042/2150/5 1035/2134/174 1037/2139/174
f 1037/2139/174 1035/2134/174 1034/2132/3 1036/2137/3
f 1045/2158/4 1043/2153/4 1044/2155/169 1047/2163/169
f 1047/2163/169 1044/2155/169 1042/2151/5 1046/2161/5
f 1040/2147/122 1038/2141/122 1039/2143/178 1041/2149/178
f 1041/2149/178 1039/2143/178 1043/2153/4 1045/2158/4
f 1034/2133/2 1035/2135/2 1042/2152/2 1044/2156/2 1043/2154/2 1039/2144/2 1038/2142/2 1032/2129/2
f 1054/2175/179 1056/2179/179 1049/2166/179 1048/2164/179
f 1048/2164/180 1049/2166/180 1052/2172/180 1050/2167/180
f 1062/2190/181 1058/2181/181 1051/2170/181 1053/2174/181
f 1053/2174/182 1051/2170/182 1050/2168/182 1052/2173/182
f 1061/2188/183 1059/2183/183 1060/2186/183 1063/2191/183
f 1063/2191/184 1060/2186/184 1058/2181/184 1062/2190/184
f 1056/2179/185 1054/2175/185 1055/2177/185 1057/2180/185
f 1057/2180/186 1055/2177/186 1059/2184/186 1061/2189/186
f 1050/2169/2 1051/2171/2 1058/2182/2 1060/2187/2 1059/2185/2 1055/2178/2 1054/2176/2 1048/2165/2
f 1088/2259/3 1065/2195/3 1067/2200/3 1089/2262/3
f 1089/2260/158 1067/2201/5 1071/2212/5 1090/2263/158
f 1090/2264/4 1071/2213/4 1069/2206/4 1091/2268/4
f 1091/2267/187 1069/2207/122 1065/2196/122 1088/2258/187
f 1068/2202/123 1064/2192/123 1072/2214/123 1074/2220/123
f 1073/2217/122 1075/2223/122 1074/2221/122 1072/2215/122
f 1066/2197/124 1070/2208/124 1075/2224/124 1073/2218/124
f 1064/2194/3 1066/2199/3 1073/2219/3 1072/2216/3
f 1070/2209/4 1068/2203/4 1074/2222/4 1075/2225/4
f 1092/2270/3 1077/2229/3 1079/2234/3 1093/2273/3
f 1093/2271/158 1079/2235/5 1083/2244/5 1094/2274/158
f 1094/2275/4 1083/2245/4 1081/2239/4 1095/2278/4
f 1095/2277/187 1081/2240/122 1077/2230/122 1092/2269/187
f 1080/2236/123 1076/2226/123 1084/2246/123 1086/2252/123
f 1085/2249/122 1087/2255/122 1086/2253/122 1084/2247/122
f 1078/2231/124 1082/2241/124 1087/2256/124 1085/2250/124
f 1076/2228/3 1078/2233/3 1085/2251/3 1084/2248/3
f 1082/2242/4 1080/2238/4 1086/2254/4 1087/2257/4
f 1068/2204/188 1091/2267/187 1088/2258/187 1064/2193/188
f 1070/2210/4 1090/2265/4 1091/2268/4 1068/2205/4
f 1066/2198/2 1089/2261/158 1090/2266/158 1070/2211/2
f 1064/2194/3 1088/2259/3 1089/2262/3 1066/2199/3
f 1080/2237/188 1095/2277/187 1092/2269/187 1076/2227/188
f 1082/2242/4 1094/2275/4 1095/2278/4 1080/2238/4
f 1078/2232/2 1093/2272/158 1094/2276/158 1082/2243/2
f 1076/2228/3 1092/2270/3 1093/2273/3 1078/2233/3
f 1102/2290/185 1104/2294/185 1097/2281/185 1096/2279/185
f 1096/2279/186 1097/2281/186 1100/2287/186 1098/2282/186
f 1110/2305/184 1106/2296/184 1099/2285/184 1101/2289/184
f 1101/2289/183 1099/2285/183 1098/2283/183 1100/2288/183
f 1109/2303/182 1107/2298/182 1108/2301/182 1111/2306/182
f 1111/2306/181 1108/2301/181 1106/2296/181 1110/2305/181
f 1104/2294/179 1102/2290/179 1103/2292/179 1105/2295/179
f 1105/2295/180 1103/2292/180 1107/2299/180 1109/2304/180
f 1098/2284/1 1099/2286/1 1106/2297/1 1108/2302/1 1107/2300/1 1103/2293/1 1102/2291/1 1096/2280/1
f 1136/2374/4 1113/2310/4 1115/2315/4 1137/2377/4
f 1137/2375/159 1115/2316/5 1119/2327/5 1138/2378/159
f 1138/2379/3 1119/2328/3 1117/2321/3 1139/2383/3
f 1139/2382/189 1117/2322/122 1113/2311/122 1136/2373/189
f 1116/2317/190 1112/2307/190 1120/2329/190 1122/2335/190
f 1121/2332/122 1123/2338/122 1122/2336/122 1120/2330/122
f 1114/2312/123 1118/2323/123 1123/2339/123 1121/2333/123
f 1112/2309/4 1114/2314/4 1121/2334/4 1120/2331/4
f 1118/2324/3 1116/2318/3 1122/2337/3 1123/2340/3
f 1140/2385/4 1125/2344/4 1127/2349/4 1141/2388/4
f 1141/2386/159 1127/2350/5 1131/2359/5 1142/2389/159
f 1142/2390/3 1131/2360/3 1129/2354/3 1143/2393/3
f 1143/2392/189 1129/2355/122 1125/2345/122 1140/2384/189
f 1128/2351/190 1124/2341/190 1132/2361/190 1134/2367/190
f 1133/2364/122 1135/2370/122 1134/2368/122 1132/2362/122
f 1126/2346/123 1130/2356/123 1135/2371/123 1133/2365/123
f 1124/2343/4 1126/2348/4 1133/2366/4 1132/2363/4
f 1130/2357/3 1128/2353/3 1134/2369/3 1135/2372/3
f 1116/2319/191 1139/2382/189 1136/2373/189 1112/2308/191
f 1118/2325/3 1138/2380/3 1139/2383/3 1116/2320/3
f 1114/2313/1 1137/2376/159 1138/2381/159 1118/2326/1
f 1112/2309/4 1136/2374/4 1137/2377/4 1114/2314/4
f 1128/2352/191 1143/2392/189 1140/2384/189 1124/2342/191
f 1130/2357/3 1142/2390/3 1143/2393/3 1128/2353/3
f 1126/2347/1 1141/2387/159 1142/2391/159 1130/2358/1
f 1124/2343/4 1140/2385/4 1141/2388/4 1126/2348/4
f 1157/2423/1 1159/2428/1 1158/2425/1 1149/2404/1 1148/2402/1 1145/2396/1 1152/2411/1 1153/2414/1
f 1150/2406/122 1152/2412/122 1145/2397/177 1144/2394/177
f 1144/2394/177 1145/2397/177 1148/2403/3 1146/2398/3
f 1158/2426/5 1154/2416/5 1147/2400/174 1149/2405/174
f 1149/2405/174 1147/2400/174 1146/2398/3 1148/2403/3
f 1157/2424/4 1155/2419/4 1156/2421/169 1159/2429/169
f 1159/2429/169 1156/2421/169 1154/2417/5 1158/2427/5
f 1152/2413/122 1150/2407/122 1151/2409/178 1153/2415/178
f 1153/2415/178 1151/2409/178 1155/2419/4 1157/2424/4
f 1146/2399/2 1147/2401/2 1154/2418/2 1156/2422/2 1155/2420/2 1151/2410/2 1150/2408/2 1144/2395/2
f 1166/2441/179 1168/2445/179 1161/2432/179 1160/2430/179
f 1160/2430/180 1161/2432/180 1164/2438/180 1162/2433/180
f 1174/2456/181 1170/2447/181 1163/2436/181 1165/2440/181
f 1165/2440/182 1163/2436/182 1162/2434/182 1164/2439/182
f 1173/2454/183 1171/2449/183 1172/2452/183 1175/2457/183
f 1175/2457/184 1172/2452/184 1170/2447/184 1174/2456/184
f 1168/2445/185 1166/2441/185 1167/2443/185 1169/2446/185
f 1169/2446/186 1167/2443/186 1171/2450/186 1173/2455/186
f 1162/2435/2 1163/2437/2 1170/2448/2 1172/2453/2 1171/2451/2 1167/2444/2 1166/2442/2 1160/2431/2
f 1200/2525/3 1177/2461/3 1179/2466/3 1201/2528/3
f 1201/2526/158 1179/2467/5 1183/2478/5 1202/2529/158
f 1202/2530/4 1183/2479/4 1181/2472/4 1203/2534/4
f 1203/2533/187 1181/2473/122 1177/2462/122 1200/2524/187
f 1180/2468/123 1176/2458/123 1184/2480/123 1186/2486/123
f 1185/2483/122 1187/2489/122 1186/2487/122 1184/2481/122
f 1178/2463/124 1182/2474/124 1187/2490/124 1185/2484/124
f 1176/2460/3 1178/2465/3 1185/2485/3 1184/2482/3
f 1182/2475/4 1180/2469/4 1186/2488/4 1187/2491/4
f 1204/2536/3 1189/2495/3 1191/2500/3 1205/2539/3
f 1205/2537/158 1191/2501/5 1195/2510/5 1206/2540/158
f 1206/2541/4 1195/2511/4 1193/2505/4 1207/2544/4
f 1207/2543/187 1193/2506/122 1189/2496/122 1204/2535/187
f 1192/2502/123 1188/2492/123 1196/2512/123 1198/2518/123
f 1197/2515/122 1199/2521/122 1198/2519/122 1196/2513/122
f 1190/2497/124 1194/2507/124 1199/2522/124 1197/2516/124
f 1188/2494/3 1190/2499/3 1197/2517/3 1196/2514/3
f 1194/2508/4 1192/2504/4 1198/2520/4 1199/2523/4
f 1180/2470/188 1203/2533/187 1200/2524/187 1176/2459/188
f 1182/2476/4 1202/2531/4 1203/2534/4 1180/2471/4
f 1178/2464/2 1201/2527/158 1202/2532/158 1182/2477/2
f 1176/2460/3 1200/2525/3 1201/2528/3 1178/2465/3
f 1192/2503/188 1207/2543/187 1204/2535/187 1188/2493/188
f 1194/2508/4 1206/2541/4 1207/2544/4 1192/2504/4
f 1190/2498/2 1205/2538/158 1206/2542/158 1194/2509/2
f 1188/2494/3 1204/2536/3 1205/2539/3 1190/2499/3
f 1214/2556/185 1216/2560/185 1209/2547/185 1208/2545/185
f 1208/2545/186 1209/2547/186 1212/2553/186 1210/2548/186
f 1222/2571/184 1218/2562/184 1211/2551/184 1213/2555/184
f 1213/2555/183 1211/2551/183 1210/2549/183 1212/2554/183
f 1221/2569/182 1219/2564/182 1220/2567/182 1223/2572/182
f 1223/2572/181 1220/2567/181 1218/2562/181 1222/2571/181
f 1216/2560/179 1214/2556/179 1215/2558/179 1217/2561/179
f 1217/2561/180 1215/2558/180 1219/2565/180 1221/2570/180
f 1210/2550/1 1211/2552/1 1218/2563/1 1220/2568/1 1219/2566/1 1215/2559/1 1214/2557/1 1208/2546/1
f 1248/2640/4 1225/2576/4 1227/2581/4 1249/2643/4
f 1249/2641/159 1227/2582/5 1231/2593/5 1250/2644/159
f 1250/2645/3 1231/2594/3 1229/2587/3 1251/2649/3
f 1251/2648/189 1229/2588/122 1225/2577/122 1248/2639/189
f 1228/2583/124 1224/2573/124 1232/2595/124 1234/2601/124
f 1233/2598/122 1235/2604/122 1234/2602/122 1232/2596/122
f 1226/2578/123 1230/2589/123 1235/2605/123 1233/2599/123
f 1224/2575/4 1226/2580/4 1233/2600/4 1232/2597/4
f 1230/2590/3 1228/2584/3 1234/2603/3 1235/2606/3
f 1252/2651/4 1237/2610/4 1239/2615/4 1253/2654/4
f 1253/2652/159 1239/2616/5 1243/2625/5 1254/2655/159
f 1254/2656/3 1243/2626/3 1241/2620/3 1255/2659/3
f 1255/2658/192 1241/2621/122 1237/2611/122 1252/2650/189
f 1240/2617/124 1236/2607/124 1244/2627/124 1246/2633/124
f 1245/2630/122 1247/2636/122 1246/2634/122 1244/2628/122
f 1238/2612/123 1242/2622/123 1247/2637/123 1245/2631/123
f 1236/2609/4 1238/2614/4 1245/2632/4 1244/2629/4
f 1242/2623/3 1240/2619/3 1246/2635/3 1247/2638/3
f 1228/2585/191 1251/2648/189 1248/2639/189 1224/2574/191
f 1230/2591/3 1250/2646/3 1251/2649/3 1228/2586/3
f 1226/2579/1 1249/2642/159 1250/2647/159 1230/2592/1
f 1224/2575/4 1248/2640/4 1249/2643/4 1226/2580/4
f 1240/2618/191 1255/2658/192 1252/2650/189 1236/2608/191
f 1242/2623/3 1254/2656/3 1255/2659/3 1240/2619/3
f 1238/2613/1 1253/2653/159 1254/2657/159 1242/2624/1
f 1236/2609/4 1252/2651/4 1253/2654/4 1238/2614/4
f 1269/2689/1 1271/2694/1 1270/2691/1 1261/2670/1 1260/2668/1 1257/2662/1 1264/2677/1 1265/2680/1
f 1262/2672/122 1264/2678/122 1257/2663/177 1256/2660/177
f 1256/2660/177 1257/2663/177 1260/2669/3 1258/2664/3
f 1270/2692/5 1266/2682/5 1259/2666/174 1261/2671/174
f 1261/2671/174 1259/2666/174 1258/2664/3 1260/2669/3
f 1269/2690/4 1267/2685/4 1268/2687/169 1271/2695/169
f 1271/2695/169 1268/2687/169 1266/2683/5 1270/2693/5
f 1264/2679/122 1262/2673/122 1263/2675/178 1265/2681/178
f 1265/2681/178 1263/2675/178 1267/2685/4 1269/2690/4
f 1258/2665/2 1259/2667/2 1266/2684/2 1268/2688/2 1267/2686/2 1263/2676/2 1262/2674/2 1256/2661/2
f 1278/2707/179 1280/2711/179 1273/2698/179 1272/2696/179
f 1272/2696/180 1273/2698/180 1276/2704/180 1274/2699/180
f 1286/2722/181 1282/2713/181 1275/2702/181 1277/2706/181
f 1277/2706/182 1275/2702/182 1274/2700/182 1276/2705/182
f 1285/2720/183 1283/2715/183 1284/2718/183 1287/2723/183
f 1287/2723/184 1284/2718/184 1282/2713/184 1286/2722/184
f 1280/2711/185 1278/2707/185 1279/2709/185 1281/2712/185
f 1281/2712/186 1279/2709/186 1283/2716/186 1285/2721/186
f 1274/2701/2 1275/2703/2 1282/2714/2 1284/2719/2 1283/2717/2 1279/2710/2 1278/2708/2 1272/2697/2
f 1312/2791/3 1289/2727/3 1291/2732/3 1313/2794/3
f 1313/2792/158 1291/2733/5 1295/2744/5 1314/2795/158
f 1314/2796/4 1295/2745/4 1293/2738/4 1315/2800/4
f 1315/2799/187 1293/2739/122 1289/2728/122 1312/2790/187
f 1292/2734/123 1288/2724/123 1296/2746/123 1298/2752/123
f 1297/2749/122 1299/2755/122 1298/2753/122 1296/2747/122
f 1290/2729/124 1294/2740/124 1299/2756/124 1297/2750/124
f 1288/2726/3 1290/2731/3 1297/2751/3 1296/2748/3
f 1294/2741/4 1292/2735/4 1298/2754/4 1299/2757/4
f 1316/2802/3 1301/2761/3 1303/2766/3 1317/2805/3
f 1317/2803/158 1303/2767/5 1307/2776/5 1318/2806/158
f 1318/2807/4 1307/2777/4 1305/2771/4 1319/2810/4
f 1319/2809/187 1305/2772/122 1301/2762/122 1316/2801/187
f 1304/2768/123 1300/2758/123 1308/2778/123 1310/2784/123
f 1309/2781/122 1311/2787/122 1310/2785/122 1308/2779/122
f 1302/2763/124 1306/2773/124 1311/2788/124 1309/2782/124
f 1300/2760/3 1302/2765/3 1309/2783/3 1308/2780/3
f 1306/2774/4 1304/2770/4 1310/2786/4 1311/2789/4
f 1292/2736/188 1315/2799/187 1312/2790/187 1288/2725/188
f 1294/2742/4 1314/2797/4 1315/2800/4 1292/2737/4
f 1290/2730/2 1313/2793/158 1314/2798/158 1294/2743/2
f 1288/2726/3 1312/2791/3 1313/2794/3 1290/2731/3
f 1304/2769/188 1319/2809/187 1316/2801/187 1300/2759/188
f 1306/2774/4 1318/2807/4 1319/2810/4 1304/2770/4
f 1302/2764/2 1317/2804/158 1318/2808/158 1306/2775/2
f 1300/2760/3 1316/2802/3 1317/2805/3 1302/2765/3
f 1326/2822/185 1328/2826/185 1321/2813/185 1320/2811/185
f 1320/2811/186 1321/2813/186 1324/2819/186 1322/2814/186
f 1334/2837/184 1330/2828/184 1323/2817/184 1325/2821/184
f 1325/2821/183 1323/2817/183 1322/2815/183 1324/2820/183
f 1333/2835/182 1331/2830/182 1332/2833/182 1335/2838/182
f 1335/2838/181 1332/2833/181 1330/2828/181 1334/2837/181
f 1328/2826/179 1326/2822/179 1327/2824/179 1329/2827/179
f 1329/2827/180 1327/2824/180 1331/2831/180 1333/2836/180
f 1322/2816/1 1323/2818/1 1330/2829/1 1332/2834/1 1331/2832/1 1327/2825/1 1326/2823/1 1320/2812/1
f 1360/2906/4 1337/2842/4 1339/2847/4 1361/2909/4
f 1361/2907/159 1339/2848/5 1343/2859/5 1362/2910/159
f 1362/2911/3 1343/2860/3 1341/2853/3 1363/2915/3
f 1363/2914/189 1341/2854/122 1337/2843/122 1360/2905/189
f 1340/2849/124 1336/2839/124 1344/2861/124 1346/2867/124
f 1345/2864/122 1347/2870/122 1346/2868/122 1344/2862/122
f 1338/2844/123 1342/2855/123 1347/2871/123 1345/2865/123
f 1336/2841/4 1338/2846/4 1345/2866/4 1344/2863/4
f 1342/2856/3 1340/2850/3 1346/2869/3 1347/2872/3
f 1364/2917/4 1349/2876/4 1351/2881/4 1365/2920/4
f 1365/2918/159 1351/2882/5 1355/2891/5 1366/2921/159
f 1366/2922/3 1355/2892/3 1353/2886/3 1367/2925/3
f 1367/2924/189 1353/2887/122 1349/2877/122 1364/2916/189
f 1352/2883/124 1348/2873/124 1356/2893/124 1358/2899/124
f 1357/2896/122 1359/2902/122 1358/2900/122 1356/2894/122
f 1350/2878/123 1354/2888/123 1359/2903/123 1357/2897/123
f 1348/2875/4 1350/2880/4 1357/2898/4 1356/2895/4
f 1354/2889/3 1352/2885/3 1358/2901/3 1359/2904/3
f 1340/2851/191 1363/2914/189 1360/2905/189 1336/2840/191
f 1342/2857/3 1362/2912/3 1363/2915/3 1340/2852/3
f 1338/2845/1 1361/2908/159 1362/2913/159 1342/2858/1
f 1336/2841/4 1360/2906/4 1361/2909/4 1338/2846/4
f 1352/2884/191 1367/2924/189 1364/2916/189 1348/2874/191
f 1354/2889/3 1366/2922/3 1367/2925/3 1352/2885/3
f 1350/2879/1 1365/2919/159 1366/2923/159 1354/2890/1
f 1348/2875/4 1364/2917/4 1365/2920/4 1350/2880/4
f 1381/2955/1 1383/2960/1 1382/2957/1 1373/2936/1 1372/2934/1 1369/2928/1 1376/2943/1 1377/2946/1
f 1374/2938/122 1376/2944/122 1369/2929/177 1368/2926/177
f 1368/2926/177 1369/2929/177 1372/2935/3 1370/2930/3
f 1382/2958/5 1378/2948/5 1371/2932/174 1373/2937/174
f 1373/2937/174 1371/2932/174 1370/2930/3 1372/2935/3
f 1381/2956/4 1379/2951/4 1380/2953/169 1383/2961/169
f 1383/2961/169 1380/2953/169 1378/2949/5 1382/2959/5
f 1376/2945/122 1374/2939/122 1375/2941/178 1377/2947/178
f 1377/2947/178 1375/2941/178 1379/2951/4 1381/2956/4
f 1370/2931/2 1371/2933/2 1378/2950/2 1380/2954/2 1379/2952/2 1375/2942/2 1374/2940/2 1368/2927/2
f 1390/2973/179 1392/2977/179 1385/2964/179 1384/2962/179
f 1384/2962/180 1385/2964/180 1388/2970/180 1386/2965/180
f 1398/2988/181 1394/2979/181 1387/2968/181 1389/2972/181
f 1389/2972/182 1387/2968/182 1386/2966/182 1388/2971/182
f 1397/2986/183 1395/2981/183 1396/2984/183 1399/2989/183
f 1399/2989/184 1396/2984/184 1394/2979/184 1398/2988/184
f 1392/2977/185 1390/2973/185 1391/2975/185 1393/2978/185
f 1393/2978/186 1391/2975/186 1395/2982/186 1397/2987/186
f 1386/2967/2 1387/2969/2 1394/2980/2 1396/2985/2 1395/2983/2 1391/2976/2 1390/2974/2 1384/2963/2
f 1424/3057/3 1401/2993/3 1403/2998/3 1425/3060/3
f 1425/3058/158 1403/2999/5 1407/3010/5 1426/3061/158
f 1426/3062/4 1407/3011/4 1405/3004/4 1427/3066/4
f 1427/3065/187 1405/3005/122 1401/2994/122 1424/3056/187
f 1404/3000/123 1400/2990/123 1408/3012/123 1410/3018/123
f 1409/3015/122 1411/3021/122 1410/3019/122 1408/3013/122
f 1402/2995/124 1406/3006/124 1411/3022/124 1409/3016/124
f 1400/2992/3 1402/2997/3 1409/3017/3 1408/3014/3
f 1406/3007/4 1404/3001/4 1410/3020/4 1411/3023/4
f 1428/3068/3 1413/3027/3 1415/3032/3 1429/3071/3
f 1429/3069/158 1415/3033/5 1419/3042/5 1430/3072/158
f 1430/3073/4 1419/3043/4 1417/3037/4 1431/3076/4
f 1431/3075/187 1417/3038/122 1413/3028/122 1428/3067/187
f 1416/3034/123 1412/3024/123 1420/3044/123 1422/3050/123
f 1421/3047/122 1423/3053/122 1422/3051/122 1420/3045/122
f 1414/3029/124 1418/3039/124 1423/3054/124 1421/3048/124
f 1412/3026/3 1414/3031/3 1421/3049/3 1420/3046/3
f 1418/3040/4 1416/3036/4 1422/3052/4 1423/3055/4
f 1404/3002/188 1427/3065/187 1424/3056/187 1400/2991/188
f 1406/3008/4 1426/3063/4 1427/3066/4 1404/3003/4
f 1402/2996/2 1425/3059/158 1426/3064/158 1406/3009/2
f 1400/2992/3 1424/3057/3 1425/3060/3 1402/2997/3
f 1416/3035/188 1431/3075/187 1428/3067/187 1412/3025/188
f 1418/3040/4 1430/3073/4 1431/3076/4 1416/3036/4
f 1414/3030/2 1429/3070/158 1430/3074/158 1418/3041/2
f 1412/3026/3 1428/3068/3 1429/3071/3 1414/3031/3
f 1438/3088/185 1440/3092/185 1433/3079/185 1432/3077/185
f 1432/3077/186 1433/3079/186 1436/3085/186 1434/3080/186
f 1446/3103/184 1442/3094/184 1435/3083/184 1437/3087/184
f 1437/3087/183 1435/3083/183 1434/3081/183 1436/3086/183
f 1445/3101/182 1443/3096/182 1444/3099/182 1447/3104/182
f 1447/3104/181 1444/3099/181 1442/3094/181 1446/3103/181
f 1440/3092/179 1438/3088/179 1439/3090/179 1441/3093/179
f 1441/3093/180 1439/3090/180 1443/3097/180 1445/3102/180
f 1434/3082/1 1435/3084/1 1442/3095/1 1444/3100/1 1443/3098/1 1439/3091/1 1438/3089/1 1432/3078/1
f 1472/3172/4 1449/3108/4 1451/3113/4 1473/3175/4
f 1473/3173/159 1451/3114/5 1455/3125/5 1474/3176/159
f 1474/3177/3 1455/3126/3 1453/3119/3 1475/3181/3
f 1475/3180/189 1453/3120/122 1449/3109/122 1472/3171/189
f 1452/3115/124 1448/3105/124 1456/3127/124 1458/3133/124
f 1457/3130/122 1459/3136/122 1458/3134/122 1456/3128/122
f 1450/3110/123 1454/3121/123 1459/3137/123 1457/3131/123
f 1448/3107/4 1450/3112/4 1457/3132/4 1456/3129/4
f 1454/3122/3 1452/3116/3 1458/3135/3 1459/3138/3
f 1476/3183/4 1461/3142/4 1463/3147/4 1477/3186/4
f 1477/3184/159 1463/3148/5 1467/3157/5 1478/3187/159
f 1478/3188/3 1467/3158/3 1465/3152/3 1479/3191/3
f 1479/3190/189 1465/3153/122 1461/3143/122 1476/3182/189
f 1464/3149/124 1460/3139/124 1468/3159/124 1470/3165/124
f 1469/3162/122 1471/3168/122 1470/3166/122 1468/3160/122
f 1462/3144/123 1466/3154/123 1471/3169/123 1469/3163/123
f 1460/3141/4 1462/3146/4 1469/3164/4 1468/3161/4
f 1466/3155/3 1464/3151/3 1470/3167/3 1471/3170/3
f 1452/3117/191 1475/3180/189 1472/3171/189 1448/3106/191
f 1454/3123/3 1474/3178/3 1475/3181/3 1452/3118/3
f 1450/3111/1 1473/3174/159 1474/3179/159 1454/3124/1
f 1448/3107/4 1472/3172/4 1473/3175/4 1450/3112/4
f 1464/3150/191 1479/3190/189 1476/3182/189 1460/3140/191
f 1466/3155/3 1478/3188/3 1479/3191/3 1464/3151/3
f 1462/3145/1 1477/3185/159 1478/3189/159 1466/3156/1
f 1460/3141/4 1476/3183/4 1477/3186/4 1462/3146/4
f 1486/3203/114 1488/3207/114 1481/3194/114 1480/3192/114
f 1480/3192/115 1481/3194/115 1484/3200/115 1482/3195/115
f 1494/3218/116 1490/3209/116 1483/3198/116 1485/3202/116
f 1485/3202/117 1483/3198/117 1482/3196/117 1484/3201/117
f 1493/3216/118 1491/3211/118 1492/3214/118 1495/3219/118
f 1495/3219/119 1492/3214/119 1490/3209/119 1494/3218/119
f 1488/3207/120 1486/3203/120 1487/3205/120 1489/3208/120
f 1489/3208/121 1487/3205/121 1491/3212/121 1493/3217/121
f 1482/3197/122 1483/3199/122 1490/3210/122 1492/3215/122 1491/3213/122 1487/3206/122 1486/3204/122 1480/3193/122
f 1496/3222/3 1497/3223/3 1499/3228/3 1498/3227/3
f 1498/3225/2 1499/3229/2 1503/3238/2 1502/3235/2
f 1502/3237/4 1503/3239/4 1501/3233/4 1500/3232/4
f 1500/3230/1 1501/3234/1 1497/3224/1 1496/3220/1
f 1500/3231/123 1496/3221/123 1504/3240/123 1506/3246/123
f 1505/3243/122 1507/3249/122 1506/3247/122 1504/3241/122
f 1498/3226/124 1502/3236/124 1507/3250/124 1505/3244/124
f 1496/3222/3 1498/3227/3 1505/3245/3 1504/3242/3
f 1502/3237/4 1500/3232/4 1506/3248/4 1507/3251/4
f 1508/3254/3 1509/3255/3 1511/3260/3 1510/3259/3
f 1510/3257/2 1511/3261/2 1515/3270/2 1514/3267/2
f 1514/3269/4 1515/3271/4 1513/3265/4 1512/3264/4
f 1512/3262/1 1513/3266/1 1509/3256/1 1508/3252/1
f 1512/3263/123 1508/3253/123 1516/3272/123 1518/3278/123
f 1517/3275/122 1519/3281/122 1518/3279/122 1516/3273/122
f 1510/3258/124 1514/3268/124 1519/3282/124 1517/3276/124
f 1508/3254/3 1510/3259/3 1517/3277/3 1516/3274/3
f 1514/3269/4 1512/3264/4 1518/3280/4 1519/3283/4
f 1533/3313/5 1535/3318/5 1534/3315/5 1525/3294/5 1524/3292/5 1521/3286/5 1528/3301/5 1529/3304/5
f 1554/3342/1 1528/3302/1 1521/3287/112 1536/3320/112
f 1536/3320/112 1521/3287/112 1524/3293/3 1544/3328/3
f 1551/3336/2 1530/3306/2 1523/3290/111 1539/3323/111
f 1539/3323/111 1523/3290/111 1522/3289/3 1542/3326/3
f 1547/3331/4 1531/3309/4 1532/3311/113 1548/3332/113
f 1548/3332/113 1532/3311/113 1530/3307/2 1551/3335/2
f 1556/3345/1 1526/3296/1 1527/3299/110 1557/3347/110
f 1557/3347/110 1527/3299/110 1531/3309/4 1547/3331/4
f 1522/3288/122 1523/3291/122 1530/3308/122 1532/3312/122 1531/3310/122 1527/3300/122 1526/3297/122 1520/3284/122
f 1529/3305/110 1559/3349/110 1545/3329/4 1533/3314/4
f 1559/3349/125 1558/3348/125 1546/3330/126 1545/3329/126
f 1558/3348/127 1557/3347/127 1547/3331/128 1546/3330/128
f 1528/3303/1 1554/3341/1 1559/3349/110 1529/3305/110
f 1554/3341/129 1555/3343/129 1558/3348/125 1559/3349/125
f 1555/3343/130 1556/3345/130 1557/3347/127 1558/3348/127
f 1535/3319/113 1550/3334/113 1553/3339/2 1534/3316/2
f 1550/3334/131 1549/3333/131 1552/3337/132 1553/3339/132
f 1549/3333/133 1548/3332/133 1551/3335/134 1552/3337/134
f 1533/3314/4 1545/3329/4 1550/3334/113 1535/3319/113
f 1545/3329/126 1546/3330/126 1549/3333/131 1550/3334/131
f 1546/3330/128 1547/3331/128 1548/3332/133 1549/3333/133
f 1525/3295/111 1541/3325/111 1544/3328/3 1524/3293/3
f 1541/3325/135 1540/3324/135 1543/3327/136 1544/3328/136
f 1540/3324/137 1539/3323/137 1542/3326/138 1543/3327/138
f 1534/3317/2 1553/3340/2 1541/3325/111 1525/3295/111
f 1553/3340/132 1552/3338/132 1540/3324/135 1541/3325/135
f 1552/3338/134 1551/3336/134 1539/3323/137 1540/3324/137
f 1520/3285/112 1538/3322/112 1542/3326/3 1522/3289/3
f 1538/3322/139 1537/3321/139 1543/3327/138 1542/3326/138
f 1537/3321/140 1536/3320/140 1544/3328/136 1543/3327/136
f 1526/3298/1 1556/3346/1 1538/3322/112 1520/3285/112
f 1556/3346/130 1555/3344/130 1537/3321/139 1538/3322/139
f 1555/3344/129 1554/3342/129 1536/3320/140 1537/3321/140
f 1573/3379/3 1575/3384/3 1574/3381/3 1565/3360/3 1564/3358/3 1561/3352/3 1568/3367/3 1569/3370/3
f 1566/3362/122 1568/3368/122 1561/3353/157 1560/3350/157
f 1560/3350/157 1561/3353/157 1564/3359/2 1562/3354/2
f 1574/3382/5 1570/3372/5 1563/3356/158 1565/3361/158
f 1565/3361/158 1563/3356/158 1562/3354/2 1564/3359/2
f 1573/3380/1 1571/3375/1 1572/3377/159 1575/3385/159
f 1575/3385/159 1572/3377/159 1570/3373/5 1574/3383/5
f 1568/3369/122 1566/3363/122 1567/3365/160 1569/3371/160
f 1569/3371/160 1567/3365/160 1571/3375/1 1573/3380/1
f 1562/3355/4 1563/3357/4 1570/3374/4 1572/3378/4 1571/3376/4 1567/3366/4 1566/3364/4 1560/3351/4
f 1582/3397/161 1584/3401/161 1577/3388/161 1576/3386/161
f 1576/3386/162 1577/3388/162 1580/3394/162 1578/3389/162
f 1590/3412/163 1586/3403/163 1579/3392/163 1581/3396/163
f 1581/3396/164 1579/3392/164 1578/3390/164 1580/3395/164
f 1589/3410/165 1587/3405/165 1588/3408/165 1591/3413/165
f 1591/3413/166 1588/3408/166 1586/3403/166 1590/3412/166
f 1584/3401/167 1582/3397/167 1583/3399/167 1585/3402/167
f 1585/3402/168 1583/3399/168 1587/3406/168 1589/3411/168
f 1578/3391/4 1579/3393/4 1586/3404/4 1588/3409/4 1587/3407/4 1583/3400/4 1582/3398/4 1576/3387/4
f 1616/3481/2 1593/3417/2 1595/3422/2 1617/3484/2
f 1617/3482/169 1595/3423/5 1599/3434/5 1618/3485/169
f 1618/3486/1 1599/3435/1 1597/3428/1 1619/3490/1
f 1619/3489/170 1597/3429/122 1593/3418/122 1616/3480/170
f 1596/3424/171 1592/3414/171 1600/3436/171 1602/3442/171
f 1601/3439/122 1603/3445/122 1602/3443/122 1600/3437/122
f 1594/3419/172 1598/3430/172 1603/3446/172 1601/3440/172
f 1592/3416/2 1594/3421/2 1601/3441/2 1600/3438/2
f 1598/3431/1 1596/3425/1 1602/3444/1 1603/3447/1
f 1620/3492/2 1605/3451/2 1607/3456/2 1621/3495/2
f 1621/3493/169 1607/3457/5 1611/3466/5 1622/3496/169
f 1622/3497/1 1611/3467/1 1609/3461/1 1623/3500/1
f 1623/3499/170 1609/3462/122 1605/3452/122 1620/3491/170
f 1608/3458/171 1604/3448/171 1612/3468/171 1614/3474/171
f 1613/3471/122 1615/3477/122 1614/3475/122 1612/3469/122
f 1606/3453/172 1610/3463/172 1615/3478/172 1613/3472/172
f 1604/3450/2 1606/3455/2 1613/3473/2 1612/3470/2
f 1610/3464/1 1608/3460/1 1614/3476/1 1615/3479/1
f 1596/3426/173 1619/3489/170 1616/3480/170 1592/3415/173
f 1598/3432/1 1618/3487/1 1619/3490/1 1596/3427/1
f 1594/3420/4 1617/3483/169 1618/3488/169 1598/3433/4
f 1592/3416/2 1616/3481/2 1617/3484/2 1594/3421/2
f 1608/3459/173 1623/3499/170 1620/3491/170 1604/3449/173
f 1610/3464/1 1622/3497/1 1623/3500/1 1608/3460/1
f 1606/3454/4 1621/3494/169 1622/3498/169 1610/3465/4
f 1604/3450/2 1620/3492/2 1621/3495/2 1606/3455/2
f 1630/3512/167 1632/3516/167 1625/3503/167 1624/3501/167
f 1624/3501/168 1625/3503/168 1628/3509/168 1626/3504/168
f 1638/3527/166 1634/3518/166 1627/3507/166 1629/3511/166
f 1629/3511/165 1627/3507/165 1626/3505/165 1628/3510/165
f 1637/3525/164 1635/3520/164 1636/3523/164 1639/3528/164
f 1639/3528/163 1636/3523/163 1634/3518/163 1638/3527/163
f 1632/3516/161 1630/3512/161 1631/3514/161 1633/3517/161
f 1633/3517/162 1631/3514/162 1635/3521/162 1637/3526/162
f 1626/3506/3 1627/3508/3 1634/3519/3 1636/3524/3 1635/3522/3 1631/3515/3 1630/3513/3 1624/3502/3
f 1664/3596/1 1641/3532/1 1643/3537/1 1665/3599/1
f 1665/3597/174 1643/3538/5 1647/3549/5 1666/3600/174
f 1666/3601/2 1647/3550/2 1645/3543/2 1667/3605/2
f 1667/3604/175 1645/3544/122 1641/3533/122 1664/3595/175
f 1644/3539/172 1640/3529/172 1648/3551/172 1650/3557/172
f 1649/3554/122 1651/3560/122 1650/3558/122 1648/3552/122
f 1642/3534/171 1646/3545/171 1651/3561/171 1649/3555/171
f 1640/3531/1 1642/3536/1 1649/3556/1 1648/3553/1
f 1646/3546/2 1644/3540/2 1650/3559/2 1651/3562/2
f 1668/3607/1 1653/3566/1 1655/3571/1 1669/3610/1
f 1669/3608/174 1655/3572/5 1659/3581/5 1670/3611/174
f 1670/3612/2 1659/3582/2 1657/3576/2 1671/3615/2
f 1671/3614/175 1657/3577/122 1653/3567/122 1668/3606/175
f 1656/3573/172 1652/3563/172 1660/3583/172 1662/3589/172
f 1661/3586/122 1663/3592/122 1662/3590/122 1660/3584/122
f 1654/3568/171 1658/3578/171 1663/3593/171 1661/3587/171
f 1652/3565/1 1654/3570/1 1661/3588/1 1660/3585/1
f 1658/3579/2 1656/3575/2 1662/3591/2 1663/3594/2
f 1644/3541/176 1667/3604/175 1664/3595/175 1640/3530/176
f 1646/3547/2 1666/3602/2 1667/3605/2 1644/3542/2
f 1642/3535/3 1665/3598/174 1666/3603/174 1646/3548/3
f 1640/3531/1 1664/3596/1 1665/3599/1 1642/3536/1
f 1656/3574/176 1671/3614/175 1668/3606/175 1652/3564/176
f 1658/3579/2 1670/3612/2 1671/3615/2 1656/3575/2
f 1654/3569/3 1669/3609/174 1670/3613/174 1658/3580/3
f 1652/3565/1 1668/3607/1 1669/3610/1 1654/3570/1
s 0
f 1678/3634/4 1679/3636/4 1677/3631/4 1676/3628/4
f 1676/3629/5 1677/3632/5 1673/3622/5 1672/3618/5
f 1674/3625/1 1678/3635/1 1676/3630/1 1672/3619/1
f 1679/3637/2 1675/3627/2 1673/3623/2 1677/3633/2
s 1
f 1693/3667/1 1695/3672/1 1694/3669/1 1685/3648/1 1684/3646/1 1681/3640/1 1688/3655/1 1689/3658/1
f 1686/3650/122 1688/3656/122 1681/3641/177 1680/3638/177
f 1680/3638/177 1681/3641/177 1684/3647/3 1682/3642/3
f 1694/3670/5 1690/3660/5 1683/3644/174 1685/3649/174
f 1685/3649/174 1683/3644/174 1682/3642/3 1684/3647/3
f 1693/3668/4 1691/3663/4 1692/3665/169 1695/3673/169
f 1695/3673/169 1692/3665/169 1690/3661/5 1694/3671/5
f 1688/3657/122 1686/3651/122 1687/3653/178 1689/3659/178
f 1689/3659/178 1687/3653/178 1691/3663/4 1693/3668/4
f 1682/3643/2 1683/3645/2 1690/3662/2 1692/3666/2 1691/3664/2 1687/3654/2 1686/3652/2 1680/3639/2
f 1702/3685/179 1704/3689/179 1697/3676/179 1696/3674/179
f 1696/3674/180 1697/3676/180 1700/3682/180 1698/3677/180
f 1710/3700/181 1706/3691/181 1699/3680/181 1701/3684/181
f 1701/3684/182 1699/3680/182 1698/3678/182 1700/3683/182
f 1709/3698/183 1707/3693/183 1708/3696/183 1711/3701/183
f 1711/3701/184 1708/3696/184 1706/3691/184 1710/3700/184
f 1704/3689/185 1702/3685/185 1703/3687/185 1705/3690/185
f 1705/3690/186 1703/3687/186 1707/3694/186 1709/3699/186
f 1698/3679/2 1699/3681/2 1706/3692/2 1708/3697/2 1707/3695/2 1703/3688/2 1702/3686/2 1696/3675/2
f 1736/3769/3 1713/3705/3 1715/3710/3 1737/3772/3
f 1737/3770/158 1715/3711/5 1719/3722/5 1738/3773/158
f 1738/3774/4 1719/3723/4 1717/3716/4 1739/3778/4
f 1739/3777/187 1717/3717/122 1713/3706/122 1736/3768/187
f 1716/3712/123 1712/3702/123 1720/3724/123 1722/3730/123
f 1721/3727/122 1723/3733/122 1722/3731/122 1720/3725/122
f 1714/3707/124 1718/3718/124 1723/3734/124 1721/3728/124
f 1712/3704/3 1714/3709/3 1721/3729/3 1720/3726/3
f 1718/3719/4 1716/3713/4 1722/3732/4 1723/3735/4
f 1740/3780/3 1725/3739/3 1727/3744/3 1741/3783/3
f 1741/3781/158 1727/3745/5 1731/3754/5 1742/3784/158
f 1742/3785/4 1731/3755/4 1729/3749/4 1743/3788/4
f 1743/3787/187 1729/3750/122 1725/3740/122 1740/3779/187
f 1728/3746/123 1724/3736/123 1732/3756/123 1734/3762/123
f 1733/3759/122 1735/3765/122 1734/3763/122 1732/3757/122
f 1726/3741/124 1730/3751/124 1735/3766/124 1733/3760/124
f 1724/3738/3 1726/3743/3 1733/3761/3 1732/3758/3
f 1730/3752/4 1728/3748/4 1734/3764/4 1735/3767/4
f 1716/3714/188 1739/3777/187 1736/3768/187 1712/3703/188
f 1718/3720/4 1738/3775/4 1739/3778/4 1716/3715/4
f 1714/3708/2 1737/3771/158 1738/3776/158 1718/3721/2
f 1712/3704/3 1736/3769/3 1737/3772/3 1714/3709/3
f 1728/3747/188 1743/3787/187 1740/3779/187 1724/3737/188
f 1730/3752/4 1742/3785/4 1743/3788/4 1728/3748/4
f 1726/3742/2 1741/3782/158 1742/3786/158 1730/3753/2
f 1724/3738/3 1740/3780/3 1741/3783/3 1726/3743/3
f 1750/3800/185 1752/3804/185 1745/3791/185 1744/3789/185
f 1744/3789/186 1745/3791/186 1748/3797/186 1746/3792/186
f 1758/3815/184 1754/3806/184 1747/3795/184 1749/3799/184
f 1749/3799/183 1747/3795/183 1746/3793/183 1748/3798/183
f 1757/3813/182 1755/3808/182 1756/3811/182 1759/3816/182
f 1759/3816/181 1756/3811/181 1754/3806/181 1758/3815/181
f 1752/3804/179 1750/3800/179 1751/3802/179 1753/3805/179
f 1753/3805/180 1751/3802/180 1755/3809/180 1757/3814/180
f 1746/3794/1 1747/3796/1 1754/3807/1 1756/3812/1 1755/3810/1 1751/3803/1 1750/3801/1 1744/3790/1
f 1784/3884/4 1761/3820/4 1763/3825/4 1785/3887/4
f 1785/3885/159 1763/3826/5 1767/3837/5 1786/3888/159
f 1786/3889/3 1767/3838/3 1765/3831/3 1787/3893/3
f 1787/3892/189 1765/3832/122 1761/3821/122 1784/3883/189
f 1764/3827/124 1760/3817/124 1768/3839/124 1770/3845/124
f 1769/3842/122 1771/3848/122 1770/3846/122 1768/3840/122
f 1762/3822/193 1766/3833/193 1771/3849/193 1769/3843/193
f 1760/3819/4 1762/3824/4 1769/3844/4 1768/3841/4
f 1766/3834/3 1764/3828/3 1770/3847/3 1771/3850/3
f 1788/3895/4 1773/3854/4 1775/3859/4 1789/3898/4
f 1789/3896/159 1775/3860/5 1779/3869/5 1790/3899/159
f 1790/3900/3 1779/3870/3 1777/3864/3 1791/3903/3
f 1791/3902/189 1777/3865/122 1773/3855/122 1788/3894/189
f 1776/3861/124 1772/3851/124 1780/3871/124 1782/3877/124
f 1781/3874/122 1783/3880/122 1782/3878/122 1780/3872/122
f 1774/3856/193 1778/3866/193 1783/3881/193 1781/3875/193
f 1772/3853/4 1774/3858/4 1781/3876/4 1780/3873/4
f 1778/3867/3 1776/3863/3 1782/3879/3 1783/3882/3
f 1764/3829/191 1787/3892/189 1784/3883/189 1760/3818/191
f 1766/3835/3 1786/3890/3 1787/3893/3 1764/3830/3
f 1762/3823/1 1785/3886/159 1786/3891/159 1766/3836/1
f 1760/3819/4 1784/3884/4 1785/3887/4 1762/3824/4
f 1776/3862/191 1791/3902/189 1788/3894/189 1772/3852/191
f 1778/3867/3 1790/3900/3 1791/3903/3 1776/3863/3
f 1774/3857/1 1789/3897/159 1790/3901/159 1778/3868/1
f 1772/3853/4 1788/3895/4 1789/3898/4 1774/3858/4
f 1805/3933/1 1807/3938/1 1806/3935/1 1797/3914/1 1796/3912/1 1793/3906/1 1800/3921/1 1801/3924/1
f 1798/3916/122 1800/3922/122 1793/3907/177 1792/3904/177
f 1792/3904/177 1793/3907/177 1796/3913/3 1794/3908/3
f 1806/3936/5 1802/3926/5 1795/3910/174 1797/3915/174
f 1797/3915/174 1795/3910/174 1794/3908/3 1796/3913/3
f 1805/3934/4 1803/3929/4 1804/3931/169 1807/3939/169
f 1807/3939/169 1804/3931/169 1802/3927/5 1806/3937/5
f 1800/3923/122 1798/3917/122 1799/3919/178 1801/3925/178
f 1801/3925/178 1799/3919/178 1803/3929/4 1805/3934/4
f 1794/3909/2 1795/3911/2 1802/3928/2 1804/3932/2 1803/3930/2 1799/3920/2 1798/3918/2 1792/3905/2
f 1814/3951/179 1816/3955/179 1809/3942/179 1808/3940/179
f 1808/3940/180 1809/3942/180 1812/3948/180 1810/3943/180
f 1822/3966/181 1818/3957/181 1811/3946/181 1813/3950/181
f 1813/3950/182 1811/3946/182 1810/3944/182 1812/3949/182
f 1821/3964/183 1819/3959/183 1820/3962/183 1823/3967/183
f 1823/3967/184 1820/3962/184 1818/3957/184 1822/3966/184
f 1816/3955/185 1814/3951/185 1815/3953/185 1817/3956/185
f 1817/3956/186 1815/3953/186 1819/3960/186 1821/3965/186
f 1810/3945/2 1811/3947/2 1818/3958/2 1820/3963/2 1819/3961/2 1815/3954/2 1814/3952/2 1808/3941/2
f 1848/4035/3 1825/3971/3 1827/3976/3 1849/4038/3
f 1849/4036/158 1827/3977/5 1831/3988/5 1850/4039/158
f 1850/4040/4 1831/3989/4 1829/3982/4 1851/4044/4
f 1851/4043/187 1829/3983/122 1825/3972/122 1848/4034/187
f 1828/3978/123 1824/3968/123 1832/3990/123 1834/3996/123
f 1833/3993/122 1835/3999/122 1834/3997/122 1832/3991/122
f 1826/3973/124 1830/3984/124 1835/4000/124 1833/3994/124
f 1824/3970/3 1826/3975/3 1833/3995/3 1832/3992/3
f 1830/3985/4 1828/3979/4 1834/3998/4 1835/4001/4
f 1852/4046/3 1837/4005/3 1839/4010/3 1853/4049/3
f 1853/4047/158 1839/4011/5 1843/4020/5 1854/4050/158
f 1854/4051/4 1843/4021/4 1841/4015/4 1855/4054/4
f 1855/4053/187 1841/4016/122 1837/4006/122 1852/4045/187
f 1840/4012/123 1836/4002/123 1844/4022/123 1846/4028/123
f 1845/4025/122 1847/4031/122 1846/4029/122 1844/4023/122
f 1838/4007/124 1842/4017/124 1847/4032/124 1845/4026/124
f 1836/4004/3 1838/4009/3 1845/4027/3 1844/4024/3
f 1842/4018/4 1840/4014/4 1846/4030/4 1847/4033/4
f 1828/3980/188 1851/4043/187 1848/4034/187 1824/3969/188
f 1830/3986/4 1850/4041/4 1851/4044/4 1828/3981/4
f 1826/3974/2 1849/4037/158 1850/4042/158 1830/3987/2
f 1824/3970/3 1848/4035/3 1849/4038/3 1826/3975/3
f 1840/4013/188 1855/4053/187 1852/4045/187 1836/4003/188
f 1842/4018/4 1854/4051/4 1855/4054/4 1840/4014/4
f 1838/4008/2 1853/4048/158 1854/4052/158 1842/4019/2
f 1836/4004/3 1852/4046/3 1853/4049/3 1838/4009/3
f 1862/4066/185 1864/4070/185 1857/4057/185 1856/4055/185
f 1856/4055/186 1857/4057/186 1860/4063/186 1858/4058/186
f 1870/4081/184 1866/4072/184 1859/4061/184 1861/4065/184
f 1861/4065/183 1859/4061/183 1858/4059/183 1860/4064/183
f 1869/4079/182 1867/4074/182 1868/4077/182 1871/4082/182
f 1871/4082/181 1868/4077/181 1866/4072/181 1870/4081/181
f 1864/4070/179 1862/4066/179 1863/4068/179 1865/4071/179
f 1865/4071/180 1863/4068/180 1867/4075/180 1869/4080/180
f 1858/4060/1 1859/4062/1 1866/4073/1 1868/4078/1 1867/4076/1 1863/4069/1 1862/4067/1 1856/4056/1
f 1896/4150/4 1873/4086/4 1875/4091/4 1897/4153/4
f 1897/4151/159 1875/4092/5 1879/4103/5 1898/4154/159
f 1898/4155/3 1879/4104/3 1877/4097/3 1899/4159/3
f 1899/4158/189 1877/4098/122 1873/4087/122 1896/4149/189
f 1876/4093/124 1872/4083/124 1880/4105/124 1882/4111/124
f 1881/4108/122 1883/4114/122 1882/4112/122 1880/4106/122
f 1874/4088/123 1878/4099/123 1883/4115/123 1881/4109/123
f 1872/4085/4 1874/4090/4 1881/4110/4 1880/4107/4
f 1878/4100/3 1876/4094/3 1882/4113/3 1883/4116/3
f 1900/4161/4 1885/4120/4 1887/4125/4 1901/4164/4
f 1901/4162/159 1887/4126/5 1891/4135/5 1902/4165/159
f 1902/4166/3 1891/4136/3 1889/4130/3 1903/4169/3
f 1903/4168/189 1889/4131/122 1885/4121/122 1900/4160/189
f 1888/4127/194 1884/4117/194 1892/4137/194 1894/4143/194
f 1893/4140/122 1895/4146/122 1894/4144/122 1892/4138/122
f 1886/4122/123 1890/4132/123 1895/4147/123 1893/4141/123
f 1884/4119/4 1886/4124/4 1893/4142/4 1892/4139/4
f 1890/4133/3 1888/4129/3 1894/4145/3 1895/4148/3
f 1876/4095/191 1899/4158/189 1896/4149/189 1872/4084/191
f 1878/4101/3 1898/4156/3 1899/4159/3 1876/4096/3
f 1874/4089/1 1897/4152/159 1898/4157/159 1878/4102/1
f 1872/4085/4 1896/4150/4 1897/4153/4 1874/4090/4
f 1888/4128/191 1903/4168/189 1900/4160/189 1884/4118/191
f 1890/4133/3 1902/4166/3 1903/4169/3 1888/4129/3
f 1886/4123/1 1901/4163/159 1902/4167/159 1890/4134/1
f 1884/4119/4 1900/4161/4 1901/4164/4 1886/4124/4
f 1910/4181/114 1912/4185/114 1905/4172/114 1904/4170/114
f 1904/4170/115 1905/4172/115 1908/4178/115 1906/4173/115
f 1918/4196/116 1914/4187/116 1907/4176/116 1909/4180/116
f 1909/4180/117 1907/4176/117 1906/4174/117 1908/4179/117
f 1917/4194/118 1915/4189/118 1916/4192/118 1919/4197/118
f 1919/4197/119 1916/4192/119 1914/4187/119 1918/4196/119
f 1912/4185/120 1910/4181/120 1911/4183/120 1913/4186/120
f 1913/4186/121 1911/4183/121 1915/4190/121 1917/4195/121
f 1906/4175/122 1907/4177/122 1914/4188/122 1916/4193/122 1915/4191/122 1911/4184/122 1910/4182/122 1904/4171/122
f 1920/4200/3 1921/4201/3 1923/4206/3 1922/4205/3
f 1922/4203/2 1923/4207/2 1927/4216/2 1926/4213/2
f 1926/4215/4 1927/4217/4 1925/4211/4 1924/4210/4
f 1924/4208/1 1925/4212/1 1921/4202/1 1920/4198/1
f 1924/4209/123 1920/4199/123 1928/4218/123 1930/4224/123
f 1929/4221/122 1931/4227/122 1930/4225/122 1928/4219/122
f 1922/4204/124 1926/4214/124 1931/4228/124 1929/4222/124
f 1920/4200/3 1922/4205/3 1929/4223/3 1928/4220/3
f 1926/4215/4 1924/4210/4 1930/4226/4 1931/4229/4
f 1932/4232/3 1933/4233/3 1935/4238/3 1934/4237/3
f 1934/4235/2 1935/4239/2 1939/4248/2 1938/4245/2
f 1938/4247/4 1939/4249/4 1937/4243/4 1936/4242/4
f 1936/4240/1 1937/4244/1 1933/4234/1 1932/4230/1
f 1936/4241/123 1932/4231/123 1940/4250/123 1942/4256/123
f 1941/4253/122 1943/4259/122 1942/4257/122 1940/4251/122
f 1934/4236/124 1938/4246/124 1943/4260/124 1941/4254/124
f 1932/4232/3 1934/4237/3 1941/4255/3 1940/4252/3
f 1938/4247/4 1936/4242/4 1942/4258/4 1943/4261/4
f 1957/4291/5 1959/4296/5 1958/4293/5 1949/4272/5 1948/4270/5 1945/4264/5 1952/4279/5 1953/4282/5
f 1978/4320/1 1952/4280/1 1945/4265/112 1960/4298/112
f 1960/4298/112 1945/4265/112 1948/4271/3 1968/4306/3
f 1975/4314/2 1954/4284/2 1947/4268/111 1963/4301/111
f 1963/4301/111 1947/4268/111 1946/4267/3 1966/4304/3
f 1971/4309/4 1955/4287/4 1956/4289/113 1972/4310/113
f 1972/4310/113 1956/4289/113 1954/4285/2 1975/4313/2
f 1980/4323/1 1950/4274/1 1951/4277/110 1981/4325/110
f 1981/4325/110 1951/4277/110 1955/4287/4 1971/4309/4
f 1946/4266/122 1947/4269/122 1954/4286/122 1956/4290/122 1955/4288/122 1951/4278/122 1950/4275/122 1944/4262/122
f 1953/4283/110 1983/4327/110 1969/4307/4 1957/4292/4
f 1983/4327/125 1982/4326/125 1970/4308/126 1969/4307/126
f 1982/4326/127 1981/4325/127 1971/4309/128 1970/4308/128
f 1952/4281/1 1978/4319/1 1983/4327/110 1953/4283/110
f 1978/4319/129 1979/4321/129 1982/4326/125 1983/4327/125
f 1979/4321/130 1980/4323/130 1981/4325/127 1982/4326/127
f 1959/4297/113 1974/4312/113 1977/4317/2 1958/4294/2
f 1974/4312/131 1973/4311/131 1976/4315/132 1977/4317/132
f 1973/4311/133 1972/4310/133 1975/4313/134 1976/4315/134
f 1957/4292/4 1969/4307/4 1974/4312/113 1959/4297/113
f 1969/4307/126 1970/4308/126 1973/4311/131 1974/4312/131
f 1970/4308/128 1971/4309/128 1972/4310/133 1973/4311/133
f 1949/4273/111 1965/4303/111 1968/4306/3 1948/4271/3
f 1965/4303/135 1964/4302/135 1967/4305/136 1968/4306/136
f 1964/4302/137 1963/4301/137 1966/4304/138 1967/4305/138
f 1958/4295/2 1977/4318/2 1965/4303/111 1949/4273/111
f 1977/4318/132 1976/4316/132 1964/4302/135 1965/4303/135
f 1976/4316/134 1975/4314/134 1963/4301/137 1964/4302/137
f 1944/4263/112 1962/4300/112 1966/4304/3 1946/4267/3
f 1962/4300/139 1961/4299/139 1967/4305/138 1966/4304/138
f 1961/4299/140 1960/4298/140 1968/4306/136 1967/4305/136
f 1950/4276/1 1980/4324/1 1962/4300/112 1944/4263/112
f 1980/4324/130 1979/4322/130 1961/4299/139 1962/4300/139
f 1979/4322/129 1978/4320/129 1960/4298/140 1961/4299/140
s 0
f 2002/4385/195 2003/4387/195 1997/4369/195 1996/4366/195
f 1997/4370/2 2001/4381/2 2007/4394/2
f 2004/4389/196 2005/4391/196 1999/4375/196 1998/4372/196
f 1998/4373/5 1999/4376/5 1995/4363/5 1994/4360/5
f 2002/4384/1 2004/4388/1 1998/4374/1 1994/4361/1
f 2005/4390/2 2003/4386/2 1995/4364/2 1999/4377/2
f 2001/4381/2 1997/4370/2 2003/4386/2 2005/4390/2
f 1996/4367/1 2000/4380/1 2004/4388/1 2002/4384/1
f 2000/4378/197 2001/4382/197 2005/4391/197 2004/4389/197
f 1994/4362/198 1995/4365/198 2003/4387/198 2002/4385/198
f 2020/4426/3 2021/4428/3 2052/4504/3 2053/4506/3
f 2001/4383/178 2000/4379/178 2006/4392/178 2007/4395/178
f 2000/4380/1 1996/4367/1 2006/4393/1
f 2020/4427/1 2006/4393/1 1996/4367/1 2010/4403/1
f 2011/4406/2 1997/4370/2 2007/4394/2 2021/4429/2
f 2016/4419/196 2010/4402/196 2011/4405/196 2017/4421/196
f 2011/4406/2 2021/4429/2 2015/4416/2
f 2018/4423/195 2012/4408/195 2013/4411/195 2019/4425/195
f 2012/4409/5 2008/4396/5 2009/4399/5 2013/4412/5
f 2016/4418/1 2008/4397/1 2012/4410/1 2018/4422/1
f 2019/4424/2 2013/4413/2 2009/4400/2 2017/4420/2
f 2015/4416/2 2019/4424/2 2017/4420/2 2011/4406/2
f 2010/4403/1 2016/4418/1 2018/4422/1 2014/4415/1
f 2014/4414/198 2018/4423/198 2019/4425/198 2015/4417/198
f 2008/4398/197 2016/4419/197 2017/4421/197 2009/4401/197
f 2015/4417/177 2021/4428/177 2020/4426/177 2014/4414/177
f 2014/4415/1 2020/4427/1 2010/4403/1
f 2010/4404/5 1996/4368/5 1997/4371/5 2011/4407/5
f 2030/4455/195 2031/4457/195 2025/4439/195 2024/4436/195
f 2025/4440/2 2029/4451/2 2035/4464/2
f 2032/4459/196 2033/4461/196 2027/4445/196 2026/4442/196
f 2026/4443/5 2027/4446/5 2023/4433/5 2022/4430/5
f 2030/4454/1 2032/4458/1 2026/4444/1 2022/4431/1
f 2033/4460/2 2031/4456/2 2023/4434/2 2027/4447/2
f 2029/4451/2 2025/4440/2 2031/4456/2 2033/4460/2
f 2024/4437/1 2028/4450/1 2032/4458/1 2030/4454/1
f 2028/4448/197 2029/4452/197 2033/4461/197 2032/4459/197
f 2022/4432/198 2023/4435/198 2031/4457/198 2030/4455/198
f 2049/4498/2 2035/4464/2 2054/4508/2 2056/4512/2
f 2029/4453/178 2028/4449/178 2034/4463/178 2035/4465/178
f 2028/4450/1 2024/4437/1 2034/4462/1
f 2048/4496/1 2034/4462/1 2024/4437/1 2038/4473/1
f 2039/4476/2 2025/4440/2 2035/4464/2 2049/4498/2
f 2044/4489/196 2038/4472/196 2039/4475/196 2045/4491/196
f 2039/4476/2 2049/4498/2 2043/4486/2
f 2046/4493/195 2040/4478/195 2041/4481/195 2047/4495/195
f 2040/4479/5 2036/4466/5 2037/4469/5 2041/4482/5
f 2044/4488/1 2036/4467/1 2040/4480/1 2046/4492/1
f 2047/4494/2 2041/4483/2 2037/4470/2 2045/4490/2
f 2043/4486/2 2047/4494/2 2045/4490/2 2039/4476/2
f 2038/4473/1 2044/4488/1 2046/4492/1 2042/4485/1
f 2042/4484/198 2046/4493/198 2047/4495/198 2043/4487/198
f 2036/4468/197 2044/4489/197 2045/4491/197 2037/4471/197
f 2043/4487/177 2049/4499/177 2048/4497/177 2042/4484/177
f 2042/4485/1 2048/4496/1 2038/4473/1
f 2038/4474/5 2024/4438/5 2025/4441/5 2039/4477/5
f 2034/4462/1 2048/4496/1 2057/4514/1 2055/4510/1
f 2035/4465/4 2034/4463/4 2055/4511/4 2054/4509/4
f 2021/4429/2 2007/4394/2 2050/4500/2 2052/4505/2
f 2048/4497/3 2049/4499/3 2056/4513/3 2057/4515/3
f 2007/4395/4 2006/4392/4 2051/4502/4 2050/4501/4
f 2006/4393/1 2020/4427/1 2053/4507/1 2051/4503/1
f 2066/4541/195 2067/4543/195 2061/4525/195 2060/4522/195
f 2061/4526/2 2065/4537/2 2071/4550/2
f 2068/4545/196 2069/4547/196 2063/4531/196 2062/4528/196
f 2062/4529/5 2063/4532/5 2059/4519/5 2058/4516/5
f 2066/4540/1 2068/4544/1 2062/4530/1 2058/4517/1
f 2069/4546/2 2067/4542/2 2059/4520/2 2063/4533/2
f 2065/4537/2 2061/4526/2 2067/4542/2 2069/4546/2
f 2060/4523/1 2064/4536/1 2068/4544/1 2066/4540/1
f 2064/4534/197 2065/4538/197 2069/4547/197 2068/4545/197
f 2058/4518/198 2059/4521/198 2067/4543/198 2066/4541/198
f 2084/4582/3 2085/4584/3 2116/4660/3 2117/4662/3
f 2065/4539/178 2064/4535/178 2070/4548/178 2071/4551/178
f 2064/4536/1 2060/4523/1 2070/4549/1
f 2084/4583/1 2070/4549/1 2060/4523/1 2074/4559/1
f 2075/4562/2 2061/4526/2 2071/4550/2 2085/4585/2
f 2080/4575/196 2074/4558/196 2075/4561/196 2081/4577/196
f 2075/4562/2 2085/4585/2 2079/4572/2
f 2082/4579/195 2076/4564/195 2077/4567/195 2083/4581/195
f 2076/4565/5 2072/4552/5 2073/4555/5 2077/4568/5
f 2080/4574/1 2072/4553/1 2076/4566/1 2082/4578/1
f 2083/4580/2 2077/4569/2 2073/4556/2 2081/4576/2
f 2079/4572/2 2083/4580/2 2081/4576/2 2075/4562/2
f 2074/4559/1 2080/4574/1 2082/4578/1 2078/4571/1
f 2078/4570/198 2082/4579/198 2083/4581/198 2079/4573/198
f 2072/4554/197 2080/4575/197 2081/4577/197 2073/4557/197
f 2079/4573/177 2085/4584/177 2084/4582/177 2078/4570/177
f 2078/4571/1 2084/4583/1 2074/4559/1
f 2074/4560/5 2060/4524/5 2061/4527/5 2075/4563/5
f 2094/4611/195 2095/4613/195 2089/4595/195 2088/4592/195
f 2089/4596/2 2093/4607/2 2099/4620/2
f 2096/4615/196 2097/4617/196 2091/4601/196 2090/4598/196
f 2090/4599/5 2091/4602/5 2087/4589/5 2086/4586/5
f 2094/4610/1 2096/4614/1 2090/4600/1 2086/4587/1
f 2097/4616/2 2095/4612/2 2087/4590/2 2091/4603/2
f 2093/4607/2 2089/4596/2 2095/4612/2 2097/4616/2
f 2088/4593/1 2092/4606/1 2096/4614/1 2094/4610/1
f 2092/4604/197 2093/4608/197 2097/4617/197 2096/4615/197
f 2086/4588/198 2087/4591/198 2095/4613/198 2094/4611/198
f 2113/4654/2 2099/4620/2 2118/4664/2 2120/4668/2
f 2093/4609/178 2092/4605/178 2098/4619/178 2099/4621/178
f 2092/4606/1 2088/4593/1 2098/4618/1
f 2112/4652/1 2098/4618/1 2088/4593/1 2102/4629/1
f 2103/4632/2 2089/4596/2 2099/4620/2 2113/4654/2
f 2108/4645/196 2102/4628/196 2103/4631/196 2109/4647/196
f 2103/4632/2 2113/4654/2 2107/4642/2
f 2110/4649/195 2104/4634/195 2105/4637/195 2111/4651/195
f 2104/4635/5 2100/4622/5 2101/4625/5 2105/4638/5
f 2108/4644/1 2100/4623/1 2104/4636/1 2110/4648/1
f 2111/4650/2 2105/4639/2 2101/4626/2 2109/4646/2
f 2107/4642/2 2111/4650/2 2109/4646/2 2103/4632/2
f 2102/4629/1 2108/4644/1 2110/4648/1 2106/4641/1
f 2106/4640/198 2110/4649/198 2111/4651/198 2107/4643/198
f 2100/4624/197 2108/4645/197 2109/4647/197 2101/4627/197
f 2107/4643/177 2113/4655/177 2112/4653/177 2106/4640/177
f 2106/4641/1 2112/4652/1 2102/4629/1
f 2102/4630/5 2088/4594/5 2089/4597/5 2103/4633/5
f 2098/4618/1 2112/4652/1 2121/4670/1 2119/4666/1
f 2099/4621/4 2098/4619/4 2119/4667/4 2118/4665/4
f 2085/4585/2 2071/4550/2 2114/4656/2 2116/4661/2
f 2112/4653/3 2113/4655/3 2120/4669/3 2121/4671/3
f 2071/4551/4 2070/4548/4 2115/4658/4 2114/4657/4
f 2070/4549/1 2084/4583/1 2117/4663/1 2115/4659/1
f 2130/4697/195 2131/4699/195 2125/4681/195 2124/4678/195
f 2125/4682/2 2129/4693/2 2135/4706/2
f 2132/4701/196 2133/4703/196 2127/4687/196 2126/4684/196
f 2126/4685/5 2127/4688/5 2123/4675/5 2122/4672/5
f 2130/4696/1 2132/4700/1 2126/4686/1 2122/4673/1
f 2133/4702/2 2131/4698/2 2123/4676/2 2127/4689/2
f 2129/4693/2 2125/4682/2 2131/4698/2 2133/4702/2
f 2124/4679/1 2128/4692/1 2132/4700/1 2130/4696/1
f 2128/4690/197 2129/4694/197 2133/4703/197 2132/4701/197
f 2122/4674/198 2123/4677/198 2131/4699/198 2130/4697/198
f 2148/4738/3 2149/4740/3 2180/4816/3 2181/4818/3
f 2129/4695/178 2128/4691/178 2134/4704/178 2135/4707/178
f 2128/4692/1 2124/4679/1 2134/4705/1
f 2148/4739/1 2134/4705/1 2124/4679/1 2138/4715/1
f 2139/4718/2 2125/4682/2 2135/4706/2 2149/4741/2
f 2144/4731/196 2138/4714/196 2139/4717/196 2145/4733/196
f 2139/4718/2 2149/4741/2 2143/4728/2
f 2146/4735/195 2140/4720/195 2141/4723/195 2147/4737/195
f 2140/4721/5 2136/4708/5 2137/4711/5 2141/4724/5
f 2144/4730/1 2136/4709/1 2140/4722/1 2146/4734/1
f 2147/4736/2 2141/4725/2 2137/4712/2 2145/4732/2
f 2143/4728/2 2147/4736/2 2145/4732/2 2139/4718/2
f 2138/4715/1 2144/4730/1 2146/4734/1 2142/4727/1
f 2142/4726/198 2146/4735/198 2147/4737/198 2143/4729/198
f 2136/4710/197 2144/4731/197 2145/4733/197 2137/4713/197
f 2143/4729/177 2149/4740/177 2148/4738/177 2142/4726/177
f 2142/4727/1 2148/4739/1 2138/4715/1
f 2138/4716/5 2124/4680/5 2125/4683/5 2139/4719/5
f 2158/4767/195 2159/4769/195 2153/4751/195 2152/4748/195
f 2153/4752/2 2157/4763/2 2163/4776/2
f 2160/4771/196 2161/4773/196 2155/4757/196 2154/4754/196
f 2154/4755/5 2155/4758/5 2151/4745/5 2150/4742/5
f 2158/4766/1 2160/4770/1 2154/4756/1 2150/4743/1
f 2161/4772/2 2159/4768/2 2151/4746/2 2155/4759/2
f 2157/4763/2 2153/4752/2 2159/4768/2 2161/4772/2
f 2152/4749/1 2156/4762/1 2160/4770/1 2158/4766/1
f 2156/4760/197 2157/4764/197 2161/4773/197 2160/4771/197
f 2150/4744/198 2151/4747/198 2159/4769/198 2158/4767/198
f 2177/4810/2 2163/4776/2 2182/4820/2 2184/4824/2
f 2157/4765/178 2156/4761/178 2162/4775/178 2163/4777/178
f 2156/4762/1 2152/4749/1 2162/4774/1
f 2176/4808/1 2162/4774/1 2152/4749/1 2166/4785/1
f 2167/4788/2 2153/4752/2 2163/4776/2 2177/4810/2
f 2172/4801/196 2166/4784/196 2167/4787/196 2173/4803/196
f 2167/4788/2 2177/4810/2 2171/4798/2
f 2174/4805/195 2168/4790/195 2169/4793/195 2175/4807/195
f 2168/4791/5 2164/4778/5 2165/4781/5 2169/4794/5
f 2172/4800/1 2164/4779/1 2168/4792/1 2174/4804/1
f 2175/4806/2 2169/4795/2 2165/4782/2 2173/4802/2
f 2171/4798/2 2175/4806/2 2173/4802/2 2167/4788/2
f 2166/4785/1 2172/4800/1 2174/4804/1 2170/4797/1
f 2170/4796/198 2174/4805/198 2175/4807/198 2171/4799/198
f 2164/4780/197 2172/4801/197 2173/4803/197 2165/4783/197
f 2171/4799/177 2177/4811/177 2176/4809/177 2170/4796/177
f 2170/4797/1 2176/4808/1 2166/4785/1
f 2166/4786/5 2152/4750/5 2153/4753/5 2167/4789/5
f 2162/4774/1 2176/4808/1 2185/4826/1 2183/4822/1
f 2163/4777/4 2162/4775/4 2183/4823/4 2182/4821/4
f 2149/4741/2 2135/4706/2 2178/4812/2 2180/4817/2
f 2176/4809/3 2177/4811/3 2184/4825/3 2185/4827/3
f 2135/4707/4 2134/4704/4 2179/4814/4 2178/4813/4
f 2134/4705/1 2148/4739/1 2181/4819/1 2179/4815/1
f 2194/4853/195 2195/4855/195 2189/4837/195 2188/4834/195
f 2189/4838/2 2193/4849/2 2199/4862/2
f 2196/4857/196 2197/4859/196 2191/4843/196 2190/4840/196
f 2190/4841/5 2191/4844/5 2187/4831/5 2186/4828/5
f 2194/4852/1 2196/4856/1 2190/4842/1 2186/4829/1
f 2197/4858/2 2195/4854/2 2187/4832/2 2191/4845/2
f 2193/4849/2 2189/4838/2 2195/4854/2 2197/4858/2
f 2188/4835/1 2192/4848/1 2196/4856/1 2194/4852/1
f 2192/4846/197 2193/4850/197 2197/4859/197 2196/4857/197
f 2186/4830/198 2187/4833/198 2195/4855/198 2194/4853/198
f 2212/4894/3 2213/4896/3 2244/4972/3 2245/4974/3
f 2193/4851/178 2192/4847/178 2198/4860/178 2199/4863/178
f 2192/4848/1 2188/4835/1 2198/4861/1
f 2212/4895/1 2198/4861/1 2188/4835/1 2202/4871/1
f 2203/4874/2 2189/4838/2 2199/4862/2 2213/4897/2
f 2208/4887/196 2202/4870/196 2203/4873/196 2209/4889/196
f 2203/4874/2 2213/4897/2 2207/4884/2
f 2210/4891/195 2204/4876/195 2205/4879/195 2211/4893/195
f 2204/4877/5 2200/4864/5 2201/4867/5 2205/4880/5
f 2208/4886/1 2200/4865/1 2204/4878/1 2210/4890/1
f 2211/4892/2 2205/4881/2 2201/4868/2 2209/4888/2
f 2207/4884/2 2211/4892/2 2209/4888/2 2203/4874/2
f 2202/4871/1 2208/4886/1 2210/4890/1 2206/4883/1
f 2206/4882/198 2210/4891/198 2211/4893/198 2207/4885/198
f 2200/4866/197 2208/4887/197 2209/4889/197 2201/4869/197
f 2207/4885/177 2213/4896/177 2212/4894/177 2206/4882/177
f 2206/4883/1 2212/4895/1 2202/4871/1
f 2202/4872/5 2188/4836/5 2189/4839/5 2203/4875/5
f 2222/4923/195 2223/4925/195 2217/4907/195 2216/4904/195
f 2217/4908/2 2221/4919/2 2227/4932/2
f 2224/4927/196 2225/4929/196 2219/4913/196 2218/4910/196
f 2218/4911/5 2219/4914/5 2215/4901/5 2214/4898/5
f 2222/4922/1 2224/4926/1 2218/4912/1 2214/4899/1
f 2225/4928/2 2223/4924/2 2215/4902/2 2219/4915/2
f 2221/4919/2 2217/4908/2 2223/4924/2 2225/4928/2
f 2216/4905/1 2220/4918/1 2224/4926/1 2222/4922/1
f 2220/4916/197 2221/4920/197 2225/4929/197 2224/4927/197
f 2214/4900/198 2215/4903/198 2223/4925/198 2222/4923/198
f 2241/4966/2 2227/4932/2 2246/4976/2 2248/4980/2
f 2221/4921/178 2220/4917/178 2226/4931/178 2227/4933/178
f 2220/4918/1 2216/4905/1 2226/4930/1
f 2240/4964/1 2226/4930/1 2216/4905/1 2230/4941/1
f 2231/4944/2 2217/4908/2 2227/4932/2 2241/4966/2
f 2236/4957/196 2230/4940/196 2231/4943/196 2237/4959/196
f 2231/4944/2 2241/4966/2 2235/4954/2
f 2238/4961/195 2232/4946/195 2233/4949/195 2239/4963/195
f 2232/4947/5 2228/4934/5 2229/4937/5 2233/4950/5
f 2236/4956/1 2228/4935/1 2232/4948/1 2238/4960/1
f 2239/4962/2 2233/4951/2 2229/4938/2 2237/4958/2
f 2235/4954/2 2239/4962/2 2237/4958/2 2231/4944/2
f 2230/4941/1 2236/4956/1 2238/4960/1 2234/4953/1
f 2234/4952/198 2238/4961/198 2239/4963/198 2235/4955/198
f 2228/4936/197 2236/4957/197 2237/4959/197 2229/4939/197
f 2235/4955/177 2241/4967/177 2240/4965/177 2234/4952/177
f 2234/4953/1 2240/4964/1 2230/4941/1
f 2230/4942/5 2216/4906/5 2217/4909/5 2231/4945/5
f 2226/4930/1 2240/4964/1 2249/4982/1 2247/4978/1
f 2227/4933/4 2226/4931/4 2247/4979/4 2246/4977/4
f 2213/4897/2 2199/4862/2 2242/4968/2 2244/4973/2
f 2240/4965/3 2241/4967/3 2248/4981/3 2249/4983/3
f 2199/4863/4 2198/4860/4 2243/4970/4 2242/4969/4
f 2198/4861/1 2212/4895/1 2245/4975/1 2243/4971/1
f 2258/5000/5 2259/5002/5 2260/5005/5 2261/5008/5 2252/4989/5 2253/4991/5 2250/4984/5 2251/4987/5
f 2262/5010/4 2265/5014/4 2260/5006/4 2259/5003/4
f 2264/5013/2 2257/4999/2 2252/4990/2 2261/5009/2
f 2250/4985/3 2253/4992/3 2256/4997/3 2255/4995/3
f 2254/4994/112 2251/4988/112 2250/4986/112 2255/4996/112
f 2252/4990/111 2257/4999/111 2256/4998/111 2253/4993/111
f 2258/5001/110 2263/5012/110 2262/5011/110 2259/5004/110
f 2264/5013/113 2261/5009/113 2260/5007/113 2265/5015/113
f 2254/4994/1 2263/5012/1 2258/5001/1 2251/4988/1
s 1
f 2272/5029/29 2268/5021/22 2266/5016/23 2267/5018/24 2269/5023/25 2270/5025/26 2271/5027/27 2273/5031/28
f 2279/5040/30 2272/5030/29 2273/5032/28 2281/5042/31
f 2281/5043/31 2273/5033/28 2271/5028/27 2280/5041/32
f 2272/5030/29 2279/5040/30 2276/5037/33 2268/5022/22
f 2268/5022/22 2276/5037/33 2274/5034/34 2266/5017/23
f 2280/5041/32 2271/5028/27 2270/5026/26 2278/5039/35
f 2278/5039/35 2270/5026/26 2269/5024/25 2277/5038/36
f 2266/5017/23 2274/5034/34 2275/5035/37 2267/5019/24
f 2267/5020/24 2275/5036/37 2277/5038/36 2269/5024/25
s 0
f 2290/5060/5 2291/5062/5 2292/5065/5 2293/5068/5 2284/5049/5 2285/5051/5 2282/5044/5 2283/5047/5
f 2294/5070/4 2297/5074/4 2292/5066/4 2291/5063/4
f 2296/5073/2 2289/5059/2 2284/5050/2 2293/5069/2
f 2282/5045/3 2285/5052/3 2288/5057/3 2287/5055/3
f 2286/5054/112 2283/5048/112 2282/5046/112 2287/5056/112
f 2284/5050/111 2289/5059/111 2288/5058/111 2285/5053/111
f 2290/5061/110 2295/5072/110 2294/5071/110 2291/5064/110
f 2296/5073/113 2293/5069/113 2292/5067/113 2297/5075/113
f 2286/5054/1 2295/5072/1 2290/5061/1 2283/5048/1
s 1
f 2304/5089/199 2300/5081/200 2298/5076/201 2299/5078/202 2301/5083/203 2302/5085/204 2303/5087/205 2305/5091/206
f 2311/5100/207 2304/5090/199 2305/5092/206 2313/5102/208
f 2313/5103/208 2305/5093/206 2303/5088/205 2312/5101/209
f 2304/5090/199 2311/5100/207 2308/5097/210 2300/5082/200
f 2300/5082/200 2308/5097/210 2306/5094/211 2298/5077/201
f 2312/5101/209 2303/5088/205 2302/5086/204 2310/5099/212
f 2310/5099/212 2302/5086/204 2301/5084/203 2309/5098/213
f 2298/5077/201 2306/5094/211 2307/5095/214 2299/5079/202
f 2299/5080/202 2307/5096/214 2309/5098/213 2301/5084/203
s 0
f 2322/5120/5 2323/5122/5 2324/5125/5 2325/5128/5 2316/5109/5 2317/5111/5 2314/5104/5 2315/5107/5
f 2326/5130/4 2329/5134/4 2324/5126/4 2323/5123/4
f 2328/5133/2 2321/5119/2 2316/5110/2 2325/5129/2
f 2314/5105/3 2317/5112/3 2320/5117/3 2319/5115/3
f 2318/5114/112 2315/5108/112 2314/5106/112 2319/5116/112
f 2316/5110/111 2321/5119/111 2320/5118/111 2317/5113/111
f 2322/5121/110 2327/5132/110 2326/5131/110 2323/5124/110
f 2328/5133/113 2325/5129/113 2324/5127/113 2329/5135/113
f 2318/5114/1 2327/5132/1 2322/5121/1 2315/5108/1
s 1
f 2336/5149/204 2332/5141/205 2330/5136/206 2331/5138/199 2333/5143/200 2334/5145/201 2335/5147/202 2337/5151/203
f 2343/5160/212 2336/5150/204 2337/5152/203 2345/5162/213
f 2345/5163/213 2337/5153/203 2335/5148/202 2344/5161/215
f 2336/5150/204 2343/5160/212 2340/5157/209 2332/5142/205
f 2332/5142/205 2340/5157/209 2338/5154/208 2330/5137/206
f 2344/5161/215 2335/5148/202 2334/5146/201 2342/5159/211
f 2342/5159/211 2334/5146/201 2333/5144/200 2341/5158/216
f 2330/5137/206 2338/5154/208 2339/5155/207 2331/5139/199
f 2331/5140/199 2339/5156/207 2341/5158/216 2333/5144/200
s 0
f 2354/5180/5 2355/5182/5 2356/5185/5 2357/5188/5 2348/5169/5 2349/5171/5 2346/5164/5 2347/5167/5
f 2358/5190/4 2361/5194/4 2356/5186/4 2355/5183/4
f 2360/5193/2 2353/5179/2 2348/5170/2 2357/5189/2
f 2346/5165/3 2349/5172/3 2352/5177/3 2351/5175/3
f 2350/5174/112 2347/5168/112 2346/5166/112 2351/5176/112
f 2348/5170/111 2353/5179/111 2352/5178/111 2349/5173/111
f 2354/5181/110 2359/5192/110 2358/5191/110 2355/5184/110
f 2360/5193/113 2357/5189/113 2356/5187/113 2361/5195/113
f 2350/5174/1 2359/5192/1 2354/5181/1 2347/5168/1
s 1
f 2368/5209/22 2364/5201/23 2362/5196/24 2363/5198/25 2365/5203/26 2366/5205/27 2367/5207/28 2369/5211/29
f 2375/5220/33 2368/5210/22 2369/5212/29 2377/5222/30
f 2377/5223/30 2369/5213/29 2367/5208/28 2376/5221/31
f 2368/5210/22 2375/5220/33 2372/5217/34 2364/5202/23
f 2364/5202/23 2372/5217/34 2370/5214/37 2362/5197/24
f 2376/5221/31 2367/5208/28 2366/5206/27 2374/5219/32
f 2374/5219/32 2366/5206/27 2365/5204/26 2373/5218/35
f 2362/5197/24 2370/5214/37 2371/5215/36 2363/5199/25
f 2363/5200/25 2371/5216/36 2373/5218/35 2365/5204/26
o panel_etx_2_2_button_child_1
v -0.305400 0.012462 0.186627
v -0.348600 0.012462 0.186627
v -0.305400 -0.002592 0.163826
v -0.348600 -0.002592 0.163826
v -0.305400 0.079227 0.168737
v -0.348600 0.079227 0.168737
v -0.305400 0.080864 0.141464
v -0.348600 0.080864 0.141464
v -0.305400 0.039136 0.152645
v -0.348600 0.039136 0.152645
v -0.305400 0.043609 0.169336
v -0.348600 0.043609 0.169336
vn -0.0000 -0.8345 0.5510
vn -0.0000 0.9982 0.0599
vn -0.0000 0.4854 0.8743
vn 1.0000 -0.0000 -0.0000
vn -1.0000 -0.0000 -0.0000
vn -0.0000 0.0168 0.9999
vt 0.087891 0.359375
vt 0.121094 0.361328
vt 0.091720 0.357214
vt 0.087891 0.339844
vt 0.121094 0.341797
vt 0.091716 0.357135
vt 0.099609 0.359375
vt 0.087776 0.346288
vt 0.099609 0.339844
vt 0.087778 0.346319
vt 0.087891 0.359375
vt 0.123801 0.357214
vt 0.136719 0.361328
vt 0.087891 0.339844
vt 0.123805 0.357135
vt 0.136719 0.341797
vt 0.099609 0.359375
vt 0.127745 0.346288
vt 0.099609 0.339844
vt 0.127743 0.346319
vt 0.107778 0.346322
vt 0.107741 0.346356
vt 0.136719 0.361328
vt 0.107733 0.353457
vt 0.121094 0.361328
vt 0.136719 0.341797
vt 0.107791 0.353404
vt 0.121094 0.341797
s 0
usemtl electronics_etx_part_1
f 2418/5284/217 2419/5287/217 2421/5292/217 2420/5290/217
f 2424/5300/218 2425/5302/218 2423/5297/218 2422/5294/218
f 2428/5306/219 2429/5309/219 2419/5288/219 2418/5285/219
f 2426/5304/220 2424/5301/220 2422/5295/220 2428/5307/220
f 2427/5305/221 2421/5293/221 2419/5289/221 2429/5310/221
f 2425/5303/221 2427/5305/221 2429/5310/221 2423/5298/221
f 2420/5291/220 2426/5304/220 2428/5307/220 2418/5286/220
f 2422/5296/222 2423/5299/222 2429/5311/222 2428/5308/222
o panel_etx_2_2_button_child_2
v 0.134600 0.012462 0.186627
v 0.091400 0.012462 0.186627
v 0.134600 -0.002592 0.163826
v 0.091400 -0.002592 0.163826
v 0.134600 0.079227 0.168737
v 0.091400 0.079227 0.168737
v 0.134600 0.080864 0.141464
v 0.091400 0.080864 0.141464
v 0.134600 0.039136 0.152645
v 0.091400 0.039136 0.152645
v 0.134600 0.043609 0.169336
v 0.091400 0.043609 0.169336
vn -0.0000 -0.8345 0.5510
vn -0.0000 0.9982 0.0599
vn -0.0000 0.4854 0.8743
vn 1.0000 -0.0000 -0.0000
vn -1.0000 -0.0000 -0.0000
vn -0.0000 0.0168 0.9999
vt 0.087891 0.410156
vt 0.121094 0.412109
vt 0.091720 0.407995
vt 0.087891 0.390625
vt 0.121094 0.392578
vt 0.091716 0.407916
vt 0.099609 0.410156
vt 0.087776 0.397070
vt 0.099609 0.390625
vt 0.087778 0.397101
vt 0.087891 0.410156
vt 0.123801 0.407995
vt 0.136719 0.412109
vt 0.087891 0.390625
vt 0.123805 0.407916
vt 0.136719 0.392578
vt 0.099609 0.410156
vt 0.127745 0.397070
vt 0.099609 0.390625
vt 0.127743 0.397101
vt 0.107778 0.397103
vt 0.107741 0.397137
vt 0.136719 0.412109
vt 0.107733 0.404239
vt 0.121094 0.412109
vt 0.136719 0.392578
vt 0.107791 0.404186
vt 0.121094 0.392578
s 0
usemtl electronics_etx_part_1
f 2430/5312/223 2431/5315/223 2433/5320/223 2432/5318/223
f 2436/5328/224 2437/5330/224 2435/5325/224 2434/5322/224
f 2440/5334/225 2441/5337/225 2431/5316/225 2430/5313/225
f 2438/5332/226 2436/5329/226 2434/5323/226 2440/5335/226
f 2439/5333/227 2433/5321/227 2431/5317/227 2441/5338/227
f 2437/5331/227 2439/5333/227 2441/5338/227 2435/5326/227
f 2432/5319/226 2438/5332/226 2440/5335/226 2430/5314/226
f 2434/5324/228 2435/5327/228 2441/5339/228 2440/5336/228
o panel_etx_2_2_button_child_3
v 0.574600 0.012462 0.186627
v 0.531400 0.012462 0.186627
v 0.574600 -0.002592 0.163826
v 0.531400 -0.002592 0.163826
v 0.574600 0.079227 0.168737
v 0.531400 0.079227 0.168737
v 0.574600 0.080864 0.141464
v 0.531400 0.080864 0.141464
v 0.574600 0.039136 0.152645
v 0.531400 0.039136 0.152645
v 0.574600 0.043609 0.169336
v 0.531400 0.043609 0.169336
vn -0.0000 -0.8345 0.5510
vn -0.0000 0.9982 0.0599
vn -0.0000 0.4854 0.8743
vn 1.0000 -0.0000 -0.0000
vn -1.0000 -0.0000 -0.0000
vn -0.0000 0.0168 0.9999
vt 0.138672 0.359375
vt 0.171875 0.361328
vt 0.142501 0.357214
vt 0.138672 0.339844
vt 0.171875 0.341797
vt 0.142497 0.357135
vt 0.150391 0.359375
vt 0.138558 0.346288
vt 0.150391 0.339844
vt 0.138559 0.346319
vt 0.138672 0.359375
vt 0.174582 0.357214
vt 0.187500 0.361328
vt 0.138672 0.339844
vt 0.174586 0.357135
vt 0.187500 0.341797
vt 0.150391 0.359375
vt 0.178526 0.346288
vt 0.150391 0.339844
vt 0.178524 0.346319
vt 0.158559 0.346322
vt 0.158522 0.346356
vt 0.187500 0.361328
vt 0.158514 0.353457
vt 0.171875 0.361328
vt 0.187500 0.341797
vt 0.158572 0.353404
vt 0.171875 0.341797
s 0
usemtl electronics_etx_part_1
f 2442/5340/229 2443/5343/229 2445/5348/229 2444/5346/229
f 2448/5356/230 2449/5358/230 2447/5353/230 2446/5350/230
f 2452/5362/231 2453/5365/231 2443/5344/231 2442/5341/231
f 2450/5360/232 2448/5357/232 2446/5351/232 2452/5363/232
f 2451/5361/233 2445/5349/233 2443/5345/233 2453/5366/233
f 2449/5359/233 2451/5361/233 2453/5366/233 2447/5354/233
f 2444/5347/232 2450/5360/232 2452/5363/232 2442/5342/232
f 2446/5352/234 2447/5355/234 2453/5367/234 2452/5364/234
o panel_etx_2_2_pointer_child_1
v -0.004842 -0.235238 0.136000
v -0.004670 -0.239178 0.136000
v -0.002178 -0.232330 0.136000
v -0.001762 -0.241842 0.136000
v 0.002178 -0.241670 0.136000
v 0.004842 -0.238763 0.136000
v 0.001763 -0.232158 0.136000
v 0.004670 -0.234823 0.136000
v -0.004842 -0.235238 0.141400
v -0.002178 -0.232330 0.141400
v 0.004842 -0.238763 0.141400
v 0.002178 -0.241670 0.141400
v -0.004670 -0.239178 0.141400
v 0.004670 -0.234823 0.141400
v 0.001763 -0.232158 0.141400
v -0.001762 -0.241842 0.141400
v -0.003184 -0.256274 0.138400
v -0.009950 -0.253811 0.138400
v -0.003184 -0.256274 0.139600
v -0.009950 -0.253811 0.139600
v 0.011596 -0.201634 0.138400
v 0.013851 -0.202454 0.138400
v 0.011596 -0.201634 0.139600
v 0.013851 -0.202454 0.139600
vn 0.6756 0.7373 -0.0000
vn -0.0000 -0.0000 1.0000
vn 0.9990 0.0436 -0.0000
vn 0.7373 -0.6756 -0.0000
vn -0.6756 -0.7373 -0.0000
vn -0.0436 0.9990 -0.0000
vn -0.9990 -0.0436 -0.0000
vn -0.7373 0.6756 -0.0000
vn 0.0436 -0.9990 -0.0000
vn -0.9243 0.3817 -0.0000
vn -0.0000 -0.0000 -1.0000
vn 0.9534 -0.3018 -0.0000
vn -0.3420 -0.9397 -0.0000
vn 0.3420 0.9397 -0.0000
vt 0.184572 0.186206
vt 0.185430 0.185848
vt 0.185430 0.188681
vt 0.187500 0.189250
vt 0.189570 0.185848
vt 0.190428 0.186206
vt 0.187500 0.191099
vt 0.189570 0.188681
vt 0.184572 0.186206
vt 0.185430 0.188681
vt 0.190428 0.186206
vt 0.189570 0.185848
vt 0.185430 0.185848
vt 0.189570 0.188681
vt 0.187500 0.191099
vt 0.187500 0.189250
vt 0.189725 0.183054
vt 0.187841 0.183052
vt 0.189620 0.195653
vt 0.187841 0.183052
vt 0.185275 0.183054
vt 0.185380 0.195653
vt 0.186989 0.183052
vt 0.189586 0.183055
vt 0.189620 0.194801
vt 0.186989 0.183052
vt 0.185414 0.183055
vt 0.185381 0.194801
vt 0.187841 0.215064
vt 0.186574 0.215062
vt 0.186389 0.195653
vt 0.188426 0.215062
vt 0.187841 0.215064
vt 0.188611 0.195653
vt 0.186989 0.215064
vt 0.186450 0.215064
vt 0.186389 0.194801
vt 0.186989 0.215064
vt 0.188550 0.215064
vt 0.188611 0.194801
s 0
usemtl electronics_etx_part_1
f 2461/5375/235 2460/5374/235 2468/5382/235 2467/5381/235
f 2469/5383/236 2465/5379/236 2464/5378/236 2467/5381/236 2468/5382/236 2463/5377/236 2462/5376/236 2466/5380/236
f 2459/5373/237 2461/5375/237 2467/5381/237 2464/5378/237
f 2458/5372/238 2459/5373/238 2464/5378/238 2465/5379/238
f 2455/5369/239 2457/5371/239 2469/5383/239 2466/5380/239
f 2460/5374/240 2456/5370/240 2463/5377/240 2468/5382/240
f 2454/5368/241 2455/5369/241 2466/5380/241 2462/5376/241
f 2456/5370/242 2454/5368/242 2462/5376/242 2463/5377/242
f 2457/5371/243 2458/5372/243 2465/5379/243 2469/5383/243
f 2471/5387/244 2473/5393/244 2476/5402/244 2474/5396/244
f 2470/5384/245 2471/5388/245 2474/5397/245 2475/5399/245
f 2470/5385/246 2475/5400/246 2477/5405/246 2472/5390/246
f 2476/5403/236 2473/5394/236 2472/5391/236 2477/5406/236
f 2470/5386/247 2472/5392/247 2473/5395/247 2471/5389/247
f 2475/5401/248 2474/5398/248 2476/5404/248 2477/5407/248
o panel_etx_2_2_pointer_child_2
v 0.116264 -0.234742 0.133000
v 0.118590 -0.236874 0.133000
v 0.116126 -0.231590 0.133000
v 0.121742 -0.236736 0.133000
v 0.123874 -0.234410 0.133000
v 0.123736 -0.231258 0.133000
v 0.118258 -0.229264 0.133000
v 0.121410 -0.229127 0.133000
v 0.116264 -0.234742 0.137320
v 0.116126 -0.231590 0.137320
v 0.123736 -0.231258 0.137320
v 0.123874 -0.234410 0.137320
v 0.118590 -0.236874 0.137320
v 0.121410 -0.229127 0.137320
v 0.118258 -0.229264 0.137320
v 0.121742 -0.236736 0.137320
v 0.129102 -0.245704 0.134920
v 0.123881 -0.248138 0.134920
v 0.129102 -0.245704 0.135880
v 0.123881 -0.248138 0.135880
v 0.106553 -0.206434 0.134920
v 0.108293 -0.205623 0.134920
v 0.106553 -0.206434 0.135880
v 0.108293 -0.205623 0.135880
vn -0.0436 0.9990 -0.0000
vn -0.0000 -0.0000 1.0000
vn 0.6756 0.7373 -0.0000
vn 0.9990 0.0436 -0.0000
vn 0.0436 -0.9990 -0.0000
vn -0.7373 0.6756 -0.0000
vn -0.6756 -0.7373 -0.0000
vn -0.9990 -0.0436 -0.0000
vn 0.7373 -0.6756 -0.0000
vn -0.9235 -0.3837 -0.0000
vn -0.0000 -0.0000 -1.0000
vn 0.8875 0.4608 -0.0000
vn 0.4226 -0.9063 -0.0000
vn -0.4226 0.9063 -0.0000
vt 0.184572 0.186206
vt 0.185430 0.185848
vt 0.185430 0.188681
vt 0.187500 0.189250
vt 0.189570 0.185848
vt 0.190428 0.186206
vt 0.187500 0.191099
vt 0.189570 0.188681
vt 0.184572 0.186206
vt 0.185430 0.188681
vt 0.190428 0.186206
vt 0.189570 0.185848
vt 0.185430 0.185848
vt 0.189570 0.188681
vt 0.187500 0.191099
vt 0.187500 0.189250
vt 0.189725 0.183054
vt 0.187841 0.183052
vt 0.189620 0.195653
vt 0.187841 0.183052
vt 0.185275 0.183054
vt 0.185380 0.195653
vt 0.186989 0.183052
vt 0.189586 0.183055
vt 0.189620 0.194801
vt 0.186989 0.183052
vt 0.185414 0.183055
vt 0.185381 0.194801
vt 0.187841 0.215064
vt 0.186574 0.215062
vt 0.186389 0.195653
vt 0.188426 0.215062
vt 0.187841 0.215064
vt 0.188611 0.195653
vt 0.186989 0.215064
vt 0.186450 0.215064
vt 0.186389 0.194801
vt 0.186989 0.215064
vt 0.188550 0.215064
vt 0.188611 0.194801
s 0
usemtl electronics_etx_part_1
f 2485/5415/249 2484/5414/249 2492/5422/249 2491/5421/249
f 2493/5423/250 2489/5419/250 2488/5418/250 2491/5421/250 2492/5422/250 2487/5417/250 2486/5416/250 2490/5420/250
f 2483/5413/251 2485/5415/251 2491/5421/251 2488/5418/251
f 2482/5412/252 2483/5413/252 2488/5418/252 2489/5419/252
f 2479/5409/253 2481/5411/253 2493/5423/253 2490/5420/253
f 2484/5414/254 2480/5410/254 2487/5417/254 2492/5422/254
f 2478/5408/255 2479/5409/255 2490/5420/255 2486/5416/255
f 2480/5410/256 2478/5408/256 2486/5416/256 2487/5417/256
f 2481/5411/257 2482/5412/257 2489/5419/257 2493/5423/257
f 2495/5427/258 2497/5433/258 2500/5442/258 2498/5436/258
f 2494/5424/259 2495/5428/259 2498/5437/259 2499/5439/259
f 2494/5425/260 2499/5440/260 2501/5445/260 2496/5430/260
f 2500/5443/250 2497/5434/250 2496/5431/250 2501/5446/250
f 2494/5426/261 2496/5432/261 2497/5435/261 2495/5429/261
f 2499/5441/262 2498/5438/262 2500/5444/262 2501/5447/262
o panel_etx_2_2_pointer_child
v -0.122649 -0.236158 0.133000
v -0.119640 -0.237107 0.133000
v -0.124106 -0.233359 0.133000
v -0.116842 -0.235650 0.133000
v -0.115893 -0.232641 0.133000
v -0.117350 -0.229842 0.133000
v -0.123158 -0.230350 0.133000
v -0.120359 -0.228894 0.133000
v -0.122649 -0.236158 0.137320
v -0.124106 -0.233359 0.137320
v -0.117350 -0.229842 0.137320
v -0.115893 -0.232641 0.137320
v -0.119640 -0.237107 0.137320
v -0.120359 -0.228894 0.137320
v -0.123158 -0.230350 0.137320
v -0.116842 -0.235650 0.137320
v -0.106382 -0.240667 0.134920
v -0.110084 -0.245080 0.134920
v -0.106382 -0.240667 0.135880
v -0.110084 -0.245080 0.135880
v -0.143414 -0.214606 0.134920
v -0.142180 -0.213135 0.134920
v -0.143414 -0.214606 0.135880
v -0.142180 -0.213135 0.135880
vn -0.4617 0.8870 -0.0000
vn -0.0000 -0.0000 1.0000
vn 0.3007 0.9537 -0.0000
vn 0.8870 0.4617 -0.0000
vn 0.4617 -0.8870 -0.0000
vn -0.9537 0.3007 -0.0000
vn -0.3007 -0.9537 -0.0000
vn -0.8870 -0.4617 -0.0000
vn 0.9537 -0.3007 -0.0000
vn -0.6748 -0.7380 -0.0000
vn -0.0000 -0.0000 -1.0000
vn 0.6096 0.7927 -0.0000
vn 0.7660 -0.6428 -0.0000
vn -0.7660 0.6428 -0.0000
vt 0.184572 0.186206
vt 0.185430 0.185848
vt 0.185430 0.188681
vt 0.187500 0.189250
vt 0.189570 0.185848
vt 0.190428 0.186206
vt 0.187500 0.191099
vt 0.189570 0.188681
vt 0.184572 0.186206
vt 0.185430 0.188681
vt 0.190428 0.186206
vt 0.189570 0.185848
vt 0.185430 0.185848
vt 0.189570 0.188681
vt 0.187500 0.191099
vt 0.187500 0.189250
vt 0.189725 0.183054
vt 0.187841 0.183052
vt 0.189620 0.195653
vt 0.187841 0.183052
vt 0.185275 0.183054
vt 0.185380 0.195653
vt 0.186989 0.183052
vt 0.189586 0.183055
vt 0.189620 0.194801
vt 0.186989 0.183052
vt 0.185414 0.183055
vt 0.185381 0.194801
vt 0.187841 0.215064
vt 0.186574 0.215062
vt 0.186389 0.195653
vt 0.188426 0.215062
vt 0.187841 0.215064
vt 0.188611 0.195653
vt 0.186989 0.215064
vt 0.186450 0.215064
vt 0.186389 0.194801
vt 0.186989 0.215064
vt 0.188550 0.215064
vt 0.188611 0.194801
s 0
usemtl electronics_etx_part_1
f 2509/5455/263 2508/5454/263 2516/5462/263 2515/5461/263
f 2517/5463/264 2513/5459/264 2512/5458/264 2515/5461/264 2516/5462/264 2511/5457/264 2510/5456/264 2514/5460/264
f 2507/5453/265 2509/5455/265 2515/5461/265 2512/5458/265
f 2506/5452/266 2507/5453/266 2512/5458/266 2513/5459/266
f 2503/5449/267 2505/5451/267 2517/5463/267 2514/5460/267
f 2508/5454/268 2504/5450/268 2511/5457/268 2516/5462/268
f 2502/5448/269 2503/5449/269 2514/5460/269 2510/5456/269
f 2504/5450/270 2502/5448/270 2510/5456/270 2511/5457/270
f 2505/5451/271 2506/5452/271 2513/5459/271 2517/5463/271
f 2519/5467/272 2521/5473/272 2524/5482/272 2522/5476/272
f 2518/5464/273 2519/5468/273 2522/5477/273 2523/5479/273
f 2518/5465/274 2523/5480/274 2525/5485/274 2520/5470/274
f 2524/5483/264 2521/5474/264 2520/5471/264 2525/5486/264
f 2518/5466/275 2520/5472/275 2521/5475/275 2519/5469/275
f 2523/5481/276 2522/5478/276 2524/5484/276 2525/5487/276
o panel_etx_2_2_switch_child_1
v -0.462682 -0.079333 0.148288
v -0.470771 -0.072327 0.144243
v -0.478860 -0.079333 0.148288
v -0.470771 -0.086338 0.152333
v -0.462682 -0.073645 0.158140
v -0.470771 -0.066639 0.154095
v -0.478860 -0.073645 0.158140
v -0.470771 -0.080650 0.162185
v -0.465246 -0.074548 0.145525
v -0.476296 -0.074548 0.145525
v -0.476296 -0.084118 0.151050
v -0.465246 -0.084118 0.151050
v -0.465246 -0.068860 0.155377
v -0.476296 -0.068860 0.155377
v -0.476296 -0.078430 0.160902
v -0.465246 -0.078430 0.160902
v -0.467084 -0.076838 0.159983
v -0.467084 -0.070452 0.156297
v -0.474458 -0.070452 0.156297
v -0.474458 -0.076838 0.159983
v -0.465444 -0.066944 0.180401
v -0.465444 -0.057717 0.175074
v -0.476099 -0.057717 0.175074
v -0.476099 -0.066944 0.180401
v -0.467504 -0.061714 0.185339
v -0.467504 -0.056055 0.182072
v -0.474039 -0.056055 0.182072
v -0.474039 -0.061714 0.185339
vn 0.9791 0.1016 0.1759
vn 0.7071 -0.6124 0.3536
vn 0.9791 -0.1016 -0.1759
vn -0.0000 0.5000 0.8660
vn -0.7071 0.6124 -0.3536
vn -0.0000 0.9495 -0.3136
vn -0.0000 0.7464 -0.6655
vn -0.9791 0.1016 0.1759
vn -0.9791 -0.1016 -0.1759
vn -0.7071 -0.6124 0.3536
vn -0.0000 -0.7464 0.6655
vn -0.0000 -0.9495 0.3136
vn 0.7071 0.6124 -0.3536
vn -0.0010 0.8264 -0.5631
vn -0.0000 0.8276 -0.5613
vn 0.0010 0.8264 -0.5631
vn 0.0012 -0.6850 0.7285
vn -0.0018 -0.6862 0.7274
vn -0.1389 -0.7506 0.6460
vn 0.1724 -0.6778 0.7148
vn -0.0885 0.6207 0.7791
vn -0.0915 0.3661 0.9261
vn 0.1470 0.4146 0.8981
vn 0.0018 0.6418 0.7669
vn 0.0023 -0.9003 0.4353
vn -0.0000 -0.8999 0.4361
vn -0.0007 -0.9006 0.4346
vn -0.9914 0.0221 0.1291
vn -0.9735 -0.0278 0.2269
vn -0.9575 0.1431 0.2503
vn -0.9579 0.1455 0.2474
vn -0.9973 -0.0385 -0.0622
vn -0.9974 -0.0362 -0.0626
vn -0.9972 -0.0364 -0.0650
vn 0.9900 0.1156 0.0802
vn 0.9576 0.1448 0.2489
vn 0.9575 0.1431 0.2503
vn 0.9896 0.0090 0.1436
vn 0.0022 0.9731 -0.2304
vn 0.0620 0.9213 -0.3840
vn -0.1362 0.9340 -0.3303
vn -0.0023 0.9731 -0.2304
vn 0.9973 -0.0350 -0.0640
vn 0.9974 -0.0362 -0.0626
vn 0.9973 -0.0385 -0.0622
vt 0.104223 0.248345
vt 0.110671 0.248345
vt 0.117120 0.248345
vt 0.123569 0.248345
vt 0.097774 0.248345
vt 0.102131 0.241285
vt 0.104223 0.254367
vt 0.108162 0.241824
vt 0.110671 0.254367
vt 0.107624 0.247855
vt 0.117120 0.254367
vt 0.101592 0.247317
vt 0.123569 0.254367
vt 0.097774 0.254367
vt 0.107447 0.248345
vt 0.113896 0.248345
vt 0.120344 0.248345
vt 0.100999 0.248345
vt 0.105245 0.240451
vt 0.107447 0.254367
vt 0.108997 0.244938
vt 0.113896 0.254367
vt 0.104509 0.248690
vt 0.120344 0.254367
vt 0.100757 0.244202
vt 0.100999 0.254367
vt 0.196042 0.241145
vt 0.194853 0.240934
vt 0.190733 0.240483
vt 0.191940 0.240510
vt 0.187789 0.240510
vt 0.186593 0.240668
vt 0.198856 0.242010
vt 0.183687 0.241145
vt 0.154366 0.232174
vt 0.198791 0.229432
vt 0.152232 0.234823
vt 0.197073 0.229127
vt 0.191120 0.228475
vt 0.148544 0.231584
vt 0.145954 0.229456
vt 0.192864 0.228513
vt 0.186865 0.228513
vt 0.151272 0.223068
vt 0.185136 0.228742
vt 0.149139 0.225717
vt 0.157550 0.228434
vt 0.202857 0.230682
vt 0.154960 0.226307
vt 0.180938 0.229432
vt 0.152506 0.229922
vt 0.152682 0.230161
vt 0.152372 0.230901
vt 0.150597 0.229950
vt 0.150817 0.229751
vt 0.149906 0.229584
vt 0.150822 0.227730
vt 0.151133 0.226990
vt 0.150998 0.227968
vt 0.153598 0.228306
vt 0.152907 0.227941
vt 0.152687 0.228139
s 1
usemtl electronics_etx_part_1
f 2530/5494/277 2541/5513/278 2537/5505/278 2526/5488/279
f 2530/5493/280 2538/5506/280 2531/5495/280 2539/5508/280 2532/5497/280 2540/5510/280 2533/5499/280 2541/5512/280
f 2539/5509/281 2531/5496/282 2527/5489/283 2535/5503/281
f 2532/5498/284 2539/5509/281 2535/5503/281 2528/5490/285
f 2540/5511/286 2532/5498/284 2528/5490/285 2536/5504/286
f 2533/5500/287 2540/5511/286 2536/5504/286 2529/5491/288
f 2531/5496/282 2538/5507/289 2534/5502/289 2527/5489/283
f 2533/5501/287 2529/5492/288 2537/5505/278 2541/5513/278
f 2538/5507/289 2530/5494/277 2526/5488/279 2534/5502/289
f 2547/5526/290 2543/5516/291 2544/5518/291 2548/5530/292
f 2549/5534/293 2546/5522/294 2550/5538/295 2553/5547/296
f 2550/5539/297 2551/5541/298 2552/5544/299 2553/5548/300
f 2549/5535/301 2545/5520/302 2542/5514/302 2546/5523/303
f 2553/5549/304 2552/5545/305 2548/5531/306 2549/5536/307
f 2548/5532/308 2544/5519/309 2545/5521/309 2549/5537/310
f 2550/5540/311 2546/5524/312 2547/5527/313 2551/5542/314
f 2548/5533/315 2552/5546/316 2551/5543/317 2547/5528/318
f 2546/5525/319 2542/5515/320 2543/5517/320 2547/5529/321
o panel_etx_2_2_switch_child_2
v -0.400137 -0.079333 0.148288
v -0.408226 -0.072327 0.144243
v -0.416316 -0.079333 0.148288
v -0.408226 -0.086338 0.152333
v -0.400137 -0.073645 0.158140
v -0.408226 -0.066639 0.154095
v -0.416316 -0.073645 0.158140
v -0.408226 -0.080650 0.162185
v -0.402701 -0.074548 0.145525
v -0.413751 -0.074548 0.145525
v -0.413751 -0.084118 0.151050
v -0.402701 -0.084118 0.151050
v -0.402701 -0.068860 0.155377
v -0.413751 -0.068860 0.155377
v -0.413751 -0.078430 0.160902
v -0.402701 -0.078430 0.160902
v -0.404540 -0.076838 0.159983
v -0.404540 -0.070452 0.156297
v -0.411913 -0.070452 0.156297
v -0.411913 -0.076838 0.159983
v -0.402899 -0.066944 0.180401
v -0.402899 -0.057717 0.175074
v -0.413554 -0.057717 0.175074
v -0.413554 -0.066944 0.180401
v -0.404959 -0.061714 0.185339
v -0.404959 -0.056055 0.182072
v -0.411494 -0.056055 0.182072
v -0.411494 -0.061714 0.185339
vn 0.9791 0.1016 0.1759
vn 0.7071 -0.6124 0.3536
vn 0.9791 -0.1016 -0.1759
vn -0.0000 0.5000 0.8660
vn -0.7071 0.6124 -0.3536
vn -0.0000 0.9495 -0.3136
vn -0.0000 0.7464 -0.6655
vn -0.9791 0.1016 0.1759
vn -0.9791 -0.1016 -0.1759
vn -0.7071 -0.6124 0.3536
vn -0.0000 -0.7464 0.6655
vn -0.0000 -0.9495 0.3136
vn 0.7071 0.6124 -0.3536
vn -0.0010 0.8264 -0.5631
vn -0.0000 0.8276 -0.5613
vn 0.0010 0.8264 -0.5631
vn 0.0012 -0.6850 0.7285
vn -0.0018 -0.6862 0.7274
vn -0.1389 -0.7506 0.6460
vn 0.1724 -0.6778 0.7148
vn -0.0885 0.6207 0.7791
vn -0.0915 0.3661 0.9261
vn 0.1470 0.4146 0.8981
vn 0.0018 0.6418 0.7669
vn 0.0023 -0.9003 0.4353
vn -0.0000 -0.8999 0.4361
vn -0.0007 -0.9006 0.4346
vn -0.9914 0.0221 0.1291
vn -0.9735 -0.0278 0.2269
vn -0.9575 0.1431 0.2503
vn -0.9579 0.1455 0.2474
vn -0.9973 -0.0385 -0.0622
vn -0.9974 -0.0362 -0.0626
vn -0.9972 -0.0364 -0.0650
vn 0.9900 0.1156 0.0802
vn 0.9576 0.1448 0.2489
vn 0.9575 0.1431 0.2503
vn 0.9896 0.0090 0.1436
vn 0.0022 0.9731 -0.2304
vn 0.0620 0.9213 -0.3840
vn -0.1362 0.9340 -0.3303
vn -0.0023 0.9731 -0.2304
vn 0.9973 -0.0350 -0.0640
vn 0.9974 -0.0362 -0.0626
vn 0.9973 -0.0385 -0.0622
vt 0.104223 0.248345
vt 0.110671 0.248345
vt 0.117120 0.248345
vt 0.123569 0.248345
vt 0.097774 0.248345
vt 0.102131 0.241285
vt 0.104223 0.254367
vt 0.108162 0.241824
vt 0.110671 0.254367
vt 0.107624 0.247855
vt 0.117120 0.254367
vt 0.101592 0.247317
vt 0.123569 0.254367
vt 0.097774 0.254367
vt 0.107447 0.248345
vt 0.113896 0.248345
vt 0.120344 0.248345
vt 0.100999 0.248345
vt 0.105245 0.240451
vt 0.107447 0.254367
vt 0.108997 0.244938
vt 0.113896 0.254367
vt 0.104509 0.248690
vt 0.120344 0.254367
vt 0.100757 0.244202
vt 0.100999 0.254367
vt 0.196042 0.241145
vt 0.194853 0.240934
vt 0.190733 0.240483
vt 0.191940 0.240510
vt 0.187789 0.240510
vt 0.186593 0.240668
vt 0.198856 0.242010
vt 0.183687 0.241145
vt 0.154366 0.232174
vt 0.198791 0.229432
vt 0.152232 0.234823
vt 0.197073 0.229127
vt 0.191120 0.228475
vt 0.148544 0.231584
vt 0.145954 0.229456
vt 0.192864 0.228513
vt 0.186865 0.228513
vt 0.151272 0.223068
vt 0.185136 0.228742
vt 0.149139 0.225717
vt 0.157550 0.228434
vt 0.202857 0.230682
vt 0.154960 0.226307
vt 0.180938 0.229432
vt 0.152506 0.229922
vt 0.152682 0.230161
vt 0.152372 0.230901
vt 0.150597 0.229950
vt 0.150817 0.229751
vt 0.149906 0.229584
vt 0.150822 0.227730
vt 0.151133 0.226990
vt 0.150998 0.227968
vt 0.153598 0.228306
vt 0.152907 0.227941
vt 0.152687 0.228139
s 1
usemtl electronics_etx_part_1
f 2558/5556/322 2569/5575/323 2565/5567/323 2554/5550/324
f 2558/5555/325 2566/5568/325 2559/5557/325 2567/5570/325 2560/5559/325 2568/5572/325 2561/5561/325 2569/5574/325
f 2567/5571/326 2559/5558/327 2555/5551/328 2563/5565/326
f 2560/5560/329 2567/5571/326 2563/5565/326 2556/5552/330
f 2568/5573/331 2560/5560/329 2556/5552/330 2564/5566/331
f 2561/5562/332 2568/5573/331 2564/5566/331 2557/5553/333
f 2559/5558/327 2566/5569/334 2562/5564/334 2555/5551/328
f 2561/5563/332 2557/5554/333 2565/5567/323 2569/5575/323
f 2566/5569/334 2558/5556/322 2554/5550/324 2562/5564/334
f 2575/5588/335 2571/5578/336 2572/5580/336 2576/5592/337
f 2577/5596/338 2574/5584/339 2578/5600/340 2581/5609/341
f 2578/5601/342 2579/5603/343 2580/5606/344 2581/5610/345
f 2577/5597/346 2573/5582/347 2570/5576/347 2574/5585/348
f 2581/5611/349 2580/5607/350 2576/5593/351 2577/5598/352
f 2576/5594/353 2572/5581/354 2573/5583/354 2577/5599/355
f 2578/5602/356 2574/5586/357 2575/5589/358 2579/5604/359
f 2576/5595/360 2580/5608/361 2579/5605/362 2575/5590/363
f 2574/5587/364 2570/5577/365 2571/5579/365 2575/5591/366
o panel_etx_2_2_switch_child_3
v -0.022682 -0.079333 0.148288
v -0.030771 -0.072327 0.144243
v -0.038860 -0.079333 0.148288
v -0.030771 -0.086338 0.152333
v -0.022682 -0.073645 0.158140
v -0.030771 -0.066639 0.154095
v -0.038860 -0.073645 0.158140
v -0.030771 -0.080650 0.162185
v -0.025246 -0.074548 0.145525
v -0.036296 -0.074548 0.145525
v -0.036296 -0.084118 0.151050
v -0.025246 -0.084118 0.151050
v -0.025246 -0.068860 0.155377
v -0.036296 -0.068860 0.155377
v -0.036296 -0.078430 0.160902
v -0.025246 -0.078430 0.160902
v -0.027084 -0.076838 0.159983
v -0.027084 -0.070452 0.156297
v -0.034458 -0.070452 0.156297
v -0.034458 -0.076838 0.159983
v -0.025444 -0.066944 0.180401
v -0.025444 -0.057717 0.175074
v -0.036099 -0.057717 0.175074
v -0.036099 -0.066944 0.180401
v -0.027504 -0.061714 0.185339
v -0.027504 -0.056055 0.182072
v -0.034038 -0.056055 0.182072
v -0.034038 -0.061714 0.185339
vn 0.9791 0.1016 0.1759
vn 0.7071 -0.6124 0.3536
vn 0.9791 -0.1016 -0.1759
vn -0.0000 0.5000 0.8660
vn -0.7071 0.6124 -0.3536
vn -0.0000 0.9495 -0.3136
vn -0.0000 0.7464 -0.6655
vn -0.9791 0.1016 0.1759
vn -0.9791 -0.1016 -0.1759
vn -0.7071 -0.6124 0.3536
vn -0.0000 -0.7464 0.6655
vn -0.0000 -0.9495 0.3136
vn 0.7071 0.6124 -0.3536
vn -0.0010 0.8264 -0.5631
vn -0.0000 0.8276 -0.5613
vn 0.0010 0.8264 -0.5631
vn 0.0012 -0.6850 0.7285
vn -0.0018 -0.6862 0.7274
vn -0.1389 -0.7506 0.6460
vn 0.1724 -0.6778 0.7148
vn -0.0885 0.6207 0.7791
vn -0.0915 0.3661 0.9261
vn 0.1470 0.4146 0.8981
vn 0.0018 0.6418 0.7669
vn 0.0023 -0.9003 0.4353
vn -0.0000 -0.8999 0.4361
vn -0.0007 -0.9006 0.4346
vn -0.9914 0.0221 0.1291
vn -0.9735 -0.0278 0.2269
vn -0.9575 0.1431 0.2503
vn -0.9579 0.1455 0.2474
vn -0.9973 -0.0385 -0.0622
vn -0.9974 -0.0362 -0.0626
vn -0.9972 -0.0364 -0.0650
vn 0.9900 0.1156 0.0802
vn 0.9576 0.1448 0.2489
vn 0.9575 0.1431 0.2503
vn 0.9896 0.0090 0.1436
vn 0.0022 0.9731 -0.2304
vn 0.0620 0.9213 -0.3840
vn -0.1362 0.9340 -0.3303
vn -0.0023 0.9731 -0.2304
vn 0.9973 -0.0350 -0.0640
vn 0.9974 -0.0362 -0.0626
vn 0.9973 -0.0385 -0.0622
vt 0.104223 0.248345
vt 0.110671 0.248345
vt 0.117120 0.248345
vt 0.123569 0.248345
vt 0.097774 0.248345
vt 0.102131 0.241285
vt 0.104223 0.254367
vt 0.108162 0.241824
vt 0.110671 0.254367
vt 0.107624 0.247855
vt 0.117120 0.254367
vt 0.101592 0.247317
vt 0.123569 0.254367
vt 0.097774 0.254367
vt 0.107447 0.248345
vt 0.113896 0.248345
vt 0.120344 0.248345
vt 0.100999 0.248345
vt 0.105245 0.240451
vt 0.107447 0.254367
vt 0.108997 0.244938
vt 0.113896 0.254367
vt 0.104509 0.248690
vt 0.120344 0.254367
vt 0.100757 0.244202
vt 0.100999 0.254367
vt 0.196042 0.241145
vt 0.194853 0.240934
vt 0.190733 0.240483
vt 0.191940 0.240510
vt 0.187789 0.240510
vt 0.186593 0.240668
vt 0.198856 0.242010
vt 0.183687 0.241145
vt 0.154366 0.232174
vt 0.198791 0.229432
vt 0.152232 0.234823
vt 0.197073 0.229127
vt 0.191120 0.228475
vt 0.148544 0.231584
vt 0.145954 0.229456
vt 0.192864 0.228513
vt 0.186865 0.228513
vt 0.151272 0.223068
vt 0.185136 0.228742
vt 0.149139 0.225717
vt 0.157550 0.228434
vt 0.202857 0.230682
vt 0.154960 0.226307
vt 0.180938 0.229432
vt 0.152506 0.229922
vt 0.152682 0.230161
vt 0.152372 0.230901
vt 0.150597 0.229950
vt 0.150817 0.229751
vt 0.149906 0.229584
vt 0.150822 0.227730
vt 0.151133 0.226990
vt 0.150998 0.227968
vt 0.153598 0.228306
vt 0.152907 0.227941
vt 0.152687 0.228139
s 1
usemtl electronics_etx_part_1
f 2586/5618/367 2597/5637/368 2593/5629/368 2582/5612/369
f 2586/5617/370 2594/5630/370 2587/5619/370 2595/5632/370 2588/5621/370 2596/5634/370 2589/5623/370 2597/5636/370
f 2595/5633/371 2587/5620/372 2583/5613/373 2591/5627/371
f 2588/5622/374 2595/5633/371 2591/5627/371 2584/5614/375
f 2596/5635/376 2588/5622/374 2584/5614/375 2592/5628/376
f 2589/5624/377 2596/5635/376 2592/5628/376 2585/5615/378
f 2587/5620/372 2594/5631/379 2590/5626/379 2583/5613/373
f 2589/5625/377 2585/5616/378 2593/5629/368 2597/5637/368
f 2594/5631/379 2586/5618/367 2582/5612/369 2590/5626/379
f 2603/5650/380 2599/5640/381 2600/5642/381 2604/5654/382
f 2605/5658/383 2602/5646/384 2606/5662/385 2609/5671/386
f 2606/5663/387 2607/5665/388 2608/5668/389 2609/5672/390
f 2605/5659/391 2601/5644/392 2598/5638/392 2602/5647/393
f 2609/5673/394 2608/5669/395 2604/5655/396 2605/5660/397
f 2604/5656/398 2600/5643/399 2601/5645/399 2605/5661/400
f 2606/5664/401 2602/5648/402 2603/5651/403 2607/5666/404
f 2604/5657/405 2608/5670/406 2607/5667/407 2603/5652/408
f 2602/5649/409 2598/5639/410 2599/5641/410 2603/5653/411
o panel_etx_2_2_switch_child_4
v 0.039863 -0.079333 0.148288
v 0.031774 -0.072327 0.144243
v 0.023684 -0.079333 0.148288
v 0.031774 -0.086338 0.152333
v 0.039863 -0.073645 0.158140
v 0.031774 -0.066639 0.154095
v 0.023684 -0.073645 0.158140
v 0.031774 -0.080650 0.162185
v 0.037299 -0.074548 0.145525
v 0.026249 -0.074548 0.145525
v 0.026249 -0.084118 0.151050
v 0.037299 -0.084118 0.151050
v 0.037299 -0.068860 0.155377
v 0.026249 -0.068860 0.155377
v 0.026249 -0.078430 0.160902
v 0.037299 -0.078430 0.160902
v 0.035460 -0.076838 0.159983
v 0.035460 -0.070452 0.156297
v 0.028087 -0.070452 0.156297
v 0.028087 -0.076838 0.159983
v 0.037101 -0.066944 0.180401
v 0.037101 -0.057717 0.175074
v 0.026446 -0.057717 0.175074
v 0.026446 -0.066944 0.180401
v 0.035041 -0.061714 0.185339
v 0.035041 -0.056055 0.182072
v 0.028506 -0.056055 0.182072
v 0.028506 -0.061714 0.185339
vn 0.9791 0.1016 0.1759
vn 0.7071 -0.6124 0.3536
vn 0.9791 -0.1016 -0.1759
vn -0.0000 0.5000 0.8660
vn -0.7071 0.6124 -0.3536
vn -0.0000 0.9495 -0.3136
vn -0.0000 0.7464 -0.6655
vn -0.9791 0.1016 0.1759
vn -0.9791 -0.1016 -0.1759
vn -0.7071 -0.6124 0.3536
vn -0.0000 -0.7464 0.6655
vn -0.0000 -0.9495 0.3136
vn 0.7071 0.6124 -0.3536
vn -0.0010 0.8264 -0.5631
vn -0.0000 0.8276 -0.5613
vn 0.0010 0.8264 -0.5631
vn 0.0012 -0.6850 0.7285
vn -0.0018 -0.6862 0.7274
vn -0.1389 -0.7506 0.6460
vn 0.1724 -0.6778 0.7148
vn -0.0885 0.6207 0.7791
vn -0.0915 0.3661 0.9261
vn 0.1470 0.4146 0.8981
vn 0.0018 0.6418 0.7669
vn 0.0023 -0.9003 0.4353
vn -0.0000 -0.8999 0.4361
vn -0.0007 -0.9006 0.4346
vn -0.9914 0.0221 0.1291
vn -0.9735 -0.0278 0.2269
vn -0.9575 0.1431 0.2503
vn -0.9579 0.1455 0.2474
vn -0.9973 -0.0385 -0.0622
vn -0.9974 -0.0362 -0.0626
vn -0.9972 -0.0364 -0.0650
vn 0.9900 0.1156 0.0802
vn 0.9576 0.1448 0.2489
vn 0.9575 0.1431 0.2503
vn 0.9896 0.0090 0.1436
vn 0.0022 0.9731 -0.2304
vn 0.0620 0.9213 -0.3840
vn -0.1362 0.9340 -0.3303
vn -0.0023 0.9731 -0.2304
vn 0.9973 -0.0350 -0.0640
vn 0.9974 -0.0362 -0.0626
vn 0.9973 -0.0385 -0.0622
vt 0.104223 0.248345
vt 0.110671 0.248345
vt 0.117120 0.248345
vt 0.123569 0.248345
vt 0.097774 0.248345
vt 0.102131 0.241285
vt 0.104223 0.254367
vt 0.108162 0.241824
vt 0.110671 0.254367
vt 0.107624 0.247855
vt 0.117120 0.254367
vt 0.101592 0.247317
vt 0.123569 0.254367
vt 0.097774 0.254367
vt 0.107447 0.248345
vt 0.113896 0.248345
vt 0.120344 0.248345
vt 0.100999 0.248345
vt 0.105245 0.240451
vt 0.107447 0.254367
vt 0.108997 0.244938
vt 0.113896 0.254367
vt 0.104509 0.248690
vt 0.120344 0.254367
vt 0.100757 0.244202
vt 0.100999 0.254367
vt 0.196042 0.241145
vt 0.194853 0.240934
vt 0.190733 0.240483
vt 0.191940 0.240510
vt 0.187789 0.240510
vt 0.186593 0.240668
vt 0.198856 0.242010
vt 0.183687 0.241145
vt 0.154366 0.232174
vt 0.198791 0.229432
vt 0.152232 0.234823
vt 0.197073 0.229127
vt 0.191120 0.228475
vt 0.148544 0.231584
vt 0.145954 0.229456
vt 0.192864 0.228513
vt 0.186865 0.228513
vt 0.151272 0.223068
vt 0.185136 0.228742
vt 0.149139 0.225717
vt 0.157550 0.228434
vt 0.202857 0.230682
vt 0.154960 0.226307
vt 0.180938 0.229432
vt 0.152506 0.229922
vt 0.152682 0.230161
vt 0.152372 0.230901
vt 0.150597 0.229950
vt 0.150817 0.229751
vt 0.149906 0.229584
vt 0.150822 0.227730
vt 0.151133 0.226990
vt 0.150998 0.227968
vt 0.153598 0.228306
vt 0.152907 0.227941
vt 0.152687 0.228139
s 1
usemtl electronics_etx_part_1
f 2614/5680/412 2625/5699/413 2621/5691/413 2610/5674/414
f 2614/5679/415 2622/5692/415 2615/5681/415 2623/5694/415 2616/5683/415 2624/5696/415 2617/5685/415 2625/5698/415
f 2623/5695/416 2615/5682/417 2611/5675/418 2619/5689/416
f 2616/5684/419 2623/5695/416 2619/5689/416 2612/5676/420
f 2624/5697/421 2616/5684/419 2612/5676/420 2620/5690/421
f 2617/5686/422 2624/5697/421 2620/5690/421 2613/5677/423
f 2615/5682/417 2622/5693/424 2618/5688/424 2611/5675/418
f 2617/5687/422 2613/5678/423 2621/5691/413 2625/5699/413
f 2622/5693/424 2614/5680/412 2610/5674/414 2618/5688/424
f 2631/5712/425 2627/5702/426 2628/5704/426 2632/5716/427
f 2633/5720/428 2630/5708/429 2634/5724/430 2637/5733/431
f 2634/5725/432 2635/5727/433 2636/5730/434 2637/5734/435
f 2633/5721/436 2629/5706/437 2626/5700/437 2630/5709/438
f 2637/5735/439 2636/5731/440 2632/5717/441 2633/5722/442
f 2632/5718/443 2628/5705/444 2629/5707/444 2633/5723/445
f 2634/5726/446 2630/5710/447 2631/5713/448 2635/5728/449
f 2632/5719/450 2636/5732/451 2635/5729/452 2631/5714/453
f 2630/5711/454 2626/5701/455 2627/5703/455 2631/5715/456
o panel_etx_2_2_switch_child_5
v 0.417318 -0.079333 0.148288
v 0.409229 -0.072327 0.144243
v 0.401140 -0.079333 0.148288
v 0.409229 -0.086338 0.152333
v 0.417318 -0.073645 0.158140
v 0.409229 -0.066639 0.154095
v 0.401140 -0.073645 0.158140
v 0.409229 -0.080650 0.162185
v 0.414754 -0.074548 0.145525
v 0.403704 -0.074548 0.145525
v 0.403704 -0.084118 0.151050
v 0.414754 -0.084118 0.151050
v 0.414754 -0.068860 0.155377
v 0.403704 -0.068860 0.155377
v 0.403704 -0.078430 0.160902
v 0.414754 -0.078430 0.160902
v 0.412916 -0.076838 0.159983
v 0.412916 -0.070452 0.156297
v 0.405542 -0.070452 0.156297
v 0.405542 -0.076838 0.159983
v 0.414556 -0.066944 0.180401
v 0.414556 -0.057717 0.175074
v 0.403901 -0.057717 0.175074
v 0.403901 -0.066944 0.180401
v 0.412496 -0.061714 0.185339
v 0.412496 -0.056055 0.182072
v 0.405962 -0.056055 0.182072
v 0.405962 -0.061714 0.185339
vn 0.9791 0.1016 0.1759
vn 0.7071 -0.6124 0.3536
vn 0.9791 -0.1016 -0.1759
vn -0.0000 0.5000 0.8660
vn -0.7071 0.6124 -0.3536
vn -0.0000 0.9495 -0.3136
vn -0.0000 0.7464 -0.6655
vn -0.9791 0.1016 0.1759
vn -0.9791 -0.1016 -0.1759
vn -0.7071 -0.6124 0.3536
vn -0.0000 -0.7464 0.6655
vn -0.0000 -0.9495 0.3136
vn 0.7071 0.6124 -0.3536
vn -0.0010 0.8264 -0.5631
vn -0.0000 0.8276 -0.5613
vn 0.0010 0.8264 -0.5631
vn 0.0012 -0.6850 0.7285
vn -0.0018 -0.6862 0.7274
vn -0.1389 -0.7506 0.6460
vn 0.1724 -0.6778 0.7148
vn -0.0885 0.6207 0.7791
vn -0.0915 0.3661 0.9261
vn 0.1470 0.4146 0.8981
vn 0.0018 0.6418 0.7669
vn 0.0023 -0.9003 0.4353
vn -0.0000 -0.8999 0.4361
vn -0.0007 -0.9006 0.4346
vn -0.9914 0.0221 0.1291
vn -0.9735 -0.0278 0.2269
vn -0.9575 0.1431 0.2503
vn -0.9579 0.1455 0.2474
vn -0.9973 -0.0385 -0.0622
vn -0.9974 -0.0362 -0.0626
vn -0.9972 -0.0364 -0.0650
vn 0.9900 0.1156 0.0802
vn 0.9576 0.1448 0.2489
vn 0.9575 0.1431 0.2503
vn 0.9896 0.0090 0.1436
vn 0.0022 0.9731 -0.2304
vn 0.0620 0.9213 -0.3840
vn -0.1362 0.9340 -0.3303
vn -0.0023 0.9731 -0.2304
vn 0.9973 -0.0350 -0.0640
vn 0.9974 -0.0362 -0.0626
vn 0.9973 -0.0385 -0.0622
vt 0.104223 0.248345
vt 0.110671 0.248345
vt 0.117120 0.248345
vt 0.123569 0.248345
vt 0.097774 0.248345
vt 0.102131 0.241285
vt 0.104223 0.254367
vt 0.108162 0.241824
vt 0.110671 0.254367
vt 0.107624 0.247855
vt 0.117120 0.254367
vt 0.101592 0.247317
vt 0.123569 0.254367
vt 0.097774 0.254367
vt 0.107447 0.248345
vt 0.113896 0.248345
vt 0.120344 0.248345
vt 0.100999 0.248345
vt 0.105245 0.240451
vt 0.107447 0.254367
vt 0.108997 0.244938
vt 0.113896 0.254367
vt 0.104509 0.248690
vt 0.120344 0.254367
vt 0.100757 0.244202
vt 0.100999 0.254367
vt 0.196042 0.241145
vt 0.194853 0.240934
vt 0.190733 0.240483
vt 0.191940 0.240510
vt 0.187789 0.240510
vt 0.186593 0.240668
vt 0.198856 0.242010
vt 0.183687 0.241145
vt 0.154366 0.232174
vt 0.198791 0.229432
vt 0.152232 0.234823
vt 0.197073 0.229127
vt 0.191120 0.228475
vt 0.148544 0.231584
vt 0.145954 0.229456
vt 0.192864 0.228513
vt 0.186865 0.228513
vt 0.151272 0.223068
vt 0.185136 0.228742
vt 0.149139 0.225717
vt 0.157550 0.228434
vt 0.202857 0.230682
vt 0.154960 0.226307
vt 0.180938 0.229432
vt 0.152506 0.229922
vt 0.152682 0.230161
vt 0.152372 0.230901
vt 0.150597 0.229950
vt 0.150817 0.229751
vt 0.149906 0.229584
vt 0.150822 0.227730
vt 0.151133 0.226990
vt 0.150998 0.227968
vt 0.153598 0.228306
vt 0.152907 0.227941
vt 0.152687 0.228139
s 1
usemtl electronics_etx_part_1
f 2642/5742/457 2653/5761/458 2649/5753/458 2638/5736/459
f 2642/5741/460 2650/5754/460 2643/5743/460 2651/5756/460 2644/5745/460 2652/5758/460 2645/5747/460 2653/5760/460
f 2651/5757/461 2643/5744/462 2639/5737/463 2647/5751/461
f 2644/5746/464 2651/5757/461 2647/5751/461 2640/5738/465
f 2652/5759/466 2644/5746/464 2640/5738/465 2648/5752/466
f 2645/5748/467 2652/5759/466 2648/5752/466 2641/5739/468
f 2643/5744/462 2650/5755/469 2646/5750/469 2639/5737/463
f 2645/5749/467 2641/5740/468 2649/5753/458 2653/5761/458
f 2650/5755/469 2642/5742/457 2638/5736/459 2646/5750/469
f 2659/5774/470 2655/5764/471 2656/5766/471 2660/5778/472
f 2661/5782/473 2658/5770/474 2662/5786/475 2665/5795/476
f 2662/5787/477 2663/5789/478 2664/5792/479 2665/5796/480
f 2661/5783/481 2657/5768/482 2654/5762/482 2658/5771/483
f 2665/5797/484 2664/5793/485 2660/5779/486 2661/5784/487
f 2660/5780/488 2656/5767/489 2657/5769/489 2661/5785/490
f 2662/5788/491 2658/5772/492 2659/5775/493 2663/5790/494
f 2660/5781/495 2664/5794/496 2663/5791/497 2659/5776/498
f 2658/5773/499 2654/5763/500 2655/5765/500 2659/5777/501
o panel_etx_2_2_switch_child_6
v 0.479863 -0.079333 0.148288
v 0.471774 -0.072327 0.144243
v 0.463684 -0.079333 0.148288
v 0.471774 -0.086338 0.152333
v 0.479863 -0.073645 0.158140
v 0.471774 -0.066639 0.154095
v 0.463684 -0.073645 0.158140
v 0.471774 -0.080650 0.162185
v 0.477299 -0.074548 0.145525
v 0.466249 -0.074548 0.145525
v 0.466249 -0.084118 0.151050
v 0.477299 -0.084118 0.151050
v 0.477299 -0.068860 0.155377
v 0.466249 -0.068860 0.155377
v 0.466249 -0.078430 0.160902
v 0.477299 -0.078430 0.160902
v 0.475460 -0.076838 0.159983
v 0.475460 -0.070452 0.156297
v 0.468087 -0.070452 0.156297
v 0.468087 -0.076838 0.159983
v 0.477101 -0.066944 0.180401
v 0.477101 -0.057717 0.175074
v 0.466446 -0.057717 0.175074
v 0.466446 -0.066944 0.180401
v 0.475041 -0.061714 0.185339
v 0.475041 -0.056055 0.182072
v 0.468506 -0.056055 0.182072
v 0.468506 -0.061714 0.185339
vn 0.9791 0.1016 0.1759
vn 0.7071 -0.6124 0.3536
vn 0.9791 -0.1016 -0.1759
vn -0.0000 0.5000 0.8660
vn -0.7071 0.6124 -0.3536
vn -0.0000 0.9495 -0.3136
vn -0.0000 0.7464 -0.6655
vn -0.9791 0.1016 0.1759
vn -0.9791 -0.1016 -0.1759
vn -0.7071 -0.6124 0.3536
vn -0.0000 -0.7464 0.6655
vn -0.0000 -0.9495 0.3136
vn 0.7071 0.6124 -0.3536
vn -0.0010 0.8264 -0.5631
vn -0.0000 0.8276 -0.5613
vn 0.0010 0.8264 -0.5631
vn 0.0012 -0.6850 0.7285
vn -0.0018 -0.6862 0.7274
vn -0.1389 -0.7506 0.6460
vn 0.1724 -0.6778 0.7148
vn -0.0885 0.6207 0.7791
vn -0.0915 0.3661 0.9261
vn 0.1470 0.4146 0.8981
vn 0.0018 0.6418 0.7669
vn 0.0023 -0.9003 0.4353
vn -0.0000 -0.8999 0.4361
vn -0.0007 -0.9006 0.4346
vn -0.9914 0.0221 0.1291
vn -0.9735 -0.0278 0.2269
vn -0.9575 0.1431 0.2503
vn -0.9579 0.1455 0.2474
vn -0.9973 -0.0385 -0.0622
vn -0.9974 -0.0362 -0.0626
vn -0.9972 -0.0364 -0.0650
vn 0.9900 0.1156 0.0802
vn 0.9576 0.1448 0.2489
vn 0.9575 0.1431 0.2503
vn 0.9896 0.0090 0.1436
vn 0.0022 0.9731 -0.2304
vn 0.0620 0.9213 -0.3840
vn -0.1362 0.9340 -0.3303
vn -0.0023 0.9731 -0.2304
vn 0.9973 -0.0350 -0.0640
vn 0.9974 -0.0362 -0.0626
vn 0.9973 -0.0385 -0.0622
vt 0.104223 0.248345
vt 0.110671 0.248345
vt 0.117120 0.248345
vt 0.123569 0.248345
vt 0.097774 0.248345
vt 0.102131 0.241285
vt 0.104223 0.254367
vt 0.108162 0.241824
vt 0.110671 0.254367
vt 0.107624 0.247855
vt 0.117120 0.254367
vt 0.101592 0.247317
vt 0.123569 0.254367
vt 0.097774 0.254367
vt 0.107447 0.248345
vt 0.113896 0.248345
vt 0.120344 0.248345
vt 0.100999 0.248345
vt 0.105245 0.240451
vt 0.107447 0.254367
vt 0.108997 0.244938
vt 0.113896 0.254367
vt 0.104509 0.248690
vt 0.120344 0.254367
vt 0.100757 0.244202
vt 0.100999 0.254367
vt 0.196042 0.241145
vt 0.194853 0.240934
vt 0.190733 0.240483
vt 0.191940 0.240510
vt 0.187789 0.240510
vt 0.186593 0.240668
vt 0.198856 0.242010
vt 0.183687 0.241145
vt 0.154366 0.232174
vt 0.198791 0.229432
vt 0.152232 0.234823
vt 0.197073 0.229127
vt 0.191120 0.228475
vt 0.148544 0.231584
vt 0.145954 0.229456
vt 0.192864 0.228513
vt 0.186865 0.228513
vt 0.151272 0.223068
vt 0.185136 0.228742
vt 0.149139 0.225717
vt 0.157550 0.228434
vt 0.202857 0.230682
vt 0.154960 0.226307
vt 0.180938 0.229432
vt 0.152506 0.229922
vt 0.152682 0.230161
vt 0.152372 0.230901
vt 0.150597 0.229950
vt 0.150817 0.229751
vt 0.149906 0.229584
vt 0.150822 0.227730
vt 0.151133 0.226990
vt 0.150998 0.227968
vt 0.153598 0.228306
vt 0.152907 0.227941
vt 0.152687 0.228139
s 1
usemtl electronics_etx_part_1
f 2670/5804/502 2681/5823/503 2677/5815/503 2666/5798/504
f 2670/5803/505 2678/5816/505 2671/5805/505 2679/5818/505 2672/5807/505 2680/5820/505 2673/5809/505 2681/5822/505
f 2679/5819/506 2671/5806/507 2667/5799/508 2675/5813/506
f 2672/5808/509 2679/5819/506 2675/5813/506 2668/5800/510
f 2680/5821/511 2672/5808/509 2668/5800/510 2676/5814/511
f 2673/5810/512 2680/5821/511 2676/5814/511 2669/5801/513
f 2671/5806/507 2678/5817/514 2674/5812/514 2667/5799/508
f 2673/5811/512 2669/5802/513 2677/5815/503 2681/5823/503
f 2678/5817/514 2670/5804/502 2666/5798/504 2674/5812/514
f 2687/5836/515 2683/5826/516 2684/5828/516 2688/5840/517
f 2689/5844/518 2686/5832/519 2690/5848/520 2693/5857/521
f 2690/5849/522 2691/5851/523 2692/5854/524 2693/5858/525
f 2689/5845/526 2685/5830/527 2682/5824/527 2686/5833/528
f 2693/5859/529 2692/5855/530 2688/5841/531 2689/5846/532
f 2688/5842/533 2684/5829/534 2685/5831/534 2689/5847/535
f 2690/5850/536 2686/5834/537 2687/5837/538 2691/5852/539
f 2688/5843/540 2692/5856/541 2691/5853/542 2687/5838/543
f 2686/5835/544 2682/5825/545 2683/5827/545 2687/5839/546
