# Blender 3.4.0
# www.blender.org
mtllib hydraulic_spreader_etx_1.mtl
o hydraulic_spreader_etx_1
v -0.269999 -0.110000 0.090000
v -0.269999 0.100000 0.090000
v -0.269999 -0.110000 0.060000
v -0.269999 0.100000 0.060000
v -0.099999 -0.110000 0.090000
v -0.099999 0.100000 0.090000
v -0.099999 -0.110000 0.060000
v -0.099999 0.100000 0.060000
v -0.299999 -0.090000 0.090000
v -0.299999 0.080000 0.090000
v -0.299999 -0.090000 0.060000
v -0.299999 0.080000 0.060000
v -0.069999 -0.110000 0.081961
v -0.069999 0.100000 0.081961
v -0.084999 -0.110000 0.055981
v -0.084999 0.100000 0.055981
v -0.048038 -0.110000 0.060000
v -0.048038 0.100000 0.060000
v -0.074018 -0.110000 0.045000
v -0.074018 0.100000 0.045000
v -0.039999 -0.110000 0.030000
v -0.039999 0.100000 0.030000
v -0.069999 -0.110000 0.030000
v -0.069999 0.100000 0.030000
v -0.269999 -0.110000 -0.090000
v -0.269999 0.100000 -0.090000
v -0.269999 -0.110000 -0.060000
v -0.269999 0.100000 -0.060000
v -0.099999 -0.110000 -0.090000
v -0.099999 0.100000 -0.090000
v -0.099999 -0.110000 -0.060000
v -0.099999 0.100000 -0.060000
v -0.299999 -0.090000 -0.090000
v -0.299999 0.080000 -0.090000
v -0.299999 -0.090000 -0.060000
v -0.299999 0.080000 -0.060000
v -0.069999 -0.110000 -0.081961
v -0.069999 0.100000 -0.081961
v -0.084999 -0.110000 -0.055981
v -0.084999 0.100000 -0.055981
v -0.048038 -0.110000 -0.060000
v -0.048038 0.100000 -0.060000
v -0.074018 -0.110000 -0.045000
v -0.074018 0.100000 -0.045000
v -0.039999 -0.110000 -0.030000
v -0.039999 0.100000 -0.030000
v -0.069999 -0.110000 -0.030000
v -0.069999 0.100000 -0.030000
v -0.039999 -0.110000 0.000000
v -0.039999 0.100000 0.000000
v -0.069999 -0.110000 0.000000
v -0.069999 0.100000 0.000000
v -0.329999 0.020000 0.110000
v -0.329999 0.020000 -0.110000
v -0.229999 0.020000 0.110000
v -0.229999 0.040000 0.110000
v -0.229999 0.020000 -0.110000
v -0.229999 0.040000 -0.110000
v -0.419999 0.020000 0.030000
v -0.419999 0.040000 0.030000
v -0.439999 0.040000 -0.000000
v -0.439999 0.020000 -0.000000
v -0.329999 0.040000 0.110000
v -0.399353 0.040000 0.036090
v -0.374999 0.040000 0.053431
v -0.350645 0.040000 0.079385
v -0.329999 0.040000 -0.110000
v -0.419999 0.040000 -0.030000
v -0.350645 0.040000 -0.079385
v -0.374999 0.040000 -0.053432
v -0.399353 0.040000 -0.036090
v -0.350645 0.020000 0.079385
v -0.374999 0.020000 0.053431
v -0.399353 0.020000 0.036090
v -0.419999 0.020000 -0.030000
v -0.399353 0.020000 -0.036090
v -0.374999 0.020000 -0.053432
v -0.350645 0.020000 -0.079385
v -0.329999 -0.050000 0.110000
v -0.329999 -0.050000 -0.110000
v -0.229999 -0.050000 0.110000
v -0.229999 -0.030000 0.110000
v -0.229999 -0.050000 -0.110000
v -0.229999 -0.030000 -0.110000
v -0.419999 -0.050000 0.030000
v -0.419999 -0.030000 0.030000
v -0.439999 -0.030000 -0.000000
v -0.439999 -0.050000 -0.000000
v -0.329999 -0.030000 0.110000
v -0.399353 -0.030000 0.036090
v -0.374999 -0.030000 0.053431
v -0.350645 -0.030000 0.079385
v -0.329999 -0.030000 -0.110000
v -0.419999 -0.030000 -0.030000
v -0.350645 -0.030000 -0.079385
v -0.374999 -0.030000 -0.053432
v -0.399353 -0.030000 -0.036090
v -0.350645 -0.050000 0.079385
v -0.374999 -0.050000 0.053431
v -0.399353 -0.050000 0.036090
v -0.419999 -0.050000 -0.030000
v -0.399353 -0.050000 -0.036090
v -0.374999 -0.050000 -0.053432
v -0.350645 -0.050000 -0.079385
v -0.339971 0.040000 -0.144992
v -0.342610 0.040000 -0.175158
v -0.329813 0.040000 -0.202603
v -0.339971 0.070000 -0.144992
v -0.329813 0.070000 -0.202603
v -0.342610 0.070000 -0.175158
v -0.305007 0.040000 -0.219972
v -0.230027 0.040000 -0.185008
v -0.274841 0.040000 -0.222611
v -0.247396 0.040000 -0.209814
v -0.230027 0.070000 -0.185008
v -0.305007 0.070000 -0.219972
v -0.247396 0.070000 -0.209814
v -0.274841 0.070000 -0.222611
v -0.326029 0.040000 -0.110378
v -0.326029 0.070000 -0.110378
v -0.212382 0.040000 -0.138187
v -0.212382 0.070000 -0.138187
v -0.315938 0.040000 -0.074453
v -0.315938 0.070000 -0.074453
v -0.199939 0.040000 -0.089724
v -0.199939 0.070000 -0.089724
v -0.309818 0.040000 -0.037642
v -0.309818 0.070000 -0.037642
v -0.192846 0.040000 -0.040194
v -0.192846 0.070000 -0.040194
v -0.307742 0.040000 -0.000000
v -0.307742 0.070000 -0.000000
v -0.191187 0.040000 -0.000000
v -0.191187 0.070000 -0.000000
v -0.339971 0.040000 0.144992
v -0.342610 0.040000 0.175158
v -0.329813 0.040000 0.202603
v -0.339971 0.070000 0.144992
v -0.329813 0.070000 0.202603
v -0.342610 0.070000 0.175158
v -0.305007 0.040000 0.219972
v -0.230027 0.040000 0.185008
v -0.274841 0.040000 0.222611
v -0.247396 0.040000 0.209813
v -0.230027 0.070000 0.185008
v -0.305007 0.070000 0.219972
v -0.247396 0.070000 0.209813
v -0.274841 0.070000 0.222611
v -0.326029 0.040000 0.110378
v -0.326029 0.070000 0.110378
v -0.212382 0.040000 0.138187
v -0.212382 0.070000 0.138187
v -0.315938 0.040000 0.074452
v -0.315938 0.070000 0.074452
v -0.199939 0.040000 0.089724
v -0.199939 0.070000 0.089724
v -0.309818 0.040000 0.037642
v -0.309818 0.070000 0.037642
v -0.192846 0.040000 0.040194
v -0.192846 0.070000 0.040194
v -0.339971 -0.080000 -0.144992
v -0.342610 -0.080000 -0.175158
v -0.329813 -0.080000 -0.202603
v -0.339971 -0.050000 -0.144992
v -0.329813 -0.050000 -0.202603
v -0.342610 -0.050000 -0.175158
v -0.305007 -0.080000 -0.219972
v -0.230027 -0.080000 -0.185008
v -0.274841 -0.080000 -0.222611
v -0.247396 -0.080000 -0.209814
v -0.230027 -0.050000 -0.185008
v -0.305007 -0.050000 -0.219972
v -0.247396 -0.050000 -0.209814
v -0.274841 -0.050000 -0.222611
v -0.326029 -0.080000 -0.110378
v -0.326029 -0.050000 -0.110378
v -0.212382 -0.080000 -0.138187
v -0.212382 -0.050000 -0.138187
v -0.315938 -0.080000 -0.074453
v -0.315938 -0.050000 -0.074453
v -0.199939 -0.080000 -0.089724
v -0.199939 -0.050000 -0.089724
v -0.309818 -0.080000 -0.037642
v -0.309818 -0.050000 -0.037642
v -0.192846 -0.080000 -0.040194
v -0.192846 -0.050000 -0.040194
v -0.307742 -0.080000 -0.000000
v -0.307742 -0.050000 -0.000000
v -0.191187 -0.080000 -0.000000
v -0.191187 -0.050000 -0.000000
v -0.339971 -0.080000 0.144992
v -0.342610 -0.080000 0.175158
v -0.329813 -0.080000 0.202603
v -0.339971 -0.050000 0.144992
v -0.329813 -0.050000 0.202603
v -0.342610 -0.050000 0.175158
v -0.305007 -0.080000 0.219972
v -0.230027 -0.080000 0.185008
v -0.274841 -0.080000 0.222611
v -0.247396 -0.080000 0.209813
v -0.230027 -0.050000 0.185008
v -0.305007 -0.050000 0.219972
v -0.247396 -0.050000 0.209813
v -0.274841 -0.050000 0.222611
v -0.326029 -0.080000 0.110378
v -0.326029 -0.050000 0.110378
v -0.212382 -0.080000 0.138187
v -0.212382 -0.050000 0.138187
v -0.315938 -0.080000 0.074452
v -0.315938 -0.050000 0.074452
v -0.199939 -0.080000 0.089724
v -0.199939 -0.050000 0.089724
v -0.309818 -0.080000 0.037642
v -0.309818 -0.050000 0.037642
v -0.192846 -0.080000 0.040194
v -0.192846 -0.050000 0.040194
v -0.322439 0.070000 -0.165000
v -0.317423 0.070000 -0.183720
v -0.303719 0.070000 -0.197424
v -0.303719 0.070000 -0.132576
v -0.317423 0.070000 -0.146280
v -0.310326 0.089188 -0.165000
v -0.297662 0.089188 -0.186934
v -0.306933 0.089188 -0.177664
v -0.306933 0.089188 -0.152337
v -0.297662 0.089188 -0.143066
v -0.284999 0.070000 -0.202440
v -0.247559 0.070000 -0.165000
v -0.266279 0.070000 -0.197424
v -0.252575 0.070000 -0.183720
v -0.284999 0.070000 -0.127560
v -0.252575 0.070000 -0.146280
v -0.266279 0.070000 -0.132576
v -0.284999 0.089188 -0.190327
v -0.263065 0.089188 -0.177664
v -0.272335 0.089188 -0.186934
v -0.284999 0.089188 -0.139673
v -0.259672 0.089188 -0.165000
v -0.272335 0.089188 -0.143066
v -0.263065 0.089188 -0.152337
v -0.305965 0.089188 -0.165000
v -0.299824 0.089188 -0.179826
v -0.299824 0.089188 -0.150175
v -0.299824 0.109593 -0.179826
v -0.305965 0.109593 -0.165000
v -0.299824 0.109593 -0.150175
v -0.284999 0.089188 -0.185967
v -0.270173 0.089188 -0.179826
v -0.264032 0.089188 -0.165000
v -0.284999 0.089188 -0.144034
v -0.270173 0.089188 -0.150175
v -0.264032 0.109593 -0.165000
v -0.284999 0.109593 -0.185967
v -0.270173 0.109593 -0.179826
v -0.284999 0.109593 -0.144034
v -0.270173 0.109593 -0.150175
v -0.252575 0.077488 -0.183720
v -0.247559 0.077488 -0.165000
v -0.317423 0.077488 -0.146280
v -0.322439 0.077488 -0.165000
v -0.303719 0.077488 -0.197424
v -0.284999 0.077488 -0.202440
v -0.284999 0.077488 -0.127560
v -0.303719 0.077488 -0.132576
v -0.317423 0.077488 -0.183720
v -0.266279 0.077488 -0.197424
v -0.266279 0.077488 -0.132576
v -0.252575 0.077488 -0.146280
v -0.322439 0.070000 0.165000
v -0.317423 0.070000 0.146280
v -0.303719 0.070000 0.132576
v -0.303719 0.070000 0.197424
v -0.317423 0.070000 0.183720
v -0.310326 0.089188 0.165000
v -0.297662 0.089188 0.143066
v -0.306933 0.089188 0.152336
v -0.306933 0.089188 0.177663
v -0.297662 0.089188 0.186934
v -0.284999 0.070000 0.127560
v -0.247559 0.070000 0.165000
v -0.266279 0.070000 0.132576
v -0.252575 0.070000 0.146280
v -0.284999 0.070000 0.202440
v -0.252575 0.070000 0.183720
v -0.266279 0.070000 0.197424
v -0.284999 0.089188 0.139673
v -0.263065 0.089188 0.152336
v -0.272335 0.089188 0.143066
v -0.284999 0.089188 0.190327
v -0.259672 0.089188 0.165000
v -0.272335 0.089188 0.186934
v -0.263065 0.089188 0.177663
v -0.305965 0.089188 0.165000
v -0.299824 0.089188 0.150174
v -0.299824 0.089188 0.179825
v -0.299824 0.109593 0.150174
v -0.305965 0.109593 0.165000
v -0.299824 0.109593 0.179825
v -0.284999 0.089188 0.144033
v -0.270173 0.089188 0.150174
v -0.264032 0.089188 0.165000
v -0.284999 0.089188 0.185966
v -0.270173 0.089188 0.179825
v -0.264032 0.109593 0.165000
v -0.284999 0.109593 0.144033
v -0.270173 0.109593 0.150174
v -0.284999 0.109593 0.185966
v -0.270173 0.109593 0.179825
v -0.252575 0.077488 0.146280
v -0.247559 0.077488 0.165000
v -0.317423 0.077488 0.183720
v -0.322439 0.077488 0.165000
v -0.303719 0.077488 0.132576
v -0.284999 0.077488 0.127560
v -0.284999 0.077488 0.202440
v -0.303719 0.077488 0.197424
v -0.317423 0.077488 0.146280
v -0.266279 0.077488 0.132576
v -0.266279 0.077488 0.197424
v -0.252575 0.077488 0.183720
v -0.322439 -0.080000 0.165000
v -0.317423 -0.080000 0.183720
v -0.303719 -0.080000 0.197424
v -0.303719 -0.080000 0.132576
v -0.317423 -0.080000 0.146280
v -0.310326 -0.099188 0.165000
v -0.297662 -0.099188 0.186934
v -0.306933 -0.099188 0.177664
v -0.306933 -0.099188 0.152337
v -0.297662 -0.099188 0.143066
v -0.284999 -0.080000 0.202440
v -0.247559 -0.080000 0.165000
v -0.266279 -0.080000 0.197424
v -0.252575 -0.080000 0.183720
v -0.284999 -0.080000 0.127560
v -0.252575 -0.080000 0.146280
v -0.266279 -0.080000 0.132576
v -0.284999 -0.099188 0.190327
v -0.263065 -0.099188 0.177664
v -0.272335 -0.099188 0.186934
v -0.284999 -0.099188 0.139673
v -0.259672 -0.099188 0.165000
v -0.272335 -0.099188 0.143066
v -0.263065 -0.099188 0.152337
v -0.305965 -0.099188 0.165000
v -0.299824 -0.099188 0.179826
v -0.299824 -0.099188 0.150175
v -0.299824 -0.119593 0.179826
v -0.305965 -0.119593 0.165000
v -0.299824 -0.119593 0.150175
v -0.284999 -0.099188 0.185967
v -0.270173 -0.099188 0.179826
v -0.264032 -0.099188 0.165000
v -0.284999 -0.099188 0.144034
v -0.270173 -0.099188 0.150175
v -0.264032 -0.119593 0.165000
v -0.284999 -0.119593 0.185967
v -0.270173 -0.119593 0.179826
v -0.284999 -0.119593 0.144034
v -0.270173 -0.119593 0.150175
v -0.252575 -0.087488 0.183720
v -0.247559 -0.087488 0.165000
v -0.317423 -0.087488 0.146280
v -0.322439 -0.087488 0.165000
v -0.303719 -0.087488 0.197424
v -0.284999 -0.087488 0.202440
v -0.284999 -0.087488 0.127560
v -0.303719 -0.087488 0.132576
v -0.317423 -0.087488 0.183720
v -0.266279 -0.087488 0.197424
v -0.266279 -0.087488 0.132576
v -0.252575 -0.087488 0.146280
v -0.322439 -0.080000 -0.165000
v -0.317423 -0.080000 -0.146280
v -0.303719 -0.080000 -0.132576
v -0.303719 -0.080000 -0.197424
v -0.317423 -0.080000 -0.183720
v -0.310326 -0.099188 -0.165000
v -0.297662 -0.099188 -0.143066
v -0.306933 -0.099188 -0.152336
v -0.306933 -0.099188 -0.177663
v -0.297662 -0.099188 -0.186934
v -0.284999 -0.080000 -0.127560
v -0.247559 -0.080000 -0.165000
v -0.266279 -0.080000 -0.132576
v -0.252575 -0.080000 -0.146280
v -0.284999 -0.080000 -0.202440
v -0.252575 -0.080000 -0.183720
v -0.266279 -0.080000 -0.197424
v -0.284999 -0.099188 -0.139673
v -0.263065 -0.099188 -0.152336
v -0.272335 -0.099188 -0.143066
v -0.284999 -0.099188 -0.190327
v -0.259672 -0.099188 -0.165000
v -0.272335 -0.099188 -0.186934
v -0.263065 -0.099188 -0.177663
v -0.305965 -0.099188 -0.165000
v -0.299824 -0.099188 -0.150174
v -0.299824 -0.099188 -0.179825
v -0.299824 -0.119593 -0.150174
v -0.305965 -0.119593 -0.165000
v -0.299824 -0.119593 -0.179825
v -0.284999 -0.099188 -0.144033
v -0.270173 -0.099188 -0.150174
v -0.264032 -0.099188 -0.165000
v -0.284999 -0.099188 -0.185966
v -0.270173 -0.099188 -0.179825
v -0.264032 -0.119593 -0.165000
v -0.284999 -0.119593 -0.144033
v -0.270173 -0.119593 -0.150174
v -0.284999 -0.119593 -0.185966
v -0.270173 -0.119593 -0.179825
v -0.252575 -0.087488 -0.146280
v -0.247559 -0.087488 -0.165000
v -0.317423 -0.087488 -0.183720
v -0.322439 -0.087488 -0.165000
v -0.303719 -0.087488 -0.132576
v -0.284999 -0.087488 -0.127560
v -0.284999 -0.087488 -0.202440
v -0.303719 -0.087488 -0.197424
v -0.317423 -0.087488 -0.146280
v -0.266279 -0.087488 -0.132576
v -0.266279 -0.087488 -0.197424
v -0.252575 -0.087488 -0.183720
v -0.149999 0.016200 0.090000
v -0.164399 0.020058 0.090000
v -0.174940 0.030600 0.090000
v -0.125057 0.030600 0.090000
v -0.135599 0.020058 0.090000
v -0.149999 0.025517 0.104760
v -0.166871 0.035259 0.104760
v -0.159740 0.028128 0.104760
v -0.140258 0.028128 0.104760
v -0.133126 0.035259 0.104760
v -0.178799 0.045000 0.090000
v -0.149999 0.073800 0.090000
v -0.174940 0.059400 0.090000
v -0.164399 0.069942 0.090000
v -0.121199 0.045000 0.090000
v -0.135599 0.069942 0.090000
v -0.125057 0.059400 0.090000
v -0.169481 0.045000 0.104760
v -0.159740 0.061872 0.104760
v -0.166871 0.054741 0.104760
v -0.130516 0.045000 0.104760
v -0.149999 0.064482 0.104760
v -0.133126 0.054741 0.104760
v -0.140258 0.061872 0.104760
v -0.149999 0.028872 0.104760
v -0.161403 0.033596 0.104760
v -0.138595 0.033596 0.104760
v -0.161403 0.033596 0.120456
v -0.149999 0.028872 0.120456
v -0.138595 0.033596 0.120456
v -0.166127 0.045000 0.104760
v -0.161403 0.056404 0.104760
v -0.149999 0.061128 0.104760
v -0.133871 0.045000 0.104760
v -0.138595 0.056404 0.104760
v -0.149999 0.061128 0.120456
v -0.166127 0.045000 0.120456
v -0.161403 0.056404 0.120456
v -0.133871 0.045000 0.120456
v -0.138595 0.056404 0.120456
v -0.164399 0.069942 0.095760
v -0.149999 0.073800 0.095760
v -0.135599 0.020058 0.095760
v -0.149999 0.016200 0.095760
v -0.174940 0.030600 0.095760
v -0.178799 0.045000 0.095760
v -0.121199 0.045000 0.095760
v -0.125057 0.030600 0.095760
v -0.164399 0.020058 0.095760
v -0.174940 0.059400 0.095760
v -0.125057 0.059400 0.095760
v -0.135599 0.069942 0.095760
v -0.149999 0.016200 -0.090000
v -0.135599 0.020058 -0.090000
v -0.125057 0.030600 -0.090000
v -0.174940 0.030600 -0.090000
v -0.164398 0.020058 -0.090000
v -0.149998 0.025517 -0.104760
v -0.133126 0.035259 -0.104760
v -0.140257 0.028128 -0.104760
v -0.159740 0.028128 -0.104760
v -0.166871 0.035259 -0.104760
v -0.121199 0.045000 -0.090000
v -0.149999 0.073800 -0.090000
v -0.125057 0.059400 -0.090000
v -0.135599 0.069942 -0.090000
v -0.178798 0.045000 -0.090000
v -0.164398 0.069942 -0.090000
v -0.174940 0.059400 -0.090000
v -0.130516 0.045000 -0.104760
v -0.140257 0.061872 -0.104760
v -0.133126 0.054741 -0.104760
v -0.169481 0.045000 -0.104760
v -0.149999 0.064482 -0.104760
v -0.166871 0.054741 -0.104760
v -0.159740 0.061872 -0.104760
v -0.149999 0.028872 -0.104760
v -0.138594 0.033596 -0.104760
v -0.161403 0.033596 -0.104760
v -0.138594 0.033596 -0.120456
v -0.149999 0.028872 -0.120456
v -0.161403 0.033596 -0.120456
v -0.133871 0.045000 -0.104760
v -0.138594 0.056404 -0.104760
v -0.149999 0.061128 -0.104760
v -0.166127 0.045000 -0.104760
v -0.161403 0.056404 -0.104760
v -0.149999 0.061128 -0.120456
v -0.133871 0.045000 -0.120456
v -0.138594 0.056404 -0.120456
v -0.166127 0.045000 -0.120456
v -0.161403 0.056404 -0.120456
v -0.135599 0.069942 -0.095760
v -0.149999 0.073800 -0.095760
v -0.164398 0.020058 -0.095760
v -0.149998 0.016200 -0.095760
v -0.125057 0.030600 -0.095760
v -0.121199 0.045000 -0.095760
v -0.178798 0.045000 -0.095760
v -0.174940 0.030600 -0.095760
v -0.135599 0.020058 -0.095760
v -0.125057 0.059400 -0.095760
v -0.174940 0.059400 -0.095760
v -0.164398 0.069942 -0.095760
v -0.149999 -0.073800 0.090000
v -0.164399 -0.069942 0.090000
v -0.174940 -0.059400 0.090000
v -0.125057 -0.059400 0.090000
v -0.135599 -0.069942 0.090000
v -0.149999 -0.064483 0.104760
v -0.166871 -0.054741 0.104760
v -0.159740 -0.061872 0.104760
v -0.140258 -0.061872 0.104760
v -0.133126 -0.054741 0.104760
v -0.178799 -0.045000 0.090000
v -0.149999 -0.016200 0.090000
v -0.174940 -0.030600 0.090000
v -0.164399 -0.020058 0.090000
v -0.121199 -0.045000 0.090000
v -0.135599 -0.020058 0.090000
v -0.125057 -0.030600 0.090000
v -0.169481 -0.045000 0.104760
v -0.159740 -0.028128 0.104760
v -0.166871 -0.035259 0.104760
v -0.130516 -0.045000 0.104760
v -0.149999 -0.025518 0.104760
v -0.133126 -0.035259 0.104760
v -0.140258 -0.028128 0.104760
v -0.149999 -0.061128 0.104760
v -0.161403 -0.056404 0.104760
v -0.138595 -0.056404 0.104760
v -0.161403 -0.056404 0.120456
v -0.149999 -0.061128 0.120456
v -0.138595 -0.056404 0.120456
v -0.166127 -0.045000 0.104760
v -0.161403 -0.033596 0.104760
v -0.149999 -0.028872 0.104760
v -0.133871 -0.045000 0.104760
v -0.138595 -0.033596 0.104760
v -0.149999 -0.028872 0.120456
v -0.166127 -0.045000 0.120456
v -0.161403 -0.033596 0.120456
v -0.133871 -0.045000 0.120456
v -0.138595 -0.033596 0.120456
v -0.164399 -0.020058 0.095760
v -0.149999 -0.016200 0.095760
v -0.135599 -0.069942 0.095760
v -0.149999 -0.073800 0.095760
v -0.174940 -0.059400 0.095760
v -0.178799 -0.045000 0.095760
v -0.121199 -0.045000 0.095760
v -0.125057 -0.059400 0.095760
v -0.164399 -0.069942 0.095760
v -0.174940 -0.030600 0.095760
v -0.125057 -0.030600 0.095760
v -0.135599 -0.020058 0.095760
v -0.149999 -0.073800 -0.090000
v -0.135599 -0.069942 -0.090000
v -0.125057 -0.059400 -0.090000
v -0.174940 -0.059400 -0.090000
v -0.164398 -0.069942 -0.090000
v -0.149998 -0.064483 -0.104760
v -0.133126 -0.054741 -0.104760
v -0.140257 -0.061872 -0.104760
v -0.159740 -0.061872 -0.104760
v -0.166871 -0.054741 -0.104760
v -0.121199 -0.045000 -0.090000
v -0.149999 -0.016200 -0.090000
v -0.125057 -0.030600 -0.090000
v -0.135599 -0.020058 -0.090000
v -0.178798 -0.045000 -0.090000
v -0.164398 -0.020058 -0.090000
v -0.174940 -0.030600 -0.090000
v -0.130516 -0.045000 -0.104760
v -0.140257 -0.028128 -0.104760
v -0.133126 -0.035259 -0.104760
v -0.169481 -0.045000 -0.104760
v -0.149999 -0.025518 -0.104760
v -0.166871 -0.035259 -0.104760
v -0.159740 -0.028128 -0.104760
v -0.149999 -0.061128 -0.104760
v -0.138594 -0.056404 -0.104760
v -0.161403 -0.056404 -0.104760
v -0.138594 -0.056404 -0.120456
v -0.149999 -0.061128 -0.120456
v -0.161403 -0.056404 -0.120456
v -0.133871 -0.045000 -0.104760
v -0.138594 -0.033596 -0.104760
v -0.149999 -0.028872 -0.104760
v -0.166127 -0.045000 -0.104760
v -0.161403 -0.033596 -0.104760
v -0.149999 -0.028872 -0.120456
v -0.133871 -0.045000 -0.120456
v -0.138594 -0.033596 -0.120456
v -0.166127 -0.045000 -0.120456
v -0.161403 -0.033596 -0.120456
v -0.135599 -0.020058 -0.095760
v -0.149999 -0.016200 -0.095760
v -0.164398 -0.069942 -0.095760
v -0.149998 -0.073800 -0.095760
v -0.125057 -0.059400 -0.095760
v -0.121199 -0.045000 -0.095760
v -0.178798 -0.045000 -0.095760
v -0.174940 -0.059400 -0.095760
v -0.135599 -0.069942 -0.095760
v -0.125057 -0.030600 -0.095760
v -0.174940 -0.030600 -0.095760
v -0.164398 -0.020058 -0.095760
v -0.069999 0.016200 -0.000000
v -0.069999 0.020058 -0.014400
v -0.069999 0.030600 -0.024942
v -0.069999 0.030600 0.024941
v -0.069999 0.020058 0.014400
v -0.084759 0.025517 -0.000000
v -0.084759 0.035259 -0.016872
v -0.084759 0.028128 -0.009741
v -0.084759 0.028128 0.009741
v -0.084759 0.035259 0.016872
v -0.069999 0.045000 -0.028800
v -0.069999 0.073800 -0.000000
v -0.069999 0.059400 -0.024942
v -0.069999 0.069942 -0.014400
v -0.069999 0.045000 0.028800
v -0.069999 0.069942 0.014400
v -0.069999 0.059400 0.024941
v -0.084759 0.045000 -0.019483
v -0.084759 0.061872 -0.009741
v -0.084759 0.054741 -0.016872
v -0.084759 0.045000 0.019482
v -0.084759 0.064482 -0.000000
v -0.084759 0.054741 0.016872
v -0.084759 0.061872 0.009741
v -0.084759 0.028872 -0.000000
v -0.084759 0.033596 -0.011404
v -0.084759 0.033596 0.011404
v -0.100455 0.033596 -0.011404
v -0.100455 0.028872 -0.000000
v -0.100455 0.033596 0.011404
v -0.084759 0.045000 -0.016128
v -0.084759 0.056404 -0.011404
v -0.084759 0.061128 -0.000000
v -0.084759 0.045000 0.016128
v -0.084759 0.056404 0.011404
v -0.100455 0.061128 -0.000000
v -0.100455 0.045000 -0.016128
v -0.100455 0.056404 -0.011404
v -0.100455 0.045000 0.016128
v -0.100455 0.056404 0.011404
v -0.075759 0.069942 -0.014400
v -0.075759 0.073800 -0.000000
v -0.075759 0.020058 0.014400
v -0.075759 0.016200 -0.000000
v -0.075759 0.030600 -0.024942
v -0.075759 0.045000 -0.028800
v -0.075759 0.045000 0.028800
v -0.075759 0.030600 0.024941
v -0.075759 0.020058 -0.014400
v -0.075759 0.059400 -0.024942
v -0.075759 0.059400 0.024941
v -0.075759 0.069942 0.014400
v -0.069999 -0.073800 -0.000000
v -0.069999 -0.069942 -0.014400
v -0.069999 -0.059400 -0.024942
v -0.069999 -0.059400 0.024941
v -0.069999 -0.069942 0.014400
v -0.084759 -0.064483 -0.000000
v -0.084759 -0.054741 -0.016872
v -0.084759 -0.061872 -0.009741
v -0.084759 -0.061872 0.009741
v -0.084759 -0.054741 0.016872
v -0.069999 -0.045000 -0.028800
v -0.069999 -0.016200 -0.000000
v -0.069999 -0.030600 -0.024942
v -0.069999 -0.020058 -0.014400
v -0.069999 -0.045000 0.028800
v -0.069999 -0.020058 0.014400
v -0.069999 -0.030600 0.024941
v -0.084759 -0.045000 -0.019483
v -0.084759 -0.028128 -0.009741
v -0.084759 -0.035259 -0.016872
v -0.084759 -0.045000 0.019482
v -0.084759 -0.025518 -0.000000
v -0.084759 -0.035259 0.016872
v -0.084759 -0.028128 0.009741
v -0.084759 -0.061128 -0.000000
v -0.084759 -0.056404 -0.011404
v -0.084759 -0.056404 0.011404
v -0.100455 -0.056404 -0.011404
v -0.100455 -0.061128 -0.000000
v -0.100455 -0.056404 0.011404
v -0.084759 -0.045000 -0.016128
v -0.084759 -0.033596 -0.011404
v -0.084759 -0.028872 -0.000000
v -0.084759 -0.045000 0.016128
v -0.084759 -0.033596 0.011404
v -0.100455 -0.028872 -0.000000
v -0.100455 -0.045000 -0.016128
v -0.100455 -0.033596 -0.011404
v -0.100455 -0.045000 0.016128
v -0.100455 -0.033596 0.011404
v -0.075759 -0.020058 -0.014400
v -0.075759 -0.016200 -0.000000
v -0.075759 -0.069942 0.014400
v -0.075759 -0.073800 -0.000000
v -0.075759 -0.059400 -0.024942
v -0.075759 -0.045000 -0.028800
v -0.075759 -0.045000 0.028800
v -0.075759 -0.059400 0.024941
v -0.075759 -0.069942 -0.014400
v -0.075759 -0.030600 -0.024942
v -0.075759 -0.030600 0.024941
v -0.075759 -0.020058 0.014400
v 0.210001 -0.005000 0.080000
v 0.210001 -0.045000 0.069282
v 0.210001 -0.074282 0.040000
v 0.210001 0.064282 0.040000
v 0.210001 0.035000 0.069282
v 0.210001 -0.085000 -0.000000
v 0.210001 -0.005000 -0.080000
v 0.210001 -0.074282 -0.040000
v 0.210001 -0.045000 -0.069282
v 0.210001 0.075000 -0.000000
v 0.210001 0.035000 -0.069282
v 0.210001 0.064282 -0.040000
v 0.360001 -0.005000 0.037647
v 0.360001 -0.023824 0.032603
v 0.360001 -0.037603 0.018824
v 0.360001 0.027603 0.018824
v 0.360001 0.013824 0.032603
v 0.360001 -0.042647 -0.000000
v 0.360001 -0.005000 -0.037647
v 0.360001 -0.037603 -0.018824
v 0.360001 -0.023824 -0.032604
v 0.360001 0.032647 -0.000000
v 0.360001 0.013824 -0.032604
v 0.360001 0.027603 -0.018824
v 0.040001 -0.085000 -0.000000
v 0.040001 -0.074282 0.040000
v 0.040001 -0.045000 0.069282
v 0.040001 -0.005000 0.080000
v 0.040001 0.035000 0.069282
v 0.040001 0.064282 0.040000
v 0.040001 -0.045000 -0.069282
v 0.040001 -0.074282 -0.040000
v 0.040001 0.075000 -0.000000
v 0.040001 -0.005000 -0.080000
v 0.040001 0.064282 -0.040000
v 0.040001 0.035000 -0.069282
v 0.360001 -0.046569 -0.024000
v 0.360001 -0.053000 -0.000000
v 0.360001 -0.029000 -0.041569
v 0.360001 -0.005000 -0.048000
v 0.360001 0.043000 -0.000000
v 0.360001 0.036569 -0.024000
v 0.360001 0.019000 -0.041569
v 0.360001 -0.046569 0.024000
v 0.360001 -0.029000 0.041569
v 0.360001 -0.005000 0.048000
v 0.360001 0.019000 0.041569
v 0.360001 0.036569 0.024000
v 0.410001 -0.019672 -0.008471
v 0.410001 -0.021942 -0.000000
v 0.410001 -0.013471 -0.014672
v 0.410001 -0.005000 -0.016942
v 0.410001 0.011942 -0.000000
v 0.410001 0.009672 -0.008471
v 0.410001 0.003471 -0.014672
v 0.410001 -0.019672 0.008471
v 0.410001 -0.013471 0.014672
v 0.410001 -0.005000 0.016942
v 0.410001 0.003471 0.014672
v 0.410001 0.009672 0.008471
v 0.410001 -0.037603 -0.018824
v 0.410001 -0.042647 -0.000000
v 0.410001 -0.023824 -0.032604
v 0.410001 -0.005000 -0.037647
v 0.410001 0.032647 -0.000000
v 0.410001 0.027603 -0.018824
v 0.410001 0.013824 -0.032604
v 0.410001 -0.037603 0.018824
v 0.410001 -0.023824 0.032603
v 0.410001 -0.005000 0.037647
v 0.410001 0.013824 0.032603
v 0.410001 0.027603 0.018824
v 0.410001 -0.028638 -0.013647
v 0.410001 -0.032294 -0.000000
v 0.410001 -0.018647 -0.023638
v 0.410001 -0.005000 -0.027295
v 0.410001 0.022294 -0.000000
v 0.410001 0.018638 -0.013647
v 0.410001 0.008647 -0.023638
v 0.410001 -0.028638 0.013647
v 0.410001 -0.018647 0.023638
v 0.410001 -0.005000 0.027294
v 0.410001 0.008647 0.023638
v 0.410001 0.018638 0.013647
v 0.380001 -0.028638 -0.013647
v 0.380001 -0.032294 -0.000000
v 0.380001 -0.018647 -0.023638
v 0.380001 -0.005000 -0.027295
v 0.380001 0.022294 -0.000000
v 0.380001 0.018638 -0.013647
v 0.380001 0.008647 -0.023638
v 0.380001 -0.028638 0.013647
v 0.380001 -0.018647 0.023638
v 0.380001 -0.005000 0.027294
v 0.380001 0.008647 0.023638
v 0.380001 0.018638 0.013647
v 0.380001 -0.019672 -0.008471
v 0.380001 -0.021942 -0.000000
v 0.380001 -0.013471 -0.014672
v 0.380001 -0.005000 -0.016942
v 0.380001 0.011942 -0.000000
v 0.380001 0.009672 -0.008471
v 0.380001 0.003471 -0.014672
v 0.380001 -0.019672 0.008471
v 0.380001 -0.013471 0.014672
v 0.380001 -0.005000 0.016942
v 0.380001 0.003471 0.014672
v 0.380001 0.009672 0.008471
v 0.040001 -0.005000 0.112000
v 0.040001 -0.061000 0.096995
v 0.040001 -0.101995 0.056000
v 0.040001 0.091995 0.056000
v 0.040001 0.051000 0.096995
v 0.040001 -0.117000 -0.000000
v 0.040001 -0.005000 -0.112000
v 0.040001 -0.101995 -0.056000
v 0.040001 -0.061000 -0.096995
v 0.040001 0.107000 -0.000000
v 0.040001 0.051000 -0.096995
v 0.040001 0.091995 -0.056000
v -0.039999 -0.117000 -0.000000
v -0.039999 -0.101995 0.056000
v -0.039999 -0.061000 0.096995
v -0.039999 -0.005000 0.112000
v -0.039999 0.051000 0.096995
v -0.039999 0.091995 0.056000
v -0.039999 -0.061000 -0.096995
v -0.039999 -0.101995 -0.056000
v -0.039999 0.107000 -0.000000
v -0.039999 -0.005000 -0.112000
v -0.039999 0.091995 -0.056000
v -0.039999 0.051000 -0.096995
v 0.124999 0.035814 0.065252
v 0.116359 0.037451 0.063615
v 0.110035 0.041924 0.059142
v 0.139964 0.041924 0.059142
v 0.133639 0.037451 0.063615
v 0.124999 0.053101 0.074632
v 0.114876 0.057233 0.070499
v 0.119155 0.054208 0.073525
v 0.130844 0.054208 0.073525
v 0.135123 0.057233 0.070499
v 0.107719 0.048033 0.053033
v 0.124999 0.060252 0.040814
v 0.110035 0.054143 0.046924
v 0.116359 0.058615 0.042451
v 0.142279 0.048033 0.053033
v 0.133639 0.058615 0.042451
v 0.139964 0.054143 0.046924
v 0.113310 0.061366 0.066366
v 0.119155 0.068525 0.059208
v 0.114876 0.065499 0.062233
v 0.136689 0.061366 0.066366
v 0.124999 0.069632 0.058101
v 0.135123 0.065499 0.062233
v 0.130844 0.068525 0.059208
v 0.124999 0.054524 0.073209
v 0.118157 0.056528 0.071205
v 0.131842 0.056528 0.071205
v 0.118157 0.063187 0.077864
v 0.124999 0.061183 0.079868
v 0.131842 0.063187 0.077864
v 0.115323 0.061366 0.066366
v 0.118157 0.066205 0.061528
v 0.124999 0.068209 0.059524
v 0.134676 0.061366 0.066366
v 0.131842 0.066205 0.061528
v 0.124999 0.074868 0.066183
v 0.115323 0.068026 0.073025
v 0.118157 0.072864 0.068187
v 0.134676 0.068026 0.073025
v 0.131842 0.072864 0.068187
v 0.116359 0.068130 0.051966
v 0.124999 0.069767 0.050329
v 0.133639 0.046966 0.073130
v 0.124999 0.045329 0.074767
v 0.110035 0.051439 0.068657
v 0.107719 0.057548 0.062548
v 0.142279 0.057548 0.062548
v 0.139964 0.051439 0.068657
v 0.116359 0.046966 0.073130
v 0.110035 0.063657 0.056439
v 0.139964 0.063657 0.056439
v 0.133639 0.068130 0.051966
v 0.125001 -0.045814 -0.065252
v 0.116361 -0.047451 -0.063615
v 0.110036 -0.051924 -0.059143
v 0.139966 -0.051924 -0.059143
v 0.133641 -0.047451 -0.063615
v 0.125001 -0.063101 -0.074632
v 0.114877 -0.067233 -0.070499
v 0.119156 -0.064208 -0.073525
v 0.130845 -0.064208 -0.073525
v 0.135124 -0.067233 -0.070499
v 0.107721 -0.058033 -0.053033
v 0.125001 -0.070252 -0.040814
v 0.110036 -0.064143 -0.046924
v 0.116361 -0.068615 -0.042451
v 0.142281 -0.058033 -0.053033
v 0.133641 -0.068615 -0.042451
v 0.139966 -0.064143 -0.046924
v 0.113311 -0.071366 -0.066366
v 0.119156 -0.078525 -0.059208
v 0.114877 -0.075499 -0.062234
v 0.136690 -0.071366 -0.066366
v 0.125001 -0.079632 -0.058101
v 0.135124 -0.075499 -0.062234
v 0.130845 -0.078525 -0.059208
v 0.125001 -0.064524 -0.073209
v 0.118158 -0.066528 -0.071205
v 0.131843 -0.066528 -0.071205
v 0.118158 -0.073187 -0.077864
v 0.125001 -0.071183 -0.079868
v 0.131843 -0.073187 -0.077864
v 0.115324 -0.071366 -0.066366
v 0.118158 -0.076205 -0.061528
v 0.125001 -0.078209 -0.059524
v 0.134677 -0.071366 -0.066366
v 0.131843 -0.076205 -0.061528
v 0.125001 -0.084868 -0.066183
v 0.115324 -0.078025 -0.073026
v 0.118158 -0.082864 -0.068187
v 0.134677 -0.078025 -0.073026
v 0.131843 -0.082864 -0.068187
v 0.116361 -0.078130 -0.051966
v 0.125001 -0.079767 -0.050329
v 0.133641 -0.056966 -0.073130
v 0.125001 -0.055329 -0.074767
v 0.110036 -0.061439 -0.068657
v 0.107721 -0.067548 -0.062548
v 0.142281 -0.067548 -0.062548
v 0.139966 -0.061439 -0.068657
v 0.116361 -0.056966 -0.073130
v 0.110036 -0.073657 -0.056439
v 0.139966 -0.073657 -0.056439
v 0.133641 -0.078130 -0.051966
v 0.125001 0.060252 -0.040814
v 0.116361 0.058615 -0.042451
v 0.110036 0.054143 -0.046924
v 0.139966 0.054143 -0.046924
v 0.133641 0.058615 -0.042451
v 0.125001 0.069632 -0.058101
v 0.114877 0.065499 -0.062234
v 0.119156 0.068525 -0.059208
v 0.130845 0.068525 -0.059208
v 0.135124 0.065499 -0.062234
v 0.107721 0.048033 -0.053033
v 0.125001 0.035814 -0.065252
v 0.110036 0.041924 -0.059143
v 0.116361 0.037451 -0.063615
v 0.142281 0.048033 -0.053033
v 0.133641 0.037451 -0.063615
v 0.139966 0.041924 -0.059143
v 0.113311 0.061366 -0.066366
v 0.119156 0.054208 -0.073525
v 0.114877 0.057233 -0.070499
v 0.136690 0.061366 -0.066366
v 0.125001 0.053101 -0.074632
v 0.135124 0.057233 -0.070499
v 0.130845 0.054208 -0.073525
v 0.125001 0.068209 -0.059524
v 0.118158 0.066205 -0.061528
v 0.131843 0.066205 -0.061528
v 0.118158 0.072864 -0.068187
v 0.125001 0.074868 -0.066183
v 0.131843 0.072864 -0.068187
v 0.115324 0.061366 -0.066366
v 0.118158 0.056528 -0.071205
v 0.125001 0.054524 -0.073209
v 0.134677 0.061366 -0.066366
v 0.131843 0.056528 -0.071205
v 0.125001 0.061183 -0.079868
v 0.115324 0.068026 -0.073026
v 0.118158 0.063187 -0.077864
v 0.134677 0.068026 -0.073026
v 0.131843 0.063187 -0.077864
v 0.116361 0.046966 -0.073130
v 0.125001 0.045329 -0.074767
v 0.133641 0.068130 -0.051966
v 0.125001 0.069767 -0.050329
v 0.110036 0.063657 -0.056439
v 0.107721 0.057548 -0.062548
v 0.142281 0.057548 -0.062548
v 0.139966 0.063657 -0.056439
v 0.116361 0.068130 -0.051966
v 0.110036 0.051439 -0.068657
v 0.139966 0.051439 -0.068657
v 0.133641 0.046966 -0.073130
v 0.125002 -0.070252 0.040814
v 0.116362 -0.068615 0.042451
v 0.110037 -0.064143 0.046924
v 0.139967 -0.064143 0.046924
v 0.133642 -0.068615 0.042451
v 0.125002 -0.079632 0.058101
v 0.114878 -0.075499 0.062233
v 0.119157 -0.078525 0.059208
v 0.130847 -0.078525 0.059208
v 0.135125 -0.075499 0.062233
v 0.107722 -0.058033 0.053033
v 0.125002 -0.045814 0.065252
v 0.110037 -0.051924 0.059142
v 0.116362 -0.047451 0.063615
v 0.142282 -0.058033 0.053033
v 0.133642 -0.047451 0.063615
v 0.139967 -0.051924 0.059142
v 0.113312 -0.071366 0.066366
v 0.119157 -0.064208 0.073525
v 0.114878 -0.067233 0.070499
v 0.136691 -0.071366 0.066366
v 0.125002 -0.063101 0.074632
v 0.135125 -0.067233 0.070499
v 0.130847 -0.064208 0.073525
v 0.125002 -0.078209 0.059524
v 0.118159 -0.076205 0.061528
v 0.131844 -0.076205 0.061528
v 0.118159 -0.082864 0.068187
v 0.125002 -0.084868 0.066183
v 0.131844 -0.082864 0.068187
v 0.115325 -0.071366 0.066366
v 0.118159 -0.066528 0.071205
v 0.125002 -0.064524 0.073209
v 0.134679 -0.071366 0.066366
v 0.131844 -0.066528 0.071205
v 0.125002 -0.071183 0.079868
v 0.115325 -0.078026 0.073025
v 0.118159 -0.073187 0.077864
v 0.134679 -0.078026 0.073025
v 0.131844 -0.073187 0.077864
v 0.116362 -0.056966 0.073130
v 0.125002 -0.055329 0.074767
v 0.133642 -0.078130 0.051966
v 0.125002 -0.079767 0.050329
v 0.110037 -0.073657 0.056438
v 0.107722 -0.067548 0.062548
v 0.142282 -0.067548 0.062548
v 0.139967 -0.073657 0.056438
v 0.116362 -0.078130 0.051966
v 0.110037 -0.061439 0.068657
v 0.139967 -0.061439 0.068657
v 0.133642 -0.056966 0.073130
v -0.013883 0.220858 -0.039480
v -0.013883 0.249142 -0.039480
v 0.014401 0.220858 -0.039480
v 0.014401 0.249142 -0.039480
v -0.013883 0.214193 -0.068350
v -0.013883 0.239614 -0.080750
v 0.014401 0.214193 -0.068350
v 0.014401 0.239614 -0.080750
v -0.013883 0.195546 -0.091377
v -0.013883 0.212960 -0.113665
v 0.014401 0.195546 -0.091377
v 0.014401 0.212960 -0.113665
v -0.013883 0.168693 -0.103899
v -0.013883 0.174573 -0.131565
v 0.014401 0.168693 -0.103899
v 0.014401 0.174573 -0.131565
v -0.013883 0.139068 -0.103382
v -0.013883 0.132225 -0.130826
v 0.014401 0.139068 -0.103382
v 0.014401 0.132225 -0.130826
v -0.013883 0.112667 -0.089930
v -0.013883 0.094487 -0.111597
v 0.014401 0.094487 -0.111597
v 0.014401 0.112667 -0.089930
v -0.013883 0.080667 -0.057930
v -0.013883 0.062487 -0.079597
v 0.014401 0.080667 -0.057930
v 0.014401 0.062487 -0.079597
v 0.014401 0.220858 0.040520
v 0.014401 0.249142 0.040520
v -0.013883 0.220858 0.040520
v -0.013883 0.249142 0.040520
v 0.014401 0.214193 0.069390
v 0.014401 0.239614 0.081789
v -0.013883 0.214193 0.069390
v -0.013883 0.239614 0.081789
v 0.014401 0.195546 0.092416
v 0.014401 0.212960 0.114705
v -0.013883 0.195546 0.092416
v -0.013883 0.212960 0.114705
v 0.014401 0.168693 0.104938
v 0.014401 0.174573 0.132605
v -0.013883 0.168693 0.104938
v -0.013883 0.174573 0.132605
v 0.014401 0.139068 0.104421
v 0.014401 0.132225 0.131865
v -0.013883 0.139068 0.104421
v -0.013883 0.132225 0.131865
v 0.014401 0.112667 0.090970
v 0.014401 0.094487 0.112637
v -0.013883 0.094487 0.112637
v -0.013883 0.112667 0.090970
v 0.014401 0.080667 0.058970
v 0.014401 0.062487 0.080637
v -0.013883 0.080667 0.058970
v -0.013883 0.062487 0.080637
v 0.232258 0.129626 -0.011855
v 0.232258 0.154374 -0.011855
v 0.232258 0.129626 0.011894
v 0.232258 0.154374 0.011894
v 0.218242 0.126838 -0.011855
v 0.208771 0.149703 -0.011855
v 0.218242 0.126838 0.011894
v 0.208771 0.149703 0.011894
v 0.206360 0.118898 -0.011855
v 0.188860 0.136398 -0.011855
v 0.206360 0.118898 0.011894
v 0.188860 0.136398 0.011894
v 0.198420 0.107016 -0.011855
v 0.175556 0.116487 -0.011855
v 0.198420 0.107016 0.011894
v 0.175556 0.116487 0.011894
v 0.195633 0.093000 -0.011855
v 0.170884 0.093000 -0.011855
v 0.195633 0.093000 0.011894
v 0.170884 0.093000 0.011894
v 0.195633 0.065000 -0.011855
v 0.170884 0.065000 -0.011855
v 0.195633 0.065000 0.011894
v 0.170884 0.065000 0.011894
v 0.347090 0.136626 -0.011855
v 0.340090 0.129626 -0.011855
v 0.340090 0.154374 -0.011855
v 0.347090 0.147374 -0.011855
v 0.340090 0.129626 0.011894
v 0.347090 0.136626 0.011894
v 0.347090 0.147374 0.011894
v 0.340090 0.154374 0.011894
v 0.232258 0.124626 0.004894
v 0.232258 0.129626 0.004894
v 0.275090 0.114626 0.004894
v 0.277090 0.129626 0.004894
v 0.232258 0.124626 -0.005106
v 0.232258 0.129626 -0.005106
v 0.275090 0.114626 -0.005106
v 0.277090 0.129626 -0.005106
vn -0.5547 0.8321 -0.0000
vn -0.0000 -0.0000 -1.0000
vn -0.1305 -0.0000 -0.9914
vn -0.0000 -1.0000 -0.0000
vn 0.1305 -0.0000 0.9914
vn -0.0000 -0.0000 1.0000
vn -0.0000 1.0000 -0.0000
vn -1.0000 -0.0000 -0.0000
vn -0.5547 -0.8321 -0.0000
vn 0.5000 -0.0000 0.8660
vn 0.8660 -0.0000 0.5000
vn -0.5000 -0.0000 -0.8660
vn -0.8660 -0.0000 -0.5000
vn -0.9914 -0.0000 -0.1305
vn 0.9914 -0.0000 0.1305
vn 1.0000 -0.0000 -0.0000
vn -0.1305 -0.0000 0.9914
vn 0.1305 -0.0000 -0.9914
vn 0.5000 -0.0000 -0.8660
vn 0.8660 -0.0000 -0.5000
vn -0.5000 -0.0000 0.8660
vn -0.8660 -0.0000 0.5000
vn -0.9914 -0.0000 0.1305
vn 0.9914 -0.0000 -0.1305
vn -0.8321 -0.0000 -0.5547
vn -0.8321 -0.0000 0.5547
vn -0.2829 -0.0000 -0.9591
vn -0.4375 -0.0000 -0.8992
vn -0.6579 -0.0000 -0.7531
vn -0.7817 -0.0000 -0.6237
vn -0.8291 -0.0000 -0.5591
vn -0.2829 -0.0000 0.9591
vn -0.4375 -0.0000 0.8992
vn -0.6579 -0.0000 0.7531
vn -0.7817 -0.0000 0.6237
vn -0.8291 -0.0000 0.5591
vn -0.3420 -0.0000 -0.9397
vn -0.7660 -0.0000 -0.6428
vn -0.9848 -0.0000 -0.1736
vn -0.9725 -0.0000 0.2329
vn 0.8844 -0.0000 -0.4668
vn 0.6428 -0.0000 -0.7660
vn 0.1736 -0.0000 -0.9848
vn 0.9536 -0.0000 -0.3011
vn -0.9466 -0.0000 0.3225
vn -0.9761 -0.0000 0.2175
vn 0.9807 -0.0000 -0.1955
vn 0.9958 -0.0000 -0.0916
vn -0.9940 -0.0000 0.1097
vn -0.3420 -0.0000 0.9397
vn -0.7660 -0.0000 0.6428
vn -0.9848 -0.0000 0.1736
vn -0.9725 -0.0000 -0.2329
vn 0.8844 -0.0000 0.4668
vn 0.6428 -0.0000 0.7660
vn 0.1736 -0.0000 0.9848
vn 0.9536 -0.0000 0.3011
vn -0.9466 -0.0000 -0.3225
vn -0.9761 -0.0000 -0.2175
vn 0.9807 -0.0000 0.1955
vn 0.9958 -0.0000 0.0916
vn -0.9940 -0.0000 -0.1097
vn -0.3827 -0.0000 -0.9239
vn -0.9239 -0.0000 -0.3827
vn -0.3827 -0.0000 0.9239
vn -0.9239 -0.0000 0.3827
vn 0.3827 -0.0000 -0.9239
vn 0.9239 -0.0000 -0.3827
vn 0.3827 -0.0000 0.9239
vn 0.9239 -0.0000 0.3827
vn 0.6017 0.7193 -0.3474
vn 0.6947 0.7193 -0.0000
vn -0.6017 0.7193 0.3474
vn -0.6947 0.7193 -0.0000
vn -0.3474 0.7193 -0.6017
vn -0.0000 0.7193 -0.6947
vn -0.0000 0.7193 0.6947
vn -0.3474 0.7193 0.6017
vn -0.6017 0.7193 -0.3474
vn 0.3474 0.7193 -0.6017
vn 0.3474 0.7193 0.6017
vn 0.6017 0.7193 0.3474
vn 0.6017 -0.7193 0.3474
vn 0.6947 -0.7193 -0.0000
vn -0.6017 -0.7193 -0.3474
vn -0.6947 -0.7193 -0.0000
vn -0.3474 -0.7193 0.6017
vn -0.0000 -0.7193 0.6947
vn -0.0000 -0.7193 -0.6947
vn -0.3474 -0.7193 -0.6017
vn -0.6017 -0.7193 0.3474
vn 0.3474 -0.7193 0.6017
vn 0.3474 -0.7193 -0.6017
vn 0.6017 -0.7193 -0.3474
vn -0.8660 -0.5000 -0.0000
vn -0.5000 -0.8660 -0.0000
vn 0.8660 -0.5000 -0.0000
vn 0.5000 -0.8660 -0.0000
vn -0.8660 0.5000 -0.0000
vn -0.5000 0.8660 -0.0000
vn 0.8660 0.5000 -0.0000
vn 0.5000 0.8660 -0.0000
vn -0.9239 -0.3827 -0.0000
vn -0.3827 -0.9239 -0.0000
vn 0.9239 -0.3827 -0.0000
vn 0.3827 -0.9239 -0.0000
vn -0.9239 0.3827 -0.0000
vn -0.3827 0.9239 -0.0000
vn 0.9239 0.3827 -0.0000
vn 0.3827 0.9239 -0.0000
vn -0.3474 0.6017 0.7193
vn -0.0000 0.6947 0.7193
vn 0.3474 -0.6017 0.7193
vn -0.0000 -0.6947 0.7193
vn -0.6017 -0.3474 0.7193
vn -0.6947 -0.0000 0.7193
vn 0.6947 -0.0000 0.7193
vn 0.6017 -0.3474 0.7193
vn -0.3474 -0.6017 0.7193
vn -0.6017 0.3474 0.7193
vn 0.6017 0.3474 0.7193
vn 0.3474 0.6017 0.7193
vn 0.3474 0.6017 -0.7193
vn -0.0000 0.6947 -0.7193
vn -0.3474 -0.6017 -0.7193
vn -0.0000 -0.6947 -0.7193
vn 0.6017 -0.3474 -0.7193
vn 0.6947 -0.0000 -0.7193
vn -0.6947 -0.0000 -0.7193
vn -0.6017 -0.3474 -0.7193
vn 0.3474 -0.6017 -0.7193
vn 0.6017 0.3474 -0.7193
vn -0.6017 0.3474 -0.7193
vn -0.3474 0.6017 -0.7193
vn -0.0000 -0.5000 -0.8660
vn -0.0000 -0.8660 -0.5000
vn -0.0000 -0.5000 0.8660
vn -0.0000 -0.8660 0.5000
vn -0.0000 0.5000 -0.8660
vn -0.0000 0.8660 -0.5000
vn -0.0000 0.5000 0.8660
vn -0.0000 0.8660 0.5000
vn -0.0000 -0.3827 -0.9239
vn -0.0000 -0.9239 -0.3827
vn -0.0000 -0.3827 0.9239
vn -0.0000 -0.9239 0.3827
vn -0.0000 0.3827 -0.9239
vn -0.0000 0.9239 -0.3827
vn -0.0000 0.3827 0.9239
vn -0.0000 0.9239 0.3827
vn -0.7193 0.6017 -0.3474
vn -0.7193 0.6947 -0.0000
vn -0.7193 -0.6017 0.3474
vn -0.7193 -0.6947 -0.0000
vn -0.7193 -0.3474 -0.6017
vn -0.7193 -0.0000 -0.6947
vn -0.7193 -0.0000 0.6947
vn -0.7193 -0.3474 0.6017
vn -0.7193 -0.6017 -0.3474
vn -0.7193 0.3474 -0.6017
vn -0.7193 0.3474 0.6017
vn -0.7193 0.6017 0.3474
vn 0.2086 -0.9780 -0.0000
vn 0.2086 -0.8470 -0.4890
vn 0.2086 -0.4890 -0.8470
vn 0.2086 -0.0000 -0.9780
vn 0.2086 0.9780 -0.0000
vn 0.2086 0.8470 -0.4890
vn 0.2086 0.4890 -0.8470
vn 0.2086 -0.8470 0.4890
vn 0.2086 -0.4890 0.8470
vn 0.2086 -0.0000 0.9780
vn 0.2086 0.8470 0.4890
vn 0.2086 0.4890 0.8470
vn -0.0000 0.7071 0.7071
vn -0.8660 -0.3536 0.3536
vn -0.5000 -0.6124 0.6124
vn -0.0000 -0.7071 0.7071
vn 0.8660 -0.3536 0.3536
vn 0.5000 -0.6124 0.6124
vn -0.8660 0.3536 -0.3536
vn -0.5000 0.6124 -0.6124
vn -0.0000 0.7071 -0.7071
vn 0.8660 0.3536 -0.3536
vn 0.5000 0.6124 -0.6124
vn -0.9239 -0.2706 0.2706
vn -0.3827 -0.6533 0.6533
vn 0.9239 -0.2706 0.2706
vn 0.3827 -0.6533 0.6533
vn -0.9239 0.2706 -0.2706
vn -0.3827 0.6533 -0.6533
vn 0.9239 0.2706 -0.2706
vn 0.3827 0.6533 -0.6533
vn -0.3474 0.9340 0.0831
vn -0.0000 0.9998 0.0173
vn 0.3474 0.0831 0.9340
vn -0.0000 0.0173 0.9998
vn -0.6017 0.2630 0.7542
vn -0.6947 0.5086 0.5086
vn 0.6947 0.5086 0.5086
vn 0.6017 0.2630 0.7542
vn -0.3474 0.0831 0.9340
vn -0.6017 0.7542 0.2630
vn 0.6017 0.7542 0.2630
vn 0.3474 0.9340 0.0831
vn -0.0000 -0.7071 -0.7071
vn -0.3474 -0.9340 -0.0831
vn -0.0000 -0.9998 -0.0173
vn 0.3474 -0.0831 -0.9340
vn -0.0000 -0.0173 -0.9998
vn -0.6017 -0.2630 -0.7542
vn -0.6947 -0.5086 -0.5086
vn 0.6947 -0.5086 -0.5086
vn 0.6017 -0.2630 -0.7542
vn -0.3474 -0.0831 -0.9340
vn -0.6017 -0.7542 -0.2630
vn 0.6017 -0.7542 -0.2630
vn 0.3474 -0.9340 -0.0831
vn -0.8660 0.3536 0.3536
vn -0.5000 0.6124 0.6124
vn 0.8660 0.3536 0.3536
vn 0.5000 0.6124 0.6124
vn -0.8660 -0.3536 -0.3536
vn -0.5000 -0.6124 -0.6124
vn 0.8660 -0.3536 -0.3536
vn 0.5000 -0.6124 -0.6124
vn -0.9239 0.2706 0.2706
vn -0.3827 0.6533 0.6533
vn 0.9239 0.2706 0.2706
vn 0.3827 0.6533 0.6533
vn -0.9239 -0.2706 -0.2706
vn -0.3827 -0.6533 -0.6533
vn 0.9239 -0.2706 -0.2706
vn 0.3827 -0.6533 -0.6533
vn -0.3474 0.0831 -0.9340
vn -0.0000 0.0173 -0.9998
vn 0.3474 0.9340 -0.0831
vn -0.0000 0.9998 -0.0173
vn -0.6017 0.7542 -0.2630
vn -0.6947 0.5086 -0.5086
vn 0.6947 0.5086 -0.5086
vn 0.6017 0.7542 -0.2630
vn -0.3474 0.9340 -0.0831
vn -0.6017 0.2630 -0.7542
vn 0.6017 0.2630 -0.7542
vn 0.3474 0.0831 -0.9340
vn -0.3474 -0.0831 0.9340
vn -0.0000 -0.0173 0.9998
vn 0.3474 -0.9340 0.0831
vn -0.0000 -0.9998 0.0173
vn -0.6017 -0.7542 0.2630
vn -0.6947 -0.5086 0.5086
vn 0.6947 -0.5086 0.5086
vn 0.6017 -0.7542 0.2630
vn -0.3474 -0.9340 0.0831
vn -0.6017 -0.2630 0.7542
vn 0.6017 -0.2630 0.7542
vn 0.3474 -0.0831 0.9340
vn -0.0000 0.9936 -0.1132
vn -0.0000 0.8988 -0.4384
vn -0.0000 0.9936 0.1132
vn -0.0000 0.6157 -0.7880
vn -0.0000 -0.8988 0.4384
vn -0.0000 -0.6157 0.7880
vn -0.0000 0.2079 -0.9781
vn -0.0000 -0.2079 0.9781
vn -0.0000 -0.2419 -0.9703
vn -0.0000 0.2419 0.9703
vn -0.0000 0.5878 0.8090
vn -0.0000 -0.5878 -0.8090
vn -0.0000 -0.9936 -0.1132
vn -0.0000 -0.8988 -0.4384
vn -0.0000 0.8988 0.4384
vn -0.0000 0.6157 0.7880
vn -0.0000 -0.6157 -0.7880
vn -0.0000 0.2079 0.9781
vn -0.0000 -0.2079 -0.9781
vn -0.0000 -0.2419 0.9703
vn -0.0000 0.2419 -0.9703
vn -0.0000 0.5878 -0.8090
vn -0.0000 -0.5878 0.8090
vn -0.0000 -0.9936 0.1132
vn -0.0980 0.9952 -0.0000
vn 0.0980 -0.9952 -0.0000
vn 0.7071 -0.7071 -0.0000
vn -0.7071 0.7071 -0.0000
vn 0.9952 -0.0980 -0.0000
vn -0.9952 0.0980 -0.0000
vn 0.7071 0.7071 -0.0000
vn -0.2274 -0.9738 -0.0000
vn 0.9912 -0.1322 -0.0000
vt 0.254927 0.914627
vt 0.076866 0.771140
vt 0.188090 0.914597
vt 0.154842 0.771140
vt 0.243787 0.914627
vt 0.154694 0.566061
vt 0.199229 0.914597
vt 0.076717 0.566061
vt 0.254927 0.977721
vt 0.076866 0.834263
vt 0.188090 0.977721
vt 0.154842 0.834263
vt 0.243787 0.977721
vt 0.154694 0.629185
vt 0.199229 0.977721
vt 0.076717 0.629185
vt 0.266066 0.901402
vt 0.254927 0.901239
vt 0.084292 0.760000
vt 0.188090 0.901209
vt 0.266066 0.964526
vt 0.147416 0.760000
vt 0.254927 0.901402
vt 0.243787 0.901239
vt 0.147267 0.554922
vt 0.199229 0.901209
vt 0.254927 0.964526
vt 0.084144 0.554922
vt 0.076866 0.845796
vt 0.251942 0.988860
vt 0.154842 0.845796
vt 0.191075 0.988860
vt 0.242295 0.983291
vt 0.154694 0.634951
vt 0.200722 0.983291
vt 0.076717 0.634951
vt 0.243787 0.997015
vt 0.076866 0.857328
vt 0.199229 0.997015
vt 0.154842 0.857328
vt 0.238218 0.987368
vt 0.154694 0.640718
vt 0.204799 0.987368
vt 0.076717 0.640718
vt 0.076866 0.868861
vt 0.232648 1.000000
vt 0.210369 1.000000
vt 0.154842 0.868861
vt 0.154694 0.646484
vt 0.232648 0.988860
vt 0.210369 0.988860
vt 0.076717 0.646484
vt 0.188090 0.914627
vt 0.076866 0.988860
vt 0.254927 0.914597
vt 0.154842 0.988860
vt 0.199229 0.914627
vt 0.154694 0.749185
vt 0.243787 0.914597
vt 0.076717 0.749185
vt 0.188090 0.977721
vt 0.076866 0.925737
vt 0.254927 0.977721
vt 0.154842 0.925737
vt 0.199229 0.977721
vt 0.154694 0.686061
vt 0.243787 0.977721
vt 0.076717 0.686061
vt 0.266066 0.901402
vt 0.188090 0.901239
vt 0.084292 1.000000
vt 0.254927 0.901209
vt 0.266066 0.964526
vt 0.147416 1.000000
vt 0.254927 0.901402
vt 0.199229 0.901239
vt 0.147267 0.760324
vt 0.243787 0.901209
vt 0.254927 0.964526
vt 0.084144 0.760325
vt 0.076866 0.914204
vt 0.191075 0.988860
vt 0.154842 0.914204
vt 0.251942 0.988860
vt 0.200722 0.983291
vt 0.154694 0.680295
vt 0.242295 0.983291
vt 0.076717 0.680295
vt 0.199229 0.997015
vt 0.076866 0.902672
vt 0.243787 0.997015
vt 0.154842 0.902672
vt 0.204799 0.987368
vt 0.154694 0.674529
vt 0.238218 0.987368
vt 0.076717 0.674529
vt 0.076866 0.891139
vt 0.210369 1.000000
vt 0.232648 1.000000
vt 0.154842 0.891139
vt 0.154694 0.668763
vt 0.210369 0.988860
vt 0.232648 0.988860
vt 0.076717 0.668763
vt 0.076866 0.880000
vt 0.221508 1.000000
vt 0.221508 1.000000
vt 0.154842 0.880000
vt 0.154694 0.657623
vt 0.221508 0.988860
vt 0.221508 0.988860
vt 0.076717 0.657623
vt 0.166144 0.403206
vt 0.008324 0.334468
vt 0.166144 0.311637
vt 0.008324 0.509282
vt 0.008324 0.376091
vt 0.207766 0.403206
vt 0.000000 0.376091
vt 0.207766 0.403206
vt 0.008324 0.467659
vt 0.207766 0.311637
vt 0.000000 0.467659
vt 0.207766 0.311637
vt 0.128684 0.369909
vt 0.008324 0.282882
vt 0.128684 0.369909
vt 0.000000 0.282882
vt 0.000000 0.575875
vt 0.000000 0.267875
vt 0.120359 0.357422
vt 0.008324 0.575875
vt 0.008324 0.267875
vt 0.120359 0.357422
vt 0.166144 0.403206
vt 0.000000 0.334468
vt 0.137277 0.372443
vt 0.000000 0.291841
vt 0.147414 0.379661
vt 0.000000 0.304285
vt 0.157550 0.390464
vt 0.000000 0.319099
vt 0.166144 0.311637
vt 0.000000 0.509282
vt 0.128684 0.344935
vt 0.000000 0.560868
vt 0.157550 0.324380
vt 0.000000 0.524651
vt 0.147414 0.335183
vt 0.000000 0.539465
vt 0.137277 0.342401
vt 0.000000 0.551908
vt 0.157550 0.390464
vt 0.008324 0.319099
vt 0.147414 0.379661
vt 0.008324 0.304285
vt 0.137277 0.372443
vt 0.008324 0.291841
vt 0.128684 0.344935
vt 0.008324 0.560868
vt 0.137277 0.342401
vt 0.008324 0.551908
vt 0.147414 0.335183
vt 0.008324 0.539465
vt 0.157550 0.324380
vt 0.008324 0.524651
vt 0.166144 0.403206
vt 0.000000 0.509282
vt 0.166144 0.311638
vt 0.000000 0.334468
vt 0.000000 0.467659
vt 0.207766 0.403206
vt 0.008324 0.467659
vt 0.207766 0.311638
vt 0.000000 0.376091
vt 0.207766 0.311638
vt 0.008324 0.376091
vt 0.207766 0.403206
vt 0.128684 0.369909
vt 0.000000 0.560868
vt 0.128684 0.344935
vt 0.008324 0.560868
vt 0.008324 0.267875
vt 0.008324 0.575875
vt 0.120359 0.357422
vt 0.000000 0.267875
vt 0.000000 0.575875
vt 0.120359 0.357422
vt 0.166144 0.311638
vt 0.008324 0.509282
vt 0.137277 0.342401
vt 0.008324 0.551908
vt 0.147414 0.335183
vt 0.008324 0.539465
vt 0.157550 0.324380
vt 0.008324 0.524651
vt 0.166144 0.403206
vt 0.008324 0.334468
vt 0.128684 0.369909
vt 0.008324 0.282882
vt 0.157550 0.390464
vt 0.008324 0.319099
vt 0.147414 0.379661
vt 0.008324 0.304285
vt 0.137277 0.372443
vt 0.008324 0.291841
vt 0.157550 0.390464
vt 0.000000 0.524651
vt 0.147414 0.379661
vt 0.000000 0.539465
vt 0.137277 0.372443
vt 0.000000 0.551908
vt 0.128684 0.344935
vt 0.000000 0.282882
vt 0.137277 0.342401
vt 0.000000 0.291842
vt 0.147414 0.335183
vt 0.000000 0.304285
vt 0.157550 0.324380
vt 0.000000 0.319099
vt 0.072666 0.859067
vt 0.011501 0.857372
vt 0.011501 0.868981
vt 0.073678 0.847502
vt 0.011501 0.880591
vt 0.068772 0.836980
vt 0.000000 0.857372
vt 0.072666 0.970242
vt 0.068772 0.992329
vt 0.000000 0.880591
vt 0.073678 0.981807
vt 0.000000 0.868981
vt 0.011501 0.892201
vt 0.059262 0.830321
vt 0.011502 0.927029
vt 0.030515 0.843726
vt 0.011501 0.903810
vt 0.047696 0.829309
vt 0.011502 0.915420
vt 0.037174 0.834216
vt 0.000000 0.927029
vt 0.030515 0.985584
vt 0.059262 0.998988
vt 0.000000 0.892201
vt 0.037174 0.995094
vt 0.000000 0.915420
vt 0.047696 1.000000
vt 0.000000 0.903810
vt 0.067321 0.872338
vt 0.011501 0.843066
vt 0.000000 0.843066
vt 0.067321 0.956972
vt 0.023751 0.861676
vt 0.011502 0.946212
vt 0.023751 0.967633
vt 0.000000 0.946212
vt 0.063452 0.886111
vt 0.011501 0.828759
vt 0.063452 0.943199
vt 0.000000 0.828759
vt 0.011502 0.965394
vt 0.018980 0.880256
vt 0.018980 0.949053
vt 0.000000 0.965394
vt 0.061106 0.900223
vt 0.011501 0.814453
vt 0.000000 0.814453
vt 0.061106 0.929086
vt 0.016261 0.899245
vt 0.011502 0.984577
vt 0.016261 0.930064
vt 0.000000 0.984577
vt 0.060310 0.914655
vt 0.011501 0.800000
vt 0.000000 0.800000
vt 0.060310 0.914655
vt 0.011502 1.000000
vt 0.015625 0.914655
vt 0.011501 0.600000
vt 0.000000 1.000000
vt 0.015625 0.914655
vt 0.000000 0.600000
vt 0.072666 0.970242
vt 0.011501 0.742628
vt 0.011501 0.731018
vt 0.073678 0.981807
vt 0.011501 0.719409
vt 0.068772 0.992329
vt 0.000000 0.742628
vt 0.072666 0.859067
vt 0.068772 0.836980
vt 0.000000 0.719409
vt 0.073678 0.847502
vt 0.000000 0.731018
vt 0.011501 0.707799
vt 0.059262 0.998988
vt 0.011501 0.672971
vt 0.030515 0.985584
vt 0.011501 0.696190
vt 0.047696 1.000000
vt 0.011501 0.684580
vt 0.037174 0.995094
vt 0.000000 0.672971
vt 0.030515 0.843726
vt 0.059262 0.830321
vt 0.000000 0.707799
vt 0.037174 0.834216
vt 0.000000 0.684580
vt 0.047696 0.829309
vt 0.000000 0.696190
vt 0.067321 0.956972
vt 0.011501 0.756934
vt 0.000000 0.756934
vt 0.067321 0.872338
vt 0.023751 0.967633
vt 0.011502 0.653788
vt 0.023751 0.861676
vt 0.000000 0.653788
vt 0.063452 0.943199
vt 0.011501 0.771240
vt 0.063452 0.886111
vt 0.000000 0.771240
vt 0.011502 0.634605
vt 0.018980 0.949053
vt 0.018980 0.880256
vt 0.000000 0.634605
vt 0.061106 0.929086
vt 0.011501 0.785547
vt 0.000000 0.785547
vt 0.061106 0.900223
vt 0.016261 0.930064
vt 0.011502 0.615423
vt 0.016261 0.899245
vt 0.000000 0.615423
vt 0.072666 0.859067
vt 0.011501 0.857372
vt 0.011501 0.868982
vt 0.073678 0.847502
vt 0.011501 0.880591
vt 0.068772 0.836980
vt 0.000000 0.857372
vt 0.072666 0.970242
vt 0.068772 0.992329
vt 0.000000 0.880591
vt 0.073678 0.981807
vt 0.000000 0.868981
vt 0.011501 0.892201
vt 0.059262 0.830321
vt 0.011502 0.927029
vt 0.030515 0.843726
vt 0.011501 0.903810
vt 0.047696 0.829309
vt 0.011502 0.915420
vt 0.037174 0.834216
vt 0.000000 0.927029
vt 0.030515 0.985584
vt 0.059262 0.998988
vt 0.000000 0.892201
vt 0.037174 0.995094
vt 0.000000 0.915420
vt 0.047696 1.000000
vt 0.000000 0.903810
vt 0.067321 0.872338
vt 0.011501 0.843066
vt 0.000000 0.843066
vt 0.067321 0.956972
vt 0.023751 0.861676
vt 0.011502 0.946212
vt 0.023751 0.967633
vt 0.000000 0.946212
vt 0.063452 0.886111
vt 0.011501 0.828759
vt 0.063452 0.943199
vt 0.000000 0.828759
vt 0.011502 0.965394
vt 0.018980 0.880256
vt 0.018980 0.949053
vt 0.000000 0.965394
vt 0.061106 0.900223
vt 0.011501 0.814453
vt 0.000000 0.814453
vt 0.061106 0.929086
vt 0.016261 0.899245
vt 0.011502 0.984577
vt 0.016261 0.930064
vt 0.000000 0.984577
vt 0.060310 0.914655
vt 0.011501 0.800000
vt 0.000000 0.800000
vt 0.060310 0.914655
vt 0.011502 1.000000
vt 0.015625 0.914655
vt 0.011501 0.600000
vt 0.000000 1.000000
vt 0.015625 0.914655
vt 0.000000 0.600000
vt 0.072666 0.970242
vt 0.011501 0.742628
vt 0.011501 0.731018
vt 0.073678 0.981807
vt 0.011501 0.719409
vt 0.068772 0.992329
vt 0.000000 0.742628
vt 0.072666 0.859067
vt 0.068772 0.836980
vt 0.000000 0.719409
vt 0.073678 0.847502
vt 0.000000 0.731018
vt 0.011501 0.707799
vt 0.059262 0.998988
vt 0.011501 0.672971
vt 0.030515 0.985584
vt 0.011501 0.696190
vt 0.047696 1.000000
vt 0.011501 0.684580
vt 0.037174 0.995094
vt 0.000000 0.672971
vt 0.030515 0.843726
vt 0.059262 0.830321
vt 0.000000 0.707799
vt 0.037174 0.834216
vt 0.000000 0.684580
vt 0.047696 0.829309
vt 0.000000 0.696190
vt 0.067321 0.956972
vt 0.011501 0.756934
vt 0.000000 0.756934
vt 0.067321 0.872338
vt 0.023751 0.967633
vt 0.011501 0.653788
vt 0.023751 0.861676
vt 0.000000 0.653788
vt 0.063452 0.943198
vt 0.011501 0.771240
vt 0.063452 0.886111
vt 0.000000 0.771240
vt 0.011502 0.634605
vt 0.018980 0.949053
vt 0.018980 0.880256
vt 0.000000 0.634605
vt 0.061106 0.929086
vt 0.011501 0.785547
vt 0.000000 0.785547
vt 0.061106 0.900223
vt 0.016261 0.930064
vt 0.011502 0.615423
vt 0.016261 0.899245
vt 0.000000 0.615423
vt 0.140306 0.060000
vt 0.140306 0.066667
vt 0.140306 0.073333
vt 0.140306 0.046667
vt 0.140306 0.053333
vt 0.119314 0.124649
vt 0.131303 0.111682
vt 0.110898 0.122394
vt 0.137257 0.105876
vt 0.115408 0.122394
vt 0.135054 0.109584
vt 0.121569 0.128555
vt 0.127020 0.111607
vt 0.121569 0.133065
vt 0.123369 0.109375
vt 0.140306 0.080000
vt 0.140306 0.000000
vt 0.140306 0.020000
vt 0.140306 0.006667
vt 0.140306 0.013333
vt 0.140306 0.040000
vt 0.140306 0.026667
vt 0.140306 0.033333
vt 0.106993 0.124649
vt 0.137319 0.101553
vt 0.104738 0.133065
vt 0.131527 0.095546
vt 0.104738 0.128555
vt 0.135221 0.097773
vt 0.119314 0.136970
vt 0.121351 0.105575
vt 0.106993 0.136970
vt 0.127253 0.095448
vt 0.115408 0.139225
vt 0.121369 0.101240
vt 0.110898 0.139225
vt 0.123531 0.097537
vt 0.146959 0.033120
vt 0.146959 0.038640
vt 0.146959 0.027600
vt 0.138631 0.123187
vt 0.153978 0.038640
vt 0.138631 0.128708
vt 0.153978 0.033120
vt 0.134727 0.132611
vt 0.153978 0.027600
vt 0.146959 0.044160
vt 0.146959 0.000000
vt 0.146959 0.005520
vt 0.146959 0.011040
vt 0.146959 0.022080
vt 0.146959 0.016560
vt 0.125304 0.123188
vt 0.153978 0.011040
vt 0.134727 0.119284
vt 0.153978 0.044160
vt 0.153978 0.000000
vt 0.129207 0.119284
vt 0.153978 0.005520
vt 0.129207 0.132611
vt 0.153978 0.022080
vt 0.125304 0.128708
vt 0.153978 0.016560
vt 0.142882 0.013333
vt 0.132967 0.089771
vt 0.142882 0.020000
vt 0.125592 0.089761
vt 0.142882 0.053333
vt 0.125580 0.117363
vt 0.142882 0.060000
vt 0.132960 0.117389
vt 0.142882 0.073333
vt 0.143053 0.107292
vt 0.142882 0.080000
vt 0.142882 0.000000
vt 0.143053 0.099890
vt 0.142882 0.040000
vt 0.115606 0.107201
vt 0.142882 0.046667
vt 0.119222 0.113624
vt 0.142882 0.066667
vt 0.139359 0.113699
vt 0.142882 0.006667
vt 0.139360 0.093477
vt 0.142882 0.033333
vt 0.115598 0.099858
vt 0.142882 0.026667
vt 0.119231 0.093467
vt 0.140306 0.060000
vt 0.140306 0.066667
vt 0.140306 0.073333
vt 0.140306 0.046667
vt 0.140306 0.053333
vt 0.119314 0.124649
vt 0.131303 0.111682
vt 0.110898 0.122394
vt 0.137257 0.105876
vt 0.115408 0.122394
vt 0.135054 0.109584
vt 0.121569 0.128555
vt 0.127020 0.111607
vt 0.121569 0.133065
vt 0.123369 0.109375
vt 0.140306 0.080000
vt 0.140306 0.000000
vt 0.140306 0.020000
vt 0.140306 0.006667
vt 0.140306 0.013333
vt 0.140306 0.040000
vt 0.140306 0.026667
vt 0.140306 0.033333
vt 0.106993 0.124649
vt 0.137319 0.101553
vt 0.104738 0.133065
vt 0.131527 0.095546
vt 0.104738 0.128555
vt 0.135221 0.097773
vt 0.119314 0.136970
vt 0.121351 0.105575
vt 0.106993 0.136970
vt 0.127253 0.095448
vt 0.115408 0.139225
vt 0.121369 0.101240
vt 0.110898 0.139225
vt 0.123531 0.097537
vt 0.146959 0.033120
vt 0.146959 0.038640
vt 0.146959 0.027600
vt 0.138631 0.123187
vt 0.153978 0.038640
vt 0.138631 0.128708
vt 0.153978 0.033120
vt 0.134727 0.132611
vt 0.153978 0.027600
vt 0.146959 0.044160
vt 0.146959 0.000000
vt 0.146959 0.005520
vt 0.146959 0.011040
vt 0.146959 0.022080
vt 0.146959 0.016560
vt 0.125304 0.123188
vt 0.153978 0.011040
vt 0.134727 0.119284
vt 0.153978 0.044160
vt 0.153978 0.000000
vt 0.129207 0.119284
vt 0.153978 0.005520
vt 0.129207 0.132611
vt 0.153978 0.022080
vt 0.125304 0.128708
vt 0.153978 0.016560
vt 0.142882 0.013333
vt 0.132967 0.089771
vt 0.142882 0.020000
vt 0.125592 0.089761
vt 0.142882 0.053333
vt 0.125580 0.117363
vt 0.142882 0.060000
vt 0.132960 0.117389
vt 0.142882 0.073333
vt 0.143053 0.107292
vt 0.142882 0.080000
vt 0.142882 0.000000
vt 0.143053 0.099890
vt 0.142882 0.040000
vt 0.115606 0.107201
vt 0.142882 0.046667
vt 0.119222 0.113624
vt 0.142882 0.066667
vt 0.139359 0.113699
vt 0.142882 0.006667
vt 0.139360 0.093477
vt 0.142882 0.033333
vt 0.115598 0.099858
vt 0.142882 0.026667
vt 0.119231 0.093467
vt 0.140306 0.060000
vt 0.140306 0.066667
vt 0.140306 0.073333
vt 0.140306 0.046667
vt 0.140306 0.053333
vt 0.119314 0.124649
vt 0.131303 0.111682
vt 0.110898 0.122394
vt 0.137257 0.105876
vt 0.115408 0.122394
vt 0.135054 0.109584
vt 0.121569 0.128555
vt 0.127020 0.111607
vt 0.121569 0.133065
vt 0.123369 0.109375
vt 0.140306 0.080000
vt 0.140306 0.000000
vt 0.140306 0.020000
vt 0.140306 0.006667
vt 0.140306 0.013333
vt 0.140306 0.040000
vt 0.140306 0.026667
vt 0.140306 0.033333
vt 0.106993 0.124649
vt 0.137319 0.101553
vt 0.104738 0.133065
vt 0.131527 0.095546
vt 0.104738 0.128555
vt 0.135221 0.097773
vt 0.119314 0.136970
vt 0.121351 0.105575
vt 0.106993 0.136970
vt 0.127253 0.095448
vt 0.115408 0.139225
vt 0.121369 0.101240
vt 0.110898 0.139225
vt 0.123531 0.097537
vt 0.146959 0.033120
vt 0.146959 0.038640
vt 0.146959 0.027600
vt 0.138631 0.123187
vt 0.153978 0.038640
vt 0.138631 0.128708
vt 0.153978 0.033120
vt 0.134727 0.132611
vt 0.153978 0.027600
vt 0.146959 0.044160
vt 0.146959 0.000000
vt 0.146959 0.005520
vt 0.146959 0.011040
vt 0.146959 0.022080
vt 0.146959 0.016560
vt 0.125304 0.123188
vt 0.153978 0.011040
vt 0.134727 0.119284
vt 0.153978 0.044160
vt 0.153978 0.000000
vt 0.129207 0.119284
vt 0.153978 0.005520
vt 0.129207 0.132611
vt 0.153978 0.022080
vt 0.125304 0.128708
vt 0.153978 0.016560
vt 0.142882 0.013333
vt 0.132967 0.089771
vt 0.142882 0.020000
vt 0.125592 0.089761
vt 0.142882 0.053333
vt 0.125580 0.117363
vt 0.142882 0.060000
vt 0.132960 0.117389
vt 0.142882 0.073333
vt 0.143053 0.107292
vt 0.142882 0.080000
vt 0.142882 0.000000
vt 0.143053 0.099890
vt 0.142882 0.040000
vt 0.115606 0.107201
vt 0.142882 0.046667
vt 0.119222 0.113624
vt 0.142882 0.066667
vt 0.139359 0.113699
vt 0.142882 0.006667
vt 0.139360 0.093477
vt 0.142882 0.033333
vt 0.115598 0.099858
vt 0.142882 0.026667
vt 0.119231 0.093467
vt 0.140306 0.060000
vt 0.140306 0.066667
vt 0.140306 0.073333
vt 0.140306 0.046667
vt 0.140306 0.053333
vt 0.119314 0.124649
vt 0.131303 0.111682
vt 0.110898 0.122394
vt 0.137257 0.105876
vt 0.115408 0.122394
vt 0.135054 0.109584
vt 0.121569 0.128555
vt 0.127020 0.111607
vt 0.121569 0.133065
vt 0.123369 0.109375
vt 0.140306 0.080000
vt 0.140306 0.000000
vt 0.140306 0.020000
vt 0.140306 0.006667
vt 0.140306 0.013333
vt 0.140306 0.040000
vt 0.140306 0.026667
vt 0.140306 0.033333
vt 0.106993 0.124649
vt 0.137319 0.101553
vt 0.104738 0.133065
vt 0.131527 0.095546
vt 0.104738 0.128555
vt 0.135221 0.097773
vt 0.119314 0.136970
vt 0.121351 0.105575
vt 0.106993 0.136970
vt 0.127253 0.095448
vt 0.115408 0.139225
vt 0.121369 0.101240
vt 0.110898 0.139225
vt 0.123531 0.097537
vt 0.146959 0.033120
vt 0.146959 0.038640
vt 0.146959 0.027600
vt 0.138631 0.123187
vt 0.153978 0.038640
vt 0.138631 0.128708
vt 0.153978 0.033120
vt 0.134727 0.132611
vt 0.153978 0.027600
vt 0.146959 0.044160
vt 0.146959 0.000000
vt 0.146959 0.005520
vt 0.146959 0.011040
vt 0.146959 0.022080
vt 0.146959 0.016560
vt 0.125304 0.123188
vt 0.153978 0.011040
vt 0.134727 0.119284
vt 0.153978 0.044160
vt 0.153978 0.000000
vt 0.129207 0.119284
vt 0.153978 0.005520
vt 0.129207 0.132611
vt 0.153978 0.022080
vt 0.125304 0.128708
vt 0.153978 0.016560
vt 0.142882 0.013333
vt 0.132967 0.089771
vt 0.142882 0.020000
vt 0.125592 0.089761
vt 0.142882 0.053333
vt 0.125580 0.117363
vt 0.142882 0.060000
vt 0.132960 0.117389
vt 0.142882 0.073333
vt 0.143053 0.107292
vt 0.142882 0.080000
vt 0.142882 0.000000
vt 0.143053 0.099890
vt 0.142882 0.040000
vt 0.115606 0.107201
vt 0.142882 0.046667
vt 0.119222 0.113624
vt 0.142882 0.066667
vt 0.139359 0.113699
vt 0.142882 0.006667
vt 0.139360 0.093477
vt 0.142882 0.033333
vt 0.115598 0.099858
vt 0.142882 0.026667
vt 0.119231 0.093467
vt 0.140306 0.060000
vt 0.140306 0.066667
vt 0.140306 0.073333
vt 0.140306 0.046667
vt 0.140306 0.053333
vt 0.106993 0.136970
vt 0.131303 0.111682
vt 0.115408 0.139225
vt 0.137257 0.105876
vt 0.110898 0.139225
vt 0.135054 0.109584
vt 0.104738 0.133065
vt 0.127020 0.111607
vt 0.104738 0.128555
vt 0.123369 0.109375
vt 0.140306 0.080000
vt 0.140306 0.000000
vt 0.140306 0.020000
vt 0.140306 0.006667
vt 0.140306 0.013333
vt 0.140306 0.040000
vt 0.140306 0.026667
vt 0.140306 0.033333
vt 0.119314 0.136970
vt 0.137319 0.101553
vt 0.121569 0.128555
vt 0.131527 0.095546
vt 0.121569 0.133065
vt 0.135221 0.097773
vt 0.106993 0.124649
vt 0.121351 0.105575
vt 0.119314 0.124649
vt 0.127253 0.095448
vt 0.110898 0.122394
vt 0.121369 0.101240
vt 0.115408 0.122394
vt 0.123531 0.097537
vt 0.146959 0.033120
vt 0.146959 0.038640
vt 0.146959 0.027600
vt 0.138631 0.123187
vt 0.153978 0.038640
vt 0.138631 0.128708
vt 0.153978 0.033120
vt 0.134727 0.132611
vt 0.153978 0.027600
vt 0.146959 0.044160
vt 0.146959 0.000000
vt 0.146959 0.005520
vt 0.146959 0.011040
vt 0.146959 0.022080
vt 0.146959 0.016560
vt 0.125304 0.123188
vt 0.153978 0.011040
vt 0.134727 0.119284
vt 0.153978 0.044160
vt 0.153978 0.000000
vt 0.129207 0.119284
vt 0.153978 0.005520
vt 0.129207 0.132611
vt 0.153978 0.022080
vt 0.125304 0.128708
vt 0.153978 0.016560
vt 0.142882 0.013333
vt 0.132967 0.089771
vt 0.142882 0.020000
vt 0.125592 0.089761
vt 0.142882 0.053333
vt 0.125580 0.117363
vt 0.142882 0.060000
vt 0.132960 0.117389
vt 0.142882 0.073333
vt 0.143053 0.107292
vt 0.142882 0.080000
vt 0.142882 0.000000
vt 0.143053 0.099890
vt 0.142882 0.040000
vt 0.115606 0.107201
vt 0.142882 0.046667
vt 0.119222 0.113624
vt 0.142882 0.066667
vt 0.139359 0.113699
vt 0.142882 0.006667
vt 0.139360 0.093477
vt 0.142882 0.033333
vt 0.115598 0.099858
vt 0.142882 0.026667
vt 0.119231 0.093467
vt 0.140285 0.060000
vt 0.140285 0.066667
vt 0.140285 0.073333
vt 0.140285 0.046667
vt 0.140285 0.053333
vt 0.106971 0.137000
vt 0.127028 0.111663
vt 0.115386 0.139255
vt 0.135039 0.109584
vt 0.110877 0.139255
vt 0.131300 0.111707
vt 0.104716 0.133095
vt 0.123377 0.109452
vt 0.104716 0.128585
vt 0.121332 0.105671
vt 0.140285 0.080000
vt 0.140285 0.000000
vt 0.140285 0.020000
vt 0.140285 0.006667
vt 0.140285 0.013333
vt 0.140285 0.040000
vt 0.140285 0.026667
vt 0.140285 0.033333
vt 0.119292 0.137000
vt 0.137228 0.105856
vt 0.121547 0.128585
vt 0.135207 0.097752
vt 0.121547 0.133095
vt 0.137296 0.101528
vt 0.106971 0.124679
vt 0.121396 0.101332
vt 0.119292 0.124679
vt 0.131524 0.095538
vt 0.110877 0.122424
vt 0.123530 0.097596
vt 0.115386 0.122424
vt 0.127245 0.095481
vt 0.146938 0.033120
vt 0.146938 0.038640
vt 0.146938 0.027600
vt 0.134706 0.132611
vt 0.153957 0.038640
vt 0.129186 0.132611
vt 0.153957 0.033120
vt 0.125282 0.128708
vt 0.153957 0.027600
vt 0.146938 0.044160
vt 0.146938 0.000000
vt 0.146938 0.005520
vt 0.146938 0.011040
vt 0.146938 0.022080
vt 0.146938 0.016560
vt 0.134706 0.119284
vt 0.153957 0.011040
vt 0.138609 0.128708
vt 0.153957 0.044160
vt 0.153957 0.000000
vt 0.138609 0.123188
vt 0.153957 0.005520
vt 0.125282 0.123188
vt 0.153957 0.022080
vt 0.129186 0.119284
vt 0.153957 0.016560
vt 0.142861 0.013333
vt 0.139336 0.093452
vt 0.142861 0.020000
vt 0.132928 0.089761
vt 0.142861 0.053333
vt 0.119249 0.113719
vt 0.142861 0.060000
vt 0.125625 0.117419
vt 0.142861 0.073333
vt 0.139362 0.113678
vt 0.142861 0.080000
vt 0.142861 0.000000
vt 0.143031 0.107267
vt 0.142861 0.040000
vt 0.115600 0.099941
vt 0.142861 0.046667
vt 0.115598 0.107308
vt 0.142861 0.066667
vt 0.132991 0.117397
vt 0.142861 0.006667
vt 0.143031 0.099866
vt 0.142861 0.033333
vt 0.119206 0.093547
vt 0.142861 0.026667
vt 0.125547 0.089799
vt 0.140306 0.060000
vt 0.140306 0.066667
vt 0.140306 0.073333
vt 0.140306 0.046667
vt 0.140306 0.053333
vt 0.106993 0.136970
vt 0.131303 0.111682
vt 0.115408 0.139225
vt 0.137257 0.105876
vt 0.110898 0.139225
vt 0.135054 0.109584
vt 0.104738 0.133065
vt 0.127020 0.111607
vt 0.104738 0.128555
vt 0.123369 0.109375
vt 0.140306 0.080000
vt 0.140306 0.000000
vt 0.140306 0.020000
vt 0.140306 0.006667
vt 0.140306 0.013333
vt 0.140306 0.040000
vt 0.140306 0.026667
vt 0.140306 0.033333
vt 0.119314 0.136970
vt 0.137319 0.101553
vt 0.121569 0.128555
vt 0.131527 0.095546
vt 0.121569 0.133065
vt 0.135221 0.097773
vt 0.106993 0.124649
vt 0.121351 0.105575
vt 0.119314 0.124649
vt 0.127253 0.095448
vt 0.110898 0.122394
vt 0.121369 0.101240
vt 0.115408 0.122394
vt 0.123531 0.097537
vt 0.146959 0.033120
vt 0.146959 0.038640
vt 0.146959 0.027600
vt 0.138631 0.123187
vt 0.153978 0.038640
vt 0.138631 0.128708
vt 0.153978 0.033120
vt 0.134727 0.132611
vt 0.153978 0.027600
vt 0.146959 0.044160
vt 0.146959 0.000000
vt 0.146959 0.005520
vt 0.146959 0.011040
vt 0.146959 0.022080
vt 0.146959 0.016560
vt 0.125304 0.123188
vt 0.153978 0.011040
vt 0.134727 0.119284
vt 0.153978 0.044160
vt 0.153978 0.000000
vt 0.129207 0.119284
vt 0.153978 0.005520
vt 0.129207 0.132611
vt 0.153978 0.022080
vt 0.125304 0.128708
vt 0.153978 0.016560
vt 0.142882 0.013333
vt 0.132967 0.089771
vt 0.142882 0.020000
vt 0.125592 0.089761
vt 0.142882 0.053333
vt 0.125580 0.117363
vt 0.142882 0.060000
vt 0.132960 0.117389
vt 0.142882 0.073333
vt 0.143053 0.107292
vt 0.142882 0.080000
vt 0.142882 0.000000
vt 0.143053 0.099890
vt 0.142882 0.040000
vt 0.115606 0.107201
vt 0.142882 0.046667
vt 0.119222 0.113624
vt 0.142882 0.066667
vt 0.139359 0.113699
vt 0.142882 0.006667
vt 0.139360 0.093477
vt 0.142882 0.033333
vt 0.115598 0.099858
vt 0.142882 0.026667
vt 0.119231 0.093467
vt 0.140285 0.060000
vt 0.140285 0.066667
vt 0.140285 0.073333
vt 0.140285 0.046667
vt 0.140285 0.053333
vt 0.106971 0.137000
vt 0.127028 0.111663
vt 0.115386 0.139255
vt 0.135039 0.109584
vt 0.110877 0.139255
vt 0.131300 0.111707
vt 0.104716 0.133095
vt 0.123377 0.109452
vt 0.104716 0.128585
vt 0.121332 0.105671
vt 0.140285 0.080000
vt 0.140285 0.000000
vt 0.140285 0.020000
vt 0.140285 0.006667
vt 0.140285 0.013333
vt 0.140285 0.040000
vt 0.140285 0.026667
vt 0.140285 0.033333
vt 0.119292 0.137000
vt 0.137228 0.105856
vt 0.121547 0.128585
vt 0.135207 0.097752
vt 0.121547 0.133095
vt 0.137296 0.101528
vt 0.106971 0.124679
vt 0.121396 0.101332
vt 0.119292 0.124679
vt 0.131524 0.095538
vt 0.110877 0.122424
vt 0.123530 0.097596
vt 0.115386 0.122424
vt 0.127245 0.095481
vt 0.146938 0.033120
vt 0.146938 0.038640
vt 0.146938 0.027600
vt 0.134706 0.132611
vt 0.153957 0.038640
vt 0.129186 0.132611
vt 0.153957 0.033120
vt 0.125282 0.128708
vt 0.153957 0.027600
vt 0.146938 0.044160
vt 0.146938 0.000000
vt 0.146938 0.005520
vt 0.146938 0.011040
vt 0.146938 0.022080
vt 0.146938 0.016560
vt 0.134706 0.119284
vt 0.153957 0.011040
vt 0.138609 0.128708
vt 0.153957 0.044160
vt 0.153957 0.000000
vt 0.138609 0.123188
vt 0.153957 0.005520
vt 0.125282 0.123188
vt 0.153957 0.022080
vt 0.129186 0.119284
vt 0.153957 0.016560
vt 0.142861 0.013333
vt 0.139336 0.093452
vt 0.142861 0.020000
vt 0.132928 0.089761
vt 0.142861 0.053333
vt 0.119249 0.113719
vt 0.142861 0.060000
vt 0.125625 0.117419
vt 0.142861 0.073333
vt 0.139362 0.113678
vt 0.142861 0.080000
vt 0.142861 0.000000
vt 0.143031 0.107267
vt 0.142861 0.040000
vt 0.115600 0.099941
vt 0.142861 0.046667
vt 0.115598 0.107308
vt 0.142861 0.066667
vt 0.132991 0.117397
vt 0.142861 0.006667
vt 0.143031 0.099866
vt 0.142861 0.033333
vt 0.119206 0.093547
vt 0.142861 0.026667
vt 0.125547 0.089799
vt 0.140306 0.060000
vt 0.140306 0.066667
vt 0.140306 0.073333
vt 0.140306 0.046667
vt 0.140306 0.053333
vt 0.119314 0.124649
vt 0.131303 0.111682
vt 0.110898 0.122394
vt 0.137257 0.105876
vt 0.115408 0.122394
vt 0.135054 0.109584
vt 0.121569 0.128555
vt 0.127020 0.111607
vt 0.121569 0.133065
vt 0.123369 0.109375
vt 0.140306 0.080000
vt 0.140306 0.000000
vt 0.140306 0.020000
vt 0.140306 0.006667
vt 0.140306 0.013333
vt 0.140306 0.040000
vt 0.140306 0.026667
vt 0.140306 0.033333
vt 0.106993 0.124649
vt 0.137319 0.101553
vt 0.104738 0.133065
vt 0.131527 0.095546
vt 0.104738 0.128555
vt 0.135221 0.097773
vt 0.119314 0.136970
vt 0.121351 0.105575
vt 0.106993 0.136970
vt 0.127253 0.095448
vt 0.115408 0.139225
vt 0.121369 0.101240
vt 0.110898 0.139225
vt 0.123531 0.097537
vt 0.146959 0.033120
vt 0.146959 0.038640
vt 0.146959 0.027600
vt 0.138631 0.123187
vt 0.153978 0.038640
vt 0.138631 0.128708
vt 0.153978 0.033120
vt 0.134727 0.132611
vt 0.153978 0.027600
vt 0.146959 0.044160
vt 0.146959 0.000000
vt 0.146959 0.005520
vt 0.146959 0.011040
vt 0.146959 0.022080
vt 0.146959 0.016560
vt 0.125304 0.123188
vt 0.153978 0.011040
vt 0.134727 0.119284
vt 0.153978 0.044160
vt 0.153978 0.000000
vt 0.129207 0.119284
vt 0.153978 0.005520
vt 0.129207 0.132611
vt 0.153978 0.022080
vt 0.125304 0.128708
vt 0.153978 0.016560
vt 0.142882 0.013333
vt 0.132967 0.089771
vt 0.142882 0.020000
vt 0.125592 0.089761
vt 0.142882 0.053333
vt 0.125580 0.117363
vt 0.142882 0.060000
vt 0.132960 0.117389
vt 0.142882 0.073333
vt 0.143053 0.107292
vt 0.142882 0.080000
vt 0.142882 0.000000
vt 0.143053 0.099890
vt 0.142882 0.040000
vt 0.115606 0.107201
vt 0.142882 0.046667
vt 0.119222 0.113624
vt 0.142882 0.066667
vt 0.139359 0.113699
vt 0.142882 0.006667
vt 0.139360 0.093477
vt 0.142882 0.033333
vt 0.115598 0.099858
vt 0.142882 0.026667
vt 0.119231 0.093467
vt 0.140306 0.060000
vt 0.140306 0.066667
vt 0.140306 0.073333
vt 0.140306 0.046667
vt 0.140306 0.053333
vt 0.119314 0.124649
vt 0.131303 0.111682
vt 0.110898 0.122394
vt 0.137257 0.105876
vt 0.115408 0.122394
vt 0.135054 0.109584
vt 0.121569 0.128555
vt 0.127020 0.111607
vt 0.121569 0.133065
vt 0.123369 0.109375
vt 0.140306 0.080000
vt 0.140306 0.000000
vt 0.140306 0.020000
vt 0.140306 0.006667
vt 0.140306 0.013333
vt 0.140306 0.040000
vt 0.140306 0.026667
vt 0.140306 0.033333
vt 0.106993 0.124649
vt 0.137319 0.101553
vt 0.104738 0.133065
vt 0.131527 0.095546
vt 0.104738 0.128555
vt 0.135221 0.097773
vt 0.119314 0.136970
vt 0.121351 0.105575
vt 0.106993 0.136970
vt 0.127253 0.095448
vt 0.115408 0.139225
vt 0.121369 0.101240
vt 0.110898 0.139225
vt 0.123531 0.097537
vt 0.146959 0.033120
vt 0.146959 0.038640
vt 0.146959 0.027600
vt 0.138631 0.123187
vt 0.153978 0.038640
vt 0.138631 0.128708
vt 0.153978 0.033120
vt 0.134727 0.132611
vt 0.153978 0.027600
vt 0.146959 0.044160
vt 0.146959 0.000000
vt 0.146959 0.005520
vt 0.146959 0.011040
vt 0.146959 0.022080
vt 0.146959 0.016560
vt 0.125304 0.123188
vt 0.153978 0.011040
vt 0.134727 0.119284
vt 0.153978 0.044160
vt 0.153978 0.000000
vt 0.129207 0.119284
vt 0.153978 0.005520
vt 0.129207 0.132611
vt 0.153978 0.022080
vt 0.125304 0.128708
vt 0.153978 0.016560
vt 0.142882 0.013333
vt 0.132967 0.089771
vt 0.142882 0.020000
vt 0.125592 0.089761
vt 0.142882 0.053333
vt 0.125580 0.117363
vt 0.142882 0.060000
vt 0.132960 0.117389
vt 0.142882 0.073333
vt 0.143053 0.107292
vt 0.142882 0.080000
vt 0.142882 0.000000
vt 0.143053 0.099890
vt 0.142882 0.040000
vt 0.115606 0.107201
vt 0.142882 0.046667
vt 0.119222 0.113624
vt 0.142882 0.066667
vt 0.139359 0.113699
vt 0.142882 0.006667
vt 0.139360 0.093477
vt 0.142882 0.033333
vt 0.115598 0.099858
vt 0.142882 0.026667
vt 0.119231 0.093467
vt 0.153409 0.071982
vt 0.087495 0.063987
vt 0.161278 0.052175
vt 0.087495 0.042674
vt 0.171238 0.033332
vt 0.087495 0.021361
vt 0.144282 0.113556
vt 0.087495 0.106614
vt 0.147721 0.092522
vt 0.087495 0.085301
vt 0.183171 0.254004
vt 0.183172 0.015673
vt 0.087495 0.000048
vt 0.087495 0.255807
vt 0.153409 0.197695
vt 0.087495 0.191867
vt 0.171238 0.236345
vt 0.087495 0.234494
vt 0.161278 0.217502
vt 0.087495 0.213180
vt 0.143131 0.134838
vt 0.087495 0.127927
vt 0.147721 0.177155
vt 0.087495 0.170554
vt 0.144282 0.156121
vt 0.087495 0.149240
vt 0.073556 0.354386
vt 0.113229 0.090268
vt 0.078570 0.345700
vt 0.113229 0.100298
vt 0.087257 0.340685
vt 0.113229 0.110328
vt 0.078570 0.373102
vt 0.113229 0.070209
vt 0.073556 0.364416
vt 0.113229 0.080239
vt 0.097286 0.340685
vt 0.113229 0.000000
vt 0.113229 0.120358
vt 0.110987 0.364416
vt 0.113229 0.030089
vt 0.105972 0.345700
vt 0.113229 0.010030
vt 0.110987 0.354386
vt 0.113229 0.020060
vt 0.087257 0.378117
vt 0.113229 0.060179
vt 0.105972 0.373102
vt 0.113229 0.040119
vt 0.097286 0.378117
vt 0.113229 0.050149
vt 0.000000 0.000048
vt 0.000000 0.255807
vt 0.000000 0.021361
vt 0.000000 0.042674
vt 0.000000 0.063987
vt 0.000000 0.085301
vt 0.000000 0.106614
vt 0.000000 0.213180
vt 0.000000 0.234494
vt 0.000000 0.127927
vt 0.000000 0.191867
vt 0.000000 0.149240
vt 0.000000 0.170554
vt 0.238934 0.195743
vt 0.109740 0.341932
vt 0.246094 0.206338
vt 0.246094 0.063339
vt 0.098665 0.335538
vt 0.232958 0.184437
vt 0.116134 0.353007
vt 0.228236 0.172552
vt 0.116134 0.365795
vt 0.222069 0.134838
vt 0.085878 0.383263
vt 0.222760 0.147608
vt 0.098665 0.383263
vt 0.224824 0.160228
vt 0.109740 0.376869
vt 0.238934 0.073934
vt 0.085878 0.335538
vt 0.232958 0.085240
vt 0.074803 0.341932
vt 0.228236 0.097125
vt 0.068409 0.353007
vt 0.224824 0.109449
vt 0.068409 0.365795
vt 0.222760 0.122069
vt 0.074803 0.376869
vt 0.086106 0.365566
vt 0.087547 0.124860
vt 0.090015 0.367823
vt 0.087547 0.174509
vt 0.087547 0.120347
vt 0.083849 0.361657
vt 0.087547 0.129374
vt 0.083849 0.357144
vt 0.087547 0.133887
vt 0.094528 0.350978
vt 0.087547 0.147428
vt 0.090015 0.350978
vt 0.087547 0.142914
vt 0.086106 0.353235
vt 0.087547 0.138401
vt 0.094528 0.367823
vt 0.087547 0.169996
vt 0.098437 0.365566
vt 0.087547 0.165482
vt 0.100694 0.361657
vt 0.087547 0.160969
vt 0.100694 0.357144
vt 0.087547 0.156455
vt 0.098437 0.353235
vt 0.087547 0.151942
vt 0.087495 0.010030
vt 0.073556 0.364416
vt 0.087495 0.000000
vt 0.087495 0.120358
vt 0.078570 0.373102
vt 0.087495 0.020060
vt 0.073556 0.354386
vt 0.087495 0.030089
vt 0.078570 0.345700
vt 0.087495 0.060179
vt 0.105972 0.345700
vt 0.087495 0.050149
vt 0.097286 0.340685
vt 0.087495 0.040119
vt 0.087257 0.340685
vt 0.087495 0.110328
vt 0.087257 0.378117
vt 0.087495 0.100298
vt 0.097286 0.378117
vt 0.087495 0.090268
vt 0.105972 0.373102
vt 0.087495 0.080239
vt 0.110987 0.364416
vt 0.087495 0.070209
vt 0.110987 0.354386
vt 0.078702 0.363036
vt 0.113551 0.079988
vt 0.082338 0.369334
vt 0.113551 0.087260
vt 0.113551 0.000000
vt 0.078702 0.355765
vt 0.113551 0.072717
vt 0.082338 0.349467
vt 0.113551 0.065445
vt 0.102205 0.349467
vt 0.113551 0.043630
vt 0.095907 0.345831
vt 0.113551 0.050902
vt 0.088636 0.345831
vt 0.113551 0.058174
vt 0.088636 0.372970
vt 0.113551 0.007272
vt 0.095907 0.372970
vt 0.113551 0.014543
vt 0.102205 0.369334
vt 0.113551 0.021815
vt 0.105841 0.363036
vt 0.113551 0.029087
vt 0.105841 0.355765
vt 0.113551 0.036358
vt 0.088636 0.372970
vt 0.128991 0.079988
vt 0.095907 0.372970
vt 0.128991 0.087260
vt 0.128991 0.000000
vt 0.082338 0.369334
vt 0.128991 0.072717
vt 0.078702 0.363036
vt 0.128991 0.065445
vt 0.128991 0.043630
vt 0.088636 0.345831
vt 0.128991 0.050902
vt 0.082338 0.349467
vt 0.078702 0.355765
vt 0.128991 0.058174
vt 0.102205 0.369334
vt 0.128991 0.007272
vt 0.105841 0.363036
vt 0.128991 0.014543
vt 0.105841 0.355765
vt 0.128991 0.021815
vt 0.102205 0.349467
vt 0.128991 0.029087
vt 0.095907 0.345831
vt 0.128991 0.036358
vt 0.090015 0.367823
vt 0.102988 0.124860
vt 0.102988 0.174509
vt 0.094528 0.367823
vt 0.102988 0.120347
vt 0.102988 0.129374
vt 0.086106 0.365566
vt 0.083849 0.361657
vt 0.102988 0.133887
vt 0.102988 0.147428
vt 0.090015 0.350978
vt 0.102988 0.142914
vt 0.086106 0.353235
vt 0.083849 0.357144
vt 0.102988 0.138401
vt 0.098437 0.365566
vt 0.102988 0.169996
vt 0.100694 0.361657
vt 0.102988 0.165482
vt 0.100694 0.357144
vt 0.102988 0.160969
vt 0.098437 0.353235
vt 0.102988 0.156455
vt 0.094528 0.350978
vt 0.102988 0.151942
vt 0.008266 0.470088
vt 0.083766 0.262969
vt 0.008266 0.492588
vt 0.103252 0.251719
vt 0.008266 0.515088
vt 0.125752 0.251719
vt 0.008266 0.425088
vt 0.072516 0.304954
vt 0.008266 0.447588
vt 0.072516 0.282454
vt 0.008266 0.537588
vt 0.008266 0.267588
vt 0.145237 0.262969
vt 0.008266 0.335088
vt 0.145237 0.324440
vt 0.008266 0.290088
vt 0.156487 0.282454
vt 0.008266 0.312588
vt 0.156487 0.304954
vt 0.008266 0.402588
vt 0.083766 0.324440
vt 0.008266 0.357588
vt 0.125752 0.335690
vt 0.008266 0.380088
vt 0.103252 0.335690
vt 0.083766 0.262969
vt 0.039313 0.537588
vt 0.039313 0.267588
vt 0.103252 0.251719
vt 0.039313 0.515088
vt 0.125752 0.251719
vt 0.039313 0.492588
vt 0.145237 0.262969
vt 0.039313 0.470088
vt 0.156487 0.282454
vt 0.039313 0.447588
vt 0.156487 0.304954
vt 0.039313 0.425088
vt 0.072516 0.304954
vt 0.039313 0.312588
vt 0.072516 0.282454
vt 0.039313 0.290088
vt 0.145237 0.324440
vt 0.039313 0.402588
vt 0.083766 0.324440
vt 0.039313 0.335088
vt 0.125752 0.335690
vt 0.039313 0.380088
vt 0.103252 0.335690
vt 0.039313 0.357588
vt 0.132853 0.060000
vt 0.132853 0.066667
vt 0.132853 0.073334
vt 0.132853 0.046667
vt 0.132853 0.053333
vt 0.106993 0.136970
vt 0.131303 0.111682
vt 0.115408 0.139225
vt 0.137257 0.105876
vt 0.110898 0.139225
vt 0.135054 0.109584
vt 0.104738 0.133065
vt 0.127020 0.111607
vt 0.104738 0.128555
vt 0.123369 0.109375
vt 0.132853 0.080000
vt 0.132853 0.000000
vt 0.132853 0.020000
vt 0.132853 0.006667
vt 0.132854 0.013334
vt 0.132853 0.040000
vt 0.132853 0.026667
vt 0.132853 0.033333
vt 0.119314 0.136970
vt 0.137319 0.101553
vt 0.121569 0.128555
vt 0.131527 0.095546
vt 0.121569 0.133065
vt 0.135221 0.097773
vt 0.106993 0.124649
vt 0.121351 0.105575
vt 0.119314 0.124649
vt 0.127253 0.095448
vt 0.110898 0.122394
vt 0.121369 0.101240
vt 0.115408 0.122394
vt 0.123531 0.097537
vt 0.146959 0.033120
vt 0.146959 0.038640
vt 0.146959 0.027600
vt 0.138631 0.123187
vt 0.153978 0.038640
vt 0.138631 0.128708
vt 0.153978 0.033120
vt 0.134727 0.132611
vt 0.153978 0.027600
vt 0.146959 0.044160
vt 0.146959 0.000000
vt 0.146959 0.005520
vt 0.146959 0.011040
vt 0.146959 0.022080
vt 0.146959 0.016560
vt 0.125304 0.123188
vt 0.153978 0.011040
vt 0.134727 0.119284
vt 0.153978 0.044160
vt 0.153978 0.000000
vt 0.129207 0.119284
vt 0.153978 0.005520
vt 0.129207 0.132611
vt 0.153978 0.022080
vt 0.125304 0.128708
vt 0.153978 0.016560
vt 0.142882 0.013333
vt 0.132967 0.089771
vt 0.142882 0.020000
vt 0.125592 0.089761
vt 0.142882 0.053333
vt 0.125580 0.117363
vt 0.142882 0.060000
vt 0.132960 0.117389
vt 0.142882 0.073333
vt 0.143053 0.107292
vt 0.142882 0.080000
vt 0.142882 0.000000
vt 0.143053 0.099890
vt 0.142882 0.040000
vt 0.115606 0.107201
vt 0.142882 0.046667
vt 0.119222 0.113624
vt 0.142882 0.066667
vt 0.139359 0.113699
vt 0.142882 0.006667
vt 0.139360 0.093477
vt 0.142882 0.033333
vt 0.115598 0.099858
vt 0.142882 0.026667
vt 0.119231 0.093467
vt 0.132853 0.060000
vt 0.132853 0.066667
vt 0.132853 0.073334
vt 0.132853 0.046667
vt 0.132853 0.053333
vt 0.106993 0.136970
vt 0.131303 0.111682
vt 0.115408 0.139225
vt 0.137257 0.105876
vt 0.110898 0.139225
vt 0.135054 0.109584
vt 0.104738 0.133065
vt 0.127020 0.111607
vt 0.104738 0.128555
vt 0.123369 0.109375
vt 0.132853 0.080000
vt 0.132853 0.000000
vt 0.132853 0.020000
vt 0.132853 0.006667
vt 0.132854 0.013334
vt 0.132853 0.040000
vt 0.132853 0.026667
vt 0.132853 0.033333
vt 0.119314 0.136970
vt 0.137319 0.101553
vt 0.121569 0.128555
vt 0.131527 0.095546
vt 0.121569 0.133065
vt 0.135221 0.097773
vt 0.106993 0.124649
vt 0.121351 0.105575
vt 0.119314 0.124649
vt 0.127253 0.095448
vt 0.110898 0.122394
vt 0.121369 0.101240
vt 0.115408 0.122394
vt 0.123531 0.097537
vt 0.146959 0.033120
vt 0.146959 0.038640
vt 0.146959 0.027600
vt 0.138631 0.123187
vt 0.153978 0.038640
vt 0.138631 0.128708
vt 0.153978 0.033120
vt 0.134727 0.132611
vt 0.153978 0.027600
vt 0.146959 0.044160
vt 0.146959 0.000000
vt 0.146959 0.005520
vt 0.146959 0.011040
vt 0.146959 0.022080
vt 0.146959 0.016560
vt 0.125304 0.123188
vt 0.153978 0.011040
vt 0.134727 0.119284
vt 0.153978 0.044160
vt 0.153978 0.000000
vt 0.129207 0.119284
vt 0.153978 0.005520
vt 0.129207 0.132611
vt 0.153978 0.022080
vt 0.125304 0.128708
vt 0.153978 0.016560
vt 0.142882 0.013333
vt 0.132967 0.089771
vt 0.142882 0.020000
vt 0.125592 0.089761
vt 0.142882 0.053333
vt 0.125580 0.117363
vt 0.142882 0.060000
vt 0.132960 0.117389
vt 0.142882 0.073333
vt 0.143053 0.107292
vt 0.142882 0.080000
vt 0.142882 0.000000
vt 0.143053 0.099890
vt 0.142882 0.040000
vt 0.115606 0.107201
vt 0.142882 0.046667
vt 0.119222 0.113624
vt 0.142882 0.066667
vt 0.139359 0.113699
vt 0.142882 0.006667
vt 0.139360 0.093477
vt 0.142882 0.033333
vt 0.115598 0.099858
vt 0.142882 0.026667
vt 0.119231 0.093467
vt 0.132853 0.060000
vt 0.132853 0.066667
vt 0.132853 0.073334
vt 0.132853 0.046667
vt 0.132853 0.053333
vt 0.106993 0.136970
vt 0.131303 0.111682
vt 0.115408 0.139225
vt 0.137257 0.105876
vt 0.110898 0.139225
vt 0.135054 0.109584
vt 0.104738 0.133065
vt 0.127020 0.111607
vt 0.104738 0.128555
vt 0.123369 0.109375
vt 0.132853 0.080000
vt 0.132853 0.000000
vt 0.132853 0.020000
vt 0.132853 0.006667
vt 0.132854 0.013334
vt 0.132853 0.040000
vt 0.132853 0.026667
vt 0.132853 0.033333
vt 0.119314 0.136970
vt 0.137319 0.101553
vt 0.121569 0.128555
vt 0.131527 0.095546
vt 0.121569 0.133065
vt 0.135221 0.097773
vt 0.106993 0.124649
vt 0.121351 0.105575
vt 0.119314 0.124649
vt 0.127253 0.095448
vt 0.110898 0.122394
vt 0.121369 0.101240
vt 0.115408 0.122394
vt 0.123531 0.097537
vt 0.146959 0.033120
vt 0.146959 0.038640
vt 0.146959 0.027600
vt 0.138631 0.123187
vt 0.153978 0.038640
vt 0.138631 0.128708
vt 0.153978 0.033120
vt 0.134727 0.132611
vt 0.153978 0.027600
vt 0.146959 0.044160
vt 0.146959 0.000000
vt 0.146959 0.005520
vt 0.146959 0.011040
vt 0.146959 0.022080
vt 0.146959 0.016560
vt 0.125304 0.123188
vt 0.153978 0.011040
vt 0.134727 0.119284
vt 0.153978 0.044160
vt 0.153978 0.000000
vt 0.129207 0.119284
vt 0.153978 0.005520
vt 0.129207 0.132611
vt 0.153978 0.022080
vt 0.125304 0.128708
vt 0.153978 0.016560
vt 0.142882 0.013333
vt 0.132967 0.089771
vt 0.142882 0.020000
vt 0.125592 0.089761
vt 0.142882 0.053333
vt 0.125580 0.117363
vt 0.142882 0.060000
vt 0.132960 0.117389
vt 0.142882 0.073333
vt 0.143053 0.107292
vt 0.142882 0.080000
vt 0.142882 0.000000
vt 0.143053 0.099890
vt 0.142882 0.040000
vt 0.115606 0.107201
vt 0.142882 0.046667
vt 0.119222 0.113624
vt 0.142882 0.066667
vt 0.139359 0.113699
vt 0.142882 0.006667
vt 0.139360 0.093477
vt 0.142882 0.033333
vt 0.115598 0.099858
vt 0.142882 0.026667
vt 0.119231 0.093467
vt 0.132853 0.060000
vt 0.132853 0.066667
vt 0.132853 0.073334
vt 0.132853 0.046667
vt 0.132853 0.053333
vt 0.106993 0.136970
vt 0.131303 0.111682
vt 0.115408 0.139225
vt 0.137257 0.105876
vt 0.110898 0.139225
vt 0.135054 0.109584
vt 0.104738 0.133065
vt 0.127020 0.111607
vt 0.104738 0.128555
vt 0.123369 0.109375
vt 0.132853 0.080000
vt 0.132853 0.000000
vt 0.132853 0.020000
vt 0.132853 0.006667
vt 0.132854 0.013334
vt 0.132853 0.040000
vt 0.132853 0.026667
vt 0.132853 0.033333
vt 0.119314 0.136970
vt 0.137319 0.101553
vt 0.121569 0.128555
vt 0.131527 0.095546
vt 0.121569 0.133065
vt 0.135221 0.097773
vt 0.106993 0.124649
vt 0.121351 0.105575
vt 0.119314 0.124649
vt 0.127253 0.095448
vt 0.110898 0.122394
vt 0.121369 0.101240
vt 0.115408 0.122394
vt 0.123531 0.097537
vt 0.146959 0.033120
vt 0.146959 0.038640
vt 0.146959 0.027600
vt 0.138631 0.123187
vt 0.153978 0.038640
vt 0.138631 0.128708
vt 0.153978 0.033120
vt 0.134727 0.132611
vt 0.153978 0.027600
vt 0.146959 0.044160
vt 0.146959 0.000000
vt 0.146959 0.005520
vt 0.146959 0.011040
vt 0.146959 0.022080
vt 0.146959 0.016560
vt 0.125304 0.123188
vt 0.153978 0.011040
vt 0.134727 0.119284
vt 0.153978 0.044160
vt 0.153978 0.000000
vt 0.129207 0.119284
vt 0.153978 0.005520
vt 0.129207 0.132611
vt 0.153978 0.022080
vt 0.125304 0.128708
vt 0.153978 0.016560
vt 0.142882 0.013333
vt 0.132967 0.089771
vt 0.142882 0.020000
vt 0.125592 0.089761
vt 0.142882 0.053333
vt 0.125580 0.117363
vt 0.142882 0.060000
vt 0.132960 0.117389
vt 0.142882 0.073333
vt 0.143053 0.107292
vt 0.142882 0.080000
vt 0.142882 0.000000
vt 0.143053 0.099890
vt 0.142882 0.040000
vt 0.115606 0.107201
vt 0.142882 0.046667
vt 0.119222 0.113624
vt 0.142882 0.066667
vt 0.139359 0.113699
vt 0.142882 0.006667
vt 0.139360 0.093477
vt 0.142882 0.033333
vt 0.115598 0.099858
vt 0.142882 0.026667
vt 0.119231 0.093467
vt 0.203423 0.810175
vt 0.040316 0.679906
vt 0.011749 0.712037
vt 0.189139 0.810175
vt 0.203423 0.850575
vt 0.026033 0.679906
vt 0.026033 0.712037
vt 0.189139 0.850575
vt 0.206788 0.795595
vt 0.040316 0.694869
vt 0.011749 0.733426
vt 0.193950 0.789334
vt 0.206788 0.865155
vt 0.026033 0.694869
vt 0.026033 0.733426
vt 0.193950 0.871416
vt 0.216205 0.783967
vt 0.040316 0.709832
vt 0.011749 0.754815
vt 0.207411 0.772711
vt 0.216205 0.876783
vt 0.026033 0.709832
vt 0.026033 0.754815
vt 0.207411 0.888039
vt 0.229766 0.777643
vt 0.040316 0.724795
vt 0.226796 0.763672
vt 0.011749 0.776205
vt 0.229766 0.883107
vt 0.026033 0.724795
vt 0.226796 0.897078
vt 0.026033 0.776205
vt 0.040316 0.739758
vt 0.244727 0.777904
vt 0.011749 0.797594
vt 0.248182 0.764045
vt 0.244727 0.882846
vt 0.026033 0.739758
vt 0.248182 0.896705
vt 0.026033 0.797594
vt 0.040316 0.754721
vt 0.258059 0.784698
vt 0.011749 0.818983
vt 0.267240 0.773756
vt 0.026033 0.818983
vt 0.267240 0.886994
vt 0.258059 0.876052
vt 0.026033 0.754721
vt 0.274219 0.800858
vt 0.040316 0.777575
vt 0.011749 0.841837
vt 0.283400 0.789916
vt 0.274219 0.859892
vt 0.026033 0.777575
vt 0.026033 0.841837
vt 0.283400 0.870834
vt 0.026033 0.639506
vt 0.203423 0.810175
vt 0.026033 0.671637
vt 0.189139 0.810175
vt 0.203423 0.850575
vt 0.040316 0.639506
vt 0.011749 0.671637
vt 0.189139 0.850575
vt 0.026033 0.624543
vt 0.206788 0.795595
vt 0.026033 0.650248
vt 0.193950 0.789334
vt 0.206788 0.865155
vt 0.040316 0.624543
vt 0.011749 0.650248
vt 0.193950 0.871416
vt 0.216205 0.783967
vt 0.026033 0.609580
vt 0.026033 0.628858
vt 0.207411 0.772711
vt 0.216205 0.876783
vt 0.040316 0.609580
vt 0.011749 0.628858
vt 0.207411 0.888039
vt 0.229766 0.777643
vt 0.026033 0.594617
vt 0.226796 0.763672
vt 0.026033 0.607469
vt 0.229766 0.883107
vt 0.040316 0.594617
vt 0.226796 0.897078
vt 0.011749 0.607469
vt 0.026033 0.579654
vt 0.244727 0.777904
vt 0.026033 0.586080
vt 0.248182 0.764045
vt 0.244727 0.882846
vt 0.040316 0.579654
vt 0.248182 0.896705
vt 0.011749 0.586080
vt 0.026033 0.564691
vt 0.258059 0.784698
vt 0.026033 0.564691
vt 0.267240 0.773756
vt 0.011749 0.564691
vt 0.267240 0.886994
vt 0.258059 0.876052
vt 0.040316 0.564691
vt 0.274219 0.800858
vt 0.026033 0.541837
vt 0.026033 0.541837
vt 0.283400 0.789916
vt 0.274219 0.859892
vt 0.040316 0.541837
vt 0.011749 0.541837
vt 0.283400 0.870834
vt 0.052453 0.701619
vt 0.201643 0.727974
vt 0.052453 0.596098
vt 0.189145 0.727975
vt 0.040460 0.701619
vt 0.201777 0.727996
vt 0.040460 0.596098
vt 0.189279 0.728028
vt 0.203052 0.735052
vt 0.052453 0.694402
vt 0.191505 0.739836
vt 0.052453 0.608192
vt 0.040460 0.694402
vt 0.203203 0.735071
vt 0.040460 0.608192
vt 0.191669 0.739883
vt 0.052453 0.687185
vt 0.207062 0.741052
vt 0.198225 0.749890
vt 0.052453 0.620285
vt 0.040460 0.687185
vt 0.207228 0.741061
vt 0.040460 0.620285
vt 0.198413 0.749921
vt 0.213063 0.745060
vt 0.052453 0.679969
vt 0.208281 0.756608
vt 0.052453 0.632379
vt 0.040460 0.679969
vt 0.213239 0.745055
vt 0.040460 0.632378
vt 0.208486 0.756614
vt 0.052453 0.672752
vt 0.220141 0.746468
vt 0.220142 0.758966
vt 0.052453 0.644472
vt 0.040460 0.672752
vt 0.220321 0.746445
vt 0.220353 0.758943
vt 0.040460 0.644472
vt 0.052453 0.658612
vt 0.234281 0.746466
vt 0.234282 0.758964
vt 0.052453 0.658612
vt 0.040460 0.658612
vt 0.234461 0.746408
vt 0.234493 0.758906
vt 0.040460 0.658612
vt 0.198102 0.669984
vt 0.029390 0.791702
vt 0.052453 0.756074
vt 0.201637 0.673518
vt 0.029390 0.796702
vt 0.052453 0.541643
vt 0.189139 0.673519
vt 0.029390 0.781275
vt 0.192674 0.669984
vt 0.029390 0.786274
vt 0.201637 0.673541
vt 0.040460 0.756074
vt 0.041383 0.796702
vt 0.198093 0.670015
vt 0.041383 0.791702
vt 0.192665 0.670029
vt 0.041383 0.786274
vt 0.189139 0.673573
vt 0.040460 0.541643
vt 0.041383 0.781275
vt 0.031641 0.799756
vt 0.042186 0.821634
vt 0.052286 0.804472
vt 0.034144 0.799422
vt 0.054811 0.804472
vt 0.029494 0.821864
vt 0.042186 0.799422
vt 0.047236 0.807064
vt 0.037136 0.821864
vt 0.047236 0.799422
vt 0.031580 0.799769
vt 0.047236 0.821634
vt 0.052286 0.799422
vt 0.034081 0.799424
vt 0.054811 0.799422
vt 0.029534 0.821887
vt 0.047236 0.799422
vt 0.052286 0.807064
vt 0.037176 0.821852
vt 0.052286 0.799422
s 1
usemtl misc_etx_part_2
f 2/3/1 4/7/1 12/26/1 10/20/1
f 3/6/2 4/8/2 8/16/3 7/14/3
f 5/9/4 7/13/4 15/33/4 13/30/4
f 5/10/5 6/12/5 2/4/6 1/2/6
f 3/5/4 7/13/4 5/9/4 1/1/4
f 8/15/7 4/7/7 2/3/7 6/11/7
f 9/17/8 10/21/8 12/27/8 11/23/8
f 3/5/9 1/1/9 9/18/9 11/24/9
f 4/8/2 3/6/2 11/25/2 12/28/2
f 1/2/6 2/4/6 10/22/6 9/19/6
f 14/31/10 13/29/10 17/38/11 18/40/11
f 8/15/7 6/11/7 14/32/7 16/35/7
f 7/14/3 8/16/3 16/36/12 15/34/12
f 6/12/5 5/10/5 13/29/10 14/31/10
f 17/37/4 19/41/4 23/50/4 21/46/4
f 13/30/4 15/33/4 19/41/4 17/37/4
f 16/35/7 14/32/7 18/39/7 20/43/7
f 15/34/12 16/36/12 20/44/13 19/42/13
f 24/51/7 22/47/7 50/107/7 52/111/7
f 20/43/7 18/39/7 22/47/7 24/51/7
f 19/42/13 20/44/13 24/52/14 23/49/14
f 18/40/11 17/38/11 21/45/15 22/48/15
f 23/49/14 24/52/14 52/112/8 51/109/8
f 22/48/15 21/45/15 49/105/16 50/108/16
f 21/46/4 23/50/4 51/110/4 49/106/4
f 26/55/1 34/72/1 36/78/1 28/59/1
f 27/58/6 31/66/17 32/68/17 28/60/6
f 29/61/4 37/82/4 39/85/4 31/65/4
f 29/62/18 25/54/2 26/56/2 30/64/18
f 27/57/4 25/53/4 29/61/4 31/65/4
f 32/67/7 30/63/7 26/55/7 28/59/7
f 33/69/8 35/75/8 36/79/8 34/73/8
f 27/57/9 35/76/9 33/70/9 25/53/9
f 28/60/6 36/80/6 35/77/6 27/58/6
f 25/54/2 33/71/2 34/74/2 26/56/2
f 38/83/19 42/92/20 41/90/20 37/81/19
f 32/67/7 40/87/7 38/84/7 30/63/7
f 31/66/17 39/86/21 40/88/21 32/68/17
f 30/64/18 38/83/19 37/81/19 29/62/18
f 41/89/4 45/98/4 47/102/4 43/93/4
f 37/82/4 41/89/4 43/93/4 39/85/4
f 40/87/7 44/95/7 42/91/7 38/84/7
f 39/86/21 43/94/22 44/96/22 40/88/21
f 48/103/7 52/111/7 50/107/7 46/99/7
f 44/95/7 48/103/7 46/99/7 42/91/7
f 43/94/22 47/101/23 48/104/23 44/96/22
f 42/92/20 46/100/24 45/97/24 41/90/20
f 47/101/23 51/109/8 52/112/8 48/104/23
f 46/100/24 50/108/16 49/105/16 45/97/24
f 45/98/4 49/106/4 51/110/4 47/102/4
f 54/116/2 67/144/2 58/123/2 57/121/2
f 57/121/16 58/123/16 56/119/16 55/117/16
f 55/117/6 56/119/6 63/136/6 53/114/6
f 54/115/4 57/122/4 55/118/4 53/113/4
f 58/124/7 67/143/7 63/135/7 56/120/7
f 68/146/25 75/160/25 62/132/25 61/129/25
f 63/135/7 67/143/7 69/147/7 70/149/7 71/151/7 68/145/7 60/127/7 64/137/7 65/139/7 66/141/7
f 59/126/26 60/128/26 61/130/26 62/133/26
f 60/127/7 68/145/7 61/131/7
f 75/159/4 59/125/4 62/134/4
f 54/115/4 53/113/4 72/153/4 73/155/4 74/157/4 59/125/4 75/159/4 76/161/4 77/163/4 78/165/4
f 75/160/27 68/146/27 71/152/28 76/162/28
f 76/162/28 71/152/28 70/150/29 77/164/29
f 77/164/29 70/150/29 69/148/30 78/166/30
f 78/166/30 69/148/30 67/144/31 54/116/31
f 60/128/32 59/126/32 74/158/33 64/138/33
f 64/138/33 74/158/33 73/156/34 65/140/34
f 65/140/34 73/156/34 72/154/35 66/142/35
f 66/142/35 72/154/35 53/114/36 63/136/36
f 80/170/2 93/198/2 84/177/2 83/175/2
f 83/175/16 84/177/16 82/173/16 81/171/16
f 81/171/6 82/173/6 89/190/6 79/168/6
f 80/169/4 83/176/4 81/172/4 79/167/4
f 84/178/7 93/197/7 89/189/7 82/174/7
f 94/200/25 101/214/25 88/186/25 87/183/25
f 89/189/7 93/197/7 95/201/7 96/203/7 97/205/7 94/199/7 86/181/7 90/191/7 91/193/7 92/195/7
f 85/180/26 86/182/26 87/184/26 88/187/26
f 86/181/7 94/199/7 87/185/7
f 101/213/4 85/179/4 88/188/4
f 80/169/4 79/167/4 98/207/4 99/209/4 100/211/4 85/179/4 101/213/4 102/215/4 103/217/4 104/219/4
f 101/214/27 94/200/27 97/206/28 102/216/28
f 102/216/28 97/206/28 96/204/29 103/218/29
f 103/218/29 96/204/29 95/202/30 104/220/30
f 104/220/30 95/202/30 93/198/31 80/170/31
f 86/182/32 85/180/32 100/212/33 90/192/33
f 90/192/33 100/212/33 99/210/34 91/194/34
f 91/194/34 99/210/34 98/208/35 92/196/35
f 92/196/35 98/208/35 79/168/36 89/190/36
f 115/242/7 117/245/7 118/247/7 116/243/7 109/229/7 110/231/7 108/228/7
f 116/244/37 111/233/37 107/225/38 109/230/38
f 109/230/38 107/225/38 106/223/39 110/232/39
f 110/232/39 106/223/39 105/222/40 108/227/40
f 115/241/41 112/235/41 114/239/42 117/246/42
f 117/246/42 114/239/42 113/237/43 118/248/43
f 118/248/43 113/237/43 111/233/37 116/244/37
f 105/221/4 106/224/4 107/226/4 111/234/4 113/238/4 114/240/4 112/236/4
f 112/235/41 115/241/41 122/256/44 121/254/44
f 105/221/4 112/236/4 121/253/4 119/249/4
f 108/227/40 105/222/40 119/250/45 120/251/45
f 115/242/7 108/228/7 120/252/7 122/255/7
f 119/249/4 121/253/4 125/262/4 123/257/4
f 120/251/45 119/250/45 123/258/46 124/260/46
f 122/255/7 120/252/7 124/259/7 126/263/7
f 121/254/44 122/256/44 126/264/47 125/261/47
f 126/263/7 124/259/7 128/268/7 130/271/7
f 125/261/47 126/264/47 130/272/48 129/270/48
f 123/257/4 125/262/4 129/269/4 127/265/4
f 124/260/46 123/258/46 127/266/49 128/267/49
f 127/265/4 129/269/4 133/278/4 131/273/4
f 128/267/49 127/266/49 131/274/8 132/275/8
f 130/271/7 128/268/7 132/276/7 134/281/7
f 129/270/48 130/272/48 134/280/16 133/277/16
f 145/304/7 138/290/7 140/293/7 139/291/7 146/305/7 148/309/7 147/307/7
f 146/306/50 139/292/51 137/287/51 141/295/50
f 139/292/51 140/294/52 136/285/52 137/287/51
f 140/294/52 138/289/53 135/284/53 136/285/52
f 145/303/54 147/308/55 144/301/55 142/297/54
f 147/308/55 148/310/56 143/299/56 144/301/55
f 148/310/56 146/306/50 141/295/50 143/299/56
f 135/283/4 142/298/4 144/302/4 143/300/4 141/296/4 137/288/4 136/286/4
f 142/297/54 151/316/57 152/318/57 145/303/54
f 135/283/4 149/311/4 151/315/4 142/298/4
f 138/289/53 150/313/58 149/312/58 135/284/53
f 145/304/7 152/317/7 150/314/7 138/290/7
f 149/311/4 153/319/4 155/324/4 151/315/4
f 150/313/58 154/322/59 153/320/59 149/312/58
f 152/317/7 156/325/7 154/321/7 150/314/7
f 151/316/57 155/323/60 156/326/60 152/318/57
f 156/325/7 160/333/7 158/330/7 154/321/7
f 155/323/60 159/332/61 160/334/61 156/326/60
f 153/319/4 157/327/4 159/331/4 155/324/4
f 154/322/59 158/329/62 157/328/62 153/320/59
f 157/327/4 131/273/4 133/278/4 159/331/4
f 158/329/62 132/275/8 131/274/8 157/328/62
f 160/333/7 134/281/7 132/276/7 158/330/7
f 159/332/61 133/279/16 134/282/16 160/334/61
f 171/356/7 173/359/7 174/361/7 172/357/7 165/343/7 166/345/7 164/342/7
f 172/358/37 167/347/37 163/339/38 165/344/38
f 165/344/38 163/339/38 162/337/39 166/346/39
f 166/346/39 162/337/39 161/336/40 164/341/40
f 171/355/41 168/349/41 170/353/42 173/360/42
f 173/360/42 170/353/42 169/351/43 174/362/43
f 174/362/43 169/351/43 167/347/37 172/358/37
f 161/335/4 162/338/4 163/340/4 167/348/4 169/352/4 170/354/4 168/350/4
f 168/349/41 171/355/41 178/370/44 177/368/44
f 161/335/4 168/350/4 177/367/4 175/363/4
f 164/341/40 161/336/40 175/364/45 176/365/45
f 171/356/7 164/342/7 176/366/7 178/369/7
f 175/363/4 177/367/4 181/376/4 179/371/4
f 176/365/45 175/364/45 179/372/46 180/374/46
f 178/369/7 176/366/7 180/373/7 182/377/7
f 177/368/44 178/370/44 182/378/47 181/375/47
f 182/377/7 180/373/7 184/382/7 186/385/7
f 181/375/47 182/378/47 186/386/48 185/384/48
f 179/371/4 181/376/4 185/383/4 183/379/4
f 180/374/46 179/372/46 183/380/49 184/381/49
f 183/379/4 185/383/4 189/392/4 187/387/4
f 184/381/49 183/380/49 187/388/8 188/389/8
f 186/385/7 184/382/7 188/390/7 190/395/7
f 185/384/48 186/386/48 190/394/16 189/391/16
f 201/418/7 194/404/7 196/407/7 195/405/7 202/419/7 204/423/7 203/421/7
f 202/420/50 195/406/51 193/401/51 197/409/50
f 195/406/51 196/408/52 192/399/52 193/401/51
f 196/408/52 194/403/53 191/398/53 192/399/52
f 201/417/54 203/422/55 200/415/55 198/411/54
f 203/422/55 204/424/56 199/413/56 200/415/55
f 204/424/56 202/420/50 197/409/50 199/413/56
f 191/397/4 198/412/4 200/416/4 199/414/4 197/410/4 193/402/4 192/400/4
f 198/411/54 207/430/57 208/432/57 201/417/54
f 191/397/4 205/425/4 207/429/4 198/412/4
f 194/403/53 206/427/58 205/426/58 191/398/53
f 201/418/7 208/431/7 206/428/7 194/404/7
f 205/425/4 209/433/4 211/438/4 207/429/4
f 206/427/58 210/436/59 209/434/59 205/426/58
f 208/431/7 212/439/7 210/435/7 206/428/7
f 207/430/57 211/437/60 212/440/60 208/432/57
f 212/439/7 216/447/7 214/444/7 210/435/7
f 211/437/60 215/446/61 216/448/61 212/440/60
f 209/433/4 213/441/4 215/445/4 211/438/4
f 210/436/59 214/443/62 213/442/62 209/434/59
f 213/441/4 187/387/4 189/392/4 215/445/4
f 214/443/62 188/389/8 187/388/8 213/442/62
f 216/447/7 190/395/7 188/390/7 214/444/7
f 215/446/61 189/393/16 190/396/16 216/448/61
f 234/472/7 223/456/7 224/458/7 222/454/7 225/460/7 226/462/7 237/478/7 239/482/7 240/484/7 238/480/7 235/474/7 236/476/7
f 262/522/2 227/464/2 219/451/12 261/520/12
f 261/520/12 219/451/12 218/450/13 265/529/13
f 265/529/13 218/450/13 217/449/8 260/518/8
f 231/469/6 263/525/6 264/527/21 220/452/21
f 220/452/21 264/527/21 259/516/22 221/453/22
f 221/453/22 259/516/22 260/518/8 217/449/8
f 227/465/2 262/523/2 266/531/19 229/467/19
f 229/467/19 266/531/19 257/512/20 230/468/20
f 230/468/20 257/512/20 258/514/16 228/466/16
f 263/525/6 231/469/6 233/471/10 267/533/10
f 267/533/10 233/471/10 232/470/11 268/535/11
f 268/535/11 232/470/11 228/466/16 258/514/16
f 253/503/7 244/489/7 245/491/7 246/493/7 255/508/7 256/510/7 252/501/7 254/506/7
f 253/504/63 247/495/63 242/487/63 244/490/63
f 244/490/64 242/487/64 241/486/64 245/492/64
f 250/499/65 255/509/65 246/494/65 243/488/65
f 243/488/66 246/494/66 245/492/66 241/486/66
f 247/496/67 253/505/67 254/507/67 248/497/67
f 248/497/68 254/507/68 252/502/68 249/498/68
f 255/509/69 250/499/69 251/500/69 256/511/69
f 256/511/70 251/500/70 249/498/70 252/502/70
f 235/475/71 238/481/72 258/515/72 257/513/71
f 225/461/73 222/455/74 260/519/74 259/517/73
f 223/457/75 234/473/76 262/524/76 261/521/75
f 237/479/77 226/463/78 264/528/78 263/526/77
f 224/459/79 223/457/75 261/521/75 265/530/79
f 222/455/74 224/459/79 265/530/79 260/519/74
f 226/463/78 225/461/73 259/517/73 264/528/78
f 234/473/76 236/477/80 266/532/80 262/524/76
f 236/477/80 235/475/71 257/513/71 266/532/80
f 239/483/81 237/479/77 263/526/77 267/534/81
f 240/485/82 239/483/81 267/534/81 268/536/82
f 238/481/72 240/485/82 268/536/82 258/515/72
f 286/560/7 275/544/7 276/546/7 274/542/7 277/548/7 278/550/7 289/566/7 291/570/7 292/572/7 290/568/7 287/562/7 288/564/7
f 314/610/2 279/552/2 271/539/12 313/608/12
f 313/608/12 271/539/12 270/538/13 317/617/13
f 317/617/13 270/538/13 269/537/8 312/606/8
f 283/557/6 315/613/6 316/615/21 272/540/21
f 272/540/21 316/615/21 311/604/22 273/541/22
f 273/541/22 311/604/22 312/606/8 269/537/8
f 279/553/2 314/611/2 318/619/19 281/555/19
f 281/555/19 318/619/19 309/600/20 282/556/20
f 282/556/20 309/600/20 310/602/16 280/554/16
f 315/613/6 283/557/6 285/559/10 319/621/10
f 319/621/10 285/559/10 284/558/11 320/623/11
f 320/623/11 284/558/11 280/554/16 310/602/16
f 305/591/7 296/577/7 297/579/7 298/581/7 307/596/7 308/598/7 304/589/7 306/594/7
f 305/592/63 299/583/63 294/575/63 296/578/63
f 296/578/64 294/575/64 293/574/64 297/580/64
f 302/587/65 307/597/65 298/582/65 295/576/65
f 295/576/66 298/582/66 297/580/66 293/574/66
f 299/584/67 305/593/67 306/595/67 300/585/67
f 300/585/68 306/595/68 304/590/68 301/586/68
f 307/597/69 302/587/69 303/588/69 308/599/69
f 308/599/70 303/588/70 301/586/70 304/590/70
f 287/563/71 290/569/72 310/603/72 309/601/71
f 277/549/73 274/543/74 312/607/74 311/605/73
f 275/545/75 286/561/76 314/612/76 313/609/75
f 289/567/77 278/551/78 316/616/78 315/614/77
f 276/547/79 275/545/75 313/609/75 317/618/79
f 274/543/74 276/547/79 317/618/79 312/607/74
f 278/551/78 277/549/73 311/605/73 316/616/78
f 286/561/76 288/565/80 318/620/80 314/612/76
f 288/565/80 287/563/71 309/601/71 318/620/80
f 291/571/81 289/567/77 315/614/77 319/622/81
f 292/573/82 291/571/81 319/622/81 320/624/82
f 290/569/72 292/573/82 320/624/82 310/603/72
f 338/648/4 327/632/4 328/634/4 326/630/4 329/636/4 330/638/4 341/654/4 343/658/4 344/660/4 342/656/4 339/650/4 340/652/4
f 366/698/6 331/640/6 323/627/21 365/696/21
f 365/696/21 323/627/21 322/626/22 369/705/22
f 369/705/22 322/626/22 321/625/8 364/694/8
f 335/645/2 367/701/2 368/703/12 324/628/12
f 324/628/12 368/703/12 363/692/13 325/629/13
f 325/629/13 363/692/13 364/694/8 321/625/8
f 331/641/6 366/699/6 370/707/10 333/643/10
f 333/643/10 370/707/10 361/688/11 334/644/11
f 334/644/11 361/688/11 362/690/16 332/642/16
f 367/701/2 335/645/2 337/647/19 371/709/19
f 371/709/19 337/647/19 336/646/20 372/711/20
f 372/711/20 336/646/20 332/642/16 362/690/16
f 357/679/4 348/665/4 349/667/4 350/669/4 359/684/4 360/686/4 356/677/4 358/682/4
f 357/680/65 351/671/65 346/663/65 348/666/65
f 348/666/66 346/663/66 345/662/66 349/668/66
f 354/675/63 359/685/63 350/670/63 347/664/63
f 347/664/64 350/670/64 349/668/64 345/662/64
f 351/672/69 357/681/69 358/683/69 352/673/69
f 352/673/70 358/683/70 356/678/70 353/674/70
f 359/685/67 354/675/67 355/676/67 360/687/67
f 360/687/68 355/676/68 353/674/68 356/678/68
f 339/651/83 342/657/84 362/691/84 361/689/83
f 329/637/85 326/631/86 364/695/86 363/693/85
f 327/633/87 338/649/88 366/700/88 365/697/87
f 341/655/89 330/639/90 368/704/90 367/702/89
f 328/635/91 327/633/87 365/697/87 369/706/91
f 326/631/86 328/635/91 369/706/91 364/695/86
f 330/639/90 329/637/85 363/693/85 368/704/90
f 338/649/88 340/653/92 370/708/92 366/700/88
f 340/653/92 339/651/83 361/689/83 370/708/92
f 343/659/93 341/655/89 367/702/89 371/710/93
f 344/661/94 343/659/93 371/710/93 372/712/94
f 342/657/84 344/661/94 372/712/94 362/691/84
f 390/736/4 379/720/4 380/722/4 378/718/4 381/724/4 382/726/4 393/742/4 395/746/4 396/748/4 394/744/4 391/738/4 392/740/4
f 418/786/6 383/728/6 375/715/21 417/784/21
f 417/784/21 375/715/21 374/714/22 421/793/22
f 421/793/22 374/714/22 373/713/8 416/782/8
f 387/733/2 419/789/2 420/791/12 376/716/12
f 376/716/12 420/791/12 415/780/13 377/717/13
f 377/717/13 415/780/13 416/782/8 373/713/8
f 383/729/6 418/787/6 422/795/10 385/731/10
f 385/731/10 422/795/10 413/776/11 386/732/11
f 386/732/11 413/776/11 414/778/16 384/730/16
f 419/789/2 387/733/2 389/735/19 423/797/19
f 423/797/19 389/735/19 388/734/20 424/799/20
f 424/799/20 388/734/20 384/730/16 414/778/16
f 409/767/4 400/753/4 401/755/4 402/757/4 411/772/4 412/774/4 408/765/4 410/770/4
f 409/768/65 403/759/65 398/751/65 400/754/65
f 400/754/66 398/751/66 397/750/66 401/756/66
f 406/763/63 411/773/63 402/758/63 399/752/63
f 399/752/64 402/758/64 401/756/64 397/750/64
f 403/760/69 409/769/69 410/771/69 404/761/69
f 404/761/70 410/771/70 408/766/70 405/762/70
f 411/773/67 406/763/67 407/764/67 412/775/67
f 412/775/68 407/764/68 405/762/68 408/766/68
f 391/739/83 394/745/84 414/779/84 413/777/83
f 381/725/85 378/719/86 416/783/86 415/781/85
f 379/721/87 390/737/88 418/788/88 417/785/87
f 393/743/89 382/727/90 420/792/90 419/790/89
f 380/723/91 379/721/87 417/785/87 421/794/91
f 378/719/86 380/723/91 421/794/91 416/783/86
f 382/727/90 381/725/85 415/781/85 420/792/90
f 390/737/88 392/741/92 422/796/92 418/788/88
f 392/741/92 391/739/83 413/777/83 422/796/92
f 395/747/93 393/743/89 419/790/89 423/798/93
f 396/749/94 395/747/93 423/798/93 424/800/94
f 394/745/84 396/749/94 424/800/94 414/779/84
f 442/824/6 431/808/6 432/810/6 430/806/6 433/812/6 434/814/6 445/830/6 447/834/6 448/836/6 446/832/6 443/826/6 444/828/6
f 470/874/8 435/816/8 427/803/95 469/872/95
f 469/872/95 427/803/95 426/802/96 473/881/96
f 473/881/96 426/802/96 425/801/4 468/870/4
f 439/821/16 471/877/16 472/879/97 428/804/97
f 428/804/97 472/879/97 467/868/98 429/805/98
f 429/805/98 467/868/98 468/870/4 425/801/4
f 435/817/8 470/875/8 474/883/99 437/819/99
f 437/819/99 474/883/99 465/864/100 438/820/100
f 438/820/100 465/864/100 466/866/7 436/818/7
f 471/877/16 439/821/16 441/823/101 475/885/101
f 475/885/101 441/823/101 440/822/102 476/887/102
f 476/887/102 440/822/102 436/818/7 466/866/7
f 461/855/6 452/841/6 453/843/6 454/845/6 463/860/6 464/862/6 460/853/6 462/858/6
f 461/856/103 455/847/103 450/839/103 452/842/103
f 452/842/104 450/839/104 449/838/104 453/844/104
f 458/851/105 463/861/105 454/846/105 451/840/105
f 451/840/106 454/846/106 453/844/106 449/838/106
f 455/848/107 461/857/107 462/859/107 456/849/107
f 456/849/108 462/859/108 460/854/108 457/850/108
f 463/861/109 458/851/109 459/852/109 464/863/109
f 464/863/110 459/852/110 457/850/110 460/854/110
f 443/827/111 446/833/112 466/867/112 465/865/111
f 433/813/113 430/807/114 468/871/114 467/869/113
f 431/809/115 442/825/116 470/876/116 469/873/115
f 445/831/117 434/815/118 472/880/118 471/878/117
f 432/811/119 431/809/115 469/873/115 473/882/119
f 430/807/114 432/811/119 473/882/119 468/871/114
f 434/815/118 433/813/113 467/869/113 472/880/118
f 442/825/116 444/829/120 474/884/120 470/876/116
f 444/829/120 443/827/111 465/865/111 474/884/120
f 447/835/121 445/831/117 471/878/117 475/886/121
f 448/837/122 447/835/121 475/886/121 476/888/122
f 446/833/112 448/837/122 476/888/122 466/867/112
f 494/912/2 483/896/2 484/898/2 482/894/2 485/900/2 486/902/2 497/918/2 499/922/2 500/924/2 498/920/2 495/914/2 496/916/2
f 522/962/16 487/904/16 479/891/97 521/960/97
f 521/960/97 479/891/97 478/890/98 525/969/98
f 525/969/98 478/890/98 477/889/4 520/958/4
f 491/909/8 523/965/8 524/967/95 480/892/95
f 480/892/95 524/967/95 519/956/96 481/893/96
f 481/893/96 519/956/96 520/958/4 477/889/4
f 487/905/16 522/963/16 526/971/101 489/907/101
f 489/907/101 526/971/101 517/952/102 490/908/102
f 490/908/102 517/952/102 518/954/7 488/906/7
f 523/965/8 491/909/8 493/911/99 527/973/99
f 527/973/99 493/911/99 492/910/100 528/975/100
f 528/975/100 492/910/100 488/906/7 518/954/7
f 513/943/2 504/929/2 505/931/2 506/933/2 515/948/2 516/950/2 512/941/2 514/946/2
f 513/944/105 507/935/105 502/927/105 504/930/105
f 504/930/106 502/927/106 501/926/106 505/932/106
f 510/939/103 515/949/103 506/934/103 503/928/103
f 503/928/104 506/934/104 505/932/104 501/926/104
f 507/936/109 513/945/109 514/947/109 508/937/109
f 508/937/110 514/947/110 512/942/110 509/938/110
f 515/949/107 510/939/107 511/940/107 516/951/107
f 516/951/108 511/940/108 509/938/108 512/942/108
f 495/915/123 498/921/124 518/955/124 517/953/123
f 485/901/125 482/895/126 520/959/126 519/957/125
f 483/897/127 494/913/128 522/964/128 521/961/127
f 497/919/129 486/903/130 524/968/130 523/966/129
f 484/899/131 483/897/127 521/961/127 525/970/131
f 482/895/126 484/899/131 525/970/131 520/959/126
f 486/903/130 485/901/125 519/957/125 524/968/130
f 494/913/128 496/917/132 526/972/132 522/964/128
f 496/917/132 495/915/123 517/953/123 526/972/132
f 499/923/133 497/919/129 523/966/129 527/974/133
f 500/925/134 499/923/133 527/974/133 528/976/134
f 498/921/124 500/925/134 528/976/134 518/955/124
f 546/1000/6 535/984/6 536/986/6 534/982/6 537/988/6 538/990/6 549/1006/6 551/1010/6 552/1012/6 550/1008/6 547/1002/6 548/1004/6
f 574/1050/8 539/992/8 531/979/95 573/1048/95
f 573/1048/95 531/979/95 530/978/96 577/1057/96
f 577/1057/96 530/978/96 529/977/4 572/1046/4
f 543/997/16 575/1053/16 576/1055/97 532/980/97
f 532/980/97 576/1055/97 571/1044/98 533/981/98
f 533/981/98 571/1044/98 572/1046/4 529/977/4
f 539/993/8 574/1051/8 578/1059/99 541/995/99
f 541/995/99 578/1059/99 569/1040/100 542/996/100
f 542/996/100 569/1040/100 570/1042/7 540/994/7
f 575/1053/16 543/997/16 545/999/101 579/1061/101
f 579/1061/101 545/999/101 544/998/102 580/1063/102
f 580/1063/102 544/998/102 540/994/7 570/1042/7
f 565/1031/6 556/1017/6 557/1019/6 558/1021/6 567/1036/6 568/1038/6 564/1029/6 566/1034/6
f 565/1032/103 559/1023/103 554/1015/103 556/1018/103
f 556/1018/104 554/1015/104 553/1014/104 557/1020/104
f 562/1027/105 567/1037/105 558/1022/105 555/1016/105
f 555/1016/106 558/1022/106 557/1020/106 553/1014/106
f 559/1024/107 565/1033/107 566/1035/107 560/1025/107
f 560/1025/108 566/1035/108 564/1030/108 561/1026/108
f 567/1037/109 562/1027/109 563/1028/109 568/1039/109
f 568/1039/110 563/1028/110 561/1026/110 564/1030/110
f 547/1003/111 550/1009/112 570/1043/112 569/1041/111
f 537/989/113 534/983/114 572/1047/114 571/1045/113
f 535/985/115 546/1001/116 574/1052/116 573/1049/115
f 549/1007/117 538/991/118 576/1056/118 575/1054/117
f 536/987/119 535/985/115 573/1049/115 577/1058/119
f 534/983/114 536/987/119 577/1058/119 572/1047/114
f 538/991/118 537/989/113 571/1045/113 576/1056/118
f 546/1001/116 548/1005/120 578/1060/120 574/1052/116
f 548/1005/120 547/1003/111 569/1041/111 578/1060/120
f 551/1011/121 549/1007/117 575/1054/117 579/1062/121
f 552/1013/122 551/1011/121 579/1062/121 580/1064/122
f 550/1009/112 552/1013/122 580/1064/122 570/1043/112
f 598/1088/2 587/1072/2 588/1074/2 586/1070/2 589/1076/2 590/1078/2 601/1094/2 603/1098/2 604/1100/2 602/1096/2 599/1090/2 600/1092/2
f 626/1138/16 591/1080/16 583/1067/97 625/1136/97
f 625/1136/97 583/1067/97 582/1066/98 629/1145/98
f 629/1145/98 582/1066/98 581/1065/4 624/1134/4
f 595/1085/8 627/1141/8 628/1143/95 584/1068/95
f 584/1068/95 628/1143/95 623/1132/96 585/1069/96
f 585/1069/96 623/1132/96 624/1134/4 581/1065/4
f 591/1081/16 626/1139/16 630/1147/101 593/1083/101
f 593/1083/101 630/1147/101 621/1128/102 594/1084/102
f 594/1084/102 621/1128/102 622/1130/7 592/1082/7
f 627/1141/8 595/1085/8 597/1087/99 631/1149/99
f 631/1149/99 597/1087/99 596/1086/100 632/1151/100
f 632/1151/100 596/1086/100 592/1082/7 622/1130/7
f 617/1119/2 608/1105/2 609/1107/2 610/1109/2 619/1124/2 620/1126/2 616/1117/2 618/1122/2
f 617/1120/105 611/1111/105 606/1103/105 608/1106/105
f 608/1106/106 606/1103/106 605/1102/106 609/1108/106
f 614/1115/103 619/1125/103 610/1110/103 607/1104/103
f 607/1104/104 610/1110/104 609/1108/104 605/1102/104
f 611/1112/109 617/1121/109 618/1123/109 612/1113/109
f 612/1113/110 618/1123/110 616/1118/110 613/1114/110
f 619/1125/107 614/1115/107 615/1116/107 620/1127/107
f 620/1127/108 615/1116/108 613/1114/108 616/1118/108
f 599/1091/123 602/1097/124 622/1131/124 621/1129/123
f 589/1077/125 586/1071/126 624/1135/126 623/1133/125
f 587/1073/127 598/1089/128 626/1140/128 625/1137/127
f 601/1095/129 590/1079/130 628/1144/130 627/1142/129
f 588/1075/131 587/1073/127 625/1137/127 629/1146/131
f 586/1071/126 588/1075/131 629/1146/131 624/1135/126
f 590/1079/130 589/1077/125 623/1133/125 628/1144/130
f 598/1089/128 600/1093/132 630/1148/132 626/1140/128
f 600/1093/132 599/1091/123 621/1129/123 630/1148/132
f 603/1099/133 601/1095/129 627/1142/129 631/1150/133
f 604/1101/134 603/1099/133 631/1150/133 632/1152/134
f 602/1097/124 604/1101/134 632/1152/134 622/1131/124
f 650/1176/8 639/1160/8 640/1162/8 638/1158/8 641/1164/8 642/1166/8 653/1182/8 655/1186/8 656/1188/8 654/1184/8 651/1178/8 652/1180/8
f 678/1226/2 643/1168/2 635/1155/135 677/1224/135
f 677/1224/135 635/1155/135 634/1154/136 681/1233/136
f 681/1233/136 634/1154/136 633/1153/4 676/1222/4
f 647/1173/6 679/1229/6 680/1231/137 636/1156/137
f 636/1156/137 680/1231/137 675/1220/138 637/1157/138
f 637/1157/138 675/1220/138 676/1222/4 633/1153/4
f 643/1169/2 678/1227/2 682/1235/139 645/1171/139
f 645/1171/139 682/1235/139 673/1216/140 646/1172/140
f 646/1172/140 673/1216/140 674/1218/7 644/1170/7
f 679/1229/6 647/1173/6 649/1175/141 683/1237/141
f 683/1237/141 649/1175/141 648/1174/142 684/1239/142
f 684/1239/142 648/1174/142 644/1170/7 674/1218/7
f 669/1207/8 660/1193/8 661/1195/8 662/1197/8 671/1212/8 672/1214/8 668/1205/8 670/1210/8
f 669/1208/143 663/1199/143 658/1191/143 660/1194/143
f 660/1194/144 658/1191/144 657/1190/144 661/1196/144
f 666/1203/145 671/1213/145 662/1198/145 659/1192/145
f 659/1192/146 662/1198/146 661/1196/146 657/1190/146
f 663/1200/147 669/1209/147 670/1211/147 664/1201/147
f 664/1201/148 670/1211/148 668/1206/148 665/1202/148
f 671/1213/149 666/1203/149 667/1204/149 672/1215/149
f 672/1215/150 667/1204/150 665/1202/150 668/1206/150
f 651/1179/151 654/1185/152 674/1219/152 673/1217/151
f 641/1165/153 638/1159/154 676/1223/154 675/1221/153
f 639/1161/155 650/1177/156 678/1228/156 677/1225/155
f 653/1183/157 642/1167/158 680/1232/158 679/1230/157
f 640/1163/159 639/1161/155 677/1225/155 681/1234/159
f 638/1159/154 640/1163/159 681/1234/159 676/1223/154
f 642/1167/158 641/1165/153 675/1221/153 680/1232/158
f 650/1177/156 652/1181/160 682/1236/160 678/1228/156
f 652/1181/160 651/1179/151 673/1217/151 682/1236/160
f 655/1187/161 653/1183/157 679/1230/157 683/1238/161
f 656/1189/162 655/1187/161 683/1238/161 684/1240/162
f 654/1185/152 656/1189/162 684/1240/162 674/1219/152
f 702/1264/8 691/1248/8 692/1250/8 690/1246/8 693/1252/8 694/1254/8 705/1270/8 707/1274/8 708/1276/8 706/1272/8 703/1266/8 704/1268/8
f 730/1314/2 695/1256/2 687/1243/135 729/1312/135
f 729/1312/135 687/1243/135 686/1242/136 733/1321/136
f 733/1321/136 686/1242/136 685/1241/4 728/1310/4
f 699/1261/6 731/1317/6 732/1319/137 688/1244/137
f 688/1244/137 732/1319/137 727/1308/138 689/1245/138
f 689/1245/138 727/1308/138 728/1310/4 685/1241/4
f 695/1257/2 730/1315/2 734/1323/139 697/1259/139
f 697/1259/139 734/1323/139 725/1304/140 698/1260/140
f 698/1260/140 725/1304/140 726/1306/7 696/1258/7
f 731/1317/6 699/1261/6 701/1263/141 735/1325/141
f 735/1325/141 701/1263/141 700/1262/142 736/1327/142
f 736/1327/142 700/1262/142 696/1258/7 726/1306/7
f 721/1295/8 712/1281/8 713/1283/8 714/1285/8 723/1300/8 724/1302/8 720/1293/8 722/1298/8
f 721/1296/143 715/1287/143 710/1279/143 712/1282/143
f 712/1282/144 710/1279/144 709/1278/144 713/1284/144
f 718/1291/145 723/1301/145 714/1286/145 711/1280/145
f 711/1280/146 714/1286/146 713/1284/146 709/1278/146
f 715/1288/147 721/1297/147 722/1299/147 716/1289/147
f 716/1289/148 722/1299/148 720/1294/148 717/1290/148
f 723/1301/149 718/1291/149 719/1292/149 724/1303/149
f 724/1303/150 719/1292/150 717/1290/150 720/1294/150
f 703/1267/151 706/1273/152 726/1307/152 725/1305/151
f 693/1253/153 690/1247/154 728/1311/154 727/1309/153
f 691/1249/155 702/1265/156 730/1316/156 729/1313/155
f 705/1271/157 694/1255/158 732/1320/158 731/1318/157
f 692/1251/159 691/1249/155 729/1313/155 733/1322/159
f 690/1247/154 692/1251/159 733/1322/159 728/1311/154
f 694/1255/158 693/1253/153 727/1309/153 732/1320/158
f 702/1265/156 704/1269/160 734/1324/160 730/1316/156
f 704/1269/160 703/1267/151 725/1305/151 734/1324/160
f 707/1275/161 705/1271/157 731/1318/157 735/1326/161
f 708/1277/162 707/1275/161 735/1326/161 736/1328/162
f 706/1273/152 708/1277/162 736/1328/162 726/1307/152
f 749/1356/6 750/1358/137 805/1460/137 806/1462/6
f 774/1395/163 742/1339/163 744/1345/164 773/1393/164
f 773/1393/164 744/1345/164 745/1347/165 775/1398/165
f 775/1398/165 745/1347/165 743/1343/166 776/1400/166
f 746/1349/167 777/1402/167 778/1404/168 748/1353/168
f 748/1353/168 778/1404/168 779/1406/169 747/1351/169
f 747/1351/169 779/1406/169 776/1400/166 743/1343/166
f 742/1340/163 774/1396/163 780/1408/170 739/1333/170
f 739/1333/170 780/1408/170 781/1410/171 738/1331/171
f 738/1331/171 781/1410/171 782/1412/172 737/1329/172
f 777/1402/167 746/1349/167 740/1335/173 784/1416/173
f 784/1416/173 740/1335/173 741/1337/174 783/1414/174
f 783/1414/174 741/1337/174 737/1329/172 782/1412/172
f 743/1344/2 770/1390/2 772/1392/139 747/1352/139
f 747/1352/139 772/1392/139 771/1391/140 748/1354/140
f 748/1354/140 771/1391/140 769/1389/7 746/1350/7
f 764/1384/6 737/1330/6 741/1338/141 765/1385/141
f 765/1385/141 741/1338/141 740/1336/142 766/1386/142
f 766/1386/142 740/1336/142 746/1350/7 769/1389/7
f 737/1330/6 764/1384/6 763/1383/137 738/1332/137
f 738/1332/137 763/1383/137 762/1382/138 739/1334/138
f 739/1334/138 762/1382/138 761/1380/4 742/1341/4
f 770/1390/2 743/1344/2 745/1348/135 767/1387/135
f 767/1387/135 745/1348/135 744/1346/136 768/1388/136
f 768/1388/136 744/1346/136 742/1342/4 761/1381/4
f 756/1370/16 754/1365/16 774/1397/16 773/1394/16
f 757/1372/16 756/1370/16 773/1394/16 775/1399/16
f 755/1368/16 757/1372/16 775/1399/16 776/1401/16
f 758/1374/16 760/1378/16 778/1405/16 777/1403/16
f 760/1378/16 759/1376/16 779/1407/16 778/1405/16
f 751/1359/16 750/1357/16 781/1411/16 780/1409/16
f 750/1357/16 749/1355/16 782/1413/16 781/1411/16
f 753/1363/16 752/1361/16 784/1417/16 783/1415/16
f 759/1376/16 755/1368/16 776/1401/16 779/1407/16
f 754/1365/16 751/1359/16 780/1409/16 774/1397/16
f 752/1361/16 758/1374/16 777/1403/16 784/1417/16
f 749/1355/16 753/1363/16 783/1415/16 782/1413/16
f 786/1420/16 785/1418/16 787/1423/16 788/1425/16 791/1431/16 790/1429/16 789/1427/16 796/1441/16 795/1439/16 794/1437/16 793/1435/16 792/1433/16
f 760/1379/140 758/1375/7 801/1452/7 802/1454/140
f 758/1375/7 752/1362/142 808/1466/142 801/1452/7
f 754/1366/4 756/1371/136 797/1443/136 798/1445/4
f 752/1362/142 753/1364/141 807/1464/141 808/1466/142
f 759/1377/139 760/1379/140 802/1454/140 803/1456/139
f 753/1364/141 749/1356/6 806/1462/6 807/1464/141
f 756/1371/136 757/1373/135 799/1448/135 797/1443/136
f 755/1369/2 759/1377/139 803/1456/139 800/1450/2
f 750/1358/137 751/1360/138 804/1458/138 805/1460/137
f 757/1373/135 755/1369/2 800/1450/2 799/1448/135
f 751/1360/138 754/1367/4 798/1446/4 804/1458/138
f 809/1468/16 810/1470/16 798/1447/16 797/1444/16
f 811/1473/16 809/1468/16 797/1444/16 799/1449/16
f 812/1475/16 811/1473/16 799/1449/16 800/1451/16
f 813/1477/16 814/1479/16 802/1455/16 801/1453/16
f 814/1479/16 815/1481/16 803/1457/16 802/1455/16
f 816/1483/16 817/1485/16 805/1461/16 804/1459/16
f 817/1485/16 818/1487/16 806/1463/16 805/1461/16
f 819/1489/16 820/1491/16 808/1467/16 807/1465/16
f 815/1481/16 812/1475/16 800/1451/16 803/1457/16
f 810/1470/16 816/1483/16 804/1459/16 798/1447/16
f 820/1491/16 813/1477/16 801/1453/16 808/1467/16
f 818/1487/16 819/1489/16 807/1465/16 806/1463/16
f 790/1430/140 791/1432/139 839/1532/139 838/1529/140
f 794/1438/6 795/1440/141 843/1540/141 842/1538/6
f 817/1486/139 816/1484/140 828/1509/140 829/1511/139
f 789/1428/7 790/1430/140 838/1529/140 837/1527/7
f 796/1442/142 789/1428/7 837/1527/7 844/1542/142
f 815/1482/137 814/1480/138 826/1504/138 827/1507/137
f 788/1426/2 787/1424/135 835/1523/135 836/1526/2
f 819/1490/135 818/1488/2 830/1513/2 831/1515/135
f 786/1421/4 792/1434/138 840/1534/138 834/1520/4
f 814/1480/138 813/1478/4 825/1502/4 826/1504/138
f 787/1424/135 785/1419/136 833/1519/136 835/1523/135
f 813/1478/4 820/1492/136 832/1517/136 825/1502/4
f 833/1518/16 834/1521/16 822/1495/16 821/1493/16
f 835/1524/16 833/1518/16 821/1493/16 823/1498/16
f 836/1525/16 835/1524/16 823/1498/16 824/1500/16
f 837/1528/16 838/1530/16 826/1505/16 825/1503/16
f 838/1530/16 839/1531/16 827/1506/16 826/1505/16
f 840/1533/16 841/1535/16 829/1510/16 828/1508/16
f 841/1535/16 842/1537/16 830/1512/16 829/1510/16
f 843/1539/16 844/1541/16 832/1516/16 831/1514/16
f 839/1531/16 836/1525/16 824/1500/16 827/1506/16
f 834/1521/16 840/1533/16 828/1508/16 822/1495/16
f 844/1541/16 837/1528/16 825/1503/16 832/1516/16
f 842/1537/16 843/1539/16 831/1514/16 830/1512/16
f 818/1488/2 817/1486/139 829/1511/139 830/1513/2
f 792/1434/138 793/1436/137 841/1536/137 840/1534/138
f 820/1492/136 819/1490/135 831/1515/135 832/1517/136
f 810/1471/7 809/1469/142 821/1494/142 822/1496/7
f 793/1436/137 794/1438/6 842/1538/6 841/1536/137
f 812/1476/6 815/1482/137 827/1507/137 824/1501/6
f 809/1469/142 811/1474/141 823/1499/141 821/1494/142
f 795/1440/141 796/1442/142 844/1542/142 843/1540/141
f 816/1484/140 810/1472/7 822/1497/7 828/1509/140
f 785/1419/136 786/1422/4 834/1522/4 833/1519/136
f 811/1474/141 812/1476/6 824/1501/6 823/1499/141
f 791/1432/139 788/1426/2 836/1526/2 839/1532/139
f 857/1568/8 858/1571/8 859/1573/8 860/1575/8 861/1577/8 862/1579/8 865/1585/8 867/1589/8 868/1591/8 866/1587/8 863/1581/8 864/1583/8
f 851/1556/2 866/1588/2 868/1592/139 855/1564/139
f 855/1564/139 868/1592/139 867/1590/140 856/1566/140
f 856/1566/140 867/1590/140 865/1586/7 854/1562/7
f 860/1576/6 845/1543/6 849/1551/141 861/1578/141
f 861/1578/141 849/1551/141 848/1549/142 862/1580/142
f 862/1580/142 848/1549/142 854/1562/7 865/1586/7
f 845/1543/6 860/1576/6 859/1574/137 846/1545/137
f 846/1545/137 859/1574/137 858/1572/138 847/1547/138
f 847/1547/138 858/1572/138 857/1569/4 850/1553/4
f 866/1588/2 851/1556/2 853/1560/135 863/1582/135
f 863/1582/135 853/1560/135 852/1558/136 864/1584/136
f 864/1584/136 852/1558/136 850/1554/4 857/1570/4
f 850/1555/16 852/1559/16 853/1561/16 851/1557/16 855/1565/16 856/1567/16 854/1563/16 848/1550/16 849/1552/16 845/1544/16 846/1546/16 847/1548/16
f 886/1616/175 875/1600/175 876/1602/175 874/1598/175 877/1604/175 878/1606/175 889/1622/175 891/1626/175 892/1628/175 890/1624/175 887/1618/175 888/1620/175
f 914/1666/8 879/1608/8 871/1595/176 913/1664/176
f 913/1664/176 871/1595/176 870/1594/177 917/1673/177
f 917/1673/177 870/1594/177 869/1593/178 912/1662/178
f 883/1613/16 915/1669/16 916/1671/179 872/1596/179
f 872/1596/179 916/1671/179 911/1660/180 873/1597/180
f 873/1597/180 911/1660/180 912/1662/178 869/1593/178
f 879/1609/8 914/1667/8 918/1675/181 881/1611/181
f 881/1611/181 918/1675/181 909/1656/182 882/1612/182
f 882/1612/182 909/1656/182 910/1658/183 880/1610/183
f 915/1669/16 883/1613/16 885/1615/184 919/1677/184
f 919/1677/184 885/1615/184 884/1614/185 920/1679/185
f 920/1679/185 884/1614/185 880/1610/183 910/1658/183
f 905/1647/175 896/1633/175 897/1635/175 898/1637/175 907/1652/175 908/1654/175 904/1645/175 906/1650/175
f 905/1648/186 899/1639/186 894/1631/186 896/1634/186
f 896/1634/187 894/1631/187 893/1630/187 897/1636/187
f 902/1643/188 907/1653/188 898/1638/188 895/1632/188
f 895/1632/189 898/1638/189 897/1636/189 893/1630/189
f 899/1640/190 905/1649/190 906/1651/190 900/1641/190
f 900/1641/191 906/1651/191 904/1646/191 901/1642/191
f 907/1653/192 902/1643/192 903/1644/192 908/1655/192
f 908/1655/193 903/1644/193 901/1642/193 904/1646/193
f 887/1619/194 890/1625/195 910/1659/195 909/1657/194
f 877/1605/196 874/1599/197 912/1663/197 911/1661/196
f 875/1601/198 886/1617/199 914/1668/199 913/1665/198
f 889/1623/200 878/1607/201 916/1672/201 915/1670/200
f 876/1603/202 875/1601/198 913/1665/198 917/1674/202
f 874/1599/197 876/1603/202 917/1674/202 912/1663/197
f 878/1607/201 877/1605/196 911/1661/196 916/1672/201
f 886/1617/199 888/1621/203 918/1676/203 914/1668/199
f 888/1621/203 887/1619/194 909/1657/194 918/1676/203
f 891/1627/204 889/1623/200 915/1670/200 919/1678/204
f 892/1629/205 891/1627/204 919/1678/204 920/1680/205
f 890/1625/195 892/1629/205 920/1680/205 910/1659/195
f 938/1704/206 927/1688/206 928/1690/206 926/1686/206 929/1692/206 930/1694/206 941/1710/206 943/1714/206 944/1716/206 942/1712/206 939/1706/206 940/1708/206
f 966/1754/8 931/1696/8 923/1683/181 965/1752/181
f 965/1752/181 923/1683/181 922/1682/182 969/1761/182
f 969/1761/182 922/1682/182 921/1681/183 964/1750/183
f 935/1701/16 967/1757/16 968/1759/184 924/1684/184
f 924/1684/184 968/1759/184 963/1748/185 925/1685/185
f 925/1685/185 963/1748/185 964/1750/183 921/1681/183
f 931/1697/8 966/1755/8 970/1763/176 933/1699/176
f 933/1699/176 970/1763/176 961/1744/177 934/1700/177
f 934/1700/177 961/1744/177 962/1746/178 932/1698/178
f 967/1757/16 935/1701/16 937/1703/179 971/1765/179
f 971/1765/179 937/1703/179 936/1702/180 972/1767/180
f 972/1767/180 936/1702/180 932/1698/178 962/1746/178
f 957/1735/206 948/1721/206 949/1723/206 950/1725/206 959/1740/206 960/1742/206 956/1733/206 958/1738/206
f 957/1736/190 951/1727/190 946/1719/190 948/1722/190
f 948/1722/191 946/1719/191 945/1718/191 949/1724/191
f 954/1731/192 959/1741/192 950/1726/192 947/1720/192
f 947/1720/193 950/1726/193 949/1724/193 945/1718/193
f 951/1728/186 957/1737/186 958/1739/186 952/1729/186
f 952/1729/187 958/1739/187 956/1734/187 953/1730/187
f 959/1741/188 954/1731/188 955/1732/188 960/1743/188
f 960/1743/189 955/1732/189 953/1730/189 956/1734/189
f 939/1707/207 942/1713/208 962/1747/208 961/1745/207
f 929/1693/209 926/1687/210 964/1751/210 963/1749/209
f 927/1689/211 938/1705/212 966/1756/212 965/1753/211
f 941/1711/213 930/1695/214 968/1760/214 967/1758/213
f 928/1691/215 927/1689/211 965/1753/211 969/1762/215
f 926/1687/210 928/1691/215 969/1762/215 964/1751/210
f 930/1695/214 929/1693/209 963/1749/209 968/1760/214
f 938/1705/212 940/1709/216 970/1764/216 966/1756/212
f 940/1709/216 939/1707/207 961/1745/207 970/1764/216
f 943/1715/217 941/1711/213 967/1758/213 971/1766/217
f 944/1717/218 943/1715/217 971/1766/217 972/1768/218
f 942/1713/208 944/1717/218 972/1768/218 962/1747/208
f 990/1792/183 979/1776/183 980/1778/183 978/1774/183 981/1780/183 982/1782/183 993/1798/183 995/1802/183 996/1804/183 994/1800/183 991/1794/183 992/1796/183
f 1018/1842/8 983/1784/8 975/1771/219 1017/1840/219
f 1017/1840/219 975/1771/219 974/1770/220 1021/1849/220
f 1021/1849/220 974/1770/220 973/1769/175 1016/1838/175
f 987/1789/16 1019/1845/16 1020/1847/221 976/1772/221
f 976/1772/221 1020/1847/221 1015/1836/222 977/1773/222
f 977/1773/222 1015/1836/222 1016/1838/175 973/1769/175
f 983/1785/8 1018/1843/8 1022/1851/223 985/1787/223
f 985/1787/223 1022/1851/223 1013/1832/224 986/1788/224
f 986/1788/224 1013/1832/224 1014/1834/206 984/1786/206
f 1019/1845/16 987/1789/16 989/1791/225 1023/1853/225
f 1023/1853/225 989/1791/225 988/1790/226 1024/1855/226
f 1024/1855/226 988/1790/226 984/1786/206 1014/1834/206
f 1009/1823/183 1000/1809/183 1001/1811/183 1002/1813/183 1011/1828/183 1012/1830/183 1008/1821/183 1010/1826/183
f 1009/1824/227 1003/1815/227 998/1807/227 1000/1810/227
f 1000/1810/228 998/1807/228 997/1806/228 1001/1812/228
f 1006/1819/229 1011/1829/229 1002/1814/229 999/1808/229
f 999/1808/230 1002/1814/230 1001/1812/230 997/1806/230
f 1003/1816/231 1009/1825/231 1010/1827/231 1004/1817/231
f 1004/1817/232 1010/1827/232 1008/1822/232 1005/1818/232
f 1011/1829/233 1006/1819/233 1007/1820/233 1012/1831/233
f 1012/1831/234 1007/1820/234 1005/1818/234 1008/1822/234
f 991/1795/235 994/1801/236 1014/1835/236 1013/1833/235
f 981/1781/237 978/1775/238 1016/1839/238 1015/1837/237
f 979/1777/239 990/1793/240 1018/1844/240 1017/1841/239
f 993/1799/241 982/1783/242 1020/1848/242 1019/1846/241
f 980/1779/243 979/1777/239 1017/1841/239 1021/1850/243
f 978/1775/238 980/1779/243 1021/1850/243 1016/1839/238
f 982/1783/242 981/1781/237 1015/1837/237 1020/1848/242
f 990/1793/240 992/1797/244 1022/1852/244 1018/1844/240
f 992/1797/244 991/1795/235 1013/1833/235 1022/1852/244
f 995/1803/245 993/1799/241 1019/1846/241 1023/1854/245
f 996/1805/246 995/1803/245 1023/1854/245 1024/1856/246
f 994/1801/236 996/1805/246 1024/1856/246 1014/1835/236
f 1042/1880/178 1031/1864/178 1032/1866/178 1030/1862/178 1033/1868/178 1034/1870/178 1045/1886/178 1047/1890/178 1048/1892/178 1046/1888/178 1043/1882/178 1044/1884/178
f 1070/1930/8 1035/1872/8 1027/1859/223 1069/1928/223
f 1069/1928/223 1027/1859/223 1026/1858/224 1073/1937/224
f 1073/1937/224 1026/1858/224 1025/1857/206 1068/1926/206
f 1039/1877/16 1071/1933/16 1072/1935/225 1028/1860/225
f 1028/1860/225 1072/1935/225 1067/1924/226 1029/1861/226
f 1029/1861/226 1067/1924/226 1068/1926/206 1025/1857/206
f 1035/1873/8 1070/1931/8 1074/1939/219 1037/1875/219
f 1037/1875/219 1074/1939/219 1065/1920/220 1038/1876/220
f 1038/1876/220 1065/1920/220 1066/1922/175 1036/1874/175
f 1071/1933/16 1039/1877/16 1041/1879/221 1075/1941/221
f 1075/1941/221 1041/1879/221 1040/1878/222 1076/1943/222
f 1076/1943/222 1040/1878/222 1036/1874/175 1066/1922/175
f 1061/1911/178 1052/1897/178 1053/1899/178 1054/1901/178 1063/1916/178 1064/1918/178 1060/1909/178 1062/1914/178
f 1061/1912/231 1055/1903/231 1050/1895/231 1052/1898/231
f 1052/1898/232 1050/1895/232 1049/1894/232 1053/1900/232
f 1058/1907/233 1063/1917/233 1054/1902/233 1051/1896/233
f 1051/1896/234 1054/1902/234 1053/1900/234 1049/1894/234
f 1055/1904/227 1061/1913/227 1062/1915/227 1056/1905/227
f 1056/1905/228 1062/1915/228 1060/1910/228 1057/1906/228
f 1063/1917/229 1058/1907/229 1059/1908/229 1064/1919/229
f 1064/1919/230 1059/1908/230 1057/1906/230 1060/1910/230
f 1043/1883/247 1046/1889/248 1066/1923/248 1065/1921/247
f 1033/1869/249 1030/1863/250 1068/1927/250 1067/1925/249
f 1031/1865/251 1042/1881/252 1070/1932/252 1069/1929/251
f 1045/1887/253 1034/1871/254 1072/1936/254 1071/1934/253
f 1032/1867/255 1031/1865/251 1069/1929/251 1073/1938/255
f 1030/1863/250 1032/1867/255 1073/1938/255 1068/1927/250
f 1034/1871/254 1033/1869/249 1067/1925/249 1072/1936/254
f 1042/1881/252 1044/1885/256 1074/1940/256 1070/1932/252
f 1044/1885/256 1043/1883/247 1065/1921/247 1074/1940/256
f 1047/1891/257 1045/1887/253 1071/1934/253 1075/1942/257
f 1048/1893/258 1047/1891/257 1075/1942/257 1076/1944/258
f 1046/1889/248 1048/1893/258 1076/1944/258 1066/1923/248
f 1080/1951/259 1084/1959/260 1082/1955/260 1078/1947/259
f 1108/2007/261 1106/2003/261 1080/1951/259 1078/1947/259
f 1077/1945/8 1107/2005/8 1108/2008/8 1078/1948/8
f 1084/1959/260 1088/1967/262 1086/1963/262 1082/1955/260
f 1079/1949/16 1083/1957/16 1084/1960/16 1080/1952/16
f 1084/1960/16 1083/1957/16 1087/1965/16 1088/1968/16
f 1083/1958/263 1081/1954/263 1085/1962/264 1087/1966/264
f 1086/1964/8 1090/1971/8 1089/1969/8 1085/1961/8
f 1086/1963/262 1088/1967/262 1092/1976/265 1090/1972/265
f 1081/1953/8 1082/1956/8 1086/1964/8 1085/1961/8
f 1087/1965/16 1091/1973/16 1092/1975/16 1088/1968/16
f 1089/1969/8 1090/1971/8 1094/1980/8 1093/1978/8
f 1092/1975/16 1091/1973/16 1095/1981/16 1096/1983/16
f 1087/1966/264 1085/1962/264 1089/1970/266 1091/1974/266
f 1090/1972/265 1092/1976/265 1096/1984/267 1094/1979/267
f 1095/1982/268 1093/1977/268 1097/1985/269 1100/1992/269
f 1096/1983/16 1095/1981/16 1100/1991/16 1099/1990/16
f 1091/1974/266 1089/1970/266 1093/1977/268 1095/1982/268
f 1096/1984/267 1099/1989/270 1098/1987/270 1094/1979/267
f 1099/1989/270 1104/1999/206 1102/1995/206 1098/1987/270
f 1097/1986/8 1098/1988/8 1102/1996/8 1101/1993/8
f 1099/1990/16 1100/1991/16 1103/1997/16 1104/2000/16
f 1100/1992/269 1097/1985/269 1101/1994/175 1103/1998/175
f 1107/2006/271 1105/2001/271 1109/2009/272 1111/2014/272
f 1105/2002/16 1106/2004/16 1110/2012/16 1109/2010/16
f 1093/1978/8 1094/1980/8 1098/1988/8 1097/1986/8
f 1108/2007/261 1112/2015/273 1110/2011/273 1106/2003/261
f 1112/2015/273 1116/2023/274 1114/2019/274 1110/2011/273
f 1107/2005/8 1111/2013/8 1112/2016/8 1108/2008/8
f 1112/2016/8 1111/2013/8 1115/2021/8 1116/2024/8
f 1111/2014/272 1109/2009/272 1113/2018/275 1115/2022/275
f 1114/2020/16 1118/2027/16 1117/2025/16 1113/2017/16
f 1114/2019/274 1116/2023/274 1120/2032/276 1118/2028/276
f 1109/2010/16 1110/2012/16 1114/2020/16 1113/2017/16
f 1115/2021/8 1119/2029/8 1120/2031/8 1116/2024/8
f 1117/2025/16 1118/2027/16 1122/2036/16 1121/2034/16
f 1120/2031/8 1119/2029/8 1123/2037/8 1124/2039/8
f 1115/2022/275 1113/2018/275 1117/2026/277 1119/2030/277
f 1118/2028/276 1120/2032/276 1124/2040/278 1122/2035/278
f 1123/2038/279 1121/2033/279 1125/2041/280 1128/2048/280
f 1124/2039/8 1123/2037/8 1128/2047/8 1127/2046/8
f 1119/2030/277 1117/2026/277 1121/2033/279 1123/2038/279
f 1124/2040/278 1127/2045/281 1126/2043/281 1122/2035/278
f 1127/2045/281 1132/2055/178 1130/2051/178 1126/2043/281
f 1125/2042/16 1126/2044/16 1130/2052/16 1129/2049/16
f 1127/2046/8 1128/2047/8 1131/2053/8 1132/2056/8
f 1128/2048/280 1125/2041/280 1129/2050/183 1131/2054/183
f 1079/1950/282 1105/2001/271 1107/2006/271 1077/1946/282
f 1080/1952/16 1106/2004/16 1105/2002/16 1079/1949/16
f 1121/2034/16 1122/2036/16 1126/2044/16 1125/2042/16
f 1136/2063/283 1134/2059/283 1138/2068/108 1140/2071/108
f 1163/2120/6 1164/2122/6 1136/2064/6 1135/2062/6 1161/2115/6 1162/2118/6
f 1140/2072/6 1144/2080/6 1143/2078/6 1139/2070/6
f 1133/2058/2 1137/2065/2 1138/2067/2 1134/2060/2
f 1135/2061/284 1139/2069/106 1137/2066/106 1133/2057/284
f 1138/2067/2 1137/2065/2 1141/2074/2 1142/2075/2
f 1143/2077/285 1147/2085/105 1145/2082/105 1141/2073/285
f 1140/2071/108 1138/2068/108 1142/2076/286 1144/2079/286
f 1137/2066/106 1139/2069/106 1143/2077/285 1141/2073/285
f 1141/2074/2 1145/2081/2 1146/2083/2 1142/2075/2
f 1145/2081/2 1149/2090/2 1150/2091/2 1146/2083/2
f 1144/2079/286 1142/2076/286 1146/2084/107 1148/2087/107
f 1144/2080/6 1148/2088/6 1147/2086/6 1143/2078/6
f 1145/2082/105 1147/2085/105 1151/2093/287 1149/2089/287
f 1149/2089/287 1151/2093/287 1155/2101/16 1153/2097/16
f 1148/2087/107 1146/2084/107 1150/2092/288 1152/2096/288
f 1148/2088/6 1152/2095/6 1151/2094/6 1147/2086/6
f 1151/2094/6 1152/2095/6 1156/2103/6 1155/2102/6
f 1149/2090/2 1153/2098/2 1154/2099/2 1150/2091/2
f 1152/2096/288 1150/2092/288 1154/2100/8 1156/2104/8
f 1161/2116/4 1135/2061/284 1133/2057/284 1158/2107/4
f 1136/2063/283 1164/2123/7 1159/2110/7 1134/2059/283
f 1157/2105/2 1158/2108/2 1133/2058/2 1134/2060/2 1159/2111/2 1160/2113/2
f 1077/1945/8 1078/1948/8 1082/1956/8 1081/1953/8
f 1079/1950/282 1077/1946/282 1081/1954/263 1083/1958/263
f 1135/2062/6 1136/2064/6 1140/2072/6 1139/2070/6
f 1161/2117/285 1158/2109/285 1157/2106/285 1162/2119/285
f 1159/2112/289 1164/2124/289 1163/2121/289 1160/2114/289
f 1162/2119/16 1157/2106/16 1160/2114/16 1163/2121/16
f 1168/2133/6 1166/2128/6 1165/2125/6 1167/2130/6
f 1172/2143/2 1171/2140/2 1169/2135/2 1170/2138/2
f 1165/2126/290 1169/2136/290 1171/2141/290 1167/2131/290
f 1166/2129/8 1170/2139/8 1169/2137/8 1165/2127/8
f 1167/2132/291 1171/2142/291 1172/2144/291 1168/2134/291
o hydraulic_spreader_etx_1_arm_child_1
v -0.307500 -0.050000 0.203971
v -0.323971 -0.050000 0.187500
v -0.323971 0.040000 0.187500
v -0.307500 0.040000 0.203971
v -0.330000 -0.050000 0.165000
v -0.323971 -0.050000 0.142500
v -0.307500 -0.050000 0.126029
v -0.330000 0.040000 0.165000
v -0.307500 0.040000 0.126029
v -0.323971 0.040000 0.142500
v -0.285000 -0.050000 0.210000
v -0.246029 -0.050000 0.187500
v -0.262500 -0.050000 0.203971
v -0.285000 0.040000 0.210000
v -0.262500 0.040000 0.203971
v -0.246029 0.040000 0.187500
v -0.285000 -0.050000 0.120000
v -0.240000 -0.050000 0.165000
v -0.262500 -0.050000 0.126029
v -0.246029 -0.050000 0.142500
v -0.240000 0.040000 0.165000
v -0.285000 0.040000 0.120000
v -0.246029 0.040000 0.142500
v -0.262500 0.040000 0.126029
v -0.377500 -0.040000 0.203971
v -0.393971 -0.040000 0.187500
v -0.393971 0.030000 0.187500
v -0.377500 0.030000 0.203971
v -0.400000 -0.040000 0.165000
v -0.393971 -0.040000 0.142500
v -0.377500 -0.040000 0.126029
v -0.400000 0.030000 0.165000
v -0.377500 0.030000 0.126029
v -0.393971 0.030000 0.142500
v -0.355000 -0.040000 0.210000
v -0.355000 0.030000 0.210000
v -0.355000 -0.040000 0.120000
v -0.285000 0.030000 0.120000
v -0.285000 -0.040000 0.120000
v -0.355000 0.030000 0.120000
v -0.285000 0.030000 0.210000
v -0.285000 -0.040000 0.210000
v -0.585000 -0.023000 0.099387
v -0.585000 0.013000 0.099387
v -0.585000 -0.023000 0.025000
v -0.585000 0.013000 0.025000
v -0.301645 -0.023000 0.155000
v -0.301645 0.013000 0.155000
v -0.350395 -0.023000 0.025000
v -0.350395 0.013000 0.025000
v -0.427431 -0.023000 0.155000
v -0.427431 0.013000 0.155000
v -0.600000 -0.023000 0.010000
v -0.600000 -0.023000 0.110000
v -0.600000 0.013000 0.110000
v -0.600000 0.013000 0.010000
v -0.340000 0.013000 0.010000
v -0.280000 -0.023000 0.170000
v -0.340000 -0.023000 0.010000
v -0.280000 0.013000 0.170000
v -0.430000 -0.023000 0.170000
v -0.430000 0.013000 0.170000
v -0.427431 0.003000 0.155000
v -0.585000 0.003000 0.099387
v -0.585000 0.003000 0.025000
v -0.350395 0.003000 0.025000
v -0.301645 0.003000 0.155000
v -0.427431 -0.013000 0.155000
v -0.585000 -0.013000 0.025000
v -0.585000 -0.013000 0.099387
v -0.301645 -0.013000 0.155000
v -0.350395 -0.013000 0.025000
v -0.780000 -0.035250 0.004500
v -0.780000 0.024750 0.004500
v -0.780000 -0.035250 0.015000
v -0.780000 0.024750 0.015000
v -0.615000 -0.035250 0.120000
v -0.615000 0.024750 0.120000
v -0.600000 -0.035250 0.004500
v -0.600000 0.024750 0.004500
v -0.600000 -0.035250 0.120000
v -0.600000 0.024750 0.120000
v -0.630000 -0.035250 0.095454
v -0.645000 -0.035250 0.100909
v -0.660000 -0.035250 0.076364
v -0.675000 -0.035250 0.081818
v -0.690000 -0.035250 0.057273
v -0.705000 -0.035250 0.062727
v -0.720000 -0.035250 0.038182
v -0.735000 -0.035250 0.043636
v -0.735000 0.024750 0.043636
v -0.720000 0.024750 0.038182
v -0.705000 0.024750 0.062727
v -0.690000 0.024750 0.057273
v -0.675000 0.024750 0.081818
v -0.660000 0.024750 0.076364
v -0.645000 0.024750 0.100909
v -0.630000 0.024750 0.095454
v -0.735000 -0.035250 0.004500
v -0.720000 -0.035250 0.015000
v -0.705000 -0.035250 0.015000
v -0.690000 -0.035250 0.004500
v -0.675000 -0.035250 0.004500
v -0.660000 -0.035250 0.015000
v -0.645000 -0.035250 0.015000
v -0.630000 -0.035250 0.004500
v -0.630000 0.024750 0.004500
v -0.645000 0.024750 0.015000
v -0.660000 0.024750 0.015000
v -0.675000 0.024750 0.004500
v -0.690000 0.024750 0.004500
v -0.705000 0.024750 0.015000
v -0.720000 0.024750 0.015000
v -0.735000 0.024750 0.004500
vn -0.0000 -0.0000 1.0000
vn -0.5000 -0.0000 0.8660
vn -0.8660 -0.0000 0.5000
vn -1.0000 -0.0000 -0.0000
vn -0.0000 -0.0000 -1.0000
vn -0.5000 -0.0000 -0.8660
vn -0.8660 -0.0000 -0.5000
vn 1.0000 -0.0000 -0.0000
vn 0.8660 -0.0000 -0.5000
vn 0.5000 -0.0000 -0.8660
vn 0.5000 -0.0000 0.8660
vn 0.8660 -0.0000 0.5000
vn -0.0000 1.0000 -0.0000
vn -0.1305 -0.0000 0.9914
vn -0.1305 -0.0000 -0.9914
vn -0.0000 -1.0000 -0.0000
vn 0.9363 -0.0000 -0.3511
vn -0.3328 -0.0000 0.9430
vn 0.3328 -0.0000 -0.9430
vn -0.9363 -0.0000 0.3511
vn -0.8533 -0.0000 0.5214
vn -0.5369 -0.0000 0.8437
vn -0.5735 -0.0000 -0.8192
vn 0.5735 -0.0000 -0.8192
vn 0.3417 -0.0000 0.9398
vn -0.8533 -0.0000 0.5215
vt 0.064270 0.436358
vt 0.064270 0.426358
vt 0.102907 0.426358
vt 0.102907 0.436358
vt 0.064270 0.416358
vt 0.064270 0.406358
vt 0.064270 0.396358
vt 0.102907 0.416358
vt 0.102907 0.396358
vt 0.102907 0.406358
vt 0.064270 0.446358
vt 0.064270 0.466358
vt 0.064270 0.456358
vt 0.102907 0.446358
vt 0.102907 0.456358
vt 0.102907 0.466358
vt 0.064270 0.386358
vt 0.064270 0.506358
vt 0.064270 0.476358
vt 0.064270 0.496358
vt 0.064270 0.486358
vt 0.102907 0.476358
vt 0.102907 0.386358
vt 0.102907 0.506358
vt 0.102907 0.486358
vt 0.102907 0.496358
vt 0.133238 0.466272
vt 0.141195 0.418401
vt 0.133238 0.456281
vt 0.148260 0.411336
vt 0.167562 0.411336
vt 0.103212 0.456281
vt 0.174627 0.418401
vt 0.103212 0.466272
vt 0.133238 0.446289
vt 0.157911 0.408750
vt 0.133238 0.436298
vt 0.167562 0.411336
vt 0.133238 0.426306
vt 0.174627 0.418401
vt 0.157911 0.408750
vt 0.103212 0.446289
vt 0.141195 0.418401
vt 0.103212 0.426306
vt 0.148260 0.411336
vt 0.103212 0.436298
vt 0.133238 0.476264
vt 0.138609 0.428052
vt 0.103212 0.476264
vt 0.177213 0.428052
vt 0.133238 0.416315
vt 0.177213 0.428052
vt 0.138609 0.458078
vt 0.103212 0.386289
vt 0.177213 0.458078
vt 0.133238 0.386289
vt 0.138609 0.428052
vt 0.103212 0.416315
vt 0.103212 0.506289
vt 0.177213 0.458078
vt 0.133238 0.506289
vt 0.138609 0.458078
vt 0.252459 0.298759
vt 0.175813 0.769172
vt 0.252459 0.298759
vt 0.184174 0.769172
vt 0.221362 0.298759
vt 0.175813 0.738075
vt 0.221362 0.298759
vt 0.184174 0.738075
vt 0.275708 0.417213
vt 0.175813 0.891608
vt 0.275708 0.417213
vt 0.184174 0.891608
vt 0.221362 0.396834
vt 0.175813 0.949649
vt 0.175813 0.640000
vt 0.221362 0.396834
vt 0.184174 0.640000
vt 0.184174 0.949649
vt 0.275708 0.364630
vt 0.175813 0.839025
vt 0.275708 0.364630
vt 0.184174 0.839025
vt 0.215092 0.292488
vt 0.175813 0.748691
vt 0.175813 0.790495
vt 0.256896 0.292488
vt 0.160764 0.790495
vt 0.256896 0.292488
vt 0.215092 0.292488
vt 0.160764 0.748691
vt 0.160764 1.000000
vt 0.215092 0.401179
vt 0.160764 0.640000
vt 0.175813 0.928565
vt 0.281978 0.426262
vt 0.175813 1.000000
vt 0.215092 0.401179
vt 0.175813 0.640000
vt 0.160764 0.928565
vt 0.281978 0.426262
vt 0.175813 0.865859
vt 0.281978 0.363555
vt 0.160764 0.865859
vt 0.281978 0.363555
vt 0.179994 0.839025
vt 0.275708 0.364634
vt 0.252459 0.298764
vt 0.179994 0.769172
vt 0.221362 0.298764
vt 0.179994 0.738075
vt 0.179994 0.640000
vt 0.179994 0.949649
vt 0.221362 0.396838
vt 0.179994 0.891608
vt 0.275708 0.417218
vt 0.275708 0.364634
vt 0.179994 0.839025
vt 0.221362 0.298764
vt 0.179994 0.738075
vt 0.252459 0.298764
vt 0.179994 0.769172
vt 0.275708 0.417218
vt 0.179994 0.891608
vt 0.221362 0.396838
vt 0.179994 0.949649
vt 0.179994 0.640000
vt 0.064159 0.351999
vt 0.108454 0.145625
vt 0.064159 0.350757
vt 0.039330 0.351999
vt 0.039330 0.350757
vt 0.108454 0.145625
vt 0.064159 0.356344
vt 0.112799 0.145625
vt 0.039330 0.356344
vt 0.112799 0.145625
vt 0.064159 0.452451
vt 0.156250 0.213905
vt 0.039330 0.452451
vt 0.156250 0.213905
vt 0.064159 0.506454
vt 0.064159 0.267695
vt 0.108454 0.220112
vt 0.039330 0.506454
vt 0.039330 0.267695
vt 0.108454 0.220112
vt 0.156250 0.220112
vt 0.064159 0.458658
vt 0.039330 0.458658
vt 0.156250 0.220112
vt 0.064159 0.440547
vt 0.146093 0.207697
vt 0.148350 0.201490
vt 0.064159 0.433942
vt 0.138193 0.195283
vt 0.064159 0.422038
vt 0.140450 0.189076
vt 0.064159 0.415434
vt 0.130292 0.182868
vt 0.064159 0.403530
vt 0.132550 0.176661
vt 0.064159 0.396925
vt 0.122392 0.170454
vt 0.064159 0.385021
vt 0.124649 0.164247
vt 0.064159 0.378416
vt 0.039330 0.378416
vt 0.124649 0.164247
vt 0.122392 0.170454
vt 0.039330 0.385021
vt 0.132550 0.176661
vt 0.039330 0.396925
vt 0.130292 0.182868
vt 0.039330 0.403530
vt 0.140450 0.189076
vt 0.039330 0.415434
vt 0.138193 0.195283
vt 0.039330 0.422038
vt 0.148350 0.201490
vt 0.039330 0.433942
vt 0.146093 0.207697
vt 0.039330 0.440547
vt 0.064159 0.332135
vt 0.108454 0.164247
vt 0.064159 0.331305
vt 0.112799 0.170454
vt 0.064159 0.323784
vt 0.112799 0.176661
vt 0.064159 0.317577
vt 0.108454 0.182868
vt 0.064159 0.309226
vt 0.064159 0.310057
vt 0.108454 0.189076
vt 0.064159 0.302189
vt 0.064159 0.303019
vt 0.112799 0.195283
vt 0.064159 0.294668
vt 0.112799 0.201490
vt 0.064159 0.288461
vt 0.064159 0.280110
vt 0.064159 0.280940
vt 0.108454 0.207697
vt 0.039330 0.280110
vt 0.108454 0.207697
vt 0.039330 0.280940
vt 0.112799 0.201490
vt 0.039330 0.288461
vt 0.112799 0.195283
vt 0.039330 0.294668
vt 0.108454 0.189076
vt 0.039330 0.302188
vt 0.039330 0.303019
vt 0.108454 0.182868
vt 0.039330 0.309226
vt 0.039330 0.310057
vt 0.112799 0.176661
vt 0.039330 0.317577
vt 0.112799 0.170454
vt 0.039330 0.323784
vt 0.039330 0.332135
vt 0.039330 0.331305
vt 0.108454 0.164247
s 1
usemtl misc_etx_part_2
f 1183/2155/292 1186/2158/292 1176/2148/293 1173/2145/293
f 1173/2145/293 1176/2148/293 1175/2147/294 1174/2146/294
f 1174/2146/294 1175/2147/294 1180/2152/295 1177/2149/295
f 1194/2167/296 1189/2161/296 1179/2151/297 1181/2153/297
f 1181/2153/297 1179/2151/297 1178/2150/298 1182/2154/298
f 1182/2154/298 1178/2150/298 1177/2149/295 1180/2152/295
f 1193/2166/299 1190/2163/299 1192/2165/300 1195/2169/300
f 1195/2169/300 1192/2165/300 1191/2164/301 1196/2170/301
f 1196/2170/301 1191/2164/301 1189/2162/296 1194/2168/296
f 1186/2158/292 1183/2155/292 1185/2157/302 1187/2159/302
f 1187/2159/302 1185/2157/302 1184/2156/303 1188/2160/303
f 1188/2160/303 1184/2156/303 1190/2163/299 1193/2166/299
f 1208/2194/304 1212/2201/304 1205/2187/304 1206/2189/304 1204/2185/304 1199/2175/304 1200/2177/304
f 1207/2191/305 1208/2193/305 1200/2178/293 1197/2171/293
f 1197/2171/293 1200/2178/293 1199/2176/294 1198/2173/294
f 1198/2173/294 1199/2176/294 1204/2186/295 1201/2179/295
f 1212/2202/306 1209/2195/306 1203/2183/297 1205/2188/297
f 1205/2188/297 1203/2183/297 1202/2181/298 1206/2190/298
f 1206/2190/298 1202/2181/298 1201/2179/295 1204/2186/295
f 1208/2193/305 1207/2191/305 1214/2205/292 1213/2203/292
f 1207/2192/307 1209/2196/307 1211/2199/307 1214/2206/307
f 1212/2201/304 1208/2194/304 1213/2204/304 1210/2197/304
f 1209/2195/306 1212/2202/306 1210/2198/296 1211/2200/296
f 1201/2180/307 1202/2182/307 1203/2184/307 1209/2196/307 1207/2192/307 1197/2172/307 1198/2174/307
s 0
f 1226/2231/295 1227/2233/295 1228/2236/295 1225/2230/295
f 1221/2219/307 1217/2211/307 1225/2229/307 1231/2243/307
f 1231/2242/308 1229/2237/308 1232/2245/308 1230/2240/308
f 1233/2247/309 1234/2249/309 1227/2233/309 1226/2231/309
f 1224/2228/296 1220/2218/296 1239/2260/296 1235/2251/296
f 1218/2214/299 1216/2210/299 1236/2254/299 1237/2256/299
f 1223/2226/310 1215/2208/310 1242/2267/310 1240/2263/310
f 1230/2240/292 1232/2245/292 1234/2249/292 1233/2247/292
f 1217/2211/307 1215/2207/307 1226/2232/307 1225/2229/307
f 1216/2209/304 1218/2213/304 1228/2235/304 1227/2234/304
f 1218/2213/304 1222/2222/304 1229/2238/304 1228/2235/304
f 1238/2259/304 1237/2255/304 1236/2253/304 1235/2252/304
f 1219/2215/307 1221/2219/307 1231/2243/307 1230/2241/307
f 1222/2222/304 1220/2217/304 1232/2246/304 1229/2238/304
f 1223/2225/307 1219/2215/307 1230/2241/307 1233/2248/307
f 1224/2227/304 1216/2209/304 1227/2234/304 1234/2250/304
f 1215/2207/307 1223/2225/307 1233/2248/307 1226/2232/307
f 1220/2217/304 1224/2227/304 1234/2250/304 1232/2246/304
f 1222/2223/292 1218/2214/292 1237/2256/292 1238/2257/292
f 1241/2264/307 1244/2270/307 1240/2262/307 1242/2266/307
f 1216/2210/310 1224/2228/310 1235/2251/310 1236/2254/310
f 1220/2218/311 1222/2224/311 1238/2258/311 1239/2260/311
f 1244/2270/307 1243/2268/307 1240/2262/307
f 1219/2216/296 1223/2226/296 1240/2263/296 1243/2269/296
f 1221/2220/311 1219/2216/311 1243/2269/311 1244/2271/311
f 1215/2208/299 1217/2212/299 1241/2265/299 1242/2267/299
f 1239/2261/304 1238/2259/304 1235/2252/304
f 1217/2212/292 1221/2221/292 1244/2272/292 1241/2265/292
f 1225/2230/296 1228/2236/296 1229/2239/296 1231/2244/296
f 1245/2273/295 1247/2279/295 1248/2281/295 1246/2276/295
f 1255/2297/312 1249/2283/312 1250/2285/312 1270/2328/312
f 1248/2281/313 1247/2279/313 1262/2312/313 1263/2313/313
f 1250/2286/304 1252/2292/304 1279/2350/304 1270/2327/304
f 1247/2280/307 1245/2274/307 1271/2330/307 1262/2311/307
f 1253/2294/299 1251/2287/299 1252/2290/299 1254/2295/299
f 1249/2284/307 1251/2289/307 1253/2293/307
f 1252/2291/296 1251/2288/296 1278/2346/296 1279/2349/296
f 1249/2283/292 1253/2294/292 1254/2295/292 1250/2285/292
f 1270/2327/304 1279/2350/304 1280/2352/304 1269/2325/304
f 1269/2325/304 1280/2352/304 1281/2354/304 1268/2323/304
f 1268/2323/304 1281/2354/304 1282/2356/304 1267/2321/304
f 1267/2321/304 1282/2356/304 1283/2359/304 1266/2319/304
f 1266/2319/304 1283/2359/304 1284/2362/304 1265/2317/304
f 1265/2317/304 1284/2362/304 1285/2364/304 1264/2315/304
f 1264/2315/304 1285/2364/304 1286/2368/304 1263/2314/304
f 1286/2366/296 1271/2329/296 1245/2275/296 1246/2277/296
f 1262/2311/307 1271/2330/307 1272/2332/307 1261/2309/307
f 1261/2309/307 1272/2332/307 1273/2334/307 1260/2307/307
f 1260/2307/307 1273/2334/307 1274/2336/307 1259/2305/307
f 1259/2305/307 1274/2336/307 1275/2339/307 1258/2303/307
f 1258/2303/307 1275/2339/307 1276/2342/307 1257/2301/307
f 1257/2301/307 1276/2342/307 1277/2344/307 1256/2299/307
f 1256/2299/307 1277/2344/307 1278/2348/307 1255/2298/307
f 1278/2347/314 1277/2345/314 1280/2353/314 1279/2351/314
f 1277/2345/296 1276/2343/296 1281/2355/296 1280/2353/296
f 1276/2343/315 1275/2340/315 1282/2357/315 1281/2355/315
f 1275/2341/296 1274/2337/296 1283/2360/296 1282/2358/296
f 1274/2338/314 1273/2335/314 1284/2363/314 1283/2361/314
f 1273/2335/296 1272/2333/296 1285/2365/296 1284/2363/296
f 1272/2333/315 1271/2331/315 1286/2367/315 1285/2365/315
f 1262/2312/316 1261/2310/316 1264/2316/316 1263/2313/316
f 1261/2310/317 1260/2308/317 1265/2318/317 1264/2316/317
f 1260/2308/316 1259/2306/316 1266/2320/316 1265/2318/316
f 1259/2306/312 1258/2304/312 1267/2322/312 1266/2320/312
f 1258/2304/316 1257/2302/316 1268/2324/316 1267/2322/316
f 1257/2302/317 1256/2300/317 1269/2326/317 1268/2324/317
f 1256/2300/316 1255/2297/316 1270/2328/316 1269/2326/316
f 1246/2278/304 1248/2282/304 1263/2314/304 1286/2368/304
f 1254/2296/304 1252/2292/304 1250/2286/304
f 1249/2284/307 1255/2298/307 1278/2348/307 1251/2289/307
o hydraulic_spreader_etx_1_arm_child
v -0.307500 -0.050000 -0.203971
v -0.323971 -0.050000 -0.187500
v -0.323971 0.040000 -0.187500
v -0.307500 0.040000 -0.203971
v -0.330000 -0.050000 -0.165000
v -0.323971 -0.050000 -0.142500
v -0.307500 -0.050000 -0.126029
v -0.330000 0.040000 -0.165000
v -0.307500 0.040000 -0.126029
v -0.323971 0.040000 -0.142500
v -0.285000 -0.050000 -0.210000
v -0.246029 -0.050000 -0.187500
v -0.262500 -0.050000 -0.203971
v -0.285000 0.040000 -0.210000
v -0.262500 0.040000 -0.203971
v -0.246029 0.040000 -0.187500
v -0.285000 -0.050000 -0.120000
v -0.240000 -0.050000 -0.165000
v -0.262500 -0.050000 -0.126029
v -0.246029 -0.050000 -0.142500
v -0.240000 0.040000 -0.165000
v -0.285000 0.040000 -0.120000
v -0.246029 0.040000 -0.142500
v -0.262500 0.040000 -0.126029
v -0.377500 -0.040000 -0.203971
v -0.393971 -0.040000 -0.187500
v -0.393971 0.030000 -0.187500
v -0.377500 0.030000 -0.203971
v -0.400000 -0.040000 -0.165000
v -0.393971 -0.040000 -0.142500
v -0.377500 -0.040000 -0.126029
v -0.400000 0.030000 -0.165000
v -0.377500 0.030000 -0.126029
v -0.393971 0.030000 -0.142500
v -0.355000 -0.040000 -0.210000
v -0.355000 0.030000 -0.210000
v -0.355000 -0.040000 -0.120000
v -0.285000 0.030000 -0.120000
v -0.285000 -0.040000 -0.120000
v -0.355000 0.030000 -0.120000
v -0.285000 0.030000 -0.210000
v -0.285000 -0.040000 -0.210000
v -0.585000 -0.023000 -0.099387
v -0.585000 0.013000 -0.099387
v -0.585000 -0.023000 -0.025000
v -0.585000 0.013000 -0.025000
v -0.301645 -0.023000 -0.155000
v -0.301645 0.013000 -0.155000
v -0.350395 -0.023000 -0.025000
v -0.350395 0.013000 -0.025000
v -0.427431 -0.023000 -0.155000
v -0.427431 0.013000 -0.155000
v -0.600000 -0.023000 -0.010000
v -0.600000 -0.023000 -0.110000
v -0.600000 0.013000 -0.110000
v -0.600000 0.013000 -0.010000
v -0.340000 0.013000 -0.010000
v -0.280000 -0.023000 -0.170000
v -0.340000 -0.023000 -0.010000
v -0.280000 0.013000 -0.170000
v -0.430000 -0.023000 -0.170000
v -0.430000 0.013000 -0.170000
v -0.427431 0.003000 -0.155000
v -0.585000 0.003000 -0.099387
v -0.585000 0.003000 -0.025000
v -0.350395 0.003000 -0.025000
v -0.301645 0.003000 -0.155000
v -0.427431 -0.013000 -0.155000
v -0.585000 -0.013000 -0.025000
v -0.585000 -0.013000 -0.099387
v -0.301645 -0.013000 -0.155000
v -0.350395 -0.013000 -0.025000
v -0.780000 -0.035250 -0.004500
v -0.780000 0.024750 -0.004500
v -0.780000 -0.035250 -0.015000
v -0.780000 0.024750 -0.015000
v -0.615000 -0.035250 -0.120000
v -0.615000 0.024750 -0.120000
v -0.600000 -0.035250 -0.004500
v -0.600000 0.024750 -0.004500
v -0.600000 -0.035250 -0.120000
v -0.600000 0.024750 -0.120000
v -0.630000 -0.035250 -0.095455
v -0.645000 -0.035250 -0.100909
v -0.660000 -0.035250 -0.076364
v -0.675000 -0.035250 -0.081818
v -0.690000 -0.035250 -0.057273
v -0.705000 -0.035250 -0.062727
v -0.720000 -0.035250 -0.038182
v -0.735000 -0.035250 -0.043637
v -0.735000 0.024750 -0.043637
v -0.720000 0.024750 -0.038182
v -0.705000 0.024750 -0.062727
v -0.690000 0.024750 -0.057273
v -0.675000 0.024750 -0.081818
v -0.660000 0.024750 -0.076364
v -0.645000 0.024750 -0.100909
v -0.630000 0.024750 -0.095455
v -0.735000 -0.035250 -0.004500
v -0.720000 -0.035250 -0.015000
v -0.705000 -0.035250 -0.015000
v -0.690000 -0.035250 -0.004500
v -0.675000 -0.035250 -0.004500
v -0.660000 -0.035250 -0.015000
v -0.645000 -0.035250 -0.015000
v -0.630000 -0.035250 -0.004500
v -0.630000 0.024750 -0.004500
v -0.645000 0.024750 -0.015000
v -0.660000 0.024750 -0.015000
v -0.675000 0.024750 -0.004500
v -0.690000 0.024750 -0.004500
v -0.705000 0.024750 -0.015000
v -0.720000 0.024750 -0.015000
v -0.735000 0.024750 -0.004500
vn -0.0000 -0.0000 -1.0000
vn -0.5000 -0.0000 -0.8660
vn -0.8660 -0.0000 -0.5000
vn -1.0000 -0.0000 -0.0000
vn -0.0000 -0.0000 1.0000
vn -0.5000 -0.0000 0.8660
vn -0.8660 -0.0000 0.5000
vn 1.0000 -0.0000 -0.0000
vn 0.8660 -0.0000 0.5000
vn 0.5000 -0.0000 0.8660
vn 0.5000 -0.0000 -0.8660
vn 0.8660 -0.0000 -0.5000
vn -0.0000 1.0000 -0.0000
vn -0.1305 -0.0000 -0.9914
vn -0.1305 -0.0000 0.9914
vn -0.0000 -1.0000 -0.0000
vn 0.9363 -0.0000 0.3511
vn -0.3328 -0.0000 -0.9430
vn 0.3328 -0.0000 0.9430
vn -0.9363 -0.0000 -0.3511
vn -0.8533 -0.0000 -0.5214
vn -0.5369 -0.0000 -0.8437
vn -0.5735 -0.0000 0.8192
vn 0.5735 -0.0000 0.8192
vn 0.3417 -0.0000 -0.9398
vn -0.8533 -0.0000 -0.5215
vt 0.064270 0.436358
vt 0.064270 0.426358
vt 0.102907 0.426358
vt 0.102907 0.436358
vt 0.064270 0.416358
vt 0.064270 0.406358
vt 0.064270 0.396358
vt 0.102907 0.416358
vt 0.102907 0.396358
vt 0.102907 0.406358
vt 0.064270 0.446358
vt 0.064270 0.466358
vt 0.064270 0.456358
vt 0.102907 0.446358
vt 0.102907 0.456358
vt 0.102907 0.466358
vt 0.064270 0.386358
vt 0.064270 0.506358
vt 0.064270 0.476358
vt 0.064270 0.496358
vt 0.064270 0.486358
vt 0.102907 0.476358
vt 0.102907 0.386358
vt 0.102907 0.506358
vt 0.102907 0.486358
vt 0.102907 0.496358
vt 0.133238 0.466272
vt 0.141195 0.418401
vt 0.133238 0.456281
vt 0.148260 0.411336
vt 0.167562 0.411336
vt 0.103212 0.456281
vt 0.174627 0.418401
vt 0.103212 0.466272
vt 0.133238 0.446289
vt 0.157911 0.408750
vt 0.133238 0.436298
vt 0.167562 0.411336
vt 0.133238 0.426306
vt 0.174627 0.418401
vt 0.157911 0.408750
vt 0.103212 0.446289
vt 0.141195 0.418401
vt 0.103212 0.426306
vt 0.148260 0.411336
vt 0.103212 0.436298
vt 0.133238 0.476264
vt 0.138609 0.428052
vt 0.103212 0.476264
vt 0.177213 0.428052
vt 0.133238 0.416315
vt 0.177213 0.428052
vt 0.138609 0.458078
vt 0.103212 0.386289
vt 0.177213 0.458078
vt 0.133238 0.386289
vt 0.138609 0.428052
vt 0.103212 0.416315
vt 0.103212 0.506289
vt 0.177213 0.458078
vt 0.133238 0.506289
vt 0.138609 0.458078
vt 0.252459 0.298759
vt 0.175813 0.769172
vt 0.252459 0.298759
vt 0.184174 0.769172
vt 0.221362 0.298759
vt 0.175813 0.738075
vt 0.221362 0.298759
vt 0.184174 0.738075
vt 0.275708 0.417213
vt 0.175813 0.891608
vt 0.275708 0.417213
vt 0.184174 0.891608
vt 0.221362 0.396834
vt 0.175813 0.949649
vt 0.175813 0.640000
vt 0.221362 0.396834
vt 0.184174 0.640000
vt 0.184174 0.949649
vt 0.275708 0.364630
vt 0.175813 0.839025
vt 0.275708 0.364630
vt 0.184174 0.839025
vt 0.215092 0.292488
vt 0.175813 0.748691
vt 0.175813 0.790495
vt 0.256896 0.292488
vt 0.160764 0.790495
vt 0.256896 0.292488
vt 0.215092 0.292488
vt 0.160764 0.748691
vt 0.160764 1.000000
vt 0.215092 0.401179
vt 0.160764 0.640000
vt 0.175813 0.928565
vt 0.281978 0.426262
vt 0.175813 1.000000
vt 0.215092 0.401179
vt 0.175813 0.640000
vt 0.160764 0.928565
vt 0.281978 0.426262
vt 0.175813 0.865859
vt 0.281978 0.363555
vt 0.160764 0.865859
vt 0.281978 0.363555
vt 0.179994 0.839025
vt 0.275708 0.364634
vt 0.252459 0.298764
vt 0.179994 0.769172
vt 0.221362 0.298764
vt 0.179994 0.738075
vt 0.179994 0.640000
vt 0.179994 0.949649
vt 0.221362 0.396838
vt 0.179994 0.891608
vt 0.275708 0.417218
vt 0.275708 0.364634
vt 0.179994 0.839025
vt 0.221362 0.298764
vt 0.179994 0.738075
vt 0.252459 0.298764
vt 0.179994 0.769172
vt 0.275708 0.417218
vt 0.179994 0.891608
vt 0.221362 0.396838
vt 0.179994 0.949649
vt 0.179994 0.640000
vt 0.064159 0.351999
vt 0.108454 0.145625
vt 0.064159 0.350757
vt 0.039330 0.351999
vt 0.039330 0.350757
vt 0.108454 0.145625
vt 0.064159 0.356344
vt 0.112799 0.145625
vt 0.039330 0.356344
vt 0.112799 0.145625
vt 0.064159 0.452451
vt 0.156250 0.213905
vt 0.039330 0.452451
vt 0.156250 0.213905
vt 0.064159 0.506454
vt 0.064159 0.267695
vt 0.108454 0.220112
vt 0.039330 0.506454
vt 0.039330 0.267695
vt 0.108454 0.220112
vt 0.156250 0.220112
vt 0.064159 0.458658
vt 0.039330 0.458658
vt 0.156250 0.220112
vt 0.064159 0.440547
vt 0.146093 0.207697
vt 0.148350 0.201490
vt 0.064159 0.433942
vt 0.138193 0.195283
vt 0.064159 0.422038
vt 0.140450 0.189076
vt 0.064159 0.415434
vt 0.130292 0.182868
vt 0.064159 0.403530
vt 0.132550 0.176661
vt 0.064159 0.396925
vt 0.122392 0.170454
vt 0.064159 0.385021
vt 0.124649 0.164247
vt 0.064159 0.378416
vt 0.039330 0.378416
vt 0.124649 0.164247
vt 0.122392 0.170454
vt 0.039330 0.385021
vt 0.132550 0.176661
vt 0.039330 0.396925
vt 0.130292 0.182868
vt 0.039330 0.403530
vt 0.140450 0.189076
vt 0.039330 0.415434
vt 0.138193 0.195283
vt 0.039330 0.422038
vt 0.148350 0.201490
vt 0.039330 0.433942
vt 0.146093 0.207697
vt 0.039330 0.440547
vt 0.064159 0.332135
vt 0.108454 0.164247
vt 0.064159 0.331305
vt 0.112799 0.170454
vt 0.064159 0.323784
vt 0.112799 0.176661
vt 0.064159 0.317577
vt 0.108454 0.182868
vt 0.064159 0.309226
vt 0.064159 0.310057
vt 0.108454 0.189076
vt 0.064159 0.302189
vt 0.064159 0.303019
vt 0.112799 0.195283
vt 0.064159 0.294668
vt 0.112799 0.201490
vt 0.064159 0.288461
vt 0.064159 0.280110
vt 0.064159 0.280940
vt 0.108454 0.207697
vt 0.039330 0.280110
vt 0.108454 0.207697
vt 0.039330 0.280940
vt 0.112799 0.201490
vt 0.039330 0.288461
vt 0.112799 0.195283
vt 0.039330 0.294668
vt 0.108454 0.189076
vt 0.039330 0.302188
vt 0.039330 0.303019
vt 0.108454 0.182868
vt 0.039330 0.309226
vt 0.039330 0.310057
vt 0.112799 0.176661
vt 0.039330 0.317577
vt 0.112799 0.170454
vt 0.039330 0.323784
vt 0.039330 0.332135
vt 0.039330 0.331305
vt 0.108454 0.164247
s 1
usemtl misc_etx_part_2
f 1297/2379/318 1287/2369/319 1290/2372/319 1300/2382/318
f 1287/2369/319 1288/2370/320 1289/2371/320 1290/2372/319
f 1288/2370/320 1291/2373/321 1294/2376/321 1289/2371/320
f 1308/2391/322 1295/2377/323 1293/2375/323 1303/2385/322
f 1295/2377/323 1296/2378/324 1292/2374/324 1293/2375/323
f 1296/2378/324 1294/2376/321 1291/2373/321 1292/2374/324
f 1307/2390/325 1309/2393/326 1306/2389/326 1304/2387/325
f 1309/2393/326 1310/2394/327 1305/2388/327 1306/2389/326
f 1310/2394/327 1308/2392/322 1303/2386/322 1305/2388/327
f 1300/2382/318 1301/2383/328 1299/2381/328 1297/2379/318
f 1301/2383/328 1302/2384/329 1298/2380/329 1299/2381/328
f 1302/2384/329 1307/2390/325 1304/2387/325 1298/2380/329
f 1322/2418/330 1314/2401/330 1313/2399/330 1318/2409/330 1320/2413/330 1319/2411/330 1326/2425/330
f 1321/2415/331 1311/2395/319 1314/2402/319 1322/2417/331
f 1311/2395/319 1312/2397/320 1313/2400/320 1314/2402/319
f 1312/2397/320 1315/2403/321 1318/2410/321 1313/2400/320
f 1326/2426/332 1319/2412/323 1317/2407/323 1323/2419/332
f 1319/2412/323 1320/2414/324 1316/2405/324 1317/2407/323
f 1320/2414/324 1318/2410/321 1315/2403/321 1316/2405/324
f 1322/2417/331 1327/2427/318 1328/2429/318 1321/2415/331
f 1321/2416/333 1328/2430/333 1325/2423/333 1323/2420/333
f 1326/2425/330 1324/2421/330 1327/2428/330 1322/2418/330
f 1323/2419/332 1325/2424/322 1324/2422/322 1326/2426/332
f 1315/2404/333 1312/2398/333 1311/2396/333 1321/2416/333 1323/2420/333 1317/2408/333 1316/2406/333
s 0
f 1340/2455/321 1339/2454/321 1342/2460/321 1341/2457/321
f 1335/2443/333 1345/2467/333 1339/2453/333 1331/2435/333
f 1345/2466/334 1344/2464/334 1346/2469/334 1343/2461/334
f 1347/2471/335 1340/2455/335 1341/2457/335 1348/2473/335
f 1338/2452/322 1349/2475/322 1353/2484/322 1334/2442/322
f 1332/2438/325 1351/2480/325 1350/2478/325 1330/2434/325
f 1337/2450/336 1354/2487/336 1356/2491/336 1329/2432/336
f 1344/2464/318 1347/2471/318 1348/2473/318 1346/2469/318
f 1331/2435/333 1339/2453/333 1340/2456/333 1329/2431/333
f 1330/2433/330 1341/2458/330 1342/2459/330 1332/2437/330
f 1332/2437/330 1342/2459/330 1343/2462/330 1336/2446/330
f 1352/2483/330 1349/2476/330 1350/2477/330 1351/2479/330
f 1333/2439/333 1344/2465/333 1345/2467/333 1335/2443/333
f 1336/2446/330 1343/2462/330 1346/2470/330 1334/2441/330
f 1337/2449/333 1347/2472/333 1344/2465/333 1333/2439/333
f 1338/2451/330 1348/2474/330 1341/2458/330 1330/2433/330
f 1329/2431/333 1340/2456/333 1347/2472/333 1337/2449/333
f 1334/2441/330 1346/2470/330 1348/2474/330 1338/2451/330
f 1336/2447/318 1352/2481/318 1351/2480/318 1332/2438/318
f 1355/2488/333 1356/2490/333 1354/2486/333 1358/2494/333
f 1330/2434/336 1350/2478/336 1349/2475/336 1338/2452/336
f 1334/2442/337 1353/2484/337 1352/2482/337 1336/2448/337
f 1358/2494/333 1354/2486/333 1357/2492/333
f 1333/2440/322 1357/2493/322 1354/2487/322 1337/2450/322
f 1335/2444/337 1358/2495/337 1357/2493/337 1333/2440/337
f 1329/2432/325 1356/2491/325 1355/2489/325 1331/2436/325
f 1353/2485/330 1349/2476/330 1352/2483/330
f 1331/2436/318 1355/2489/318 1358/2496/318 1335/2445/318
f 1339/2454/322 1345/2468/322 1343/2463/322 1342/2460/322
f 1359/2497/321 1360/2500/321 1362/2505/321 1361/2503/321
f 1369/2521/338 1384/2552/338 1364/2509/338 1363/2507/338
f 1362/2505/339 1377/2537/339 1376/2536/339 1361/2503/339
f 1364/2510/330 1384/2551/330 1393/2574/330 1366/2516/330
f 1361/2504/333 1376/2535/333 1385/2554/333 1359/2498/333
f 1367/2518/325 1368/2519/325 1366/2514/325 1365/2511/325
f 1363/2508/333 1367/2517/333 1365/2513/333
f 1366/2515/322 1393/2573/322 1392/2570/322 1365/2512/322
f 1363/2507/318 1364/2509/318 1368/2519/318 1367/2518/318
f 1384/2551/330 1383/2549/330 1394/2576/330 1393/2574/330
f 1383/2549/330 1382/2547/330 1395/2578/330 1394/2576/330
f 1382/2547/330 1381/2545/330 1396/2580/330 1395/2578/330
f 1381/2545/330 1380/2543/330 1397/2583/330 1396/2580/330
f 1380/2543/330 1379/2541/330 1398/2586/330 1397/2583/330
f 1379/2541/330 1378/2539/330 1399/2588/330 1398/2586/330
f 1378/2539/330 1377/2538/330 1400/2592/330 1399/2588/330
f 1400/2590/322 1360/2501/322 1359/2499/322 1385/2553/322
f 1376/2535/333 1375/2533/333 1386/2556/333 1385/2554/333
f 1375/2533/333 1374/2531/333 1387/2558/333 1386/2556/333
f 1374/2531/333 1373/2529/333 1388/2560/333 1387/2558/333
f 1373/2529/333 1372/2527/333 1389/2563/333 1388/2560/333
f 1372/2527/333 1371/2525/333 1390/2566/333 1389/2563/333
f 1371/2525/333 1370/2523/333 1391/2568/333 1390/2566/333
f 1370/2523/333 1369/2522/333 1392/2572/333 1391/2568/333
f 1392/2571/340 1393/2575/340 1394/2577/340 1391/2569/340
f 1391/2569/322 1394/2577/322 1395/2579/322 1390/2567/322
f 1390/2567/341 1395/2579/341 1396/2581/341 1389/2564/341
f 1389/2565/322 1396/2582/322 1397/2584/322 1388/2561/322
f 1388/2562/340 1397/2585/340 1398/2587/340 1387/2559/340
f 1387/2559/322 1398/2587/322 1399/2589/322 1386/2557/322
f 1386/2557/341 1399/2589/341 1400/2591/341 1385/2555/341
f 1376/2536/342 1377/2537/342 1378/2540/342 1375/2534/342
f 1375/2534/343 1378/2540/343 1379/2542/343 1374/2532/343
f 1374/2532/342 1379/2542/342 1380/2544/342 1373/2530/342
f 1373/2530/338 1380/2544/338 1381/2546/338 1372/2528/338
f 1372/2528/342 1381/2546/342 1382/2548/342 1371/2526/342
f 1371/2526/343 1382/2548/343 1383/2550/343 1370/2524/343
f 1370/2524/342 1383/2550/342 1384/2552/342 1369/2521/342
f 1360/2502/330 1400/2592/330 1377/2538/330 1362/2506/330
f 1368/2520/330 1364/2510/330 1366/2516/330
f 1363/2508/333 1365/2513/333 1392/2572/333 1369/2522/333
