# Blender 3.4.0
# www.blender.org
mtllib panel_etx_1_2.mtl
o panel_etx_1_2
v 0.084200 -0.009400 0.160000
v 0.141800 0.091400 0.160000
v 0.084200 0.091400 0.160000
v 0.136040 -0.003640 0.166800
v 0.089960 -0.003640 0.166800
v 0.141800 -0.009400 0.160000
v 0.136040 0.085640 0.166800
v 0.089960 0.085640 0.166800
v 0.141800 -0.009400 0.166800
v 0.084200 -0.009400 0.166800
v 0.084200 0.091400 0.166800
v 0.141800 0.091400 0.166800
v 0.136040 -0.003640 0.152400
v 0.089960 -0.003640 0.152400
v 0.089960 0.085640 0.152400
v 0.136040 0.085640 0.152400
v -0.181000 0.183000 0.140000
v 0.185000 0.183000 0.140000
v -0.220000 0.300000 0.000000
v 0.220000 0.300000 0.000000
v -0.172455 0.268473 0.145047
v -0.178690 0.276582 0.145047
v -0.173779 0.258330 0.145047
v -0.188833 0.277907 0.145047
v -0.196942 0.271671 0.145047
v -0.198267 0.261528 0.145047
v -0.181888 0.252095 0.145047
v -0.192031 0.253419 0.145047
v -0.172455 0.268473 0.139701
v -0.178690 0.276582 0.139701
v -0.173779 0.258330 0.139701
v -0.188833 0.277907 0.139701
v -0.196942 0.271671 0.139701
v -0.181888 0.252095 0.139701
v -0.198267 0.261528 0.139701
v -0.192031 0.253419 0.139701
v 0.184364 0.277113 0.145047
v 0.177453 0.269572 0.145047
v 0.194583 0.277560 0.145047
v 0.177899 0.259352 0.145047
v 0.185441 0.252442 0.145047
v 0.195660 0.252888 0.145047
v 0.202125 0.270649 0.145047
v 0.202571 0.260430 0.145047
v 0.184364 0.277113 0.139701
v 0.177453 0.269572 0.139701
v 0.194583 0.277560 0.139701
v 0.177899 0.259352 0.139701
v 0.185441 0.252442 0.139701
v 0.202125 0.270649 0.139701
v 0.195660 0.252888 0.139701
v 0.202571 0.260430 0.139701
v -0.220000 -0.140000 0.140000
v -0.220000 0.300000 0.140000
v 0.220000 -0.140000 0.140000
v 0.220000 0.300000 0.140000
v -0.181000 -0.037000 0.160000
v -0.181000 0.183000 0.160000
v 0.185000 0.183000 0.160000
v -0.220000 -0.300000 0.120000
v -0.220000 -0.300000 0.000000
v 0.220000 -0.300000 0.000000
v -0.220000 -0.140000 0.120000
v -0.181000 -0.037000 0.140000
v 0.185000 -0.037000 0.140000
v 0.185000 -0.037000 0.160000
v -0.195629 -0.097668 0.145047
v -0.198671 -0.107435 0.145047
v -0.186573 -0.092913 0.145047
v -0.193915 -0.116492 0.145047
v -0.184149 -0.119533 0.145047
v -0.175092 -0.114777 0.145047
v -0.176806 -0.095954 0.145047
v -0.172051 -0.105011 0.145047
v -0.195629 -0.097668 0.139701
v -0.198670 -0.107435 0.139701
v -0.186573 -0.092913 0.139701
v -0.193915 -0.116492 0.139701
v -0.184149 -0.119533 0.139701
v -0.176806 -0.095954 0.139701
v -0.175092 -0.114777 0.139701
v -0.172051 -0.105011 0.139701
v 0.196359 -0.095525 0.145047
v 0.186391 -0.093228 0.145047
v 0.201783 -0.104197 0.145047
v 0.177719 -0.098653 0.145047
v 0.175422 -0.108621 0.145047
v 0.180846 -0.117293 0.145047
v 0.199487 -0.114165 0.145047
v 0.190814 -0.119590 0.145047
v 0.196359 -0.095525 0.139701
v 0.186391 -0.093228 0.139701
v 0.201783 -0.104197 0.139701
v 0.177719 -0.098653 0.139701
v 0.175422 -0.108621 0.139701
v 0.199487 -0.114165 0.139701
v 0.180846 -0.117293 0.139701
v 0.190814 -0.119590 0.139701
v 0.089960 -0.003640 0.160000
v 0.089960 0.085640 0.160000
v 0.136040 0.085640 0.160000
v 0.136040 -0.003640 0.160000
v -0.013261 -0.076640 0.140573
v -0.015607 -0.067885 0.140573
v -0.022016 -0.061475 0.140573
v -0.030772 -0.059129 0.140573
v -0.039527 -0.061475 0.140573
v -0.045936 -0.067885 0.140573
v -0.048282 -0.076640 0.140573
v -0.045936 -0.085395 0.140573
v -0.039527 -0.091805 0.140573
v -0.030772 -0.094151 0.140573
v -0.022016 -0.091805 0.140573
v -0.015607 -0.085395 0.140573
v -0.013261 -0.076640 0.146174
v -0.015607 -0.067885 0.146174
v -0.022016 -0.061475 0.146174
v -0.030772 -0.059129 0.146174
v -0.039527 -0.061475 0.146174
v -0.045936 -0.067885 0.146174
v -0.048282 -0.076640 0.146174
v -0.045936 -0.085395 0.146174
v -0.039527 -0.091805 0.146174
v -0.030772 -0.094151 0.146174
v -0.022016 -0.091805 0.146174
v -0.015607 -0.085395 0.146174
v -0.017595 -0.076640 0.146174
v -0.030772 -0.063464 0.146174
v -0.043948 -0.076640 0.146174
v -0.030772 -0.089816 0.146174
v -0.017595 -0.076640 0.152663
v -0.030772 -0.063464 0.152663
v -0.043948 -0.076640 0.152663
v -0.030772 -0.089816 0.152663
v -0.021772 -0.067640 0.146174
v -0.039771 -0.067640 0.146174
v -0.039771 -0.085640 0.146174
v -0.021772 -0.085640 0.146174
v -0.021772 -0.067640 0.152663
v -0.039771 -0.067640 0.152663
v -0.039771 -0.085640 0.152663
v -0.021772 -0.085640 0.152663
v 0.049284 -0.076640 0.140573
v 0.046938 -0.067885 0.140573
v 0.040529 -0.061475 0.140573
v 0.031773 -0.059129 0.140573
v 0.023018 -0.061475 0.140573
v 0.016609 -0.067885 0.140573
v 0.014263 -0.076640 0.140573
v 0.016609 -0.085395 0.140573
v 0.023018 -0.091805 0.140573
v 0.031773 -0.094151 0.140573
v 0.040529 -0.091805 0.140573
v 0.046938 -0.085395 0.140573
v 0.049284 -0.076640 0.146174
v 0.046938 -0.067885 0.146174
v 0.040529 -0.061475 0.146174
v 0.031773 -0.059129 0.146174
v 0.023018 -0.061475 0.146174
v 0.016609 -0.067885 0.146174
v 0.014263 -0.076640 0.146174
v 0.016609 -0.085395 0.146174
v 0.023018 -0.091805 0.146174
v 0.031773 -0.094151 0.146174
v 0.040529 -0.091805 0.146174
v 0.046938 -0.085395 0.146174
v 0.044950 -0.076640 0.146174
v 0.031773 -0.063464 0.146174
v 0.018597 -0.076640 0.146174
v 0.031773 -0.089816 0.146174
v 0.044950 -0.076640 0.152663
v 0.031773 -0.063464 0.152663
v 0.018597 -0.076640 0.152663
v 0.031773 -0.089816 0.152663
v 0.040773 -0.067640 0.146174
v 0.022774 -0.067640 0.146174
v 0.022774 -0.085640 0.146174
v 0.040773 -0.085640 0.146174
v 0.040773 -0.067640 0.152663
v 0.022774 -0.067640 0.152663
v 0.022774 -0.085640 0.152663
v 0.040773 -0.085640 0.152663
v -0.208200 -0.288200 0.120000
v -0.208200 -0.151800 0.120000
v 0.208200 -0.288200 0.120000
v 0.208200 -0.151800 0.120000
v 0.220000 -0.300000 0.120000
v 0.220000 -0.140000 0.120000
v -0.208200 -0.288200 0.040000
v -0.208200 -0.151800 0.040000
v 0.208200 -0.288200 0.040000
v 0.208200 -0.151800 0.040000
v -0.200000 -0.280000 0.048000
v -0.200000 -0.160000 0.048000
v -0.200000 -0.280000 0.044000
v -0.200000 -0.160000 0.044000
v 0.087201 -0.273163 0.051000
v 0.087201 -0.273163 0.054000
v 0.083687 -0.264678 0.051000
v 0.087201 -0.256193 0.051000
v 0.083687 -0.264678 0.054000
v 0.087201 -0.256193 0.054000
v 0.095687 -0.276678 0.051000
v 0.104172 -0.273163 0.051000
v 0.095687 -0.276678 0.054000
v 0.104172 -0.273163 0.054000
v 0.095687 -0.252678 0.051000
v 0.107687 -0.264678 0.051000
v 0.104172 -0.256193 0.051000
v 0.107687 -0.264678 0.054000
v 0.095687 -0.252678 0.054000
v 0.104172 -0.256193 0.054000
v 0.089687 -0.267478 0.039000
v 0.089687 -0.267478 0.051000
v 0.089687 -0.261878 0.039000
v 0.089687 -0.261878 0.051000
v 0.090887 -0.267478 0.039000
v 0.090887 -0.267478 0.051000
v 0.090887 -0.261878 0.039000
v 0.090887 -0.261878 0.051000
v 0.089687 -0.266878 0.037800
v 0.089687 -0.262478 0.037800
v 0.090887 -0.266878 0.037800
v 0.090887 -0.262478 0.037800
v 0.100487 -0.267478 0.039000
v 0.100487 -0.267478 0.051000
v 0.100487 -0.261878 0.039000
v 0.100487 -0.261878 0.051000
v 0.101687 -0.267478 0.039000
v 0.101687 -0.267478 0.051000
v 0.101687 -0.261878 0.039000
v 0.101687 -0.261878 0.051000
v 0.100487 -0.266878 0.037800
v 0.100487 -0.262478 0.037800
v 0.101687 -0.266878 0.037800
v 0.101687 -0.262478 0.037800
v 0.086523 -0.273842 0.054000
v 0.086523 -0.273842 0.091000
v 0.082727 -0.264678 0.054000
v 0.086523 -0.255514 0.054000
v 0.082727 -0.264678 0.091000
v 0.086523 -0.255514 0.091000
v 0.095687 -0.277638 0.054000
v 0.104851 -0.273842 0.054000
v 0.095687 -0.277638 0.091000
v 0.104851 -0.273842 0.091000
v 0.095687 -0.251718 0.054000
v 0.108647 -0.264678 0.054000
v 0.104851 -0.255514 0.054000
v 0.108647 -0.264678 0.091000
v 0.095687 -0.251718 0.091000
v 0.104851 -0.255514 0.091000
v 0.086523 -0.273842 0.067000
v 0.087439 -0.272926 0.064000
v 0.086523 -0.273842 0.061000
v 0.086523 -0.255514 0.061000
v 0.087439 -0.256430 0.064000
v 0.086523 -0.255514 0.067000
v 0.082727 -0.264678 0.061000
v 0.084023 -0.264678 0.064000
v 0.082727 -0.264678 0.067000
v 0.108647 -0.264678 0.067000
v 0.107351 -0.264678 0.064000
v 0.108647 -0.264678 0.061000
v 0.104851 -0.255514 0.061000
v 0.103934 -0.256430 0.064000
v 0.104851 -0.255514 0.067000
v 0.095687 -0.251718 0.061000
v 0.095687 -0.253014 0.064000
v 0.095687 -0.251718 0.067000
v 0.095687 -0.277638 0.067000
v 0.095687 -0.276342 0.064000
v 0.095687 -0.277638 0.061000
v 0.104851 -0.273842 0.061000
v 0.103934 -0.272926 0.064000
v 0.104851 -0.273842 0.067000
v -0.117485 -0.264485 0.051000
v -0.117485 -0.264485 0.054000
v -0.121000 -0.256000 0.051000
v -0.117485 -0.247515 0.051000
v -0.121000 -0.256000 0.054000
v -0.117485 -0.247515 0.054000
v -0.109000 -0.268000 0.051000
v -0.100515 -0.264485 0.051000
v -0.109000 -0.268000 0.054000
v -0.100515 -0.264485 0.054000
v -0.109000 -0.244000 0.051000
v -0.097000 -0.256000 0.051000
v -0.100515 -0.247515 0.051000
v -0.097000 -0.256000 0.054000
v -0.109000 -0.244000 0.054000
v -0.100515 -0.247515 0.054000
v -0.115000 -0.258800 0.039000
v -0.115000 -0.258800 0.051000
v -0.115000 -0.253200 0.039000
v -0.115000 -0.253200 0.051000
v -0.113800 -0.258800 0.039000
v -0.113800 -0.258800 0.051000
v -0.113800 -0.253200 0.039000
v -0.113800 -0.253200 0.051000
v -0.115000 -0.258200 0.037800
v -0.115000 -0.253800 0.037800
v -0.113800 -0.258200 0.037800
v -0.113800 -0.253800 0.037800
v -0.104200 -0.258800 0.039000
v -0.104200 -0.258800 0.051000
v -0.104200 -0.253200 0.039000
v -0.104200 -0.253200 0.051000
v -0.103000 -0.258800 0.039000
v -0.103000 -0.258800 0.051000
v -0.103000 -0.253200 0.039000
v -0.103000 -0.253200 0.051000
v -0.104200 -0.258200 0.037800
v -0.104200 -0.253800 0.037800
v -0.103000 -0.258200 0.037800
v -0.103000 -0.253800 0.037800
v -0.120455 -0.267455 0.054000
v -0.120455 -0.267455 0.101000
v -0.125200 -0.256000 0.054000
v -0.120455 -0.244545 0.054000
v -0.125200 -0.256000 0.101000
v -0.120455 -0.244545 0.101000
v -0.109000 -0.272200 0.054000
v -0.097545 -0.267455 0.054000
v -0.109000 -0.272200 0.101000
v -0.097545 -0.267455 0.101000
v -0.109000 -0.239800 0.054000
v -0.092800 -0.256000 0.054000
v -0.097545 -0.244545 0.054000
v -0.092800 -0.256000 0.101000
v -0.109000 -0.239800 0.101000
v -0.097545 -0.244545 0.101000
v -0.120455 -0.267455 0.067000
v -0.119310 -0.266310 0.064000
v -0.120455 -0.267455 0.061000
v -0.120455 -0.244545 0.061000
v -0.119310 -0.245690 0.064000
v -0.120455 -0.244545 0.067000
v -0.125200 -0.256000 0.061000
v -0.123580 -0.256000 0.064000
v -0.125200 -0.256000 0.067000
v -0.092800 -0.256000 0.067000
v -0.094420 -0.256000 0.064000
v -0.092800 -0.256000 0.061000
v -0.097545 -0.244545 0.061000
v -0.098691 -0.245690 0.064000
v -0.097545 -0.244545 0.067000
v -0.109000 -0.239800 0.061000
v -0.109000 -0.241420 0.064000
v -0.109000 -0.239800 0.067000
v -0.109000 -0.272200 0.067000
v -0.109000 -0.270580 0.064000
v -0.109000 -0.272200 0.061000
v -0.097545 -0.267455 0.061000
v -0.098691 -0.266310 0.064000
v -0.097545 -0.267455 0.067000
v -0.090000 -0.199802 0.051909
v -0.140000 -0.199802 0.051909
v -0.090000 -0.197693 0.057000
v -0.090000 -0.199802 0.062091
v -0.140000 -0.197693 0.057000
v -0.140000 -0.199802 0.062091
v -0.090000 -0.204893 0.049800
v -0.090000 -0.209984 0.051909
v -0.140000 -0.204893 0.049800
v -0.140000 -0.209984 0.051909
v -0.090000 -0.204893 0.064200
v -0.090000 -0.212093 0.057000
v -0.090000 -0.209984 0.062091
v -0.140000 -0.212093 0.057000
v -0.140000 -0.204893 0.064200
v -0.140000 -0.209984 0.062091
v -0.088500 -0.200650 0.052758
v -0.090000 -0.200650 0.052758
v -0.088500 -0.198893 0.057000
v -0.088500 -0.200650 0.061243
v -0.090000 -0.198893 0.057000
v -0.090000 -0.200650 0.061243
v -0.088500 -0.204893 0.051000
v -0.088500 -0.209136 0.052758
v -0.090000 -0.204893 0.051000
v -0.090000 -0.209136 0.052758
v -0.088500 -0.204893 0.063000
v -0.088500 -0.210893 0.057000
v -0.088500 -0.209136 0.061243
v -0.090000 -0.210893 0.057000
v -0.090000 -0.204893 0.063000
v -0.090000 -0.209136 0.061243
v -0.085600 -0.201893 0.047301
v -0.088500 -0.201893 0.055600
v -0.082800 -0.201893 0.047301
v -0.088500 -0.201893 0.058400
v -0.085600 -0.202772 0.047301
v -0.088500 -0.202772 0.055600
v -0.082800 -0.202772 0.047301
v -0.088500 -0.202772 0.058400
v -0.085300 -0.201893 0.046701
v -0.083100 -0.201893 0.046701
v -0.085300 -0.202772 0.046701
v -0.083100 -0.202772 0.046701
v -0.085600 -0.207014 0.047301
v -0.088500 -0.207014 0.055600
v -0.082800 -0.207014 0.047301
v -0.088500 -0.207014 0.058400
v -0.085600 -0.207893 0.047301
v -0.088500 -0.207893 0.055600
v -0.082800 -0.207893 0.047301
v -0.088500 -0.207893 0.058400
v -0.085300 -0.207014 0.046701
v -0.083100 -0.207014 0.046701
v -0.085300 -0.207893 0.046701
v -0.083100 -0.207893 0.046701
v -0.085500 -0.201893 0.055600
v -0.082800 -0.201893 0.058400
v -0.082800 -0.202772 0.058400
v -0.085500 -0.202772 0.055600
v -0.085500 -0.207014 0.055600
v -0.082800 -0.207014 0.058400
v -0.082800 -0.207893 0.058400
v -0.085500 -0.207893 0.055600
v -0.141500 -0.209136 0.052758
v -0.140000 -0.209136 0.052758
v -0.141500 -0.210893 0.057000
v -0.141500 -0.209136 0.061243
v -0.140000 -0.210893 0.057000
v -0.140000 -0.209136 0.061243
v -0.141500 -0.204893 0.051000
v -0.141500 -0.200650 0.052758
v -0.140000 -0.204893 0.051000
v -0.140000 -0.200650 0.052758
v -0.141500 -0.204893 0.063000
v -0.141500 -0.198893 0.057000
v -0.141500 -0.200650 0.061243
v -0.140000 -0.198893 0.057000
v -0.140000 -0.204893 0.063000
v -0.140000 -0.200650 0.061243
v -0.144400 -0.207893 0.047301
v -0.141500 -0.207893 0.055600
v -0.147200 -0.207893 0.047301
v -0.141500 -0.207893 0.058400
v -0.144400 -0.207014 0.047301
v -0.141500 -0.207014 0.055600
v -0.147200 -0.207014 0.047301
v -0.141500 -0.207014 0.058400
v -0.144700 -0.207893 0.046701
v -0.146900 -0.207893 0.046701
v -0.144700 -0.207014 0.046701
v -0.146900 -0.207014 0.046701
v -0.144400 -0.202772 0.047301
v -0.141500 -0.202772 0.055600
v -0.147200 -0.202772 0.047301
v -0.141500 -0.202772 0.058400
v -0.144400 -0.201893 0.047301
v -0.141500 -0.201893 0.055600
v -0.147200 -0.201893 0.047301
v -0.141500 -0.201893 0.058400
v -0.144700 -0.202772 0.046701
v -0.146900 -0.202772 0.046701
v -0.144700 -0.201893 0.046701
v -0.146900 -0.201893 0.046701
v -0.144500 -0.207893 0.055600
v -0.147200 -0.207893 0.058400
v -0.147200 -0.207014 0.058400
v -0.144500 -0.207014 0.055600
v -0.144500 -0.202772 0.055600
v -0.147200 -0.202772 0.058400
v -0.147200 -0.201893 0.058400
v -0.144500 -0.201893 0.055600
v -0.166503 -0.206595 0.051127
v -0.166503 -0.246595 0.051127
v -0.168190 -0.206595 0.055200
v -0.166503 -0.206595 0.059273
v -0.168190 -0.246595 0.055200
v -0.166503 -0.246595 0.059273
v -0.162430 -0.206595 0.049440
v -0.158357 -0.206595 0.051127
v -0.162430 -0.246595 0.049440
v -0.158357 -0.246595 0.051127
v -0.162430 -0.206595 0.060960
v -0.156670 -0.206595 0.055200
v -0.158357 -0.206595 0.059273
v -0.156670 -0.246595 0.055200
v -0.162430 -0.246595 0.060960
v -0.158357 -0.246595 0.059273
v -0.165824 -0.205395 0.051806
v -0.165824 -0.206595 0.051806
v -0.167230 -0.205395 0.055200
v -0.165824 -0.205395 0.058595
v -0.167230 -0.206595 0.055200
v -0.165824 -0.206595 0.058595
v -0.162430 -0.205395 0.050400
v -0.159036 -0.205395 0.051806
v -0.162430 -0.206595 0.050400
v -0.159036 -0.206595 0.051806
v -0.162430 -0.205395 0.060000
v -0.157630 -0.205395 0.055200
v -0.159036 -0.205395 0.058595
v -0.157630 -0.206595 0.055200
v -0.162430 -0.206595 0.060000
v -0.159036 -0.206595 0.058595
v -0.164830 -0.203075 0.047440
v -0.164830 -0.205395 0.054080
v -0.164830 -0.200835 0.047440
v -0.164830 -0.205395 0.056320
v -0.164127 -0.203075 0.047440
v -0.164127 -0.205395 0.054080
v -0.164127 -0.200835 0.047440
v -0.164127 -0.205395 0.056320
v -0.164830 -0.202835 0.046960
v -0.164830 -0.201075 0.046960
v -0.164127 -0.202835 0.046960
v -0.164127 -0.201075 0.046960
v -0.160733 -0.203075 0.047440
v -0.160733 -0.205395 0.054080
v -0.160733 -0.200835 0.047440
v -0.160733 -0.205395 0.056320
v -0.160030 -0.203075 0.047440
v -0.160030 -0.205395 0.054080
v -0.160030 -0.200835 0.047440
v -0.160030 -0.205395 0.056320
v -0.160733 -0.202835 0.046960
v -0.160733 -0.201075 0.046960
v -0.160030 -0.202835 0.046960
v -0.160030 -0.201075 0.046960
v -0.164830 -0.202995 0.054080
v -0.164830 -0.200835 0.056320
v -0.164127 -0.200835 0.056320
v -0.164127 -0.202995 0.054080
v -0.160733 -0.202995 0.054080
v -0.160733 -0.200835 0.056320
v -0.160030 -0.200835 0.056320
v -0.160030 -0.202995 0.054080
v -0.159036 -0.247795 0.051806
v -0.159036 -0.246595 0.051806
v -0.157630 -0.247795 0.055200
v -0.159036 -0.247795 0.058595
v -0.157630 -0.246595 0.055200
v -0.159036 -0.246595 0.058595
v -0.162430 -0.247795 0.050400
v -0.165824 -0.247795 0.051806
v -0.162430 -0.246595 0.050400
v -0.165824 -0.246595 0.051806
v -0.162430 -0.247795 0.060000
v -0.167230 -0.247795 0.055200
v -0.165824 -0.247795 0.058595
v -0.167230 -0.246595 0.055200
v -0.162430 -0.246595 0.060000
v -0.165824 -0.246595 0.058595
v -0.160030 -0.250115 0.047440
v -0.160030 -0.247795 0.054080
v -0.160030 -0.252355 0.047440
v -0.160030 -0.247795 0.056320
v -0.160733 -0.250115 0.047440
v -0.160733 -0.247795 0.054080
v -0.160733 -0.252355 0.047440
v -0.160733 -0.247795 0.056320
v -0.160030 -0.250355 0.046960
v -0.160030 -0.252115 0.046960
v -0.160733 -0.250355 0.046960
v -0.160733 -0.252115 0.046960
v -0.164127 -0.250115 0.047440
v -0.164127 -0.247795 0.054080
v -0.164127 -0.252355 0.047440
v -0.164127 -0.247795 0.056320
v -0.164830 -0.250115 0.047440
v -0.164830 -0.247795 0.054080
v -0.164830 -0.252355 0.047440
v -0.164830 -0.247795 0.056320
v -0.164127 -0.250355 0.046960
v -0.164127 -0.252115 0.046960
v -0.164830 -0.250355 0.046960
v -0.164830 -0.252115 0.046960
v -0.160030 -0.250195 0.054080
v -0.160030 -0.252355 0.056320
v -0.160733 -0.252355 0.056320
v -0.160733 -0.250195 0.054080
v -0.164127 -0.250195 0.054080
v -0.164127 -0.252355 0.056320
v -0.164830 -0.252355 0.056320
v -0.164830 -0.250195 0.054080
v -0.183521 -0.201595 0.051909
v -0.183521 -0.251595 0.051909
v -0.185630 -0.201595 0.057000
v -0.183521 -0.201595 0.062091
v -0.185630 -0.251595 0.057000
v -0.183521 -0.251595 0.062091
v -0.178430 -0.201595 0.049800
v -0.173339 -0.201595 0.051909
v -0.178430 -0.251595 0.049800
v -0.173339 -0.251595 0.051909
v -0.178430 -0.201595 0.064200
v -0.171230 -0.201595 0.057000
v -0.173339 -0.201595 0.062091
v -0.171230 -0.251595 0.057000
v -0.178430 -0.251595 0.064200
v -0.173339 -0.251595 0.062091
v -0.182673 -0.200095 0.052758
v -0.182673 -0.201595 0.052758
v -0.184430 -0.200095 0.057000
v -0.182673 -0.200095 0.061243
v -0.184430 -0.201595 0.057000
v -0.182673 -0.201595 0.061243
v -0.178430 -0.200095 0.051000
v -0.174188 -0.200095 0.052758
v -0.178430 -0.201595 0.051000
v -0.174188 -0.201595 0.052758
v -0.178430 -0.200095 0.063000
v -0.172430 -0.200095 0.057000
v -0.174188 -0.200095 0.061243
v -0.172430 -0.201595 0.057000
v -0.178430 -0.201595 0.063000
v -0.174188 -0.201595 0.061243
v -0.181430 -0.197195 0.047301
v -0.181430 -0.200095 0.055600
v -0.181430 -0.194395 0.047301
v -0.181430 -0.200095 0.058400
v -0.180551 -0.197195 0.047301
v -0.180551 -0.200095 0.055600
v -0.180551 -0.194395 0.047301
v -0.180551 -0.200095 0.058400
v -0.181430 -0.196895 0.046701
v -0.181430 -0.194695 0.046701
v -0.180551 -0.196895 0.046701
v -0.180551 -0.194695 0.046701
v -0.176309 -0.197195 0.047301
v -0.176309 -0.200095 0.055600
v -0.176309 -0.194395 0.047301
v -0.176309 -0.200095 0.058400
v -0.175430 -0.197195 0.047301
v -0.175430 -0.200095 0.055600
v -0.175430 -0.194395 0.047301
v -0.175430 -0.200095 0.058400
v -0.176309 -0.196895 0.046701
v -0.176309 -0.194695 0.046701
v -0.175430 -0.196895 0.046701
v -0.175430 -0.194695 0.046701
v -0.181430 -0.197095 0.055600
v -0.181430 -0.194395 0.058400
v -0.180551 -0.194395 0.058400
v -0.180551 -0.197095 0.055600
v -0.176309 -0.197095 0.055600
v -0.176309 -0.194395 0.058400
v -0.175430 -0.194395 0.058400
v -0.175430 -0.197095 0.055600
v -0.174188 -0.253095 0.052758
v -0.174188 -0.251595 0.052758
v -0.172430 -0.253095 0.057000
v -0.174188 -0.253095 0.061243
v -0.172430 -0.251595 0.057000
v -0.174188 -0.251595 0.061243
v -0.178430 -0.253095 0.051000
v -0.182673 -0.253095 0.052758
v -0.178430 -0.251595 0.051000
v -0.182673 -0.251595 0.052758
v -0.178430 -0.253095 0.063000
v -0.184430 -0.253095 0.057000
v -0.182673 -0.253095 0.061243
v -0.184430 -0.251595 0.057000
v -0.178430 -0.251595 0.063000
v -0.182673 -0.251595 0.061243
v -0.175430 -0.255995 0.047301
v -0.175430 -0.253095 0.055600
v -0.175430 -0.258795 0.047301
v -0.175430 -0.253095 0.058400
v -0.176309 -0.255995 0.047301
v -0.176309 -0.253095 0.055600
v -0.176309 -0.258795 0.047301
v -0.176309 -0.253095 0.058400
v -0.175430 -0.256295 0.046701
v -0.175430 -0.258495 0.046701
v -0.176309 -0.256295 0.046701
v -0.176309 -0.258495 0.046701
v -0.180551 -0.255995 0.047301
v -0.180551 -0.253095 0.055600
v -0.180551 -0.258795 0.047301
v -0.180551 -0.253095 0.058400
v -0.181430 -0.255995 0.047301
v -0.181430 -0.253095 0.055600
v -0.181430 -0.258795 0.047301
v -0.181430 -0.253095 0.058400
v -0.180551 -0.256295 0.046701
v -0.180551 -0.258495 0.046701
v -0.181430 -0.256295 0.046701
v -0.181430 -0.258495 0.046701
v -0.175430 -0.256095 0.055600
v -0.175430 -0.258795 0.058400
v -0.176309 -0.258795 0.058400
v -0.176309 -0.256095 0.055600
v -0.180551 -0.256095 0.055600
v -0.180551 -0.258795 0.058400
v -0.181430 -0.258795 0.058400
v -0.181430 -0.256095 0.055600
v 0.082853 -0.191595 0.053946
v 0.082853 -0.221595 0.053946
v 0.081588 -0.191595 0.057000
v 0.082853 -0.191595 0.060055
v 0.081588 -0.221595 0.057000
v 0.082853 -0.221595 0.060055
v 0.085908 -0.191595 0.052680
v 0.088963 -0.191595 0.053946
v 0.085908 -0.221595 0.052680
v 0.088963 -0.221595 0.053946
v 0.085908 -0.191595 0.061320
v 0.090228 -0.191595 0.057000
v 0.088963 -0.191595 0.060055
v 0.090228 -0.221595 0.057000
v 0.085908 -0.221595 0.061320
v 0.088963 -0.221595 0.060055
v 0.083362 -0.190695 0.054455
v 0.083362 -0.191595 0.054455
v 0.082308 -0.190695 0.057000
v 0.083362 -0.190695 0.059546
v 0.082308 -0.191595 0.057000
v 0.083362 -0.191595 0.059546
v 0.085908 -0.190695 0.053400
v 0.088453 -0.190695 0.054455
v 0.085908 -0.191595 0.053400
v 0.088453 -0.191595 0.054455
v 0.085908 -0.190695 0.060600
v 0.089508 -0.190695 0.057000
v 0.088453 -0.190695 0.059546
v 0.089508 -0.191595 0.057000
v 0.085908 -0.191595 0.060600
v 0.088453 -0.191595 0.059546
v 0.084108 -0.188955 0.051180
v 0.084108 -0.190695 0.056160
v 0.084108 -0.187275 0.051180
v 0.084108 -0.190695 0.057840
v 0.084635 -0.188955 0.051180
v 0.084635 -0.190695 0.056160
v 0.084635 -0.187275 0.051180
v 0.084635 -0.190695 0.057840
v 0.084108 -0.188775 0.050820
v 0.084108 -0.187455 0.050820
v 0.084635 -0.188775 0.050820
v 0.084635 -0.187455 0.050820
v 0.087181 -0.188955 0.051180
v 0.087181 -0.190695 0.056160
v 0.087181 -0.187275 0.051180
v 0.087181 -0.190695 0.057840
v 0.087708 -0.188955 0.051180
v 0.087708 -0.190695 0.056160
v 0.087708 -0.187275 0.051180
v 0.087708 -0.190695 0.057840
v 0.087181 -0.188775 0.050820
v 0.087181 -0.187455 0.050820
v 0.087708 -0.188775 0.050820
v 0.087708 -0.187455 0.050820
v 0.084108 -0.188895 0.056160
v 0.084108 -0.187275 0.057840
v 0.084635 -0.187275 0.057840
v 0.084635 -0.188895 0.056160
v 0.087181 -0.188895 0.056160
v 0.087181 -0.187275 0.057840
v 0.087708 -0.187275 0.057840
v 0.087708 -0.188895 0.056160
v 0.088453 -0.222495 0.054455
v 0.088453 -0.221595 0.054455
v 0.089508 -0.222495 0.057000
v 0.088453 -0.222495 0.059546
v 0.089508 -0.221595 0.057000
v 0.088453 -0.221595 0.059546
v 0.085908 -0.222495 0.053400
v 0.083362 -0.222495 0.054455
v 0.085908 -0.221595 0.053400
v 0.083362 -0.221595 0.054455
v 0.085908 -0.222495 0.060600
v 0.082308 -0.222495 0.057000
v 0.083362 -0.222495 0.059546
v 0.082308 -0.221595 0.057000
v 0.085908 -0.221595 0.060600
v 0.083362 -0.221595 0.059546
v 0.087708 -0.224235 0.051180
v 0.087708 -0.222495 0.056160
v 0.087708 -0.225915 0.051180
v 0.087708 -0.222495 0.057840
v 0.087181 -0.224235 0.051180
v 0.087181 -0.222495 0.056160
v 0.087181 -0.225915 0.051180
v 0.087181 -0.222495 0.057840
v 0.087708 -0.224415 0.050820
v 0.087708 -0.225735 0.050820
v 0.087181 -0.224415 0.050820
v 0.087181 -0.225735 0.050820
v 0.084635 -0.224235 0.051180
v 0.084635 -0.222495 0.056160
v 0.084635 -0.225915 0.051180
v 0.084635 -0.222495 0.057840
v 0.084108 -0.224235 0.051180
v 0.084108 -0.222495 0.056160
v 0.084108 -0.225915 0.051180
v 0.084108 -0.222495 0.057840
v 0.084635 -0.224415 0.050820
v 0.084635 -0.225735 0.050820
v 0.084108 -0.224415 0.050820
v 0.084108 -0.225735 0.050820
v 0.087708 -0.224295 0.056160
v 0.087708 -0.225915 0.057840
v 0.087181 -0.225915 0.057840
v 0.087181 -0.224295 0.056160
v 0.084635 -0.224295 0.056160
v 0.084635 -0.225915 0.057840
v 0.084108 -0.225915 0.057840
v 0.084108 -0.224295 0.056160
v 0.096700 -0.181595 0.051909
v 0.096700 -0.231595 0.051909
v 0.094591 -0.181595 0.057000
v 0.096700 -0.181595 0.062091
v 0.094591 -0.231595 0.057000
v 0.096700 -0.231595 0.062091
v 0.101791 -0.181595 0.049800
v 0.106882 -0.181595 0.051909
v 0.101791 -0.231595 0.049800
v 0.106882 -0.231595 0.051909
v 0.101791 -0.181595 0.064200
v 0.108991 -0.181595 0.057000
v 0.106882 -0.181595 0.062091
v 0.108991 -0.231595 0.057000
v 0.101791 -0.231595 0.064200
v 0.106882 -0.231595 0.062091
v 0.097548 -0.180095 0.052758
v 0.097548 -0.181595 0.052758
v 0.095791 -0.180095 0.057000
v 0.097548 -0.180095 0.061243
v 0.095791 -0.181595 0.057000
v 0.097548 -0.181595 0.061243
v 0.101791 -0.180095 0.051000
v 0.106033 -0.180095 0.052758
v 0.101791 -0.181595 0.051000
v 0.106033 -0.181595 0.052758
v 0.101791 -0.180095 0.063000
v 0.107791 -0.180095 0.057000
v 0.106033 -0.180095 0.061243
v 0.107791 -0.181595 0.057000
v 0.101791 -0.181595 0.063000
v 0.106033 -0.181595 0.061243
v 0.098791 -0.177195 0.047301
v 0.098791 -0.180095 0.055600
v 0.098791 -0.174395 0.047301
v 0.098791 -0.180095 0.058400
v 0.099670 -0.177195 0.047301
v 0.099670 -0.180095 0.055600
v 0.099670 -0.174395 0.047301
v 0.099670 -0.180095 0.058400
v 0.098791 -0.176895 0.046701
v 0.098791 -0.174695 0.046701
v 0.099670 -0.176895 0.046701
v 0.099670 -0.174695 0.046701
v 0.103912 -0.177195 0.047301
v 0.103912 -0.180095 0.055600
v 0.103912 -0.174395 0.047301
v 0.103912 -0.180095 0.058400
v 0.104791 -0.177195 0.047301
v 0.104791 -0.180095 0.055600
v 0.104791 -0.174395 0.047301
v 0.104791 -0.180095 0.058400
v 0.103912 -0.176895 0.046701
v 0.103912 -0.174695 0.046701
v 0.104791 -0.176895 0.046701
v 0.104791 -0.174695 0.046701
v 0.098791 -0.177095 0.055600
v 0.098791 -0.174395 0.058400
v 0.099670 -0.174395 0.058400
v 0.099670 -0.177095 0.055600
v 0.103912 -0.177095 0.055600
v 0.103912 -0.174395 0.058400
v 0.104791 -0.174395 0.058400
v 0.104791 -0.177095 0.055600
v 0.106033 -0.233095 0.052758
v 0.106033 -0.231595 0.052758
v 0.107791 -0.233095 0.057000
v 0.106033 -0.233095 0.061243
v 0.107791 -0.231595 0.057000
v 0.106033 -0.231595 0.061243
v 0.101791 -0.233095 0.051000
v 0.097548 -0.233095 0.052758
v 0.101791 -0.231595 0.051000
v 0.097548 -0.231595 0.052758
v 0.101791 -0.233095 0.063000
v 0.095791 -0.233095 0.057000
v 0.097548 -0.233095 0.061243
v 0.095791 -0.231595 0.057000
v 0.101791 -0.231595 0.063000
v 0.097548 -0.231595 0.061243
v 0.104791 -0.235995 0.047301
v 0.104791 -0.233095 0.055600
v 0.104791 -0.238795 0.047301
v 0.104791 -0.233095 0.058400
v 0.103912 -0.235995 0.047301
v 0.103912 -0.233095 0.055600
v 0.103912 -0.238795 0.047301
v 0.103912 -0.233095 0.058400
v 0.104791 -0.236295 0.046701
v 0.104791 -0.238495 0.046701
v 0.103912 -0.236295 0.046701
v 0.103912 -0.238495 0.046701
v 0.099670 -0.235995 0.047301
v 0.099670 -0.233095 0.055600
v 0.099670 -0.238795 0.047301
v 0.099670 -0.233095 0.058400
v 0.098791 -0.235995 0.047301
v 0.098791 -0.233095 0.055600
v 0.098791 -0.238795 0.047301
v 0.098791 -0.233095 0.058400
v 0.099670 -0.236295 0.046701
v 0.099670 -0.238495 0.046701
v 0.098791 -0.236295 0.046701
v 0.098791 -0.238495 0.046701
v 0.104791 -0.236095 0.055600
v 0.104791 -0.238795 0.058400
v 0.103912 -0.238795 0.058400
v 0.103912 -0.236095 0.055600
v 0.099670 -0.236095 0.055600
v 0.099670 -0.238795 0.058400
v 0.098791 -0.238795 0.058400
v 0.098791 -0.236095 0.055600
v -0.079365 -0.264394 0.051000
v -0.079365 -0.264394 0.054000
v -0.082880 -0.255908 0.051000
v -0.079365 -0.247423 0.051000
v -0.082880 -0.255908 0.054000
v -0.079365 -0.247423 0.054000
v -0.070880 -0.267908 0.051000
v -0.062394 -0.264394 0.051000
v -0.070880 -0.267908 0.054000
v -0.062394 -0.264394 0.054000
v -0.070880 -0.243908 0.051000
v -0.058880 -0.255908 0.051000
v -0.062394 -0.247423 0.051000
v -0.058880 -0.255908 0.054000
v -0.070880 -0.243908 0.054000
v -0.062394 -0.247423 0.054000
v -0.076880 -0.258708 0.039000
v -0.076880 -0.258708 0.051000
v -0.076880 -0.253108 0.039000
v -0.076880 -0.253108 0.051000
v -0.075680 -0.258708 0.039000
v -0.075680 -0.258708 0.051000
v -0.075680 -0.253108 0.039000
v -0.075680 -0.253108 0.051000
v -0.076880 -0.258108 0.037800
v -0.076880 -0.253708 0.037800
v -0.075680 -0.258108 0.037800
v -0.075680 -0.253708 0.037800
v -0.066080 -0.258708 0.039000
v -0.066080 -0.258708 0.051000
v -0.066080 -0.253108 0.039000
v -0.066080 -0.253108 0.051000
v -0.064880 -0.258708 0.039000
v -0.064880 -0.258708 0.051000
v -0.064880 -0.253108 0.039000
v -0.064880 -0.253108 0.051000
v -0.066080 -0.258108 0.037800
v -0.066080 -0.253708 0.037800
v -0.064880 -0.258108 0.037800
v -0.064880 -0.253708 0.037800
v -0.080044 -0.265072 0.054000
v -0.080044 -0.265072 0.091000
v -0.083840 -0.255908 0.054000
v -0.080044 -0.246744 0.054000
v -0.083840 -0.255908 0.091000
v -0.080044 -0.246744 0.091000
v -0.070880 -0.268868 0.054000
v -0.061716 -0.265072 0.054000
v -0.070880 -0.268868 0.091000
v -0.061716 -0.265072 0.091000
v -0.070880 -0.242948 0.054000
v -0.057920 -0.255908 0.054000
v -0.061716 -0.246744 0.054000
v -0.057920 -0.255908 0.091000
v -0.070880 -0.242948 0.091000
v -0.061716 -0.246744 0.091000
v -0.080044 -0.265072 0.067000
v -0.079127 -0.264156 0.064000
v -0.080044 -0.265072 0.061000
v -0.080044 -0.246744 0.061000
v -0.079127 -0.247660 0.064000
v -0.080044 -0.246744 0.067000
v -0.083840 -0.255908 0.061000
v -0.082544 -0.255908 0.064000
v -0.083840 -0.255908 0.067000
v -0.057920 -0.255908 0.067000
v -0.059216 -0.255908 0.064000
v -0.057920 -0.255908 0.061000
v -0.061716 -0.246744 0.061000
v -0.062632 -0.247660 0.064000
v -0.061716 -0.246744 0.067000
v -0.070880 -0.242948 0.061000
v -0.070880 -0.244244 0.064000
v -0.070880 -0.242948 0.067000
v -0.070880 -0.268868 0.067000
v -0.070880 -0.267572 0.064000
v -0.070880 -0.268868 0.061000
v -0.061716 -0.265072 0.061000
v -0.062632 -0.264156 0.064000
v -0.061716 -0.265072 0.067000
v -0.090000 -0.220313 0.051909
v -0.140000 -0.220313 0.051909
v -0.090000 -0.218204 0.057000
v -0.090000 -0.220313 0.062091
v -0.140000 -0.218204 0.057000
v -0.140000 -0.220313 0.062091
v -0.090000 -0.225404 0.049800
v -0.090000 -0.230495 0.051909
v -0.140000 -0.225404 0.049800
v -0.140000 -0.230495 0.051909
v -0.090000 -0.225404 0.064200
v -0.090000 -0.232604 0.057000
v -0.090000 -0.230495 0.062091
v -0.140000 -0.232604 0.057000
v -0.140000 -0.225404 0.064200
v -0.140000 -0.230495 0.062091
v -0.088500 -0.221161 0.052758
v -0.090000 -0.221161 0.052758
v -0.088500 -0.219404 0.057000
v -0.088500 -0.221161 0.061243
v -0.090000 -0.219404 0.057000
v -0.090000 -0.221161 0.061243
v -0.088500 -0.225404 0.051000
v -0.088500 -0.229646 0.052758
v -0.090000 -0.225404 0.051000
v -0.090000 -0.229646 0.052758
v -0.088500 -0.225404 0.063000
v -0.088500 -0.231404 0.057000
v -0.088500 -0.229646 0.061243
v -0.090000 -0.231404 0.057000
v -0.090000 -0.225404 0.063000
v -0.090000 -0.229646 0.061243
v -0.085600 -0.222404 0.047301
v -0.088500 -0.222404 0.055600
v -0.082800 -0.222404 0.047301
v -0.088500 -0.222404 0.058400
v -0.085600 -0.223282 0.047301
v -0.088500 -0.223282 0.055600
v -0.082800 -0.223282 0.047301
v -0.088500 -0.223282 0.058400
v -0.085300 -0.222404 0.046701
v -0.083100 -0.222404 0.046701
v -0.085300 -0.223282 0.046701
v -0.083100 -0.223282 0.046701
v -0.085600 -0.227525 0.047301
v -0.088500 -0.227525 0.055600
v -0.082800 -0.227525 0.047301
v -0.088500 -0.227525 0.058400
v -0.085600 -0.228404 0.047301
v -0.088500 -0.228404 0.055600
v -0.082800 -0.228404 0.047301
v -0.088500 -0.228404 0.058400
v -0.085300 -0.227525 0.046701
v -0.083100 -0.227525 0.046701
v -0.085300 -0.228404 0.046701
v -0.083100 -0.228404 0.046701
v -0.085500 -0.222404 0.055600
v -0.082800 -0.222404 0.058400
v -0.082800 -0.223282 0.058400
v -0.085500 -0.223282 0.055600
v -0.085500 -0.227525 0.055600
v -0.082800 -0.227525 0.058400
v -0.082800 -0.228404 0.058400
v -0.085500 -0.228404 0.055600
v -0.141500 -0.229646 0.052758
v -0.140000 -0.229646 0.052758
v -0.141500 -0.231404 0.057000
v -0.141500 -0.229646 0.061243
v -0.140000 -0.231404 0.057000
v -0.140000 -0.229646 0.061243
v -0.141500 -0.225404 0.051000
v -0.141500 -0.221161 0.052758
v -0.140000 -0.225404 0.051000
v -0.140000 -0.221161 0.052758
v -0.141500 -0.225404 0.063000
v -0.141500 -0.219404 0.057000
v -0.141500 -0.221161 0.061243
v -0.140000 -0.219404 0.057000
v -0.140000 -0.225404 0.063000
v -0.140000 -0.221161 0.061243
v -0.144400 -0.228404 0.047301
v -0.141500 -0.228404 0.055600
v -0.147200 -0.228404 0.047301
v -0.141500 -0.228404 0.058400
v -0.144400 -0.227525 0.047301
v -0.141500 -0.227525 0.055600
v -0.147200 -0.227525 0.047301
v -0.141500 -0.227525 0.058400
v -0.144700 -0.228404 0.046701
v -0.146900 -0.228404 0.046701
v -0.144700 -0.227525 0.046701
v -0.146900 -0.227525 0.046701
v -0.144400 -0.223282 0.047301
v -0.141500 -0.223282 0.055600
v -0.147200 -0.223282 0.047301
v -0.141500 -0.223282 0.058400
v -0.144400 -0.222404 0.047301
v -0.141500 -0.222404 0.055600
v -0.147200 -0.222404 0.047301
v -0.141500 -0.222404 0.058400
v -0.144700 -0.223282 0.046701
v -0.146900 -0.223282 0.046701
v -0.144700 -0.222404 0.046701
v -0.146900 -0.222404 0.046701
v -0.144500 -0.228404 0.055600
v -0.147200 -0.228404 0.058400
v -0.147200 -0.227525 0.058400
v -0.144500 -0.227525 0.055600
v -0.144500 -0.223282 0.055600
v -0.147200 -0.223282 0.058400
v -0.147200 -0.222404 0.058400
v -0.144500 -0.222404 0.055600
v 0.120000 -0.280000 0.048000
v 0.120000 -0.160000 0.048000
v 0.120000 -0.280000 0.044000
v 0.120000 -0.160000 0.044000
v 0.200000 -0.280000 0.048000
v 0.200000 -0.160000 0.048000
v 0.200000 -0.280000 0.044000
v 0.200000 -0.160000 0.044000
v 0.165884 -0.216595 0.051127
v 0.165884 -0.256595 0.051127
v 0.164197 -0.216595 0.055200
v 0.165884 -0.216595 0.059273
v 0.164197 -0.256595 0.055200
v 0.165884 -0.256595 0.059273
v 0.169957 -0.216595 0.049440
v 0.174030 -0.216595 0.051127
v 0.169957 -0.256595 0.049440
v 0.174030 -0.256595 0.051127
v 0.169957 -0.216595 0.060960
v 0.175717 -0.216595 0.055200
v 0.174030 -0.216595 0.059273
v 0.175717 -0.256595 0.055200
v 0.169957 -0.256595 0.060960
v 0.174030 -0.256595 0.059273
v 0.166563 -0.215395 0.051806
v 0.166563 -0.216595 0.051806
v 0.165157 -0.215395 0.055200
v 0.166563 -0.215395 0.058595
v 0.165157 -0.216595 0.055200
v 0.166563 -0.216595 0.058595
v 0.169957 -0.215395 0.050400
v 0.173351 -0.215395 0.051806
v 0.169957 -0.216595 0.050400
v 0.173351 -0.216595 0.051806
v 0.169957 -0.215395 0.060000
v 0.174757 -0.215395 0.055200
v 0.173351 -0.215395 0.058595
v 0.174757 -0.216595 0.055200
v 0.169957 -0.216595 0.060000
v 0.173351 -0.216595 0.058595
v 0.167557 -0.213075 0.047440
v 0.167557 -0.215395 0.054080
v 0.167557 -0.210835 0.047440
v 0.167557 -0.215395 0.056320
v 0.168260 -0.213075 0.047440
v 0.168260 -0.215395 0.054080
v 0.168260 -0.210835 0.047440
v 0.168260 -0.215395 0.056320
v 0.167557 -0.212835 0.046960
v 0.167557 -0.211075 0.046960
v 0.168260 -0.212835 0.046960
v 0.168260 -0.211075 0.046960
v 0.171654 -0.213075 0.047440
v 0.171654 -0.215395 0.054080
v 0.171654 -0.210835 0.047440
v 0.171654 -0.215395 0.056320
v 0.172357 -0.213075 0.047440
v 0.172357 -0.215395 0.054080
v 0.172357 -0.210835 0.047440
v 0.172357 -0.215395 0.056320
v 0.171654 -0.212835 0.046960
v 0.171654 -0.211075 0.046960
v 0.172357 -0.212835 0.046960
v 0.172357 -0.211075 0.046960
v 0.167557 -0.212995 0.054080
v 0.167557 -0.210835 0.056320
v 0.168260 -0.210835 0.056320
v 0.168260 -0.212995 0.054080
v 0.171654 -0.212995 0.054080
v 0.171654 -0.210835 0.056320
v 0.172357 -0.210835 0.056320
v 0.172357 -0.212995 0.054080
v 0.173351 -0.257795 0.051806
v 0.173351 -0.256595 0.051806
v 0.174757 -0.257795 0.055200
v 0.173351 -0.257795 0.058595
v 0.174757 -0.256595 0.055200
v 0.173351 -0.256595 0.058595
v 0.169957 -0.257795 0.050400
v 0.166563 -0.257795 0.051806
v 0.169957 -0.256595 0.050400
v 0.166563 -0.256595 0.051806
v 0.169957 -0.257795 0.060000
v 0.165157 -0.257795 0.055200
v 0.166563 -0.257795 0.058595
v 0.165157 -0.256595 0.055200
v 0.169957 -0.256595 0.060000
v 0.166563 -0.256595 0.058595
v 0.172357 -0.260115 0.047440
v 0.172357 -0.257795 0.054080
v 0.172357 -0.262355 0.047440
v 0.172357 -0.257795 0.056320
v 0.171654 -0.260115 0.047440
v 0.171654 -0.257795 0.054080
v 0.171654 -0.262355 0.047440
v 0.171654 -0.257795 0.056320
v 0.172357 -0.260355 0.046960
v 0.172357 -0.262115 0.046960
v 0.171654 -0.260355 0.046960
v 0.171654 -0.262115 0.046960
v 0.168260 -0.260115 0.047440
v 0.168260 -0.257795 0.054080
v 0.168260 -0.262355 0.047440
v 0.168260 -0.257795 0.056320
v 0.167557 -0.260115 0.047440
v 0.167557 -0.257795 0.054080
v 0.167557 -0.262355 0.047440
v 0.167557 -0.257795 0.056320
v 0.168260 -0.260355 0.046960
v 0.168260 -0.262115 0.046960
v 0.167557 -0.260355 0.046960
v 0.167557 -0.262115 0.046960
v 0.172357 -0.260195 0.054080
v 0.172357 -0.262355 0.056320
v 0.171654 -0.262355 0.056320
v 0.171654 -0.260195 0.054080
v 0.168260 -0.260195 0.054080
v 0.168260 -0.262355 0.056320
v 0.167557 -0.262355 0.056320
v 0.167557 -0.260195 0.054080
v 0.148865 -0.211595 0.051909
v 0.148865 -0.261595 0.051909
v 0.146757 -0.211595 0.057000
v 0.148865 -0.211595 0.062091
v 0.146757 -0.261595 0.057000
v 0.148865 -0.261595 0.062091
v 0.153957 -0.211595 0.049800
v 0.159048 -0.211595 0.051909
v 0.153957 -0.261595 0.049800
v 0.159048 -0.261595 0.051909
v 0.153957 -0.211595 0.064200
v 0.161157 -0.211595 0.057000
v 0.159048 -0.211595 0.062091
v 0.161157 -0.261595 0.057000
v 0.153957 -0.261595 0.064200
v 0.159048 -0.261595 0.062091
v 0.149714 -0.210095 0.052758
v 0.149714 -0.211595 0.052758
v 0.147957 -0.210095 0.057000
v 0.149714 -0.210095 0.061243
v 0.147957 -0.211595 0.057000
v 0.149714 -0.211595 0.061243
v 0.153957 -0.210095 0.051000
v 0.158199 -0.210095 0.052758
v 0.153957 -0.211595 0.051000
v 0.158199 -0.211595 0.052758
v 0.153957 -0.210095 0.063000
v 0.159957 -0.210095 0.057000
v 0.158199 -0.210095 0.061243
v 0.159957 -0.211595 0.057000
v 0.153957 -0.211595 0.063000
v 0.158199 -0.211595 0.061243
v 0.150957 -0.207195 0.047301
v 0.150957 -0.210095 0.055600
v 0.150957 -0.204395 0.047301
v 0.150957 -0.210095 0.058400
v 0.151835 -0.207195 0.047301
v 0.151835 -0.210095 0.055600
v 0.151835 -0.204395 0.047301
v 0.151835 -0.210095 0.058400
v 0.150957 -0.206895 0.046701
v 0.150957 -0.204695 0.046701
v 0.151835 -0.206895 0.046701
v 0.151835 -0.204695 0.046701
v 0.156078 -0.207195 0.047301
v 0.156078 -0.210095 0.055600
v 0.156078 -0.204395 0.047301
v 0.156078 -0.210095 0.058400
v 0.156957 -0.207195 0.047301
v 0.156957 -0.210095 0.055600
v 0.156957 -0.204395 0.047301
v 0.156957 -0.210095 0.058400
v 0.156078 -0.206895 0.046701
v 0.156078 -0.204695 0.046701
v 0.156957 -0.206895 0.046701
v 0.156957 -0.204695 0.046701
v 0.150957 -0.207095 0.055600
v 0.150957 -0.204395 0.058400
v 0.151835 -0.204395 0.058400
v 0.151835 -0.207095 0.055600
v 0.156078 -0.207095 0.055600
v 0.156078 -0.204395 0.058400
v 0.156957 -0.204395 0.058400
v 0.156957 -0.207095 0.055600
v 0.158199 -0.263095 0.052758
v 0.158199 -0.261595 0.052758
v 0.159957 -0.263095 0.057000
v 0.158199 -0.263095 0.061243
v 0.159957 -0.261595 0.057000
v 0.158199 -0.261595 0.061243
v 0.153957 -0.263095 0.051000
v 0.149714 -0.263095 0.052758
v 0.153957 -0.261595 0.051000
v 0.149714 -0.261595 0.052758
v 0.153957 -0.263095 0.063000
v 0.147957 -0.263095 0.057000
v 0.149714 -0.263095 0.061243
v 0.147957 -0.261595 0.057000
v 0.153957 -0.261595 0.063000
v 0.149714 -0.261595 0.061243
v 0.156957 -0.265995 0.047301
v 0.156957 -0.263095 0.055600
v 0.156957 -0.268795 0.047301
v 0.156957 -0.263095 0.058400
v 0.156078 -0.265995 0.047301
v 0.156078 -0.263095 0.055600
v 0.156078 -0.268795 0.047301
v 0.156078 -0.263095 0.058400
v 0.156957 -0.266295 0.046701
v 0.156957 -0.268495 0.046701
v 0.156078 -0.266295 0.046701
v 0.156078 -0.268495 0.046701
v 0.151835 -0.265995 0.047301
v 0.151835 -0.263095 0.055600
v 0.151835 -0.268795 0.047301
v 0.151835 -0.263095 0.058400
v 0.150957 -0.265995 0.047301
v 0.150957 -0.263095 0.055600
v 0.150957 -0.268795 0.047301
v 0.150957 -0.263095 0.058400
v 0.151835 -0.266295 0.046701
v 0.151835 -0.268495 0.046701
v 0.150957 -0.266295 0.046701
v 0.150957 -0.268495 0.046701
v 0.156957 -0.266095 0.055600
v 0.156957 -0.268795 0.058400
v 0.156078 -0.268795 0.058400
v 0.156078 -0.266095 0.055600
v 0.151835 -0.266095 0.055600
v 0.151835 -0.268795 0.058400
v 0.150957 -0.268795 0.058400
v 0.150957 -0.266095 0.055600
v 0.153414 -0.191615 0.051000
v 0.153414 -0.191615 0.054000
v 0.149899 -0.183129 0.051000
v 0.153414 -0.174644 0.051000
v 0.149899 -0.183129 0.054000
v 0.153414 -0.174644 0.054000
v 0.161899 -0.195129 0.051000
v 0.170384 -0.191615 0.051000
v 0.161899 -0.195129 0.054000
v 0.170384 -0.191615 0.054000
v 0.161899 -0.171129 0.051000
v 0.173899 -0.183129 0.051000
v 0.170384 -0.174644 0.051000
v 0.173899 -0.183129 0.054000
v 0.161899 -0.171129 0.054000
v 0.170384 -0.174644 0.054000
v 0.155899 -0.185929 0.039000
v 0.155899 -0.185929 0.051000
v 0.155899 -0.180329 0.039000
v 0.155899 -0.180329 0.051000
v 0.157099 -0.185929 0.039000
v 0.157099 -0.185929 0.051000
v 0.157099 -0.180329 0.039000
v 0.157099 -0.180329 0.051000
v 0.155899 -0.185329 0.037800
v 0.155899 -0.180929 0.037800
v 0.157099 -0.185329 0.037800
v 0.157099 -0.180929 0.037800
v 0.166699 -0.185929 0.039000
v 0.166699 -0.185929 0.051000
v 0.166699 -0.180329 0.039000
v 0.166699 -0.180329 0.051000
v 0.167899 -0.185929 0.039000
v 0.167899 -0.185929 0.051000
v 0.167899 -0.180329 0.039000
v 0.167899 -0.180329 0.051000
v 0.166699 -0.185329 0.037800
v 0.166699 -0.180929 0.037800
v 0.167899 -0.185329 0.037800
v 0.167899 -0.180929 0.037800
v 0.152735 -0.192293 0.054000
v 0.152735 -0.192293 0.091000
v 0.148939 -0.183129 0.054000
v 0.152735 -0.173965 0.054000
v 0.148939 -0.183129 0.091000
v 0.152735 -0.173965 0.091000
v 0.161899 -0.196089 0.054000
v 0.171063 -0.192293 0.054000
v 0.161899 -0.196089 0.091000
v 0.171063 -0.192293 0.091000
v 0.161899 -0.170169 0.054000
v 0.174859 -0.183129 0.054000
v 0.171063 -0.173965 0.054000
v 0.174859 -0.183129 0.091000
v 0.161899 -0.170169 0.091000
v 0.171063 -0.173965 0.091000
v 0.152735 -0.192293 0.067000
v 0.153651 -0.191377 0.064000
v 0.152735 -0.192293 0.061000
v 0.152735 -0.173965 0.061000
v 0.153651 -0.174882 0.064000
v 0.152735 -0.173965 0.067000
v 0.148939 -0.183129 0.061000
v 0.150235 -0.183129 0.064000
v 0.148939 -0.183129 0.067000
v 0.174859 -0.183129 0.067000
v 0.173563 -0.183129 0.064000
v 0.174859 -0.183129 0.061000
v 0.171063 -0.173965 0.061000
v 0.170147 -0.174882 0.064000
v 0.171063 -0.173965 0.067000
v 0.161899 -0.170169 0.061000
v 0.161899 -0.171465 0.064000
v 0.161899 -0.170169 0.067000
v 0.161899 -0.196089 0.067000
v 0.161899 -0.194793 0.064000
v 0.161899 -0.196089 0.061000
v 0.171063 -0.192293 0.061000
v 0.170147 -0.191377 0.064000
v 0.171063 -0.192293 0.067000
vn -0.0000 -1.0000 -0.0000
vn -0.0000 1.0000 -0.0000
vn -1.0000 -0.0000 -0.0000
vn 1.0000 -0.0000 -0.0000
vn -0.0000 -0.0000 1.0000
vn 0.6728 -0.3875 0.6303
vn 0.7497 0.2017 0.6303
vn 0.3875 0.6728 0.6303
vn -0.2017 0.7497 0.6303
vn -0.6728 0.3875 0.6303
vn -0.7497 -0.2017 0.6303
vn -0.3875 -0.6728 0.6303
vn 0.2017 -0.7497 0.6303
vn 0.2598 -0.9657 -0.0000
vn -0.4991 -0.8665 -0.0000
vn -0.9657 -0.2598 -0.0000
vn 0.8665 -0.4991 -0.0000
vn 0.9657 0.2598 -0.0000
vn -0.8665 0.4991 -0.0000
vn -0.2598 0.9657 -0.0000
vn 0.4991 0.8665 -0.0000
vn 0.2655 0.7296 0.6303
vn -0.3281 0.7036 0.6303
vn -0.7296 0.2655 0.6303
vn -0.7036 -0.3281 0.6303
vn -0.2655 -0.7296 0.6303
vn 0.3281 -0.7036 0.6303
vn 0.7296 -0.2655 0.6303
vn 0.7036 0.3281 0.6303
vn 0.9063 0.4226 -0.0000
vn 0.9397 -0.3420 -0.0000
vn 0.4226 -0.9063 -0.0000
vn 0.3420 0.9397 -0.0000
vn -0.4226 0.9063 -0.0000
vn -0.3420 -0.9397 -0.0000
vn -0.9063 -0.4226 -0.0000
vn -0.9397 0.3420 -0.0000
vn -0.0704 0.7732 0.6303
vn -0.5965 0.4969 0.6303
vn -0.7732 -0.0704 0.6303
vn -0.4969 -0.5965 0.6303
vn 0.0704 -0.7732 0.6303
vn 0.5965 -0.4969 0.6303
vn 0.7732 0.0704 0.6303
vn 0.4969 0.5965 0.6303
vn 0.6401 0.7683 -0.0000
vn 0.9959 0.0907 -0.0000
vn 0.7683 -0.6401 -0.0000
vn -0.0907 0.9959 -0.0000
vn -0.7683 0.6401 -0.0000
vn 0.0907 -0.9959 -0.0000
vn -0.6401 -0.7683 -0.0000
vn -0.9959 -0.0907 -0.0000
vn 0.7657 0.1285 0.6303
vn 0.4506 0.6323 0.6303
vn -0.1285 0.7657 0.6303
vn -0.6323 0.4506 0.6303
vn -0.7657 -0.1285 0.6303
vn -0.4506 -0.6323 0.6303
vn 0.1285 -0.7657 0.6303
vn 0.6323 -0.4506 0.6303
vn 0.8144 -0.5803 -0.0000
vn 0.1655 -0.9862 -0.0000
vn -0.5803 -0.8144 -0.0000
vn 0.9862 0.1655 -0.0000
vn 0.5803 0.8144 -0.0000
vn -0.9862 -0.1655 -0.0000
vn -0.8144 0.5803 -0.0000
vn -0.1655 0.9862 -0.0000
vn 0.8660 0.5000 -0.0000
vn -0.8660 0.5000 -0.0000
vn -0.5000 -0.8660 -0.0000
vn 0.5000 0.8660 -0.0000
vn 0.8660 -0.5000 -0.0000
vn -0.8660 -0.5000 -0.0000
vn 0.5000 -0.8660 -0.0000
vn -0.5000 0.8660 -0.0000
vn 0.7071 -0.7071 -0.0000
vn -0.7071 0.7071 -0.0000
vn -0.7071 -0.7071 -0.0000
vn 0.7071 0.7071 -0.0000
vn -0.3827 -0.9239 -0.0000
vn -0.9239 -0.3827 -0.0000
vn -0.3827 0.9239 -0.0000
vn -0.9239 0.3827 -0.0000
vn 0.9239 0.3827 -0.0000
vn 0.3827 0.9239 -0.0000
vn 0.3827 -0.9239 -0.0000
vn 0.9239 -0.3827 -0.0000
vn -0.0000 -0.0000 -1.0000
vn -0.0000 -0.8944 -0.4472
vn -0.0000 0.8944 -0.4472
vn 0.6491 -0.6491 -0.3966
vn 0.9180 -0.0000 -0.3966
vn 0.6491 -0.6491 0.3966
vn 0.9180 -0.0000 0.3966
vn -0.0000 -0.9180 -0.3966
vn -0.0000 -0.9180 0.3966
vn 0.6491 0.6491 -0.3966
vn -0.0000 0.9180 -0.3966
vn 0.6491 0.6491 0.3966
vn -0.0000 0.9180 0.3966
vn -0.6491 0.6491 -0.3966
vn -0.9180 -0.0000 -0.3966
vn -0.6491 0.6491 0.3966
vn -0.9180 -0.0000 0.3966
vn -0.6491 -0.6491 0.3966
vn -0.6491 -0.6491 -0.3966
vn 0.6222 -0.6222 -0.4751
vn 0.8799 -0.0000 -0.4751
vn 0.6222 -0.6222 0.4751
vn 0.8799 -0.0000 0.4751
vn -0.0000 -0.8799 -0.4751
vn -0.0000 -0.8799 0.4751
vn 0.6222 0.6222 -0.4752
vn -0.0000 0.8799 -0.4752
vn 0.6222 0.6222 0.4752
vn -0.0000 0.8799 0.4752
vn -0.6222 0.6222 -0.4752
vn -0.8799 -0.0000 -0.4752
vn -0.6222 0.6222 0.4752
vn -0.8799 -0.0000 0.4752
vn -0.6222 -0.6222 0.4751
vn -0.6222 -0.6222 -0.4751
vn -0.0000 0.7071 -0.7071
vn -0.0000 0.7071 0.7071
vn -0.0000 -0.7071 0.7071
vn -0.0000 -0.7071 -0.7071
vn -0.0000 0.3827 -0.9239
vn -0.0000 0.9239 -0.3827
vn -0.0000 0.3827 0.9239
vn -0.0000 0.9239 0.3827
vn -0.0000 -0.9239 0.3827
vn -0.0000 -0.3827 0.9239
vn -0.0000 -0.3827 -0.9239
vn -0.0000 -0.9239 -0.3827
vn 0.7071 -0.0000 0.7071
vn -0.7114 -0.0000 -0.7028
vn -0.8944 -0.0000 -0.4472
vn 0.8944 -0.0000 -0.4472
vn -0.9999 -0.0000 0.0120
vn -0.7071 -0.0000 0.7071
vn 0.7114 -0.0000 -0.7028
vn 0.9999 -0.0000 0.0120
vn -0.7071 -0.0000 -0.7071
vn 0.7071 -0.0000 -0.7071
vn -0.3827 -0.0000 -0.9239
vn -0.9239 -0.0000 -0.3827
vn -0.3827 -0.0000 0.9239
vn -0.9239 -0.0000 0.3827
vn 0.9239 -0.0000 0.3827
vn 0.3827 -0.0000 0.9239
vn 0.3827 -0.0000 -0.9239
vn 0.9239 -0.0000 -0.3827
vn -0.0000 -0.7114 -0.7028
vn -0.0000 -0.9999 0.0120
vn -0.0000 0.7114 -0.7028
vn -0.0000 0.8945 -0.4472
vn -0.0000 0.9999 0.0120
vn -0.0000 0.7113 -0.7028
vn -0.0000 -0.8944 -0.4473
vt 0.171006 0.206992
vt 0.147197 0.193087
vt 0.171006 0.179564
vt 0.195197 0.193087
vt 0.171006 0.206992
vt 0.195197 0.193087
vt 0.149940 0.189849
vt 0.149940 0.182306
vt 0.167768 0.182306
vt 0.149940 0.204249
vt 0.167768 0.204249
vt 0.149940 0.189849
vt 0.171006 0.179564
vt 0.147197 0.193087
vt 0.192454 0.189849
vt 0.192454 0.182306
vt 0.167768 0.182306
vt 0.192454 0.204249
vt 0.192454 0.189849
vt 0.167768 0.204249
vt 0.167768 0.179564
vt 0.147197 0.189849
vt 0.147197 0.179564
vt 0.167768 0.206992
vt 0.147197 0.189849
vt 0.147197 0.206992
vt 0.167768 0.206992
vt 0.195197 0.189849
vt 0.195197 0.206992
vt 0.167768 0.179564
vt 0.195197 0.189849
vt 0.195197 0.179564
vt 0.149940 0.196706
vt 0.174625 0.182306
vt 0.150391 0.179688
vt 0.174625 0.204249
vt 0.149940 0.196706
vt 0.150391 0.203125
vt 0.192454 0.196706
vt 0.174625 0.204249
vt 0.193359 0.203125
vt 0.192454 0.196706
vt 0.174625 0.182306
vt 0.193359 0.179688
vt 0.519531 0.632812
vt 0.509797 0.941728
vt 0.552734 0.632812
vt 0.685547 0.632812
vt 0.693382 0.941728
vt 0.552734 0.632812
vt 0.490234 0.632812
vt 0.490234 1.000000
vt 0.710938 0.632812
vt 0.490234 1.000000
vt 0.450919 0.220703
vt 0.453549 0.220703
vt 0.448705 0.215357
vt 0.453549 0.215357
vt 0.453549 0.226049
vt 0.448705 0.226049
vt 0.453549 0.226049
vt 0.443359 0.213143
vt 0.453549 0.220703
vt 0.438014 0.215357
vt 0.453549 0.215357
vt 0.435799 0.220703
vt 0.453549 0.220703
vt 0.443359 0.228263
vt 0.453549 0.220703
vt 0.438014 0.226049
vt 0.453549 0.215357
vt 0.453549 0.226049
vt 0.456573 0.220703
vt 0.456573 0.215357
vt 0.456573 0.226049
vt 0.456573 0.226049
vt 0.456573 0.220703
vt 0.456573 0.215357
vt 0.456573 0.220703
vt 0.456573 0.220703
vt 0.456573 0.215357
vt 0.456573 0.226049
vt 0.450919 0.220703
vt 0.453549 0.220703
vt 0.448705 0.215357
vt 0.453549 0.215357
vt 0.453549 0.226049
vt 0.448705 0.226049
vt 0.453549 0.226049
vt 0.443359 0.213143
vt 0.453549 0.220703
vt 0.438014 0.215357
vt 0.453549 0.215357
vt 0.435799 0.220703
vt 0.453549 0.220703
vt 0.443359 0.228263
vt 0.453549 0.220703
vt 0.438014 0.226049
vt 0.453549 0.215357
vt 0.453549 0.226049
vt 0.456573 0.220703
vt 0.456573 0.215357
vt 0.456573 0.226049
vt 0.456573 0.226049
vt 0.456573 0.220703
vt 0.456573 0.215357
vt 0.456573 0.220703
vt 0.456573 0.220703
vt 0.456573 0.215357
vt 0.456573 0.226049
vt 0.490234 0.780859
vt 0.501953 0.621094
vt 0.421875 0.780859
vt 0.490234 0.701172
vt 0.490234 1.000000
vt 0.421875 1.000000
vt 0.710938 0.780859
vt 0.701172 0.621094
vt 0.421875 0.780859
vt 0.710938 0.701172
vt 0.710938 1.000000
vt 0.421875 1.000000
vt 0.509797 0.832158
vt 0.652344 0.621094
vt 0.519531 0.621094
vt 0.519531 0.621094
vt 0.509797 0.941729
vt 0.552734 0.621094
vt 0.685547 0.621094
vt 0.693382 0.941728
vt 0.552734 0.621094
vt 0.431641 0.701172
vt 0.490234 0.691406
vt 0.490234 0.541016
vt 0.490234 0.701172
vt 0.490234 0.632812
vt 0.710937 0.632812
vt 0.490234 0.701171
vt 0.501953 0.632812
vt 0.431641 0.780859
vt 0.490234 0.620703
vt 0.509797 0.832158
vt 0.652344 0.632812
vt 0.519531 0.632812
vt 0.693381 0.832158
vt 0.652344 0.632812
vt 0.685547 0.632812
vt 0.693382 0.832158
vt 0.652344 0.621094
vt 0.685547 0.621094
vt 0.450919 0.220703
vt 0.453549 0.220703
vt 0.448705 0.215357
vt 0.453549 0.215357
vt 0.453549 0.226049
vt 0.448705 0.226049
vt 0.453549 0.226049
vt 0.443359 0.213143
vt 0.453549 0.220703
vt 0.438014 0.215357
vt 0.453549 0.215357
vt 0.435799 0.220703
vt 0.453549 0.220703
vt 0.443359 0.228263
vt 0.453549 0.220703
vt 0.438014 0.226049
vt 0.453549 0.215357
vt 0.453549 0.226049
vt 0.456573 0.220703
vt 0.456573 0.215357
vt 0.456573 0.226049
vt 0.456573 0.226049
vt 0.456573 0.220703
vt 0.456573 0.215357
vt 0.456573 0.220703
vt 0.456573 0.220703
vt 0.456573 0.215357
vt 0.456573 0.226049
vt 0.450919 0.220703
vt 0.453549 0.220703
vt 0.448705 0.215357
vt 0.453549 0.215357
vt 0.453549 0.226049
vt 0.448705 0.226049
vt 0.453549 0.226049
vt 0.443359 0.213143
vt 0.453549 0.220703
vt 0.438014 0.215357
vt 0.453549 0.215357
vt 0.435799 0.220703
vt 0.453549 0.220703
vt 0.443359 0.228263
vt 0.453549 0.220703
vt 0.438014 0.226049
vt 0.453549 0.215357
vt 0.453549 0.226049
vt 0.456573 0.220703
vt 0.456573 0.215357
vt 0.456573 0.226049
vt 0.456573 0.226049
vt 0.456573 0.220703
vt 0.456573 0.215357
vt 0.456573 0.220703
vt 0.456573 0.220703
vt 0.456573 0.215357
vt 0.456573 0.226049
vt 0.645710 0.848773
vt 0.645710 0.893239
vt 0.668823 0.893239
vt 0.668823 0.848773
vt 0.301965 0.885327
vt 0.301965 0.891994
vt 0.301965 0.898661
vt 0.301965 0.905327
vt 0.301965 0.911994
vt 0.301965 0.918661
vt 0.301965 0.925327
vt 0.301965 0.931994
vt 0.301965 0.938661
vt 0.301965 0.945327
vt 0.301965 0.865327
vt 0.301965 0.871994
vt 0.301965 0.878661
vt 0.297845 0.885327
vt 0.287464 0.901994
vt 0.290798 0.896220
vt 0.297845 0.891994
vt 0.296571 0.892887
vt 0.297845 0.898661
vt 0.303238 0.892887
vt 0.297845 0.905327
vt 0.309012 0.896220
vt 0.297845 0.911994
vt 0.297845 0.918661
vt 0.312345 0.901994
vt 0.297845 0.925327
vt 0.312345 0.908661
vt 0.309012 0.914434
vt 0.297845 0.931994
vt 0.303238 0.917767
vt 0.297845 0.938661
vt 0.297845 0.945327
vt 0.297845 0.865327
vt 0.296571 0.917767
vt 0.297845 0.871994
vt 0.290798 0.914434
vt 0.297845 0.878661
vt 0.287464 0.908661
vt 0.297519 0.919922
vt 0.297519 0.905327
vt 0.297519 0.890733
vt 0.297519 0.876138
vt 0.297519 0.934516
vt 0.303984 0.896537
vt 0.302291 0.919922
vt 0.308695 0.909407
vt 0.302291 0.905327
vt 0.295825 0.914118
vt 0.302291 0.890733
vt 0.302291 0.876138
vt 0.291114 0.901248
vt 0.302291 0.934516
vt 0.297519 0.912624
vt 0.297519 0.898030
vt 0.297519 0.883435
vt 0.297519 0.927219
vt 0.308695 0.902110
vt 0.302291 0.912624
vt 0.303122 0.914118
vt 0.302291 0.898030
vt 0.291114 0.908545
vt 0.302291 0.883435
vt 0.296687 0.896537
vt 0.302291 0.927219
vt 0.297845 0.925327
vt 0.297845 0.918661
vt 0.297845 0.911994
vt 0.297845 0.905327
vt 0.297845 0.898661
vt 0.297845 0.891994
vt 0.297845 0.885327
vt 0.297845 0.878661
vt 0.297845 0.871994
vt 0.297845 0.865327
vt 0.297845 0.945327
vt 0.297845 0.938661
vt 0.297845 0.931994
vt 0.301965 0.925327
vt 0.290798 0.914434
vt 0.287464 0.908661
vt 0.301965 0.918661
vt 0.287464 0.901994
vt 0.301965 0.911994
vt 0.290798 0.896220
vt 0.301965 0.905327
vt 0.296571 0.892887
vt 0.301965 0.898661
vt 0.301965 0.891994
vt 0.303238 0.892887
vt 0.301965 0.885327
vt 0.309012 0.896220
vt 0.312345 0.901994
vt 0.301965 0.878661
vt 0.312345 0.908660
vt 0.301965 0.871994
vt 0.301965 0.865327
vt 0.301965 0.945327
vt 0.309012 0.914434
vt 0.301965 0.938661
vt 0.303238 0.917767
vt 0.301965 0.931994
vt 0.296571 0.917767
vt 0.297519 0.919922
vt 0.297519 0.905327
vt 0.297519 0.890733
vt 0.297519 0.876138
vt 0.297519 0.934516
vt 0.295825 0.896537
vt 0.302291 0.919922
vt 0.308695 0.901248
vt 0.302291 0.905327
vt 0.303984 0.914118
vt 0.302291 0.890733
vt 0.302291 0.876138
vt 0.291114 0.909407
vt 0.302291 0.934516
vt 0.297519 0.912624
vt 0.297519 0.898030
vt 0.297519 0.883435
vt 0.297519 0.927219
vt 0.303122 0.896537
vt 0.302291 0.912624
vt 0.308695 0.908545
vt 0.302291 0.898030
vt 0.296687 0.914118
vt 0.302291 0.883435
vt 0.291114 0.902110
vt 0.302291 0.927219
vt 0.490234 0.900391
vt 0.496153 0.546893
vt 0.490234 0.701172
vt 0.496153 0.614826
vt 0.490234 0.767578
vt 0.490234 0.900391
vt 0.705019 0.546893
vt 0.490234 0.701172
vt 0.705019 0.614826
vt 0.490234 0.701172
vt 0.490234 0.767578
vt 0.710938 0.691406
vt 0.431641 0.701172
vt 0.710938 0.541016
vt 0.701172 0.632812
vt 0.431641 0.780859
vt 0.710938 0.620703
vt 0.452734 0.900391
vt 0.496153 0.546893
vt 0.452734 0.701172
vt 0.496153 0.614826
vt 0.452734 0.767578
vt 0.452734 0.900391
vt 0.705019 0.546893
vt 0.452734 0.701172
vt 0.705019 0.614826
vt 0.452734 0.701172
vt 0.452734 0.767578
vt 0.458984 0.349609
vt 0.361328 0.416178
vt 0.361328 0.349609
vt 0.390625 0.349609
vt 0.361328 0.484538
vt 0.361328 0.349609
vt 0.458984 0.351562
vt 0.361328 0.351562
vt 0.390625 0.351562
vt 0.361328 0.351562
vt 0.813794 0.905018
vt 0.790204 0.905915
vt 0.810932 0.905018
vt 0.813794 0.896255
vt 0.816656 0.931306
vt 0.796400 0.899719
vt 0.816656 0.922543
vt 0.805163 0.899719
vt 0.810932 0.896255
vt 0.813794 0.931306
vt 0.813794 0.922543
vt 0.813794 0.913780
vt 0.790204 0.914678
vt 0.813794 0.922543
vt 0.796400 0.920874
vt 0.810932 0.913780
vt 0.810932 0.922543
vt 0.816656 0.913780
vt 0.811359 0.905915
vt 0.816656 0.896255
vt 0.813794 0.931306
vt 0.805163 0.920874
vt 0.816656 0.905018
vt 0.811359 0.914678
vt 0.813794 0.896255
vt 0.810932 0.931306
vt 0.813794 0.913780
vt 0.813794 0.905018
vt 0.655205 0.257381
vt 0.655205 0.256954
vt 0.645092 0.257516
vt 0.645092 0.246067
vt 0.655205 0.245932
vt 0.656350 0.247212
vt 0.656350 0.247638
vt 0.650435 0.257516
vt 0.650435 0.246067
vt 0.656350 0.258661
vt 0.654061 0.257381
vt 0.654061 0.256954
vt 0.648527 0.247212
vt 0.648527 0.258661
vt 0.654061 0.245932
vt 0.655205 0.247212
vt 0.655205 0.247638
vt 0.653870 0.247212
vt 0.655205 0.258661
vt 0.653870 0.258661
vt 0.655205 0.258234
vt 0.652916 0.272209
vt 0.645665 0.258661
vt 0.652915 0.268011
vt 0.656350 0.246358
vt 0.649863 0.258661
vt 0.654061 0.258234
vt 0.654061 0.272209
vt 0.649099 0.246067
vt 0.654060 0.268011
vt 0.655205 0.246358
vt 0.653297 0.246067
vt 0.657495 0.257381
vt 0.657495 0.256954
vt 0.645092 0.270110
vt 0.645092 0.258661
vt 0.657495 0.245932
vt 0.652916 0.257381
vt 0.652916 0.256954
vt 0.650435 0.270110
vt 0.650435 0.258661
vt 0.652916 0.245932
vt 0.656350 0.257381
vt 0.656350 0.256954
vt 0.648527 0.259806
vt 0.648527 0.271255
vt 0.656350 0.245932
vt 0.654061 0.257381
vt 0.654061 0.256954
vt 0.653870 0.259806
vt 0.654061 0.245932
vt 0.653870 0.271255
vt 0.657495 0.258234
vt 0.652916 0.261905
vt 0.645665 0.271255
vt 0.652915 0.257707
vt 0.652916 0.258234
vt 0.649863 0.271255
vt 0.656350 0.258234
vt 0.654061 0.261905
vt 0.649099 0.258661
vt 0.654060 0.257707
vt 0.654061 0.258234
vt 0.653297 0.258661
vt 0.438707 0.329390
vt 0.493869 0.281354
vt 0.445953 0.322007
vt 0.493936 0.316548
vt 0.446049 0.322048
vt 0.503130 0.281264
vt 0.512442 0.281252
vt 0.456432 0.322048
vt 0.438611 0.329348
vt 0.503218 0.316506
vt 0.438611 0.339731
vt 0.512477 0.316450
vt 0.521576 0.281660
vt 0.438707 0.339773
vt 0.484635 0.281513
vt 0.512428 0.281493
vt 0.446049 0.347114
vt 0.456336 0.322007
vt 0.484615 0.316561
vt 0.521712 0.316370
vt 0.463677 0.329348
vt 0.512490 0.316463
vt 0.521725 0.281444
vt 0.484680 0.281106
vt 0.463773 0.329390
vt 0.503276 0.281371
vt 0.456432 0.347114
vt 0.494053 0.281230
vt 0.463773 0.339773
vt 0.463677 0.339731
vt 0.503251 0.316548
vt 0.445953 0.347073
vt 0.484629 0.316707
vt 0.521725 0.316385
vt 0.456336 0.347073
vt 0.493971 0.316631
vt 0.493980 0.294127
vt 0.493991 0.290998
vt 0.493950 0.287863
vt 0.512358 0.287798
vt 0.512309 0.290946
vt 0.512360 0.294089
vt 0.503153 0.287798
vt 0.503139 0.290960
vt 0.503170 0.294117
vt 0.503167 0.294154
vt 0.503201 0.291005
vt 0.503201 0.287859
vt 0.493997 0.287788
vt 0.494018 0.290958
vt 0.493961 0.294120
vt 0.484646 0.287798
vt 0.521590 0.287995
vt 0.485158 0.290913
vt 0.521042 0.290997
vt 0.484629 0.294027
vt 0.521567 0.294008
vt 0.521486 0.294058
vt 0.484734 0.294052
vt 0.520942 0.291076
vt 0.485273 0.291031
vt 0.521458 0.288116
vt 0.484747 0.288029
vt 0.512327 0.287938
vt 0.512298 0.291041
vt 0.512326 0.294151
vt 0.813794 0.905018
vt 0.790204 0.905915
vt 0.810932 0.905018
vt 0.813794 0.896255
vt 0.816656 0.931306
vt 0.796400 0.899719
vt 0.816656 0.922543
vt 0.805163 0.899719
vt 0.810932 0.896255
vt 0.813794 0.931306
vt 0.813794 0.922543
vt 0.813794 0.913780
vt 0.790204 0.914678
vt 0.813794 0.922543
vt 0.796400 0.920874
vt 0.810932 0.913780
vt 0.810932 0.922543
vt 0.816656 0.913780
vt 0.811359 0.905915
vt 0.816656 0.896255
vt 0.813794 0.931306
vt 0.805163 0.920874
vt 0.816656 0.905018
vt 0.811359 0.914678
vt 0.813794 0.896255
vt 0.810932 0.931306
vt 0.813794 0.913780
vt 0.813794 0.905018
vt 0.655205 0.257381
vt 0.655205 0.256954
vt 0.645092 0.257516
vt 0.645092 0.246067
vt 0.655205 0.245932
vt 0.656350 0.247212
vt 0.656350 0.247638
vt 0.650435 0.257516
vt 0.650435 0.246067
vt 0.656350 0.258661
vt 0.654061 0.257381
vt 0.654061 0.256954
vt 0.648527 0.247212
vt 0.648527 0.258661
vt 0.654061 0.245932
vt 0.655205 0.247212
vt 0.655205 0.247638
vt 0.653870 0.247212
vt 0.655205 0.258661
vt 0.653870 0.258661
vt 0.655205 0.258234
vt 0.652916 0.272209
vt 0.645664 0.258661
vt 0.652916 0.268011
vt 0.656350 0.246358
vt 0.649862 0.258661
vt 0.654061 0.258234
vt 0.654060 0.272209
vt 0.649099 0.246067
vt 0.654061 0.268011
vt 0.655205 0.246358
vt 0.653297 0.246067
vt 0.657495 0.257381
vt 0.657495 0.256954
vt 0.645092 0.270110
vt 0.645092 0.258661
vt 0.657495 0.245932
vt 0.652916 0.257381
vt 0.652916 0.256954
vt 0.650435 0.270110
vt 0.650435 0.258661
vt 0.652916 0.245932
vt 0.656350 0.257381
vt 0.656350 0.256954
vt 0.648527 0.259806
vt 0.648527 0.271255
vt 0.656350 0.245932
vt 0.654061 0.257381
vt 0.654061 0.256954
vt 0.653870 0.259806
vt 0.654061 0.245932
vt 0.653870 0.271255
vt 0.657495 0.258234
vt 0.652916 0.261905
vt 0.645664 0.271255
vt 0.652916 0.257707
vt 0.652916 0.258234
vt 0.649862 0.271255
vt 0.656350 0.258234
vt 0.654060 0.261905
vt 0.649099 0.258661
vt 0.654061 0.257707
vt 0.654061 0.258234
vt 0.653297 0.258661
vt 0.457010 0.321541
vt 0.519401 0.233246
vt 0.466492 0.298916
vt 0.519382 0.278008
vt 0.443600 0.321541
vt 0.507852 0.233146
vt 0.496229 0.233124
vt 0.434118 0.312059
vt 0.457010 0.289433
vt 0.507783 0.277968
vt 0.443600 0.289433
vt 0.496209 0.277916
vt 0.484910 0.233580
vt 0.466492 0.312059
vt 0.530919 0.233427
vt 0.496320 0.233407
vt 0.466492 0.298649
vt 0.466492 0.312325
vt 0.531022 0.278020
vt 0.484659 0.277814
vt 0.457010 0.321807
vt 0.496195 0.277921
vt 0.484645 0.233373
vt 0.530940 0.232934
vt 0.434118 0.298649
vt 0.507730 0.233282
vt 0.457010 0.289167
vt 0.519224 0.233105
vt 0.443600 0.289167
vt 0.443600 0.321807
vt 0.507748 0.278019
vt 0.434118 0.298916
vt 0.531008 0.278209
vt 0.484645 0.277857
vt 0.434118 0.312325
vt 0.519345 0.278116
vt 0.519302 0.246250
vt 0.519288 0.243000
vt 0.519326 0.239745
vt 0.496317 0.239670
vt 0.496369 0.242947
vt 0.496322 0.246218
vt 0.507829 0.239675
vt 0.507844 0.242961
vt 0.507814 0.246243
vt 0.507852 0.246288
vt 0.507809 0.243020
vt 0.507803 0.239756
vt 0.519287 0.239656
vt 0.519274 0.242947
vt 0.519360 0.246235
vt 0.530984 0.239643
vt 0.484786 0.239913
vt 0.530360 0.242894
vt 0.485448 0.243023
vt 0.531008 0.246136
vt 0.484808 0.246147
vt 0.484950 0.246180
vt 0.530849 0.246168
vt 0.485626 0.243089
vt 0.530184 0.243038
vt 0.485008 0.240021
vt 0.530817 0.239929
vt 0.496403 0.239841
vt 0.496425 0.243064
vt 0.496412 0.246291
vt 0.199219 0.310671
vt 0.189878 0.273015
vt 0.198891 0.264003
vt 0.199219 0.341673
vt 0.195312 0.310671
vt 0.186145 0.269282
vt 0.191406 0.310671
vt 0.186145 0.264003
vt 0.195158 0.260269
vt 0.195312 0.341673
vt 0.189878 0.260269
vt 0.191406 0.341673
vt 0.203125 0.310671
vt 0.187500 0.310671
vt 0.195158 0.273015
vt 0.191406 0.310671
vt 0.198891 0.269282
vt 0.198891 0.269282
vt 0.203125 0.341673
vt 0.187500 0.341673
vt 0.195158 0.273015
vt 0.191406 0.341673
vt 0.187500 0.310671
vt 0.203125 0.310671
vt 0.189878 0.260269
vt 0.195312 0.310671
vt 0.198891 0.264003
vt 0.199219 0.310671
vt 0.195158 0.260269
vt 0.189878 0.273015
vt 0.195312 0.341673
vt 0.186145 0.264003
vt 0.187500 0.341673
vt 0.203125 0.341673
vt 0.186145 0.269282
vt 0.199219 0.341673
vt 0.845044 0.951893
vt 0.821454 0.952790
vt 0.842182 0.951893
vt 0.845044 0.943130
vt 0.847906 0.978181
vt 0.827650 0.946594
vt 0.847906 0.969418
vt 0.836413 0.946594
vt 0.842182 0.943130
vt 0.845044 0.978181
vt 0.845044 0.969418
vt 0.845044 0.960655
vt 0.821454 0.961553
vt 0.845044 0.969418
vt 0.827650 0.967749
vt 0.842182 0.960655
vt 0.842182 0.969418
vt 0.847906 0.960655
vt 0.842609 0.952790
vt 0.847906 0.943130
vt 0.845044 0.978181
vt 0.836413 0.967749
vt 0.847906 0.951893
vt 0.842609 0.961553
vt 0.845044 0.943130
vt 0.842182 0.978181
vt 0.845044 0.960655
vt 0.845044 0.951893
vt 0.655206 0.254821
vt 0.655205 0.256612
vt 0.629255 0.251601
vt 0.645092 0.246067
vt 0.655205 0.245932
vt 0.656350 0.242091
vt 0.657113 0.237443
vt 0.629254 0.256943
vt 0.650435 0.246067
vt 0.656350 0.258661
vt 0.653529 0.254821
vt 0.632689 0.253127
vt 0.653528 0.256612
vt 0.630933 0.253127
vt 0.648527 0.258661
vt 0.653529 0.245932
vt 0.654674 0.242091
vt 0.632688 0.247784
vt 0.630902 0.247784
vt 0.654862 0.237443
vt 0.654646 0.258661
vt 0.653870 0.258661
vt 0.655206 0.254821
vt 0.652916 0.274499
vt 0.628108 0.252173
vt 0.652916 0.274499
vt 0.656350 0.242091
vt 0.628108 0.256371
vt 0.653529 0.254821
vt 0.654592 0.274499
vt 0.631544 0.252554
vt 0.654593 0.274499
vt 0.654674 0.242091
vt 0.631544 0.248356
vt 0.658028 0.254821
vt 0.658027 0.256612
vt 0.629255 0.264195
vt 0.645092 0.258661
vt 0.658027 0.245932
vt 0.652383 0.262500
vt 0.652384 0.267149
vt 0.629254 0.269538
vt 0.650435 0.258661
vt 0.652384 0.245932
vt 0.656351 0.254821
vt 0.656350 0.256612
vt 0.632689 0.265721
vt 0.648527 0.271255
vt 0.656350 0.245932
vt 0.654060 0.262500
vt 0.632689 0.260378
vt 0.654060 0.267149
vt 0.654061 0.245932
vt 0.653870 0.271255
vt 0.658028 0.254821
vt 0.652384 0.264195
vt 0.628108 0.264767
vt 0.652384 0.264195
vt 0.652383 0.262500
vt 0.628108 0.268965
vt 0.656351 0.254821
vt 0.654061 0.264195
vt 0.631544 0.265148
vt 0.654061 0.264195
vt 0.654060 0.262500
vt 0.631544 0.260950
vt 0.655205 0.251656
vt 0.645092 0.251791
vt 0.655929 0.247784
vt 0.656404 0.251763
vt 0.650435 0.256943
vt 0.653655 0.247784
vt 0.654753 0.247784
vt 0.654584 0.247784
vt 0.653802 0.251763
vt 0.653529 0.251656
vt 0.648527 0.252936
vt 0.658027 0.251656
vt 0.645092 0.264385
vt 0.652384 0.256808
vt 0.652384 0.252830
vt 0.650435 0.269538
vt 0.654060 0.256808
vt 0.653870 0.260378
vt 0.654061 0.252830
vt 0.656350 0.251656
vt 0.648527 0.265530
vt 0.845044 0.951893
vt 0.821454 0.952790
vt 0.842182 0.951893
vt 0.845044 0.943130
vt 0.847906 0.978181
vt 0.827650 0.946594
vt 0.847906 0.969418
vt 0.836413 0.946594
vt 0.842182 0.943130
vt 0.845044 0.978181
vt 0.845044 0.969418
vt 0.845044 0.960655
vt 0.821454 0.961553
vt 0.845044 0.969418
vt 0.827650 0.967749
vt 0.842182 0.960655
vt 0.842182 0.969418
vt 0.847906 0.960655
vt 0.842609 0.952790
vt 0.847906 0.943130
vt 0.845044 0.978181
vt 0.836413 0.967749
vt 0.847906 0.951893
vt 0.842609 0.961553
vt 0.845044 0.943130
vt 0.842182 0.978181
vt 0.845044 0.960655
vt 0.845044 0.951893
vt 0.655206 0.254821
vt 0.655205 0.256612
vt 0.629255 0.251601
vt 0.645092 0.246067
vt 0.655205 0.245932
vt 0.656350 0.242091
vt 0.657113 0.237443
vt 0.629254 0.256943
vt 0.650435 0.246067
vt 0.656350 0.258661
vt 0.653529 0.254821
vt 0.632689 0.253127
vt 0.653528 0.256612
vt 0.630933 0.253127
vt 0.648527 0.258661
vt 0.653529 0.245932
vt 0.654674 0.242091
vt 0.632688 0.247784
vt 0.630902 0.247784
vt 0.654862 0.237443
vt 0.654646 0.258661
vt 0.653870 0.258661
vt 0.655206 0.254821
vt 0.652916 0.274499
vt 0.628108 0.252173
vt 0.652916 0.274499
vt 0.656350 0.242091
vt 0.628108 0.256371
vt 0.653529 0.254821
vt 0.654592 0.274499
vt 0.631544 0.252554
vt 0.654593 0.274499
vt 0.654674 0.242091
vt 0.631544 0.248356
vt 0.658028 0.254821
vt 0.658027 0.256612
vt 0.629255 0.264195
vt 0.645092 0.258661
vt 0.658027 0.245932
vt 0.652383 0.262500
vt 0.652384 0.267149
vt 0.629254 0.269538
vt 0.650435 0.258661
vt 0.652384 0.245932
vt 0.656351 0.254821
vt 0.656350 0.256612
vt 0.632689 0.265721
vt 0.648527 0.271255
vt 0.656350 0.245932
vt 0.654060 0.262500
vt 0.632689 0.260378
vt 0.654060 0.267149
vt 0.654061 0.245932
vt 0.653870 0.271255
vt 0.658028 0.254821
vt 0.652384 0.264195
vt 0.628108 0.264767
vt 0.652384 0.264195
vt 0.652383 0.262500
vt 0.628108 0.268965
vt 0.656351 0.254821
vt 0.654061 0.264195
vt 0.631544 0.265148
vt 0.654061 0.264195
vt 0.654060 0.262500
vt 0.631544 0.260950
vt 0.655205 0.251656
vt 0.645092 0.251791
vt 0.655929 0.247784
vt 0.656404 0.251763
vt 0.650435 0.256943
vt 0.653655 0.247784
vt 0.654753 0.247784
vt 0.654584 0.247784
vt 0.653802 0.251763
vt 0.653529 0.251656
vt 0.648527 0.252936
vt 0.658027 0.251656
vt 0.645092 0.264385
vt 0.652384 0.256808
vt 0.652384 0.252830
vt 0.650435 0.269538
vt 0.654060 0.256808
vt 0.653870 0.260378
vt 0.654061 0.252830
vt 0.656350 0.251656
vt 0.648527 0.265530
vt 0.199219 0.310671
vt 0.189878 0.273015
vt 0.198891 0.264003
vt 0.199219 0.341673
vt 0.195312 0.310671
vt 0.186145 0.269282
vt 0.191406 0.310671
vt 0.186145 0.264003
vt 0.195158 0.260269
vt 0.195312 0.341673
vt 0.189878 0.260269
vt 0.191406 0.341673
vt 0.203125 0.310671
vt 0.187500 0.310671
vt 0.195158 0.273015
vt 0.191406 0.310671
vt 0.198891 0.269282
vt 0.198891 0.269282
vt 0.203125 0.341673
vt 0.187500 0.341673
vt 0.195158 0.273015
vt 0.191406 0.341673
vt 0.187500 0.310671
vt 0.203125 0.310671
vt 0.189878 0.260269
vt 0.195312 0.310671
vt 0.198891 0.264003
vt 0.199219 0.310671
vt 0.195158 0.260269
vt 0.189878 0.273015
vt 0.195312 0.341673
vt 0.186145 0.264003
vt 0.187500 0.341673
vt 0.203125 0.341673
vt 0.186145 0.269282
vt 0.199219 0.341673
vt 0.845044 0.951893
vt 0.821454 0.952790
vt 0.842182 0.951893
vt 0.845044 0.943130
vt 0.847906 0.978181
vt 0.827650 0.946594
vt 0.847906 0.969418
vt 0.836413 0.946594
vt 0.842182 0.943130
vt 0.845044 0.978181
vt 0.845044 0.969418
vt 0.845044 0.960655
vt 0.821454 0.961553
vt 0.845044 0.969418
vt 0.827650 0.967749
vt 0.842182 0.960655
vt 0.842182 0.969418
vt 0.847906 0.960655
vt 0.842609 0.952790
vt 0.847906 0.943130
vt 0.845044 0.978181
vt 0.836413 0.967749
vt 0.847906 0.951893
vt 0.842609 0.961553
vt 0.845044 0.943130
vt 0.842182 0.978181
vt 0.845044 0.960655
vt 0.845044 0.951893
vt 0.655206 0.254821
vt 0.655205 0.256612
vt 0.629255 0.251601
vt 0.645092 0.246067
vt 0.655205 0.245932
vt 0.656350 0.242091
vt 0.657113 0.237443
vt 0.629254 0.256943
vt 0.650435 0.246067
vt 0.656350 0.258661
vt 0.653529 0.254821
vt 0.632689 0.253127
vt 0.653528 0.256612
vt 0.630933 0.253127
vt 0.648527 0.258661
vt 0.653529 0.245932
vt 0.654674 0.242091
vt 0.632688 0.247784
vt 0.630902 0.247784
vt 0.654862 0.237443
vt 0.654646 0.258661
vt 0.653870 0.258661
vt 0.655206 0.254821
vt 0.652916 0.274499
vt 0.628108 0.252173
vt 0.652916 0.274499
vt 0.656350 0.242091
vt 0.628108 0.256371
vt 0.653529 0.254821
vt 0.654592 0.274499
vt 0.631544 0.252554
vt 0.654593 0.274499
vt 0.654674 0.242091
vt 0.631544 0.248356
vt 0.658028 0.254821
vt 0.658027 0.256612
vt 0.629255 0.264195
vt 0.645092 0.258661
vt 0.658027 0.245932
vt 0.652383 0.262500
vt 0.652384 0.267149
vt 0.629254 0.269538
vt 0.650435 0.258661
vt 0.652384 0.245932
vt 0.656351 0.254821
vt 0.656350 0.256612
vt 0.632689 0.265721
vt 0.648527 0.271255
vt 0.656350 0.245932
vt 0.654060 0.262500
vt 0.632689 0.260378
vt 0.654060 0.267149
vt 0.654061 0.245932
vt 0.653870 0.271255
vt 0.658028 0.254821
vt 0.652384 0.264195
vt 0.628108 0.264767
vt 0.652384 0.264195
vt 0.652383 0.262500
vt 0.628108 0.268965
vt 0.656351 0.254821
vt 0.654061 0.264195
vt 0.631544 0.265148
vt 0.654061 0.264195
vt 0.654060 0.262500
vt 0.631544 0.260950
vt 0.655205 0.251656
vt 0.645092 0.251791
vt 0.655929 0.247784
vt 0.656404 0.251763
vt 0.650435 0.256943
vt 0.653655 0.247784
vt 0.654753 0.247784
vt 0.654584 0.247784
vt 0.653802 0.251763
vt 0.653529 0.251656
vt 0.648527 0.252936
vt 0.658027 0.251656
vt 0.645092 0.264385
vt 0.652384 0.256808
vt 0.652384 0.252830
vt 0.650435 0.269538
vt 0.654060 0.256808
vt 0.653870 0.260378
vt 0.654061 0.252830
vt 0.656350 0.251656
vt 0.648527 0.265530
vt 0.845044 0.951893
vt 0.821454 0.952790
vt 0.842182 0.951893
vt 0.845044 0.943130
vt 0.847906 0.978181
vt 0.827650 0.946594
vt 0.847906 0.969418
vt 0.836413 0.946594
vt 0.842182 0.943130
vt 0.845044 0.978181
vt 0.845044 0.969418
vt 0.845044 0.960655
vt 0.821454 0.961553
vt 0.845044 0.969418
vt 0.827650 0.967749
vt 0.842182 0.960655
vt 0.842182 0.969418
vt 0.847906 0.960655
vt 0.842609 0.952790
vt 0.847906 0.943130
vt 0.845044 0.978181
vt 0.836413 0.967749
vt 0.847906 0.951893
vt 0.842609 0.961553
vt 0.845044 0.943130
vt 0.842182 0.978181
vt 0.845044 0.960655
vt 0.845044 0.951893
vt 0.655206 0.254821
vt 0.655205 0.256612
vt 0.629255 0.251601
vt 0.645092 0.246067
vt 0.655205 0.245932
vt 0.656350 0.242091
vt 0.657113 0.237443
vt 0.629254 0.256943
vt 0.650435 0.246067
vt 0.656350 0.258661
vt 0.653529 0.254821
vt 0.632689 0.253127
vt 0.653528 0.256612
vt 0.630933 0.253127
vt 0.648527 0.258661
vt 0.653529 0.245932
vt 0.654674 0.242091
vt 0.632688 0.247784
vt 0.630902 0.247784
vt 0.654862 0.237443
vt 0.654646 0.258661
vt 0.653870 0.258661
vt 0.655206 0.254821
vt 0.652916 0.274499
vt 0.628108 0.252173
vt 0.652916 0.274499
vt 0.656350 0.242091
vt 0.628108 0.256371
vt 0.653529 0.254821
vt 0.654592 0.274499
vt 0.631544 0.252554
vt 0.654593 0.274499
vt 0.654674 0.242091
vt 0.631544 0.248356
vt 0.658028 0.254821
vt 0.658027 0.256612
vt 0.629255 0.264195
vt 0.645092 0.258661
vt 0.658027 0.245932
vt 0.652383 0.262500
vt 0.652384 0.267149
vt 0.629254 0.269538
vt 0.650435 0.258661
vt 0.652384 0.245932
vt 0.656351 0.254821
vt 0.656350 0.256612
vt 0.632689 0.265721
vt 0.648527 0.271255
vt 0.656350 0.245932
vt 0.654060 0.262500
vt 0.632689 0.260378
vt 0.654060 0.267149
vt 0.654061 0.245932
vt 0.653870 0.271255
vt 0.658028 0.254821
vt 0.652384 0.264195
vt 0.628108 0.264767
vt 0.652384 0.264195
vt 0.652383 0.262500
vt 0.628108 0.268965
vt 0.656351 0.254821
vt 0.654061 0.264195
vt 0.631544 0.265148
vt 0.654061 0.264195
vt 0.654060 0.262500
vt 0.631544 0.260950
vt 0.655205 0.251656
vt 0.645092 0.251791
vt 0.655929 0.247784
vt 0.656404 0.251763
vt 0.650435 0.256943
vt 0.653655 0.247784
vt 0.654753 0.247784
vt 0.654584 0.247784
vt 0.653802 0.251763
vt 0.653529 0.251656
vt 0.648527 0.252936
vt 0.658027 0.251656
vt 0.645092 0.264385
vt 0.652384 0.256808
vt 0.652384 0.252830
vt 0.650435 0.269538
vt 0.654060 0.256808
vt 0.653870 0.260378
vt 0.654061 0.252830
vt 0.656350 0.251656
vt 0.648527 0.265530
vt 0.199219 0.310671
vt 0.189878 0.273015
vt 0.198891 0.264003
vt 0.199219 0.341673
vt 0.195312 0.310671
vt 0.186145 0.269282
vt 0.191406 0.310671
vt 0.186145 0.264003
vt 0.195158 0.260269
vt 0.195312 0.341673
vt 0.189878 0.260269
vt 0.191406 0.341673
vt 0.203125 0.310671
vt 0.187500 0.310671
vt 0.195158 0.273015
vt 0.191406 0.310671
vt 0.198891 0.269282
vt 0.198891 0.269282
vt 0.203125 0.341673
vt 0.187500 0.341673
vt 0.195158 0.273015
vt 0.191406 0.341673
vt 0.187500 0.310671
vt 0.203125 0.310671
vt 0.189878 0.260269
vt 0.195312 0.310671
vt 0.198891 0.264003
vt 0.199219 0.310671
vt 0.195158 0.260269
vt 0.189878 0.273015
vt 0.195312 0.341673
vt 0.186145 0.264003
vt 0.187500 0.341673
vt 0.203125 0.341673
vt 0.186145 0.269282
vt 0.199219 0.341673
vt 0.845044 0.951893
vt 0.821454 0.952790
vt 0.842182 0.951893
vt 0.845044 0.943130
vt 0.847906 0.978181
vt 0.827650 0.946594
vt 0.847906 0.969418
vt 0.836413 0.946594
vt 0.842182 0.943130
vt 0.845044 0.978181
vt 0.845044 0.969418
vt 0.845044 0.960655
vt 0.821454 0.961553
vt 0.845044 0.969418
vt 0.827650 0.967749
vt 0.842182 0.960655
vt 0.842182 0.969418
vt 0.847906 0.960655
vt 0.842609 0.952790
vt 0.847906 0.943130
vt 0.845044 0.978181
vt 0.836413 0.967749
vt 0.847906 0.951893
vt 0.842609 0.961553
vt 0.845044 0.943130
vt 0.842182 0.978181
vt 0.845044 0.960655
vt 0.845044 0.951893
vt 0.655206 0.254821
vt 0.655205 0.256612
vt 0.629255 0.251601
vt 0.645092 0.246067
vt 0.655205 0.245932
vt 0.656350 0.242091
vt 0.657113 0.237443
vt 0.629254 0.256943
vt 0.650435 0.246067
vt 0.656350 0.258661
vt 0.653529 0.254821
vt 0.632689 0.253127
vt 0.653528 0.256612
vt 0.630933 0.253127
vt 0.648527 0.258661
vt 0.653529 0.245932
vt 0.654674 0.242091
vt 0.632688 0.247784
vt 0.630902 0.247784
vt 0.654862 0.237443
vt 0.654646 0.258661
vt 0.653870 0.258661
vt 0.655206 0.254821
vt 0.652916 0.274499
vt 0.628108 0.252173
vt 0.652916 0.274499
vt 0.656350 0.242091
vt 0.628108 0.256371
vt 0.653529 0.254821
vt 0.654592 0.274499
vt 0.631544 0.252554
vt 0.654593 0.274499
vt 0.654674 0.242091
vt 0.631544 0.248356
vt 0.658028 0.254821
vt 0.658027 0.256612
vt 0.629255 0.264195
vt 0.645092 0.258661
vt 0.658027 0.245932
vt 0.652383 0.262500
vt 0.652384 0.267149
vt 0.629254 0.269538
vt 0.650435 0.258661
vt 0.652384 0.245932
vt 0.656351 0.254821
vt 0.656350 0.256612
vt 0.632689 0.265721
vt 0.648527 0.271255
vt 0.656350 0.245932
vt 0.654060 0.262500
vt 0.632689 0.260378
vt 0.654060 0.267149
vt 0.654061 0.245932
vt 0.653870 0.271255
vt 0.658028 0.254821
vt 0.652384 0.264195
vt 0.628108 0.264767
vt 0.652384 0.264195
vt 0.652383 0.262500
vt 0.628108 0.268965
vt 0.656351 0.254821
vt 0.654061 0.264195
vt 0.631544 0.265148
vt 0.654061 0.264195
vt 0.654060 0.262500
vt 0.631544 0.260950
vt 0.655205 0.251656
vt 0.645092 0.251791
vt 0.655929 0.247784
vt 0.656404 0.251763
vt 0.650435 0.256943
vt 0.653655 0.247784
vt 0.654753 0.247784
vt 0.654584 0.247784
vt 0.653802 0.251763
vt 0.653529 0.251656
vt 0.648527 0.252936
vt 0.658027 0.251656
vt 0.645092 0.264385
vt 0.652384 0.256808
vt 0.652384 0.252830
vt 0.650435 0.269538
vt 0.654060 0.256808
vt 0.653870 0.260378
vt 0.654061 0.252830
vt 0.656350 0.251656
vt 0.648527 0.265530
vt 0.845044 0.951893
vt 0.821454 0.952790
vt 0.842182 0.951893
vt 0.845044 0.943130
vt 0.847906 0.978181
vt 0.827650 0.946594
vt 0.847906 0.969418
vt 0.836413 0.946594
vt 0.842182 0.943130
vt 0.845044 0.978181
vt 0.845044 0.969418
vt 0.845044 0.960655
vt 0.821454 0.961553
vt 0.845044 0.969418
vt 0.827650 0.967749
vt 0.842182 0.960655
vt 0.842182 0.969418
vt 0.847906 0.960655
vt 0.842609 0.952790
vt 0.847906 0.943130
vt 0.845044 0.978181
vt 0.836413 0.967749
vt 0.847906 0.951893
vt 0.842609 0.961553
vt 0.845044 0.943130
vt 0.842182 0.978181
vt 0.845044 0.960655
vt 0.845044 0.951893
vt 0.655206 0.254821
vt 0.655205 0.256612
vt 0.629255 0.251601
vt 0.645092 0.246067
vt 0.655205 0.245932
vt 0.656350 0.242091
vt 0.657113 0.237443
vt 0.629254 0.256943
vt 0.650435 0.246067
vt 0.656350 0.258661
vt 0.653529 0.254821
vt 0.632689 0.253127
vt 0.653528 0.256612
vt 0.630933 0.253127
vt 0.648527 0.258661
vt 0.653529 0.245932
vt 0.654674 0.242091
vt 0.632688 0.247784
vt 0.630902 0.247784
vt 0.654862 0.237443
vt 0.654646 0.258661
vt 0.653870 0.258661
vt 0.655206 0.254821
vt 0.652916 0.274499
vt 0.628108 0.252173
vt 0.652916 0.274499
vt 0.656350 0.242091
vt 0.628108 0.256371
vt 0.653529 0.254821
vt 0.654592 0.274499
vt 0.631544 0.252554
vt 0.654593 0.274499
vt 0.654674 0.242091
vt 0.631544 0.248356
vt 0.658028 0.254821
vt 0.658027 0.256612
vt 0.629255 0.264195
vt 0.645092 0.258661
vt 0.658027 0.245932
vt 0.652383 0.262500
vt 0.652384 0.267149
vt 0.629254 0.269538
vt 0.650435 0.258661
vt 0.652384 0.245932
vt 0.656351 0.254821
vt 0.656350 0.256612
vt 0.632689 0.265721
vt 0.648527 0.271255
vt 0.656350 0.245932
vt 0.654060 0.262500
vt 0.632689 0.260378
vt 0.654060 0.267149
vt 0.654061 0.245932
vt 0.653870 0.271255
vt 0.658028 0.254821
vt 0.652384 0.264195
vt 0.628108 0.264767
vt 0.652384 0.264195
vt 0.652383 0.262500
vt 0.628108 0.268965
vt 0.656351 0.254821
vt 0.654061 0.264195
vt 0.631544 0.265148
vt 0.654061 0.264195
vt 0.654060 0.262500
vt 0.631544 0.260950
vt 0.655205 0.251656
vt 0.645092 0.251791
vt 0.655929 0.247784
vt 0.656404 0.251763
vt 0.650435 0.256943
vt 0.653655 0.247784
vt 0.654753 0.247784
vt 0.654584 0.247784
vt 0.653802 0.251763
vt 0.653529 0.251656
vt 0.648527 0.252936
vt 0.658027 0.251656
vt 0.645092 0.264385
vt 0.652384 0.256808
vt 0.652384 0.252830
vt 0.650435 0.269538
vt 0.654060 0.256808
vt 0.653870 0.260378
vt 0.654061 0.252830
vt 0.656350 0.251656
vt 0.648527 0.265530
vt 0.199219 0.310671
vt 0.189878 0.273015
vt 0.198891 0.264003
vt 0.199219 0.341673
vt 0.195312 0.310671
vt 0.186145 0.269282
vt 0.191406 0.310671
vt 0.186145 0.264003
vt 0.195158 0.260269
vt 0.195312 0.341673
vt 0.189878 0.260269
vt 0.191406 0.341673
vt 0.203125 0.310671
vt 0.187500 0.310671
vt 0.195158 0.273015
vt 0.191406 0.310671
vt 0.198891 0.269282
vt 0.198891 0.269282
vt 0.203125 0.341673
vt 0.187500 0.341673
vt 0.195158 0.273015
vt 0.191406 0.341673
vt 0.187500 0.310671
vt 0.203125 0.310671
vt 0.189878 0.260269
vt 0.195312 0.310671
vt 0.198891 0.264003
vt 0.199219 0.310671
vt 0.195158 0.260269
vt 0.189878 0.273015
vt 0.195312 0.341673
vt 0.186145 0.264003
vt 0.187500 0.341673
vt 0.203125 0.341673
vt 0.186145 0.269282
vt 0.199219 0.341673
vt 0.845044 0.951893
vt 0.821454 0.952790
vt 0.842182 0.951893
vt 0.845044 0.943130
vt 0.847906 0.978181
vt 0.827650 0.946594
vt 0.847906 0.969418
vt 0.836413 0.946594
vt 0.842182 0.943130
vt 0.845044 0.978181
vt 0.845044 0.969418
vt 0.845044 0.960655
vt 0.821454 0.961553
vt 0.845044 0.969418
vt 0.827650 0.967749
vt 0.842182 0.960655
vt 0.842182 0.969418
vt 0.847906 0.960655
vt 0.842609 0.952790
vt 0.847906 0.943130
vt 0.845044 0.978181
vt 0.836413 0.967749
vt 0.847906 0.951893
vt 0.842609 0.961553
vt 0.845044 0.943130
vt 0.842182 0.978181
vt 0.845044 0.960655
vt 0.845044 0.951893
vt 0.655206 0.254821
vt 0.655205 0.256612
vt 0.629255 0.251601
vt 0.645092 0.246067
vt 0.655205 0.245932
vt 0.656350 0.242091
vt 0.657113 0.237443
vt 0.629254 0.256943
vt 0.650435 0.246067
vt 0.656350 0.258661
vt 0.653529 0.254821
vt 0.632689 0.253127
vt 0.653528 0.256612
vt 0.630933 0.253127
vt 0.648527 0.258661
vt 0.653529 0.245932
vt 0.654674 0.242091
vt 0.632688 0.247784
vt 0.630902 0.247784
vt 0.654862 0.237443
vt 0.654646 0.258661
vt 0.653870 0.258661
vt 0.655206 0.254821
vt 0.652916 0.274499
vt 0.628108 0.252173
vt 0.652916 0.274499
vt 0.656350 0.242091
vt 0.628108 0.256371
vt 0.653529 0.254821
vt 0.654592 0.274499
vt 0.631544 0.252554
vt 0.654593 0.274499
vt 0.654674 0.242091
vt 0.631544 0.248356
vt 0.658028 0.254821
vt 0.658027 0.256612
vt 0.629255 0.264195
vt 0.645092 0.258661
vt 0.658027 0.245932
vt 0.652383 0.262500
vt 0.652384 0.267149
vt 0.629254 0.269538
vt 0.650435 0.258661
vt 0.652384 0.245932
vt 0.656351 0.254821
vt 0.656350 0.256612
vt 0.632689 0.265721
vt 0.648527 0.271255
vt 0.656350 0.245932
vt 0.654060 0.262500
vt 0.632689 0.260378
vt 0.654060 0.267149
vt 0.654061 0.245932
vt 0.653870 0.271255
vt 0.658028 0.254821
vt 0.652384 0.264195
vt 0.628108 0.264767
vt 0.652384 0.264195
vt 0.652383 0.262500
vt 0.628108 0.268965
vt 0.656351 0.254821
vt 0.654061 0.264195
vt 0.631544 0.265148
vt 0.654061 0.264195
vt 0.654060 0.262500
vt 0.631544 0.260950
vt 0.655205 0.251656
vt 0.645092 0.251791
vt 0.655929 0.247784
vt 0.656404 0.251763
vt 0.650435 0.256943
vt 0.653655 0.247784
vt 0.654753 0.247784
vt 0.654584 0.247784
vt 0.653802 0.251763
vt 0.653529 0.251656
vt 0.648527 0.252936
vt 0.658027 0.251656
vt 0.645092 0.264385
vt 0.652384 0.256808
vt 0.652384 0.252830
vt 0.650435 0.269538
vt 0.654060 0.256808
vt 0.653870 0.260378
vt 0.654061 0.252830
vt 0.656350 0.251656
vt 0.648527 0.265530
vt 0.845044 0.951893
vt 0.821454 0.952790
vt 0.842182 0.951893
vt 0.845044 0.943130
vt 0.847906 0.978181
vt 0.827650 0.946594
vt 0.847906 0.969418
vt 0.836413 0.946594
vt 0.842182 0.943130
vt 0.845044 0.978181
vt 0.845044 0.969418
vt 0.845044 0.960655
vt 0.821454 0.961553
vt 0.845044 0.969418
vt 0.827650 0.967749
vt 0.842182 0.960655
vt 0.842182 0.969418
vt 0.847906 0.960655
vt 0.842609 0.952790
vt 0.847906 0.943130
vt 0.845044 0.978181
vt 0.836413 0.967749
vt 0.847906 0.951893
vt 0.842609 0.961553
vt 0.845044 0.943130
vt 0.842182 0.978181
vt 0.845044 0.960655
vt 0.845044 0.951893
vt 0.655206 0.254821
vt 0.655205 0.256612
vt 0.629255 0.251601
vt 0.645092 0.246067
vt 0.655205 0.245932
vt 0.656350 0.242091
vt 0.657113 0.237443
vt 0.629254 0.256943
vt 0.650435 0.246067
vt 0.656350 0.258661
vt 0.653529 0.254821
vt 0.632689 0.253127
vt 0.653528 0.256612
vt 0.630933 0.253127
vt 0.648527 0.258661
vt 0.653529 0.245932
vt 0.654674 0.242091
vt 0.632688 0.247784
vt 0.630902 0.247784
vt 0.654862 0.237443
vt 0.654646 0.258661
vt 0.653870 0.258661
vt 0.655206 0.254821
vt 0.652916 0.274499
vt 0.628108 0.252173
vt 0.652916 0.274499
vt 0.656350 0.242091
vt 0.628108 0.256371
vt 0.653529 0.254821
vt 0.654592 0.274499
vt 0.631544 0.252554
vt 0.654593 0.274499
vt 0.654674 0.242091
vt 0.631544 0.248356
vt 0.658028 0.254821
vt 0.658027 0.256612
vt 0.629255 0.264195
vt 0.645092 0.258661
vt 0.658027 0.245932
vt 0.652383 0.262500
vt 0.652384 0.267149
vt 0.629254 0.269538
vt 0.650435 0.258661
vt 0.652384 0.245932
vt 0.656351 0.254821
vt 0.656350 0.256612
vt 0.632689 0.265721
vt 0.648527 0.271255
vt 0.656350 0.245932
vt 0.654060 0.262500
vt 0.632689 0.260378
vt 0.654060 0.267149
vt 0.654061 0.245932
vt 0.653870 0.271255
vt 0.658028 0.254821
vt 0.652384 0.264195
vt 0.628108 0.264767
vt 0.652384 0.264195
vt 0.652383 0.262500
vt 0.628108 0.268965
vt 0.656351 0.254821
vt 0.654061 0.264195
vt 0.631544 0.265148
vt 0.654061 0.264195
vt 0.654060 0.262500
vt 0.631544 0.260950
vt 0.655205 0.251656
vt 0.645092 0.251791
vt 0.655929 0.247784
vt 0.656404 0.251763
vt 0.650435 0.256943
vt 0.653655 0.247784
vt 0.654753 0.247784
vt 0.654584 0.247784
vt 0.653802 0.251763
vt 0.653529 0.251656
vt 0.648527 0.252936
vt 0.658027 0.251656
vt 0.645092 0.264385
vt 0.652384 0.256808
vt 0.652384 0.252830
vt 0.650435 0.269538
vt 0.654060 0.256808
vt 0.653870 0.260378
vt 0.654061 0.252830
vt 0.656350 0.251656
vt 0.648527 0.265530
vt 0.199219 0.341921
vt 0.189878 0.273015
vt 0.198891 0.264003
vt 0.199219 0.372923
vt 0.195312 0.341921
vt 0.186145 0.269282
vt 0.191406 0.341921
vt 0.186145 0.264003
vt 0.195158 0.260269
vt 0.195312 0.372923
vt 0.189878 0.260269
vt 0.191406 0.372923
vt 0.203125 0.341921
vt 0.187500 0.341921
vt 0.195158 0.273015
vt 0.191406 0.341921
vt 0.198891 0.269282
vt 0.198891 0.269282
vt 0.203125 0.372923
vt 0.187500 0.372923
vt 0.195158 0.273015
vt 0.191406 0.372923
vt 0.187500 0.341921
vt 0.203125 0.341921
vt 0.189878 0.260269
vt 0.195312 0.341921
vt 0.198891 0.264003
vt 0.199219 0.341921
vt 0.195158 0.260269
vt 0.189878 0.273015
vt 0.195312 0.372923
vt 0.186145 0.264003
vt 0.187500 0.372923
vt 0.203125 0.372923
vt 0.186145 0.269282
vt 0.199219 0.372923
vt 0.845044 0.951893
vt 0.821454 0.952790
vt 0.842182 0.951893
vt 0.845044 0.943130
vt 0.847906 0.978181
vt 0.827650 0.946594
vt 0.847906 0.969418
vt 0.836413 0.946594
vt 0.842182 0.943130
vt 0.845044 0.978181
vt 0.845044 0.969418
vt 0.845044 0.960655
vt 0.821454 0.961553
vt 0.845044 0.969418
vt 0.827650 0.967749
vt 0.842182 0.960655
vt 0.842182 0.969418
vt 0.847906 0.960655
vt 0.842609 0.952790
vt 0.847906 0.943130
vt 0.845044 0.978181
vt 0.836413 0.967749
vt 0.847906 0.951893
vt 0.842609 0.961553
vt 0.845044 0.943130
vt 0.842182 0.978181
vt 0.845044 0.960655
vt 0.845044 0.951893
vt 0.655206 0.254821
vt 0.655205 0.256612
vt 0.629255 0.251601
vt 0.645092 0.246067
vt 0.655205 0.245932
vt 0.656350 0.242091
vt 0.657113 0.237443
vt 0.629254 0.256943
vt 0.650435 0.246067
vt 0.656350 0.258661
vt 0.653529 0.254821
vt 0.632689 0.253127
vt 0.653528 0.256612
vt 0.630933 0.253127
vt 0.648527 0.258661
vt 0.653529 0.245932
vt 0.654674 0.242091
vt 0.632688 0.247784
vt 0.630902 0.247784
vt 0.654862 0.237443
vt 0.654646 0.258661
vt 0.653870 0.258661
vt 0.655206 0.254821
vt 0.652916 0.274499
vt 0.628108 0.252173
vt 0.652916 0.274499
vt 0.656350 0.242091
vt 0.628108 0.256371
vt 0.653529 0.254821
vt 0.654592 0.274499
vt 0.631544 0.252554
vt 0.654593 0.274499
vt 0.654674 0.242091
vt 0.631544 0.248356
vt 0.658028 0.254821
vt 0.658027 0.256612
vt 0.629255 0.264195
vt 0.645092 0.258661
vt 0.658027 0.245932
vt 0.652383 0.262500
vt 0.652384 0.267149
vt 0.629254 0.269538
vt 0.650435 0.258661
vt 0.652384 0.245932
vt 0.656351 0.254821
vt 0.656350 0.256612
vt 0.632689 0.265721
vt 0.648527 0.271255
vt 0.656350 0.245932
vt 0.654060 0.262500
vt 0.632689 0.260378
vt 0.654060 0.267149
vt 0.654061 0.245932
vt 0.653870 0.271255
vt 0.658028 0.254821
vt 0.652384 0.264195
vt 0.628108 0.264767
vt 0.652384 0.264195
vt 0.652383 0.262500
vt 0.628108 0.268965
vt 0.656351 0.254821
vt 0.654061 0.264195
vt 0.631544 0.265148
vt 0.654061 0.264195
vt 0.654060 0.262500
vt 0.631544 0.260950
vt 0.655205 0.251656
vt 0.645092 0.251791
vt 0.655929 0.247784
vt 0.656404 0.251763
vt 0.650435 0.256943
vt 0.653655 0.247784
vt 0.654753 0.247784
vt 0.654584 0.247784
vt 0.653802 0.251763
vt 0.653529 0.251656
vt 0.648527 0.252936
vt 0.658027 0.251656
vt 0.645092 0.264385
vt 0.652384 0.256808
vt 0.652384 0.252830
vt 0.650435 0.269538
vt 0.654060 0.256808
vt 0.653870 0.260378
vt 0.654061 0.252830
vt 0.656350 0.251656
vt 0.648527 0.265530
vt 0.845044 0.951893
vt 0.821454 0.952790
vt 0.842182 0.951893
vt 0.845044 0.943130
vt 0.847906 0.978181
vt 0.827650 0.946594
vt 0.847906 0.969418
vt 0.836413 0.946594
vt 0.842182 0.943130
vt 0.845044 0.978181
vt 0.845044 0.969418
vt 0.845044 0.960655
vt 0.821454 0.961553
vt 0.845044 0.969418
vt 0.827650 0.967749
vt 0.842182 0.960655
vt 0.842182 0.969418
vt 0.847906 0.960655
vt 0.842609 0.952790
vt 0.847906 0.943130
vt 0.845044 0.978181
vt 0.836413 0.967749
vt 0.847906 0.951893
vt 0.842609 0.961553
vt 0.845044 0.943130
vt 0.842182 0.978181
vt 0.845044 0.960655
vt 0.845044 0.951893
vt 0.655206 0.254821
vt 0.655205 0.256612
vt 0.629255 0.251601
vt 0.645092 0.246067
vt 0.655205 0.245932
vt 0.656350 0.242091
vt 0.657113 0.237443
vt 0.629254 0.256943
vt 0.650435 0.246067
vt 0.656350 0.258661
vt 0.653529 0.254821
vt 0.632689 0.253127
vt 0.653528 0.256612
vt 0.630933 0.253127
vt 0.648527 0.258661
vt 0.653529 0.245932
vt 0.654674 0.242091
vt 0.632688 0.247784
vt 0.630902 0.247784
vt 0.654862 0.237443
vt 0.654646 0.258661
vt 0.653870 0.258661
vt 0.655206 0.254821
vt 0.652916 0.274499
vt 0.628108 0.252173
vt 0.652916 0.274499
vt 0.656350 0.242091
vt 0.628108 0.256371
vt 0.653529 0.254821
vt 0.654592 0.274499
vt 0.631544 0.252554
vt 0.654593 0.274499
vt 0.654674 0.242091
vt 0.631544 0.248356
vt 0.658028 0.254821
vt 0.658027 0.256612
vt 0.629255 0.264195
vt 0.645092 0.258661
vt 0.658027 0.245932
vt 0.652383 0.262500
vt 0.652384 0.267149
vt 0.629254 0.269538
vt 0.650435 0.258661
vt 0.652384 0.245932
vt 0.656351 0.254821
vt 0.656350 0.256612
vt 0.632689 0.265721
vt 0.648527 0.271255
vt 0.656350 0.245932
vt 0.654060 0.262500
vt 0.632689 0.260378
vt 0.654060 0.267149
vt 0.654061 0.245932
vt 0.653870 0.271255
vt 0.658028 0.254821
vt 0.652384 0.264195
vt 0.628108 0.264767
vt 0.652384 0.264195
vt 0.652383 0.262500
vt 0.628108 0.268965
vt 0.656351 0.254821
vt 0.654061 0.264195
vt 0.631544 0.265148
vt 0.654061 0.264195
vt 0.654060 0.262500
vt 0.631544 0.260950
vt 0.655205 0.251656
vt 0.645092 0.251791
vt 0.655929 0.247784
vt 0.656404 0.251763
vt 0.650435 0.256943
vt 0.653655 0.247784
vt 0.654753 0.247784
vt 0.654584 0.247784
vt 0.653802 0.251763
vt 0.653529 0.251656
vt 0.648527 0.252936
vt 0.658027 0.251656
vt 0.645092 0.264385
vt 0.652384 0.256808
vt 0.652384 0.252830
vt 0.650435 0.269538
vt 0.654060 0.256808
vt 0.653870 0.260378
vt 0.654061 0.252830
vt 0.656350 0.251656
vt 0.648527 0.265530
vt 0.813794 0.905018
vt 0.790204 0.905915
vt 0.810932 0.905018
vt 0.813794 0.896255
vt 0.816656 0.931306
vt 0.796400 0.899719
vt 0.816656 0.922543
vt 0.805163 0.899719
vt 0.810932 0.896255
vt 0.813794 0.931306
vt 0.813794 0.922543
vt 0.813794 0.913780
vt 0.790204 0.914678
vt 0.813794 0.922543
vt 0.796400 0.920874
vt 0.810932 0.913780
vt 0.810932 0.922543
vt 0.816656 0.913780
vt 0.811359 0.905915
vt 0.816656 0.896255
vt 0.813794 0.931306
vt 0.805163 0.920874
vt 0.816656 0.905018
vt 0.811359 0.914678
vt 0.813794 0.896255
vt 0.810932 0.931306
vt 0.813794 0.913780
vt 0.813794 0.905018
vt 0.655205 0.257381
vt 0.655205 0.256954
vt 0.645092 0.257516
vt 0.645092 0.246067
vt 0.655205 0.245932
vt 0.656350 0.247212
vt 0.656350 0.247638
vt 0.650435 0.257516
vt 0.650435 0.246067
vt 0.656350 0.258661
vt 0.654061 0.257381
vt 0.654061 0.256954
vt 0.648527 0.247212
vt 0.648527 0.258661
vt 0.654061 0.245932
vt 0.655205 0.247212
vt 0.655205 0.247638
vt 0.653870 0.247212
vt 0.655205 0.258661
vt 0.653870 0.258661
vt 0.655205 0.258234
vt 0.652916 0.272209
vt 0.645665 0.258661
vt 0.652915 0.268011
vt 0.656350 0.246358
vt 0.649863 0.258661
vt 0.654061 0.258234
vt 0.654061 0.272209
vt 0.649099 0.246067
vt 0.654060 0.268011
vt 0.655205 0.246358
vt 0.653297 0.246067
vt 0.657495 0.257381
vt 0.657495 0.256954
vt 0.645092 0.270110
vt 0.645092 0.258661
vt 0.657495 0.245932
vt 0.652916 0.257381
vt 0.652916 0.256954
vt 0.650435 0.270110
vt 0.650435 0.258661
vt 0.652916 0.245932
vt 0.656350 0.257381
vt 0.656350 0.256954
vt 0.648527 0.259806
vt 0.648527 0.271255
vt 0.656350 0.245932
vt 0.654061 0.257381
vt 0.654061 0.256954
vt 0.653870 0.259806
vt 0.654061 0.245932
vt 0.653870 0.271255
vt 0.657495 0.258234
vt 0.652916 0.261905
vt 0.645665 0.271255
vt 0.652915 0.257707
vt 0.652916 0.258234
vt 0.649863 0.271255
vt 0.656350 0.258234
vt 0.654061 0.261905
vt 0.649099 0.258661
vt 0.654060 0.257707
vt 0.654061 0.258234
vt 0.653297 0.258661
vt 0.438707 0.329390
vt 0.493869 0.281354
vt 0.445953 0.322007
vt 0.493936 0.316548
vt 0.446049 0.322048
vt 0.503130 0.281264
vt 0.512442 0.281252
vt 0.456432 0.322048
vt 0.438611 0.329348
vt 0.503218 0.316506
vt 0.438611 0.339731
vt 0.512477 0.316450
vt 0.521576 0.281660
vt 0.438707 0.339773
vt 0.484635 0.281513
vt 0.512428 0.281493
vt 0.446049 0.347114
vt 0.456336 0.322007
vt 0.484615 0.316561
vt 0.521712 0.316370
vt 0.463677 0.329348
vt 0.512490 0.316463
vt 0.521725 0.281444
vt 0.484680 0.281106
vt 0.463773 0.329390
vt 0.503276 0.281371
vt 0.456432 0.347114
vt 0.494053 0.281230
vt 0.463773 0.339773
vt 0.463677 0.339731
vt 0.503251 0.316548
vt 0.445953 0.347073
vt 0.484629 0.316707
vt 0.521725 0.316385
vt 0.456336 0.347073
vt 0.493971 0.316631
vt 0.493980 0.294127
vt 0.493991 0.290998
vt 0.493950 0.287863
vt 0.512358 0.287798
vt 0.512309 0.290946
vt 0.512360 0.294089
vt 0.503153 0.287798
vt 0.503139 0.290960
vt 0.503170 0.294117
vt 0.503167 0.294154
vt 0.503201 0.291005
vt 0.503201 0.287859
vt 0.493997 0.287788
vt 0.494018 0.290958
vt 0.493961 0.294120
vt 0.484646 0.287798
vt 0.521590 0.287995
vt 0.485158 0.290913
vt 0.521042 0.290997
vt 0.484629 0.294027
vt 0.521567 0.294008
vt 0.521486 0.294058
vt 0.484734 0.294052
vt 0.520942 0.291076
vt 0.485273 0.291031
vt 0.521458 0.288116
vt 0.484747 0.288029
vt 0.512327 0.287938
vt 0.512298 0.291041
vt 0.512326 0.294151
vt 0.199219 0.310671
vt 0.189878 0.273015
vt 0.198891 0.264003
vt 0.199219 0.341673
vt 0.195312 0.310671
vt 0.186145 0.269282
vt 0.191406 0.310671
vt 0.186145 0.264003
vt 0.195158 0.260269
vt 0.195312 0.341673
vt 0.189878 0.260269
vt 0.191406 0.341673
vt 0.203125 0.310671
vt 0.187500 0.310671
vt 0.195158 0.273015
vt 0.191406 0.310671
vt 0.198891 0.269282
vt 0.198891 0.269282
vt 0.203125 0.341673
vt 0.187500 0.341673
vt 0.195158 0.273015
vt 0.191406 0.341673
vt 0.187500 0.310671
vt 0.203125 0.310671
vt 0.189878 0.260269
vt 0.195312 0.310671
vt 0.198891 0.264003
vt 0.199219 0.310671
vt 0.195158 0.260269
vt 0.189878 0.273015
vt 0.195312 0.341673
vt 0.186145 0.264003
vt 0.187500 0.341673
vt 0.203125 0.341673
vt 0.186145 0.269282
vt 0.199219 0.341673
vt 0.845044 0.951893
vt 0.821454 0.952790
vt 0.842182 0.951893
vt 0.845044 0.943130
vt 0.847906 0.978181
vt 0.827650 0.946594
vt 0.847906 0.969418
vt 0.836413 0.946594
vt 0.842182 0.943130
vt 0.845044 0.978181
vt 0.845044 0.969418
vt 0.845044 0.960655
vt 0.821454 0.961553
vt 0.845044 0.969418
vt 0.827650 0.967749
vt 0.842182 0.960655
vt 0.842182 0.969418
vt 0.847906 0.960655
vt 0.842609 0.952790
vt 0.847906 0.943130
vt 0.845044 0.978181
vt 0.836413 0.967749
vt 0.847906 0.951893
vt 0.842609 0.961553
vt 0.845044 0.943130
vt 0.842182 0.978181
vt 0.845044 0.960655
vt 0.845044 0.951893
vt 0.655206 0.254821
vt 0.655205 0.256612
vt 0.629255 0.251601
vt 0.645092 0.246067
vt 0.655205 0.245932
vt 0.656350 0.242091
vt 0.657113 0.237443
vt 0.629254 0.256943
vt 0.650435 0.246067
vt 0.656350 0.258661
vt 0.653529 0.254821
vt 0.632689 0.253127
vt 0.653528 0.256612
vt 0.630933 0.253127
vt 0.648527 0.258661
vt 0.653529 0.245932
vt 0.654674 0.242091
vt 0.632688 0.247784
vt 0.630902 0.247784
vt 0.654862 0.237443
vt 0.654646 0.258661
vt 0.653870 0.258661
vt 0.655206 0.254821
vt 0.652916 0.274499
vt 0.628108 0.252173
vt 0.652916 0.274499
vt 0.656350 0.242091
vt 0.628108 0.256371
vt 0.653529 0.254821
vt 0.654592 0.274499
vt 0.631544 0.252554
vt 0.654593 0.274499
vt 0.654674 0.242091
vt 0.631544 0.248356
vt 0.658028 0.254821
vt 0.658027 0.256612
vt 0.629255 0.264195
vt 0.645092 0.258661
vt 0.658027 0.245932
vt 0.652383 0.262500
vt 0.652384 0.267149
vt 0.629254 0.269538
vt 0.650435 0.258661
vt 0.652384 0.245932
vt 0.656351 0.254821
vt 0.656350 0.256612
vt 0.632689 0.265721
vt 0.648527 0.271255
vt 0.656350 0.245932
vt 0.654060 0.262500
vt 0.632689 0.260378
vt 0.654060 0.267149
vt 0.654061 0.245932
vt 0.653870 0.271255
vt 0.658028 0.254821
vt 0.652384 0.264195
vt 0.628108 0.264767
vt 0.652384 0.264195
vt 0.652383 0.262500
vt 0.628108 0.268965
vt 0.656351 0.254821
vt 0.654061 0.264195
vt 0.631544 0.265148
vt 0.654061 0.264195
vt 0.654060 0.262500
vt 0.631544 0.260950
vt 0.655205 0.251656
vt 0.645092 0.251791
vt 0.655929 0.247784
vt 0.656404 0.251763
vt 0.650435 0.256943
vt 0.653655 0.247784
vt 0.654753 0.247784
vt 0.654584 0.247784
vt 0.653802 0.251763
vt 0.653529 0.251656
vt 0.648527 0.252936
vt 0.658027 0.251656
vt 0.645092 0.264385
vt 0.652384 0.256808
vt 0.652384 0.252830
vt 0.650435 0.269538
vt 0.654060 0.256808
vt 0.653870 0.260378
vt 0.654061 0.252830
vt 0.656350 0.251656
vt 0.648527 0.265530
vt 0.845044 0.951893
vt 0.821454 0.952790
vt 0.842182 0.951893
vt 0.845044 0.943130
vt 0.847906 0.978181
vt 0.827650 0.946594
vt 0.847906 0.969418
vt 0.836413 0.946594
vt 0.842182 0.943130
vt 0.845044 0.978181
vt 0.845044 0.969418
vt 0.845044 0.960655
vt 0.821454 0.961553
vt 0.845044 0.969418
vt 0.827650 0.967749
vt 0.842182 0.960655
vt 0.842182 0.969418
vt 0.847906 0.960655
vt 0.842609 0.952790
vt 0.847906 0.943130
vt 0.845044 0.978181
vt 0.836413 0.967749
vt 0.847906 0.951893
vt 0.842609 0.961553
vt 0.845044 0.943130
vt 0.842182 0.978181
vt 0.845044 0.960655
vt 0.845044 0.951893
vt 0.655206 0.254821
vt 0.655205 0.256612
vt 0.629255 0.251601
vt 0.645092 0.246067
vt 0.655205 0.245932
vt 0.656350 0.242091
vt 0.657113 0.237443
vt 0.629254 0.256943
vt 0.650435 0.246067
vt 0.656350 0.258661
vt 0.653529 0.254821
vt 0.632689 0.253127
vt 0.653528 0.256612
vt 0.630933 0.253127
vt 0.648527 0.258661
vt 0.653529 0.245932
vt 0.654674 0.242091
vt 0.632688 0.247784
vt 0.630902 0.247784
vt 0.654862 0.237443
vt 0.654646 0.258661
vt 0.653870 0.258661
vt 0.655206 0.254821
vt 0.652916 0.274499
vt 0.628108 0.252173
vt 0.652916 0.274499
vt 0.656350 0.242091
vt 0.628108 0.256371
vt 0.653529 0.254821
vt 0.654592 0.274499
vt 0.631544 0.252554
vt 0.654593 0.274499
vt 0.654674 0.242091
vt 0.631544 0.248356
vt 0.658028 0.254821
vt 0.658027 0.256612
vt 0.629255 0.264195
vt 0.645092 0.258661
vt 0.658027 0.245932
vt 0.652383 0.262500
vt 0.652384 0.267149
vt 0.629254 0.269538
vt 0.650435 0.258661
vt 0.652384 0.245932
vt 0.656351 0.254821
vt 0.656350 0.256612
vt 0.632689 0.265721
vt 0.648527 0.271255
vt 0.656350 0.245932
vt 0.654060 0.262500
vt 0.632689 0.260378
vt 0.654060 0.267149
vt 0.654061 0.245932
vt 0.653870 0.271255
vt 0.658028 0.254821
vt 0.652384 0.264195
vt 0.628108 0.264767
vt 0.652384 0.264195
vt 0.652383 0.262500
vt 0.628108 0.268965
vt 0.656351 0.254821
vt 0.654061 0.264195
vt 0.631544 0.265148
vt 0.654061 0.264195
vt 0.654060 0.262500
vt 0.631544 0.260950
vt 0.655205 0.251656
vt 0.645092 0.251791
vt 0.655929 0.247784
vt 0.656404 0.251763
vt 0.650435 0.256943
vt 0.653655 0.247784
vt 0.654753 0.247784
vt 0.654584 0.247784
vt 0.653802 0.251763
vt 0.653529 0.251656
vt 0.648527 0.252936
vt 0.658027 0.251656
vt 0.645092 0.264385
vt 0.652384 0.256808
vt 0.652384 0.252830
vt 0.650435 0.269538
vt 0.654060 0.256808
vt 0.653870 0.260378
vt 0.654061 0.252830
vt 0.656350 0.251656
vt 0.648527 0.265530
vt 0.541016 0.416178
vt 0.541016 0.349609
vt 0.363281 0.398600
vt 0.361328 0.349609
vt 0.541016 0.484538
vt 0.541016 0.349609
vt 0.431641 0.398600
vt 0.361328 0.349609
vt 0.541016 0.351562
vt 0.361328 0.351562
vt 0.541016 0.351562
vt 0.361328 0.351562
vt 0.458984 0.349609
vt 0.363281 0.353678
vt 0.406250 0.349609
vt 0.390625 0.349609
vt 0.431641 0.353678
vt 0.406250 0.349609
vt 0.458984 0.351562
vt 0.406250 0.351562
vt 0.390625 0.351562
vt 0.406250 0.351562
vt 0.199219 0.310671
vt 0.189878 0.273015
vt 0.198891 0.264003
vt 0.199219 0.341673
vt 0.195312 0.310671
vt 0.186145 0.269282
vt 0.191406 0.310671
vt 0.186145 0.264003
vt 0.195158 0.260269
vt 0.195312 0.341673
vt 0.189878 0.260269
vt 0.191406 0.341673
vt 0.203125 0.310671
vt 0.187500 0.310671
vt 0.195158 0.273015
vt 0.191406 0.310671
vt 0.198891 0.269282
vt 0.198891 0.269282
vt 0.203125 0.341673
vt 0.187500 0.341673
vt 0.195158 0.273015
vt 0.191406 0.341673
vt 0.187500 0.310671
vt 0.203125 0.310671
vt 0.189878 0.260269
vt 0.195312 0.310671
vt 0.198891 0.264003
vt 0.199219 0.310671
vt 0.195158 0.260269
vt 0.189878 0.273015
vt 0.195312 0.341673
vt 0.186145 0.264003
vt 0.187500 0.341673
vt 0.203125 0.341673
vt 0.186145 0.269282
vt 0.199219 0.341673
vt 0.845044 0.951893
vt 0.821454 0.952790
vt 0.842182 0.951893
vt 0.845044 0.943130
vt 0.847906 0.978181
vt 0.827650 0.946594
vt 0.847906 0.969418
vt 0.836413 0.946594
vt 0.842182 0.943130
vt 0.845044 0.978181
vt 0.845044 0.969418
vt 0.845044 0.960655
vt 0.821454 0.961553
vt 0.845044 0.969418
vt 0.827650 0.967749
vt 0.842182 0.960655
vt 0.842182 0.969418
vt 0.847906 0.960655
vt 0.842609 0.952790
vt 0.847906 0.943130
vt 0.845044 0.978181
vt 0.836413 0.967749
vt 0.847906 0.951893
vt 0.842609 0.961553
vt 0.845044 0.943130
vt 0.842182 0.978181
vt 0.845044 0.960655
vt 0.845044 0.951893
vt 0.655206 0.254821
vt 0.655205 0.256612
vt 0.629255 0.251601
vt 0.645092 0.246067
vt 0.655205 0.245932
vt 0.656350 0.242091
vt 0.657113 0.237443
vt 0.629254 0.256943
vt 0.650435 0.246067
vt 0.656350 0.258661
vt 0.653529 0.254821
vt 0.632689 0.253127
vt 0.653528 0.256612
vt 0.630933 0.253127
vt 0.648527 0.258661
vt 0.653529 0.245932
vt 0.654674 0.242091
vt 0.632688 0.247784
vt 0.630902 0.247784
vt 0.654862 0.237443
vt 0.654646 0.258661
vt 0.653870 0.258661
vt 0.655206 0.254821
vt 0.652916 0.274499
vt 0.628108 0.252173
vt 0.652916 0.274499
vt 0.656350 0.242091
vt 0.628108 0.256371
vt 0.653529 0.254821
vt 0.654592 0.274499
vt 0.631544 0.252554
vt 0.654593 0.274499
vt 0.654674 0.242091
vt 0.631544 0.248356
vt 0.658028 0.254821
vt 0.658027 0.256612
vt 0.629255 0.264195
vt 0.645092 0.258661
vt 0.658027 0.245932
vt 0.652383 0.262500
vt 0.652384 0.267149
vt 0.629254 0.269538
vt 0.650435 0.258661
vt 0.652384 0.245932
vt 0.656351 0.254821
vt 0.656350 0.256612
vt 0.632689 0.265721
vt 0.648527 0.271255
vt 0.656350 0.245932
vt 0.654060 0.262500
vt 0.632689 0.260378
vt 0.654060 0.267149
vt 0.654061 0.245932
vt 0.653870 0.271255
vt 0.658028 0.254821
vt 0.652384 0.264195
vt 0.628108 0.264767
vt 0.652384 0.264195
vt 0.652383 0.262500
vt 0.628108 0.268965
vt 0.656351 0.254821
vt 0.654061 0.264195
vt 0.631544 0.265148
vt 0.654061 0.264195
vt 0.654060 0.262500
vt 0.631544 0.260950
vt 0.655205 0.251656
vt 0.645092 0.251791
vt 0.655929 0.247784
vt 0.656404 0.251763
vt 0.650435 0.256943
vt 0.653655 0.247784
vt 0.654753 0.247784
vt 0.654584 0.247784
vt 0.653802 0.251763
vt 0.653529 0.251656
vt 0.648527 0.252936
vt 0.658027 0.251656
vt 0.645092 0.264385
vt 0.652384 0.256808
vt 0.652384 0.252830
vt 0.650435 0.269538
vt 0.654060 0.256808
vt 0.653870 0.260378
vt 0.654061 0.252830
vt 0.656350 0.251656
vt 0.648527 0.265530
vt 0.845044 0.951893
vt 0.821454 0.952790
vt 0.842182 0.951893
vt 0.845044 0.943130
vt 0.847906 0.978181
vt 0.827650 0.946594
vt 0.847906 0.969418
vt 0.836413 0.946594
vt 0.842182 0.943130
vt 0.845044 0.978181
vt 0.845044 0.969418
vt 0.845044 0.960655
vt 0.821454 0.961553
vt 0.845044 0.969418
vt 0.827650 0.967749
vt 0.842182 0.960655
vt 0.842182 0.969418
vt 0.847906 0.960655
vt 0.842609 0.952790
vt 0.847906 0.943130
vt 0.845044 0.978181
vt 0.836413 0.967749
vt 0.847906 0.951893
vt 0.842609 0.961553
vt 0.845044 0.943130
vt 0.842182 0.978181
vt 0.845044 0.960655
vt 0.845044 0.951893
vt 0.655206 0.254821
vt 0.655205 0.256612
vt 0.629255 0.251601
vt 0.645092 0.246067
vt 0.655205 0.245932
vt 0.656350 0.242091
vt 0.657113 0.237443
vt 0.629254 0.256943
vt 0.650435 0.246067
vt 0.656350 0.258661
vt 0.653529 0.254821
vt 0.632689 0.253127
vt 0.653528 0.256612
vt 0.630933 0.253127
vt 0.648527 0.258661
vt 0.653529 0.245932
vt 0.654674 0.242091
vt 0.632688 0.247784
vt 0.630902 0.247784
vt 0.654862 0.237443
vt 0.654646 0.258661
vt 0.653870 0.258661
vt 0.655206 0.254821
vt 0.652916 0.274499
vt 0.628108 0.252173
vt 0.652916 0.274499
vt 0.656350 0.242091
vt 0.628108 0.256371
vt 0.653529 0.254821
vt 0.654592 0.274499
vt 0.631544 0.252554
vt 0.654593 0.274499
vt 0.654674 0.242091
vt 0.631544 0.248356
vt 0.658028 0.254821
vt 0.658027 0.256612
vt 0.629255 0.264195
vt 0.645092 0.258661
vt 0.658027 0.245932
vt 0.652383 0.262500
vt 0.652384 0.267149
vt 0.629254 0.269538
vt 0.650435 0.258661
vt 0.652384 0.245932
vt 0.656351 0.254821
vt 0.656350 0.256612
vt 0.632689 0.265721
vt 0.648527 0.271255
vt 0.656350 0.245932
vt 0.654060 0.262500
vt 0.632689 0.260378
vt 0.654060 0.267149
vt 0.654061 0.245932
vt 0.653870 0.271255
vt 0.658028 0.254821
vt 0.652384 0.264195
vt 0.628108 0.264767
vt 0.652384 0.264195
vt 0.652383 0.262500
vt 0.628108 0.268965
vt 0.656351 0.254821
vt 0.654061 0.264195
vt 0.631544 0.265148
vt 0.654061 0.264195
vt 0.654060 0.262500
vt 0.631544 0.260950
vt 0.655205 0.251656
vt 0.645092 0.251791
vt 0.655929 0.247784
vt 0.656404 0.251763
vt 0.650435 0.256943
vt 0.653655 0.247784
vt 0.654753 0.247784
vt 0.654584 0.247784
vt 0.653802 0.251763
vt 0.653529 0.251656
vt 0.648527 0.252936
vt 0.658027 0.251656
vt 0.645092 0.264385
vt 0.652384 0.256808
vt 0.652384 0.252830
vt 0.650435 0.269538
vt 0.654060 0.256808
vt 0.653870 0.260378
vt 0.654061 0.252830
vt 0.656350 0.251656
vt 0.648527 0.265530
vt 0.199219 0.310671
vt 0.189878 0.273015
vt 0.198891 0.264003
vt 0.199219 0.341673
vt 0.195312 0.310671
vt 0.186145 0.269282
vt 0.191406 0.310671
vt 0.186145 0.264003
vt 0.195158 0.260269
vt 0.195312 0.341673
vt 0.189878 0.260269
vt 0.191406 0.341673
vt 0.203125 0.310671
vt 0.187500 0.310671
vt 0.195158 0.273015
vt 0.191406 0.310671
vt 0.198891 0.269282
vt 0.198891 0.269282
vt 0.203125 0.341673
vt 0.187500 0.341673
vt 0.195158 0.273015
vt 0.191406 0.341673
vt 0.187500 0.310671
vt 0.203125 0.310671
vt 0.189878 0.260269
vt 0.195312 0.310671
vt 0.198891 0.264003
vt 0.199219 0.310671
vt 0.195158 0.260269
vt 0.189878 0.273015
vt 0.195312 0.341673
vt 0.186145 0.264003
vt 0.187500 0.341673
vt 0.203125 0.341673
vt 0.186145 0.269282
vt 0.199219 0.341673
vt 0.845044 0.951893
vt 0.821454 0.952790
vt 0.842182 0.951893
vt 0.845044 0.943130
vt 0.847906 0.978181
vt 0.827650 0.946594
vt 0.847906 0.969418
vt 0.836413 0.946594
vt 0.842182 0.943130
vt 0.845044 0.978181
vt 0.845044 0.969418
vt 0.845044 0.960655
vt 0.821454 0.961553
vt 0.845044 0.969418
vt 0.827650 0.967749
vt 0.842182 0.960655
vt 0.842182 0.969418
vt 0.847906 0.960655
vt 0.842609 0.952790
vt 0.847906 0.943130
vt 0.845044 0.978181
vt 0.836413 0.967749
vt 0.847906 0.951893
vt 0.842609 0.961553
vt 0.845044 0.943130
vt 0.842182 0.978181
vt 0.845044 0.960655
vt 0.845044 0.951893
vt 0.655206 0.254821
vt 0.655205 0.256612
vt 0.629255 0.251601
vt 0.645092 0.246067
vt 0.655205 0.245932
vt 0.656350 0.242091
vt 0.657113 0.237443
vt 0.629254 0.256943
vt 0.650435 0.246067
vt 0.656350 0.258661
vt 0.653529 0.254821
vt 0.632689 0.253127
vt 0.653528 0.256612
vt 0.630933 0.253127
vt 0.648527 0.258661
vt 0.653529 0.245932
vt 0.654674 0.242091
vt 0.632688 0.247784
vt 0.630902 0.247784
vt 0.654862 0.237443
vt 0.654646 0.258661
vt 0.653870 0.258661
vt 0.655206 0.254821
vt 0.652916 0.274499
vt 0.628108 0.252173
vt 0.652916 0.274499
vt 0.656350 0.242091
vt 0.628108 0.256371
vt 0.653529 0.254821
vt 0.654592 0.274499
vt 0.631544 0.252554
vt 0.654593 0.274499
vt 0.654674 0.242091
vt 0.631544 0.248356
vt 0.658028 0.254821
vt 0.658027 0.256612
vt 0.629255 0.264195
vt 0.645092 0.258661
vt 0.658027 0.245932
vt 0.652383 0.262500
vt 0.652384 0.267149
vt 0.629254 0.269538
vt 0.650435 0.258661
vt 0.652384 0.245932
vt 0.656351 0.254821
vt 0.656350 0.256612
vt 0.632689 0.265721
vt 0.648527 0.271255
vt 0.656350 0.245932
vt 0.654060 0.262500
vt 0.632689 0.260378
vt 0.654060 0.267149
vt 0.654061 0.245932
vt 0.653870 0.271255
vt 0.658028 0.254821
vt 0.652384 0.264195
vt 0.628108 0.264767
vt 0.652384 0.264195
vt 0.652383 0.262500
vt 0.628108 0.268965
vt 0.656351 0.254821
vt 0.654061 0.264195
vt 0.631544 0.265148
vt 0.654061 0.264195
vt 0.654060 0.262500
vt 0.631544 0.260950
vt 0.655205 0.251656
vt 0.645092 0.251791
vt 0.655929 0.247784
vt 0.656404 0.251763
vt 0.650435 0.256943
vt 0.653655 0.247784
vt 0.654753 0.247784
vt 0.654584 0.247784
vt 0.653802 0.251763
vt 0.653529 0.251656
vt 0.648527 0.252936
vt 0.658027 0.251656
vt 0.645092 0.264385
vt 0.652384 0.256808
vt 0.652384 0.252830
vt 0.650435 0.269538
vt 0.654060 0.256808
vt 0.653870 0.260378
vt 0.654061 0.252830
vt 0.656350 0.251656
vt 0.648527 0.265530
vt 0.845044 0.951893
vt 0.821454 0.952790
vt 0.842182 0.951893
vt 0.845044 0.943130
vt 0.847906 0.978181
vt 0.827650 0.946594
vt 0.847906 0.969418
vt 0.836413 0.946594
vt 0.842182 0.943130
vt 0.845044 0.978181
vt 0.845044 0.969418
vt 0.845044 0.960655
vt 0.821454 0.961553
vt 0.845044 0.969418
vt 0.827650 0.967749
vt 0.842182 0.960655
vt 0.842182 0.969418
vt 0.847906 0.960655
vt 0.842609 0.952790
vt 0.847906 0.943130
vt 0.845044 0.978181
vt 0.836413 0.967749
vt 0.847906 0.951893
vt 0.842609 0.961553
vt 0.845044 0.943130
vt 0.842182 0.978181
vt 0.845044 0.960655
vt 0.845044 0.951893
vt 0.655206 0.254821
vt 0.655205 0.256612
vt 0.629255 0.251601
vt 0.645092 0.246067
vt 0.655205 0.245932
vt 0.656350 0.242091
vt 0.657113 0.237443
vt 0.629254 0.256943
vt 0.650435 0.246067
vt 0.656350 0.258661
vt 0.653529 0.254821
vt 0.632689 0.253127
vt 0.653528 0.256612
vt 0.630933 0.253127
vt 0.648527 0.258661
vt 0.653529 0.245932
vt 0.654674 0.242091
vt 0.632688 0.247784
vt 0.630902 0.247784
vt 0.654862 0.237443
vt 0.654646 0.258661
vt 0.653870 0.258661
vt 0.655206 0.254821
vt 0.652916 0.274499
vt 0.628108 0.252173
vt 0.652916 0.274499
vt 0.656350 0.242091
vt 0.628108 0.256371
vt 0.653529 0.254821
vt 0.654592 0.274499
vt 0.631544 0.252554
vt 0.654593 0.274499
vt 0.654674 0.242091
vt 0.631544 0.248356
vt 0.658028 0.254821
vt 0.658027 0.256612
vt 0.629255 0.264195
vt 0.645092 0.258661
vt 0.658027 0.245932
vt 0.652383 0.262500
vt 0.652384 0.267149
vt 0.629254 0.269538
vt 0.650435 0.258661
vt 0.652384 0.245932
vt 0.656351 0.254821
vt 0.656350 0.256612
vt 0.632689 0.265721
vt 0.648527 0.271255
vt 0.656350 0.245932
vt 0.654060 0.262500
vt 0.632689 0.260378
vt 0.654060 0.267149
vt 0.654061 0.245932
vt 0.653870 0.271255
vt 0.658028 0.254821
vt 0.652384 0.264195
vt 0.628108 0.264767
vt 0.652384 0.264195
vt 0.652383 0.262500
vt 0.628108 0.268965
vt 0.656351 0.254821
vt 0.654061 0.264195
vt 0.631544 0.265148
vt 0.654061 0.264195
vt 0.654060 0.262500
vt 0.631544 0.260950
vt 0.655205 0.251656
vt 0.645092 0.251791
vt 0.655929 0.247784
vt 0.656404 0.251763
vt 0.650435 0.256943
vt 0.653655 0.247784
vt 0.654753 0.247784
vt 0.654584 0.247784
vt 0.653802 0.251763
vt 0.653529 0.251656
vt 0.648527 0.252936
vt 0.658027 0.251656
vt 0.645092 0.264385
vt 0.652384 0.256808
vt 0.652384 0.252830
vt 0.650435 0.269538
vt 0.654060 0.256808
vt 0.653870 0.260378
vt 0.654061 0.252830
vt 0.656350 0.251656
vt 0.648527 0.265530
vt 0.813794 0.905018
vt 0.790204 0.905915
vt 0.810932 0.905018
vt 0.813794 0.896255
vt 0.816656 0.931306
vt 0.796400 0.899719
vt 0.816656 0.922543
vt 0.805163 0.899719
vt 0.810932 0.896255
vt 0.813794 0.931306
vt 0.813794 0.922543
vt 0.813794 0.913780
vt 0.790204 0.914678
vt 0.813794 0.922543
vt 0.796400 0.920874
vt 0.810932 0.913780
vt 0.810932 0.922543
vt 0.816656 0.913780
vt 0.811359 0.905915
vt 0.816656 0.896255
vt 0.813794 0.931306
vt 0.805163 0.920874
vt 0.816656 0.905018
vt 0.811359 0.914678
vt 0.813794 0.896255
vt 0.810932 0.931306
vt 0.813794 0.913780
vt 0.813794 0.905018
vt 0.655205 0.257381
vt 0.655205 0.256954
vt 0.645092 0.257516
vt 0.645092 0.246067
vt 0.655205 0.245932
vt 0.656350 0.247212
vt 0.656350 0.247638
vt 0.650435 0.257516
vt 0.650435 0.246067
vt 0.656350 0.258661
vt 0.654061 0.257381
vt 0.654061 0.256954
vt 0.648527 0.247212
vt 0.648527 0.258661
vt 0.654061 0.245932
vt 0.655205 0.247212
vt 0.655205 0.247638
vt 0.653870 0.247212
vt 0.655205 0.258661
vt 0.653870 0.258661
vt 0.655205 0.258234
vt 0.652916 0.272209
vt 0.645665 0.258661
vt 0.652915 0.268011
vt 0.656350 0.246358
vt 0.649863 0.258661
vt 0.654061 0.258234
vt 0.654061 0.272209
vt 0.649099 0.246067
vt 0.654060 0.268011
vt 0.655205 0.246358
vt 0.653297 0.246067
vt 0.657495 0.257381
vt 0.657495 0.256954
vt 0.645092 0.270110
vt 0.645092 0.258661
vt 0.657495 0.245932
vt 0.652916 0.257381
vt 0.652916 0.256954
vt 0.650435 0.270110
vt 0.650435 0.258661
vt 0.652916 0.245932
vt 0.656350 0.257381
vt 0.656350 0.256954
vt 0.648527 0.259806
vt 0.648527 0.271255
vt 0.656350 0.245932
vt 0.654061 0.257381
vt 0.654061 0.256954
vt 0.653870 0.259806
vt 0.654061 0.245932
vt 0.653870 0.271255
vt 0.657495 0.258234
vt 0.652916 0.261905
vt 0.645665 0.271255
vt 0.652915 0.257707
vt 0.652916 0.258234
vt 0.649863 0.271255
vt 0.656350 0.258234
vt 0.654061 0.261905
vt 0.649099 0.258661
vt 0.654060 0.257707
vt 0.654061 0.258234
vt 0.653297 0.258661
vt 0.438707 0.329390
vt 0.493869 0.281354
vt 0.445953 0.322007
vt 0.493936 0.316548
vt 0.446049 0.322048
vt 0.503130 0.281264
vt 0.512442 0.281252
vt 0.456432 0.322048
vt 0.438611 0.329348
vt 0.503218 0.316506
vt 0.438611 0.339731
vt 0.512477 0.316450
vt 0.521576 0.281660
vt 0.438707 0.339773
vt 0.484635 0.281513
vt 0.512428 0.281493
vt 0.446049 0.347114
vt 0.456336 0.322007
vt 0.484615 0.316561
vt 0.521712 0.316370
vt 0.463677 0.329348
vt 0.512490 0.316463
vt 0.521725 0.281444
vt 0.484680 0.281106
vt 0.463773 0.329390
vt 0.503276 0.281371
vt 0.456432 0.347114
vt 0.494053 0.281230
vt 0.463773 0.339773
vt 0.463677 0.339731
vt 0.503251 0.316548
vt 0.445953 0.347073
vt 0.484629 0.316707
vt 0.521725 0.316385
vt 0.456336 0.347073
vt 0.493971 0.316631
vt 0.493980 0.294127
vt 0.493991 0.290998
vt 0.493950 0.287863
vt 0.512358 0.287798
vt 0.512309 0.290946
vt 0.512360 0.294089
vt 0.503153 0.287798
vt 0.503139 0.290960
vt 0.503170 0.294117
vt 0.503167 0.294154
vt 0.503201 0.291005
vt 0.503201 0.287859
vt 0.493997 0.287788
vt 0.494018 0.290958
vt 0.493961 0.294120
vt 0.484646 0.287798
vt 0.521590 0.287995
vt 0.485158 0.290913
vt 0.521042 0.290997
vt 0.484629 0.294027
vt 0.521567 0.294008
vt 0.521486 0.294058
vt 0.484734 0.294052
vt 0.520942 0.291076
vt 0.485273 0.291031
vt 0.521458 0.288116
vt 0.484747 0.288029
vt 0.512327 0.287938
vt 0.512298 0.291041
vt 0.512326 0.294151
s 0
usemtl electronics_etx_part_1
f 9/21/1 10/24/1 1/1/1 6/13/1
f 2/3/2 3/5/2 11/27/2 12/30/2
f 4/7/3 7/15/3 16/42/3 13/33/3
f 6/14/4 2/4/4 12/31/4 9/22/4
f 3/6/3 1/2/3 10/25/3 11/28/3
f 4/8/5 5/10/5 10/26/5 9/23/5
f 8/18/5 7/16/5 12/32/5 11/29/5
f 7/16/5 4/8/5 9/23/5 12/32/5
f 5/10/5 8/18/5 11/29/5 10/26/5
f 5/11/2 4/9/2 13/34/2 14/36/2
f 8/19/4 5/12/4 14/37/4 15/39/4
f 7/17/1 8/20/1 15/40/1 16/43/1
f 13/35/5 16/44/5 15/41/5 14/38/5
s 1
f 23/60/6 21/55/7 22/57/8 24/62/9 25/64/10 26/66/11 28/70/12 27/68/13
f 34/79/14 27/69/13 28/71/12 36/81/15
f 36/82/15 28/72/12 26/67/11 35/80/16
f 27/69/13 34/79/14 31/76/17 23/61/6
f 23/61/6 31/76/17 29/73/18 21/56/7
f 35/80/16 26/67/11 25/65/10 33/78/19
f 33/78/19 25/65/10 24/63/9 32/77/20
f 21/56/7 29/73/18 30/74/21 22/58/8
f 22/59/8 30/75/21 32/77/20 24/63/9
f 39/88/22 37/83/23 38/85/24 40/90/25 41/92/26 42/94/27 44/98/28 43/96/29
f 50/107/30 43/97/29 44/99/28 52/109/31
f 52/110/31 44/100/28 42/95/27 51/108/32
f 43/97/29 50/107/30 47/104/33 39/89/22
f 39/89/22 47/104/33 45/101/34 37/84/23
f 51/108/32 42/95/27 41/93/26 49/106/35
f 49/106/35 41/93/26 40/91/25 48/105/36
f 37/84/23 45/101/34 46/102/37 38/86/24
f 38/87/24 46/103/37 48/105/36 40/91/25
f 69/156/38 67/151/39 68/153/40 70/158/41 71/160/42 72/162/43 74/166/44 73/164/45
f 80/175/46 73/165/45 74/167/44 82/177/47
f 82/178/47 74/168/44 72/163/43 81/176/48
f 73/165/45 80/175/46 77/172/49 69/157/38
f 69/157/38 77/172/49 75/169/50 67/152/39
f 81/176/48 72/163/43 71/161/42 79/174/51
f 79/174/51 71/161/42 70/159/41 78/173/52
f 67/152/39 75/169/50 76/170/53 68/154/40
f 68/155/40 76/171/53 78/173/52 70/159/41
f 85/184/54 83/179/55 84/181/56 86/186/57 87/188/58 88/190/59 90/194/60 89/192/61
f 96/203/62 89/193/61 90/195/60 98/205/63
f 98/206/63 90/196/60 88/191/59 97/204/64
f 89/193/61 96/203/62 93/200/65 85/185/54
f 85/185/54 93/200/65 91/197/66 83/180/55
f 97/204/64 88/191/59 87/189/58 95/202/67
f 95/202/67 87/189/58 86/187/57 94/201/68
f 83/180/55 91/197/66 92/198/69 84/182/56
f 84/183/56 92/199/69 94/201/68 86/187/57
f 116/227/70 115/224/4 103/211/4 104/212/70
f 121/236/3 120/234/71 108/216/71 109/217/3
f 124/242/1 123/241/72 111/219/72 112/220/1
f 118/231/2 117/229/73 105/213/73 106/214/2
f 115/224/4 126/247/74 114/223/74 103/211/4
f 122/239/75 121/236/3 109/217/3 110/218/75
f 125/245/76 124/243/1 112/221/1 113/222/76
f 126/247/74 125/245/76 113/222/76 114/223/74
f 120/234/71 119/233/77 107/215/77 108/216/71
f 115/225/5 116/226/5 117/228/5 118/230/5 119/232/5 120/235/5 121/237/5 122/238/5 123/240/5 124/244/5 125/246/5 126/248/5
f 117/229/73 116/227/70 104/212/70 105/213/73
f 123/241/72 122/239/75 110/218/75 111/219/72
f 119/233/77 118/231/2 106/214/2 107/215/77
f 131/255/4 142/274/78 138/266/78 127/249/4
f 133/259/3 140/270/79 136/264/79 129/251/3
f 134/260/1 141/272/80 137/265/80 130/252/1
f 131/254/5 139/267/5 132/256/5 140/269/5 133/258/5 141/271/5 134/261/5 142/273/5
f 132/257/2 139/268/81 135/263/81 128/250/2
f 132/257/2 128/250/2 136/264/79 140/270/79
f 142/274/78 134/262/1 130/253/1 138/266/78
f 141/272/80 133/259/3 129/251/3 137/265/80
f 139/268/81 131/255/4 127/249/4 135/263/81
f 156/291/70 155/288/4 143/275/4 144/276/70
f 161/300/3 160/298/71 148/280/71 149/281/3
f 164/306/1 163/305/72 151/283/72 152/284/1
f 158/295/2 157/293/73 145/277/73 146/278/2
f 155/288/4 166/311/74 154/287/74 143/275/4
f 162/303/75 161/300/3 149/281/3 150/282/75
f 165/309/76 164/307/1 152/285/1 153/286/76
f 166/311/74 165/309/76 153/286/76 154/287/74
f 160/298/71 159/297/77 147/279/77 148/280/71
f 155/289/5 156/290/5 157/292/5 158/294/5 159/296/5 160/299/5 161/301/5 162/302/5 163/304/5 164/308/5 165/310/5 166/312/5
f 157/293/73 156/291/70 144/276/70 145/277/73
f 163/305/72 162/303/75 150/282/75 151/283/72
f 159/297/77 158/295/2 146/278/2 147/279/77
f 171/319/4 182/338/78 178/330/78 167/313/4
f 173/323/3 180/334/79 176/328/79 169/315/3
f 174/324/1 181/336/80 177/329/80 170/316/1
f 171/318/5 179/331/5 172/320/5 180/333/5 173/322/5 181/335/5 174/325/5 182/337/5
f 172/321/2 179/332/81 175/327/81 168/314/2
f 172/321/2 168/314/2 176/328/79 180/334/79
f 182/338/78 174/326/1 170/317/1 178/330/78
f 181/336/80 173/323/3 169/315/3 177/329/80
f 179/332/81 171/319/4 167/313/4 175/327/81
s 0
f 193/367/3 194/370/3 196/375/3 195/373/3
f 1109/2447/5 1110/2451/5 194/371/5 193/368/5
f 195/374/1 1111/2455/1 1109/2448/1 193/369/1
f 1112/2457/2 196/376/2 194/372/2 1110/2452/2
s 1
f 203/388/82 205/392/82 198/379/82 197/377/82
f 197/377/83 198/379/83 201/385/83 199/380/83
f 211/403/84 207/394/84 200/383/84 202/387/84
f 202/387/85 200/383/85 199/381/85 201/386/85
f 210/401/86 208/396/86 209/399/86 212/404/86
f 212/404/87 209/399/87 207/394/87 211/403/87
f 205/392/88 203/388/88 204/390/88 206/393/88
f 206/393/89 204/390/89 208/397/89 210/402/89
f 199/382/90 200/384/90 207/395/90 209/400/90 208/398/90 204/391/90 203/389/90 197/378/90
f 213/407/3 214/408/3 216/413/3 215/412/3
f 215/410/2 216/414/2 220/423/2 219/420/2
f 219/422/4 220/424/4 218/418/4 217/417/4
f 217/415/1 218/419/1 214/409/1 213/405/1
f 217/416/91 213/406/91 221/425/91 223/431/91
f 222/428/90 224/434/90 223/432/90 221/426/90
f 215/411/92 219/421/92 224/435/92 222/429/92
f 213/407/3 215/412/3 222/430/3 221/427/3
f 219/422/4 217/417/4 223/433/4 224/436/4
f 225/439/3 226/440/3 228/445/3 227/444/3
f 227/442/2 228/446/2 232/455/2 231/452/2
f 231/454/4 232/456/4 230/450/4 229/449/4
f 229/447/1 230/451/1 226/441/1 225/437/1
f 229/448/91 225/438/91 233/457/91 235/463/91
f 234/460/90 236/466/90 235/464/90 233/458/90
f 227/443/92 231/453/92 236/467/92 234/461/92
f 225/439/3 227/444/3 234/462/3 233/459/3
f 231/454/4 229/449/4 235/465/4 236/468/4
f 250/498/5 252/503/5 251/500/5 242/479/5 241/477/5 238/471/5 245/486/5 246/489/5
f 271/527/1 245/487/1 238/472/80 253/505/80
f 253/505/80 238/472/80 241/478/3 261/513/3
f 268/521/2 247/491/2 240/475/79 256/508/79
f 256/508/79 240/475/79 239/474/3 259/511/3
f 264/516/4 248/494/4 249/496/81 265/517/81
f 265/517/81 249/496/81 247/492/2 268/520/2
f 273/530/1 243/481/1 244/484/78 274/532/78
f 274/532/78 244/484/78 248/494/4 264/516/4
f 239/473/90 240/476/90 247/493/90 249/497/90 248/495/90 244/485/90 243/482/90 237/469/90
f 246/490/78 276/534/78 262/514/4 250/499/4
f 276/534/93 275/533/93 263/515/94 262/514/94
f 275/533/95 274/532/95 264/516/96 263/515/96
f 245/488/1 271/526/1 276/534/78 246/490/78
f 271/526/97 272/528/97 275/533/93 276/534/93
f 272/528/98 273/530/98 274/532/95 275/533/95
f 252/504/81 267/519/81 270/524/2 251/501/2
f 267/519/99 266/518/99 269/522/100 270/524/100
f 266/518/101 265/517/101 268/520/102 269/522/102
f 250/499/4 262/514/4 267/519/81 252/504/81
f 262/514/94 263/515/94 266/518/99 267/519/99
f 263/515/96 264/516/96 265/517/101 266/518/101
f 242/480/79 258/510/79 261/513/3 241/478/3
f 258/510/103 257/509/103 260/512/104 261/513/104
f 257/509/105 256/508/105 259/511/106 260/512/106
f 251/502/2 270/525/2 258/510/79 242/480/79
f 270/525/100 269/523/100 257/509/103 258/510/103
f 269/523/102 268/521/102 256/508/105 257/509/105
f 237/470/80 255/507/80 259/511/3 239/474/3
f 255/507/107 254/506/107 260/512/106 259/511/106
f 254/506/108 253/505/108 261/513/104 260/512/104
f 243/483/1 273/531/1 255/507/80 237/470/80
f 273/531/98 272/529/98 254/506/107 255/507/107
f 272/529/97 271/527/97 253/505/108 254/506/108
f 283/546/82 285/550/82 278/537/82 277/535/82
f 277/535/83 278/537/83 281/543/83 279/538/83
f 291/561/84 287/552/84 280/541/84 282/545/84
f 282/545/85 280/541/85 279/539/85 281/544/85
f 290/559/86 288/554/86 289/557/86 292/562/86
f 292/562/87 289/557/87 287/552/87 291/561/87
f 285/550/88 283/546/88 284/548/88 286/551/88
f 286/551/89 284/548/89 288/555/89 290/560/89
f 279/540/90 280/542/90 287/553/90 289/558/90 288/556/90 284/549/90 283/547/90 277/536/90
f 293/565/3 294/566/3 296/571/3 295/570/3
f 295/568/2 296/572/2 300/581/2 299/578/2
f 299/580/4 300/582/4 298/576/4 297/575/4
f 297/573/1 298/577/1 294/567/1 293/563/1
f 297/574/91 293/564/91 301/583/91 303/589/91
f 302/586/90 304/592/90 303/590/90 301/584/90
f 295/569/92 299/579/92 304/593/92 302/587/92
f 293/565/3 295/570/3 302/588/3 301/585/3
f 299/580/4 297/575/4 303/591/4 304/594/4
f 305/597/3 306/598/3 308/603/3 307/602/3
f 307/600/2 308/604/2 312/613/2 311/610/2
f 311/612/4 312/614/4 310/608/4 309/607/4
f 309/605/1 310/609/1 306/599/1 305/595/1
f 309/606/91 305/596/91 313/615/91 315/621/91
f 314/618/90 316/624/90 315/622/90 313/616/90
f 307/601/92 311/611/92 316/625/92 314/619/92
f 305/597/3 307/602/3 314/620/3 313/617/3
f 311/612/4 309/607/4 315/623/4 316/626/4
f 330/656/5 332/661/5 331/658/5 322/637/5 321/635/5 318/629/5 325/644/5 326/647/5
f 351/685/1 325/645/1 318/630/80 333/663/80
f 333/663/80 318/630/80 321/636/3 341/671/3
f 348/679/2 327/649/2 320/633/79 336/666/79
f 336/666/79 320/633/79 319/632/3 339/669/3
f 344/674/4 328/652/4 329/654/81 345/675/81
f 345/675/81 329/654/81 327/650/2 348/678/2
f 353/688/1 323/639/1 324/642/78 354/690/78
f 354/690/78 324/642/78 328/652/4 344/674/4
f 319/631/90 320/634/90 327/651/90 329/655/90 328/653/90 324/643/90 323/640/90 317/627/90
f 326/648/78 356/692/78 342/672/4 330/657/4
f 356/692/109 355/691/109 343/673/110 342/672/110
f 355/691/111 354/690/111 344/674/112 343/673/112
f 325/646/1 351/684/1 356/692/78 326/648/78
f 351/684/113 352/686/113 355/691/109 356/692/109
f 352/686/114 353/688/114 354/690/111 355/691/111
f 332/662/81 347/677/81 350/682/2 331/659/2
f 347/677/115 346/676/115 349/680/116 350/682/116
f 346/676/117 345/675/117 348/678/118 349/680/118
f 330/657/4 342/672/4 347/677/81 332/662/81
f 342/672/110 343/673/110 346/676/115 347/677/115
f 343/673/112 344/674/112 345/675/117 346/676/117
f 322/638/79 338/668/79 341/671/3 321/636/3
f 338/668/119 337/667/119 340/670/120 341/671/120
f 337/667/121 336/666/121 339/669/122 340/670/122
f 331/660/2 350/683/2 338/668/79 322/638/79
f 350/683/116 349/681/116 337/667/119 338/668/119
f 349/681/118 348/679/118 336/666/121 337/667/121
f 317/628/80 335/665/80 339/669/3 319/632/3
f 335/665/123 334/664/123 340/670/122 339/669/122
f 334/664/124 333/663/124 341/671/120 340/670/120
f 323/641/1 353/689/1 335/665/80 317/628/80
f 353/689/114 352/687/114 334/664/123 335/665/123
f 352/687/113 351/685/113 333/663/124 334/664/124
f 370/722/3 372/727/3 371/724/3 362/703/3 361/701/3 358/695/3 365/710/3 366/713/3
f 363/705/90 365/711/90 358/696/125 357/693/125
f 357/693/125 358/696/125 361/702/2 359/697/2
f 371/725/5 367/715/5 360/699/126 362/704/126
f 362/704/126 360/699/126 359/697/2 361/702/2
f 370/723/1 368/718/1 369/720/127 372/728/127
f 372/728/127 369/720/127 367/716/5 371/726/5
f 365/712/90 363/706/90 364/708/128 366/714/128
f 366/714/128 364/708/128 368/718/1 370/723/1
f 359/698/4 360/700/4 367/717/4 369/721/4 368/719/4 364/709/4 363/707/4 357/694/4
f 379/740/129 381/744/129 374/731/129 373/729/129
f 373/729/130 374/731/130 377/737/130 375/732/130
f 387/755/131 383/746/131 376/735/131 378/739/131
f 378/739/132 376/735/132 375/733/132 377/738/132
f 386/753/133 384/748/133 385/751/133 388/756/133
f 388/756/134 385/751/134 383/746/134 387/755/134
f 381/744/135 379/740/135 380/742/135 382/745/135
f 382/745/136 380/742/136 384/749/136 386/754/136
f 375/734/4 376/736/4 383/747/4 385/752/4 384/750/4 380/743/4 379/741/4 373/730/4
f 413/824/2 390/760/2 392/765/2 414/827/2
f 414/825/137 392/766/5 396/777/5 415/828/137
f 415/829/1 396/778/1 394/771/1 416/833/1
f 416/832/138 394/772/90 390/761/90 413/823/138
f 393/767/139 389/757/139 397/779/139 399/785/139
f 398/782/90 400/788/90 399/786/90 397/780/90
f 391/762/140 395/773/140 400/789/140 398/783/140
f 389/759/2 391/764/2 398/784/2 397/781/2
f 395/774/1 393/768/1 399/787/1 400/790/1
f 417/835/2 402/794/2 404/799/2 418/838/2
f 418/836/137 404/800/5 408/809/5 419/839/137
f 419/840/1 408/810/1 406/804/1 420/843/1
f 420/842/138 406/805/90 402/795/90 417/834/138
f 405/801/139 401/791/139 409/811/139 411/817/139
f 410/814/90 412/820/90 411/818/90 409/812/90
f 403/796/140 407/806/140 412/821/140 410/815/140
f 401/793/2 403/798/2 410/816/2 409/813/2
f 407/807/1 405/803/1 411/819/1 412/822/1
f 393/769/141 416/832/138 413/823/138 389/758/141
f 395/775/1 415/830/1 416/833/1 393/770/1
f 391/763/4 414/826/137 415/831/137 395/776/4
f 389/759/2 413/824/2 414/827/2 391/764/2
f 405/802/141 420/842/138 417/834/138 401/792/141
f 407/807/1 419/840/1 420/843/1 405/803/1
f 403/797/4 418/837/137 419/841/137 407/808/4
f 401/793/2 417/835/2 418/838/2 403/798/2
f 427/855/135 429/859/135 422/846/135 421/844/135
f 421/844/136 422/846/136 425/852/136 423/847/136
f 435/870/134 431/861/134 424/850/134 426/854/134
f 426/854/133 424/850/133 423/848/133 425/853/133
f 434/868/132 432/863/132 433/866/132 436/871/132
f 436/871/131 433/866/131 431/861/131 435/870/131
f 429/859/129 427/855/129 428/857/129 430/860/129
f 430/860/130 428/857/130 432/864/130 434/869/130
f 423/849/3 424/851/3 431/862/3 433/867/3 432/865/3 428/858/3 427/856/3 421/845/3
f 461/939/1 438/875/1 440/880/1 462/942/1
f 462/940/142 440/881/5 444/892/5 463/943/142
f 463/944/2 444/893/2 442/886/2 464/948/2
f 464/947/143 442/887/90 438/876/90 461/938/143
f 441/882/140 437/872/140 445/894/140 447/900/140
f 446/897/90 448/903/90 447/901/90 445/895/90
f 439/877/139 443/888/139 448/904/139 446/898/139
f 437/874/1 439/879/1 446/899/1 445/896/1
f 443/889/2 441/883/2 447/902/2 448/905/2
f 465/950/1 450/909/1 452/914/1 466/953/1
f 466/951/142 452/915/5 456/924/5 467/954/142
f 467/955/2 456/925/2 454/919/2 468/958/2
f 468/957/143 454/920/90 450/910/90 465/949/143
f 453/916/140 449/906/140 457/926/140 459/932/140
f 458/929/90 460/935/90 459/933/90 457/927/90
f 451/911/139 455/921/139 460/936/139 458/930/139
f 449/908/1 451/913/1 458/931/1 457/928/1
f 455/922/2 453/918/2 459/934/2 460/937/2
f 441/884/144 464/947/143 461/938/143 437/873/144
f 443/890/2 463/945/2 464/948/2 441/885/2
f 439/878/3 462/941/142 463/946/142 443/891/3
f 437/874/1 461/939/1 462/942/1 439/879/1
f 453/917/144 468/957/143 465/949/143 449/907/144
f 455/922/2 467/955/2 468/958/2 453/918/2
f 451/912/3 466/952/142 467/956/142 455/923/3
f 449/908/1 465/950/1 466/953/1 451/913/1
f 482/988/1 484/993/1 483/990/1 474/969/1 473/967/1 470/961/1 477/976/1 478/979/1
f 475/971/90 477/977/90 470/962/145 469/959/145
f 469/959/145 470/962/145 473/968/3 471/963/3
f 483/991/5 479/981/5 472/965/142 474/970/142
f 474/970/142 472/965/142 471/963/3 473/968/3
f 482/989/4 480/984/4 481/986/137 484/994/137
f 484/994/137 481/986/137 479/982/5 483/992/5
f 477/978/90 475/972/90 476/974/146 478/980/146
f 478/980/146 476/974/146 480/984/4 482/989/4
f 471/964/2 472/966/2 479/983/2 481/987/2 480/985/2 476/975/2 475/973/2 469/960/2
f 491/1006/147 493/1010/147 486/997/147 485/995/147
f 485/995/148 486/997/148 489/1003/148 487/998/148
f 499/1021/149 495/1012/149 488/1001/149 490/1005/149
f 490/1005/150 488/1001/150 487/999/150 489/1004/150
f 498/1019/151 496/1014/151 497/1017/151 500/1022/151
f 500/1022/152 497/1017/152 495/1012/152 499/1021/152
f 493/1010/153 491/1006/153 492/1008/153 494/1011/153
f 494/1011/154 492/1008/154 496/1015/154 498/1020/154
f 487/1000/2 488/1002/2 495/1013/2 497/1018/2 496/1016/2 492/1009/2 491/1007/2 485/996/2
f 525/1090/3 502/1026/3 504/1031/3 526/1093/3
f 526/1091/126 504/1032/5 508/1043/5 527/1094/126
f 527/1095/4 508/1044/4 506/1037/4 528/1099/4
f 528/1098/155 506/1038/90 502/1027/90 525/1089/155
f 505/1033/91 501/1023/91 509/1045/91 511/1051/91
f 510/1048/90 512/1054/90 511/1052/90 509/1046/90
f 503/1028/92 507/1039/92 512/1055/92 510/1049/92
f 501/1025/3 503/1030/3 510/1050/3 509/1047/3
f 507/1040/4 505/1034/4 511/1053/4 512/1056/4
f 529/1101/3 514/1060/3 516/1065/3 530/1104/3
f 530/1102/126 516/1066/5 520/1075/5 531/1105/126
f 531/1106/4 520/1076/4 518/1070/4 532/1109/4
f 532/1108/155 518/1071/90 514/1061/90 529/1100/155
f 517/1067/91 513/1057/91 521/1077/91 523/1083/91
f 522/1080/90 524/1086/90 523/1084/90 521/1078/90
f 515/1062/92 519/1072/92 524/1087/92 522/1081/92
f 513/1059/3 515/1064/3 522/1082/3 521/1079/3
f 519/1073/4 517/1069/4 523/1085/4 524/1088/4
f 505/1035/156 528/1098/155 525/1089/155 501/1024/156
f 507/1041/4 527/1096/4 528/1099/4 505/1036/4
f 503/1029/2 526/1092/126 527/1097/126 507/1042/2
f 501/1025/3 525/1090/3 526/1093/3 503/1030/3
f 517/1068/156 532/1108/155 529/1100/155 513/1058/156
f 519/1073/4 531/1106/4 532/1109/4 517/1069/4
f 515/1063/2 530/1103/126 531/1107/126 519/1074/2
f 513/1059/3 529/1101/3 530/1104/3 515/1064/3
f 539/1121/153 541/1125/153 534/1112/153 533/1110/153
f 533/1110/154 534/1112/154 537/1118/154 535/1113/154
f 547/1136/152 543/1127/152 536/1116/152 538/1120/152
f 538/1120/151 536/1116/151 535/1114/151 537/1119/151
f 546/1134/150 544/1129/150 545/1132/150 548/1137/150
f 548/1137/149 545/1132/149 543/1127/149 547/1136/149
f 541/1125/147 539/1121/147 540/1123/147 542/1126/147
f 542/1126/148 540/1123/148 544/1130/148 546/1135/148
f 535/1115/1 536/1117/1 543/1128/1 545/1133/1 544/1131/1 540/1124/1 539/1122/1 533/1111/1
f 573/1205/4 550/1141/4 552/1146/4 574/1208/4
f 574/1206/127 552/1147/5 556/1158/5 575/1209/127
f 575/1210/3 556/1159/3 554/1152/3 576/1214/3
f 576/1213/157 554/1153/90 550/1142/90 573/1204/157
f 553/1148/158 549/1138/158 557/1160/158 559/1166/158
f 558/1163/90 560/1169/90 559/1167/90 557/1161/90
f 551/1143/91 555/1154/91 560/1170/91 558/1164/91
f 549/1140/4 551/1145/4 558/1165/4 557/1162/4
f 555/1155/3 553/1149/3 559/1168/3 560/1171/3
f 577/1216/4 562/1175/4 564/1180/4 578/1219/4
f 578/1217/127 564/1181/5 568/1190/5 579/1220/127
f 579/1221/3 568/1191/3 566/1185/3 580/1224/3
f 580/1223/157 566/1186/90 562/1176/90 577/1215/157
f 565/1182/158 561/1172/158 569/1192/158 571/1198/158
f 570/1195/90 572/1201/90 571/1199/90 569/1193/90
f 563/1177/91 567/1187/91 572/1202/91 570/1196/91
f 561/1174/4 563/1179/4 570/1197/4 569/1194/4
f 567/1188/3 565/1184/3 571/1200/3 572/1203/3
f 553/1150/159 576/1213/157 573/1204/157 549/1139/159
f 555/1156/3 575/1211/3 576/1214/3 553/1151/3
f 551/1144/1 574/1207/127 575/1212/127 555/1157/1
f 549/1140/4 573/1205/4 574/1208/4 551/1145/4
f 565/1183/159 580/1223/157 577/1215/157 561/1173/159
f 567/1188/3 579/1221/3 580/1224/3 565/1184/3
f 563/1178/1 578/1218/127 579/1222/127 567/1189/1
f 561/1174/4 577/1216/4 578/1219/4 563/1179/4
f 594/1254/1 596/1259/1 595/1256/1 586/1235/1 585/1233/1 582/1227/1 589/1242/1 590/1245/1
f 587/1237/90 589/1243/90 582/1228/145 581/1225/145
f 581/1225/145 582/1228/145 585/1234/3 583/1229/3
f 595/1257/5 591/1247/5 584/1231/142 586/1236/142
f 586/1236/142 584/1231/142 583/1229/3 585/1234/3
f 594/1255/4 592/1250/4 593/1252/137 596/1260/137
f 596/1260/137 593/1252/137 591/1248/5 595/1258/5
f 589/1244/90 587/1238/90 588/1240/146 590/1246/146
f 590/1246/146 588/1240/146 592/1250/4 594/1255/4
f 583/1230/2 584/1232/2 591/1249/2 593/1253/2 592/1251/2 588/1241/2 587/1239/2 581/1226/2
f 603/1272/147 605/1276/147 598/1263/147 597/1261/147
f 597/1261/148 598/1263/148 601/1269/148 599/1264/148
f 611/1287/149 607/1278/149 600/1267/149 602/1271/149
f 602/1271/150 600/1267/150 599/1265/150 601/1270/150
f 610/1285/151 608/1280/151 609/1283/151 612/1288/151
f 612/1288/152 609/1283/152 607/1278/152 611/1287/152
f 605/1276/153 603/1272/153 604/1274/153 606/1277/153
f 606/1277/154 604/1274/154 608/1281/154 610/1286/154
f 599/1266/2 600/1268/2 607/1279/2 609/1284/2 608/1282/2 604/1275/2 603/1273/2 597/1262/2
f 637/1356/3 614/1292/3 616/1297/3 638/1359/3
f 638/1357/126 616/1298/5 620/1309/5 639/1360/126
f 639/1361/4 620/1310/4 618/1303/4 640/1365/4
f 640/1364/155 618/1304/90 614/1293/90 637/1355/155
f 617/1299/91 613/1289/91 621/1311/91 623/1317/91
f 622/1314/90 624/1320/90 623/1318/90 621/1312/90
f 615/1294/92 619/1305/92 624/1321/92 622/1315/92
f 613/1291/3 615/1296/3 622/1316/3 621/1313/3
f 619/1306/4 617/1300/4 623/1319/4 624/1322/4
f 641/1367/3 626/1326/3 628/1331/3 642/1370/3
f 642/1368/126 628/1332/5 632/1341/5 643/1371/126
f 643/1372/4 632/1342/4 630/1336/4 644/1375/4
f 644/1374/155 630/1337/90 626/1327/90 641/1366/155
f 629/1333/91 625/1323/91 633/1343/91 635/1349/91
f 634/1346/90 636/1352/90 635/1350/90 633/1344/90
f 627/1328/92 631/1338/92 636/1353/92 634/1347/92
f 625/1325/3 627/1330/3 634/1348/3 633/1345/3
f 631/1339/4 629/1335/4 635/1351/4 636/1354/4
f 617/1301/156 640/1364/155 637/1355/155 613/1290/156
f 619/1307/4 639/1362/4 640/1365/4 617/1302/4
f 615/1295/2 638/1358/126 639/1363/126 619/1308/2
f 613/1291/3 637/1356/3 638/1359/3 615/1296/3
f 629/1334/156 644/1374/155 641/1366/155 625/1324/156
f 631/1339/4 643/1372/4 644/1375/4 629/1335/4
f 627/1329/2 642/1369/126 643/1373/126 631/1340/2
f 625/1325/3 641/1367/3 642/1370/3 627/1330/3
f 651/1387/153 653/1391/153 646/1378/153 645/1376/153
f 645/1376/154 646/1378/154 649/1384/154 647/1379/154
f 659/1402/152 655/1393/152 648/1382/152 650/1386/152
f 650/1386/151 648/1382/151 647/1380/151 649/1385/151
f 658/1400/150 656/1395/150 657/1398/150 660/1403/150
f 660/1403/149 657/1398/149 655/1393/149 659/1402/149
f 653/1391/147 651/1387/147 652/1389/147 654/1392/147
f 654/1392/148 652/1389/148 656/1396/148 658/1401/148
f 647/1381/1 648/1383/1 655/1394/1 657/1399/1 656/1397/1 652/1390/1 651/1388/1 645/1377/1
f 685/1471/4 662/1407/4 664/1412/4 686/1474/4
f 686/1472/127 664/1413/5 668/1424/5 687/1475/127
f 687/1476/3 668/1425/3 666/1418/3 688/1480/3
f 688/1479/157 666/1419/90 662/1408/90 685/1470/157
f 665/1414/92 661/1404/92 669/1426/92 671/1432/92
f 670/1429/90 672/1435/90 671/1433/90 669/1427/90
f 663/1409/91 667/1420/91 672/1436/91 670/1430/91
f 661/1406/4 663/1411/4 670/1431/4 669/1428/4
f 667/1421/3 665/1415/3 671/1434/3 672/1437/3
f 689/1482/4 674/1441/4 676/1446/4 690/1485/4
f 690/1483/127 676/1447/5 680/1456/5 691/1486/127
f 691/1487/3 680/1457/3 678/1451/3 692/1490/3
f 692/1489/160 678/1452/90 674/1442/90 689/1481/157
f 677/1448/92 673/1438/92 681/1458/92 683/1464/92
f 682/1461/90 684/1467/90 683/1465/90 681/1459/90
f 675/1443/91 679/1453/91 684/1468/91 682/1462/91
f 673/1440/4 675/1445/4 682/1463/4 681/1460/4
f 679/1454/3 677/1450/3 683/1466/3 684/1469/3
f 665/1416/159 688/1479/157 685/1470/157 661/1405/159
f 667/1422/3 687/1477/3 688/1480/3 665/1417/3
f 663/1410/1 686/1473/127 687/1478/127 667/1423/1
f 661/1406/4 685/1471/4 686/1474/4 663/1411/4
f 677/1449/159 692/1489/160 689/1481/157 673/1439/159
f 679/1454/3 691/1487/3 692/1490/3 677/1450/3
f 675/1444/1 690/1484/127 691/1488/127 679/1455/1
f 673/1440/4 689/1482/4 690/1485/4 675/1445/4
f 706/1520/1 708/1525/1 707/1522/1 698/1501/1 697/1499/1 694/1493/1 701/1508/1 702/1511/1
f 699/1503/90 701/1509/90 694/1494/145 693/1491/145
f 693/1491/145 694/1494/145 697/1500/3 695/1495/3
f 707/1523/5 703/1513/5 696/1497/142 698/1502/142
f 698/1502/142 696/1497/142 695/1495/3 697/1500/3
f 706/1521/4 704/1516/4 705/1518/137 708/1526/137
f 708/1526/137 705/1518/137 703/1514/5 707/1524/5
f 701/1510/90 699/1504/90 700/1506/146 702/1512/146
f 702/1512/146 700/1506/146 704/1516/4 706/1521/4
f 695/1496/2 696/1498/2 703/1515/2 705/1519/2 704/1517/2 700/1507/2 699/1505/2 693/1492/2
f 715/1538/147 717/1542/147 710/1529/147 709/1527/147
f 709/1527/148 710/1529/148 713/1535/148 711/1530/148
f 723/1553/149 719/1544/149 712/1533/149 714/1537/149
f 714/1537/150 712/1533/150 711/1531/150 713/1536/150
f 722/1551/151 720/1546/151 721/1549/151 724/1554/151
f 724/1554/152 721/1549/152 719/1544/152 723/1553/152
f 717/1542/153 715/1538/153 716/1540/153 718/1543/153
f 718/1543/154 716/1540/154 720/1547/154 722/1552/154
f 711/1532/2 712/1534/2 719/1545/2 721/1550/2 720/1548/2 716/1541/2 715/1539/2 709/1528/2
f 749/1622/3 726/1558/3 728/1563/3 750/1625/3
f 750/1623/126 728/1564/5 732/1575/5 751/1626/126
f 751/1627/4 732/1576/4 730/1569/4 752/1631/4
f 752/1630/155 730/1570/90 726/1559/90 749/1621/155
f 729/1565/91 725/1555/91 733/1577/91 735/1583/91
f 734/1580/90 736/1586/90 735/1584/90 733/1578/90
f 727/1560/92 731/1571/92 736/1587/92 734/1581/92
f 725/1557/3 727/1562/3 734/1582/3 733/1579/3
f 731/1572/4 729/1566/4 735/1585/4 736/1588/4
f 753/1633/3 738/1592/3 740/1597/3 754/1636/3
f 754/1634/126 740/1598/5 744/1607/5 755/1637/126
f 755/1638/4 744/1608/4 742/1602/4 756/1641/4
f 756/1640/155 742/1603/90 738/1593/90 753/1632/155
f 741/1599/91 737/1589/91 745/1609/91 747/1615/91
f 746/1612/90 748/1618/90 747/1616/90 745/1610/90
f 739/1594/92 743/1604/92 748/1619/92 746/1613/92
f 737/1591/3 739/1596/3 746/1614/3 745/1611/3
f 743/1605/4 741/1601/4 747/1617/4 748/1620/4
f 729/1567/156 752/1630/155 749/1621/155 725/1556/156
f 731/1573/4 751/1628/4 752/1631/4 729/1568/4
f 727/1561/2 750/1624/126 751/1629/126 731/1574/2
f 725/1557/3 749/1622/3 750/1625/3 727/1562/3
f 741/1600/156 756/1640/155 753/1632/155 737/1590/156
f 743/1605/4 755/1638/4 756/1641/4 741/1601/4
f 739/1595/2 754/1635/126 755/1639/126 743/1606/2
f 737/1591/3 753/1633/3 754/1636/3 739/1596/3
f 763/1653/153 765/1657/153 758/1644/153 757/1642/153
f 757/1642/154 758/1644/154 761/1650/154 759/1645/154
f 771/1668/152 767/1659/152 760/1648/152 762/1652/152
f 762/1652/151 760/1648/151 759/1646/151 761/1651/151
f 770/1666/150 768/1661/150 769/1664/150 772/1669/150
f 772/1669/149 769/1664/149 767/1659/149 771/1668/149
f 765/1657/147 763/1653/147 764/1655/147 766/1658/147
f 766/1658/148 764/1655/148 768/1662/148 770/1667/148
f 759/1647/1 760/1649/1 767/1660/1 769/1665/1 768/1663/1 764/1656/1 763/1654/1 757/1643/1
f 797/1737/4 774/1673/4 776/1678/4 798/1740/4
f 798/1738/127 776/1679/5 780/1690/5 799/1741/127
f 799/1742/3 780/1691/3 778/1684/3 800/1746/3
f 800/1745/157 778/1685/90 774/1674/90 797/1736/157
f 777/1680/92 773/1670/92 781/1692/92 783/1698/92
f 782/1695/90 784/1701/90 783/1699/90 781/1693/90
f 775/1675/91 779/1686/91 784/1702/91 782/1696/91
f 773/1672/4 775/1677/4 782/1697/4 781/1694/4
f 779/1687/3 777/1681/3 783/1700/3 784/1703/3
f 801/1748/4 786/1707/4 788/1712/4 802/1751/4
f 802/1749/127 788/1713/5 792/1722/5 803/1752/127
f 803/1753/3 792/1723/3 790/1717/3 804/1756/3
f 804/1755/157 790/1718/90 786/1708/90 801/1747/157
f 789/1714/92 785/1704/92 793/1724/92 795/1730/92
f 794/1727/90 796/1733/90 795/1731/90 793/1725/90
f 787/1709/91 791/1719/91 796/1734/91 794/1728/91
f 785/1706/4 787/1711/4 794/1729/4 793/1726/4
f 791/1720/3 789/1716/3 795/1732/3 796/1735/3
f 777/1682/159 800/1745/157 797/1736/157 773/1671/159
f 779/1688/3 799/1743/3 800/1746/3 777/1683/3
f 775/1676/1 798/1739/127 799/1744/127 779/1689/1
f 773/1672/4 797/1737/4 798/1740/4 775/1677/4
f 789/1715/159 804/1755/157 801/1747/157 785/1705/159
f 791/1720/3 803/1753/3 804/1756/3 789/1716/3
f 787/1710/1 802/1750/127 803/1754/127 791/1721/1
f 785/1706/4 801/1748/4 802/1751/4 787/1711/4
f 818/1786/1 820/1791/1 819/1788/1 810/1767/1 809/1765/1 806/1759/1 813/1774/1 814/1777/1
f 811/1769/90 813/1775/90 806/1760/145 805/1757/145
f 805/1757/145 806/1760/145 809/1766/3 807/1761/3
f 819/1789/5 815/1779/5 808/1763/142 810/1768/142
f 810/1768/142 808/1763/142 807/1761/3 809/1766/3
f 818/1787/4 816/1782/4 817/1784/137 820/1792/137
f 820/1792/137 817/1784/137 815/1780/5 819/1790/5
f 813/1776/90 811/1770/90 812/1772/146 814/1778/146
f 814/1778/146 812/1772/146 816/1782/4 818/1787/4
f 807/1762/2 808/1764/2 815/1781/2 817/1785/2 816/1783/2 812/1773/2 811/1771/2 805/1758/2
f 827/1804/147 829/1808/147 822/1795/147 821/1793/147
f 821/1793/148 822/1795/148 825/1801/148 823/1796/148
f 835/1819/149 831/1810/149 824/1799/149 826/1803/149
f 826/1803/150 824/1799/150 823/1797/150 825/1802/150
f 834/1817/151 832/1812/151 833/1815/151 836/1820/151
f 836/1820/152 833/1815/152 831/1810/152 835/1819/152
f 829/1808/153 827/1804/153 828/1806/153 830/1809/153
f 830/1809/154 828/1806/154 832/1813/154 834/1818/154
f 823/1798/2 824/1800/2 831/1811/2 833/1816/2 832/1814/2 828/1807/2 827/1805/2 821/1794/2
f 861/1888/3 838/1824/3 840/1829/3 862/1891/3
f 862/1889/126 840/1830/5 844/1841/5 863/1892/126
f 863/1893/4 844/1842/4 842/1835/4 864/1897/4
f 864/1896/155 842/1836/90 838/1825/90 861/1887/155
f 841/1831/91 837/1821/91 845/1843/91 847/1849/91
f 846/1846/90 848/1852/90 847/1850/90 845/1844/90
f 839/1826/92 843/1837/92 848/1853/92 846/1847/92
f 837/1823/3 839/1828/3 846/1848/3 845/1845/3
f 843/1838/4 841/1832/4 847/1851/4 848/1854/4
f 865/1899/3 850/1858/3 852/1863/3 866/1902/3
f 866/1900/126 852/1864/5 856/1873/5 867/1903/126
f 867/1904/4 856/1874/4 854/1868/4 868/1907/4
f 868/1906/155 854/1869/90 850/1859/90 865/1898/155
f 853/1865/91 849/1855/91 857/1875/91 859/1881/91
f 858/1878/90 860/1884/90 859/1882/90 857/1876/90
f 851/1860/92 855/1870/92 860/1885/92 858/1879/92
f 849/1857/3 851/1862/3 858/1880/3 857/1877/3
f 855/1871/4 853/1867/4 859/1883/4 860/1886/4
f 841/1833/156 864/1896/155 861/1887/155 837/1822/156
f 843/1839/4 863/1894/4 864/1897/4 841/1834/4
f 839/1827/2 862/1890/126 863/1895/126 843/1840/2
f 837/1823/3 861/1888/3 862/1891/3 839/1828/3
f 853/1866/156 868/1906/155 865/1898/155 849/1856/156
f 855/1871/4 867/1904/4 868/1907/4 853/1867/4
f 851/1861/2 866/1901/126 867/1905/126 855/1872/2
f 849/1857/3 865/1899/3 866/1902/3 851/1862/3
f 875/1919/153 877/1923/153 870/1910/153 869/1908/153
f 869/1908/154 870/1910/154 873/1916/154 871/1911/154
f 883/1934/152 879/1925/152 872/1914/152 874/1918/152
f 874/1918/151 872/1914/151 871/1912/151 873/1917/151
f 882/1932/150 880/1927/150 881/1930/150 884/1935/150
f 884/1935/149 881/1930/149 879/1925/149 883/1934/149
f 877/1923/147 875/1919/147 876/1921/147 878/1924/147
f 878/1924/148 876/1921/148 880/1928/148 882/1933/148
f 871/1913/1 872/1915/1 879/1926/1 881/1931/1 880/1929/1 876/1922/1 875/1920/1 869/1909/1
f 909/2003/4 886/1939/4 888/1944/4 910/2006/4
f 910/2004/127 888/1945/5 892/1956/5 911/2007/127
f 911/2008/3 892/1957/3 890/1950/3 912/2012/3
f 912/2011/157 890/1951/90 886/1940/90 909/2002/157
f 889/1946/92 885/1936/92 893/1958/92 895/1964/92
f 894/1961/90 896/1967/90 895/1965/90 893/1959/90
f 887/1941/91 891/1952/91 896/1968/91 894/1962/91
f 885/1938/4 887/1943/4 894/1963/4 893/1960/4
f 891/1953/3 889/1947/3 895/1966/3 896/1969/3
f 913/2014/4 898/1973/4 900/1978/4 914/2017/4
f 914/2015/127 900/1979/5 904/1988/5 915/2018/127
f 915/2019/3 904/1989/3 902/1983/3 916/2022/3
f 916/2021/157 902/1984/90 898/1974/90 913/2013/157
f 901/1980/92 897/1970/92 905/1990/92 907/1996/92
f 906/1993/90 908/1999/90 907/1997/90 905/1991/90
f 899/1975/91 903/1985/91 908/2000/91 906/1994/91
f 897/1972/4 899/1977/4 906/1995/4 905/1992/4
f 903/1986/3 901/1982/3 907/1998/3 908/2001/3
f 889/1948/159 912/2011/157 909/2002/157 885/1937/159
f 891/1954/3 911/2009/3 912/2012/3 889/1949/3
f 887/1942/1 910/2005/127 911/2010/127 891/1955/1
f 885/1938/4 909/2003/4 910/2006/4 887/1943/4
f 901/1981/159 916/2021/157 913/2013/157 897/1971/159
f 903/1986/3 915/2019/3 916/2022/3 901/1982/3
f 899/1976/1 914/2016/127 915/2020/127 903/1987/1
f 897/1972/4 913/2014/4 914/2017/4 899/1977/4
f 923/2034/82 925/2038/82 918/2025/82 917/2023/82
f 917/2023/83 918/2025/83 921/2031/83 919/2026/83
f 931/2049/84 927/2040/84 920/2029/84 922/2033/84
f 922/2033/85 920/2029/85 919/2027/85 921/2032/85
f 930/2047/86 928/2042/86 929/2045/86 932/2050/86
f 932/2050/87 929/2045/87 927/2040/87 931/2049/87
f 925/2038/88 923/2034/88 924/2036/88 926/2039/88
f 926/2039/89 924/2036/89 928/2043/89 930/2048/89
f 919/2028/90 920/2030/90 927/2041/90 929/2046/90 928/2044/90 924/2037/90 923/2035/90 917/2024/90
f 933/2053/3 934/2054/3 936/2059/3 935/2058/3
f 935/2056/2 936/2060/2 940/2069/2 939/2066/2
f 939/2068/4 940/2070/4 938/2064/4 937/2063/4
f 937/2061/1 938/2065/1 934/2055/1 933/2051/1
f 937/2062/91 933/2052/91 941/2071/91 943/2077/91
f 942/2074/90 944/2080/90 943/2078/90 941/2072/90
f 935/2057/92 939/2067/92 944/2081/92 942/2075/92
f 933/2053/3 935/2058/3 942/2076/3 941/2073/3
f 939/2068/4 937/2063/4 943/2079/4 944/2082/4
f 945/2085/3 946/2086/3 948/2091/3 947/2090/3
f 947/2088/2 948/2092/2 952/2101/2 951/2098/2
f 951/2100/4 952/2102/4 950/2096/4 949/2095/4
f 949/2093/1 950/2097/1 946/2087/1 945/2083/1
f 949/2094/91 945/2084/91 953/2103/91 955/2109/91
f 954/2106/90 956/2112/90 955/2110/90 953/2104/90
f 947/2089/92 951/2099/92 956/2113/92 954/2107/92
f 945/2085/3 947/2090/3 954/2108/3 953/2105/3
f 951/2100/4 949/2095/4 955/2111/4 956/2114/4
f 970/2144/5 972/2149/5 971/2146/5 962/2125/5 961/2123/5 958/2117/5 965/2132/5 966/2135/5
f 991/2173/1 965/2133/1 958/2118/80 973/2151/80
f 973/2151/80 958/2118/80 961/2124/3 981/2159/3
f 988/2167/2 967/2137/2 960/2121/79 976/2154/79
f 976/2154/79 960/2121/79 959/2120/3 979/2157/3
f 984/2162/4 968/2140/4 969/2142/81 985/2163/81
f 985/2163/81 969/2142/81 967/2138/2 988/2166/2
f 993/2176/1 963/2127/1 964/2130/78 994/2178/78
f 994/2178/78 964/2130/78 968/2140/4 984/2162/4
f 959/2119/90 960/2122/90 967/2139/90 969/2143/90 968/2141/90 964/2131/90 963/2128/90 957/2115/90
f 966/2136/78 996/2180/78 982/2160/4 970/2145/4
f 996/2180/93 995/2179/93 983/2161/94 982/2160/94
f 995/2179/95 994/2178/95 984/2162/96 983/2161/96
f 965/2134/1 991/2172/1 996/2180/78 966/2136/78
f 991/2172/97 992/2174/97 995/2179/93 996/2180/93
f 992/2174/98 993/2176/98 994/2178/95 995/2179/95
f 972/2150/81 987/2165/81 990/2170/2 971/2147/2
f 987/2165/99 986/2164/99 989/2168/100 990/2170/100
f 986/2164/101 985/2163/101 988/2166/102 989/2168/102
f 970/2145/4 982/2160/4 987/2165/81 972/2150/81
f 982/2160/94 983/2161/94 986/2164/99 987/2165/99
f 983/2161/96 984/2162/96 985/2163/101 986/2164/101
f 962/2126/79 978/2156/79 981/2159/3 961/2124/3
f 978/2156/103 977/2155/103 980/2158/104 981/2159/104
f 977/2155/105 976/2154/105 979/2157/106 980/2158/106
f 971/2148/2 990/2171/2 978/2156/79 962/2126/79
f 990/2171/100 989/2169/100 977/2155/103 978/2156/103
f 989/2169/102 988/2167/102 976/2154/105 977/2155/105
f 957/2116/80 975/2153/80 979/2157/3 959/2120/3
f 975/2153/107 974/2152/107 980/2158/106 979/2157/106
f 974/2152/108 973/2151/108 981/2159/104 980/2158/104
f 963/2129/1 993/2177/1 975/2153/80 957/2116/80
f 993/2177/98 992/2175/98 974/2152/107 975/2153/107
f 992/2175/97 991/2173/97 973/2151/108 974/2152/108
f 1010/2210/3 1012/2215/3 1011/2212/3 1002/2191/3 1001/2189/3 998/2183/3 1005/2198/3 1006/2201/3
f 1003/2193/90 1005/2199/90 998/2184/125 997/2181/125
f 997/2181/125 998/2184/125 1001/2190/2 999/2185/2
f 1011/2213/5 1007/2203/5 1000/2187/126 1002/2192/126
f 1002/2192/126 1000/2187/126 999/2185/2 1001/2190/2
f 1010/2211/1 1008/2206/1 1009/2208/127 1012/2216/127
f 1012/2216/127 1009/2208/127 1007/2204/5 1011/2214/5
f 1005/2200/90 1003/2194/90 1004/2196/128 1006/2202/128
f 1006/2202/128 1004/2196/128 1008/2206/1 1010/2211/1
f 999/2186/4 1000/2188/4 1007/2205/4 1009/2209/4 1008/2207/4 1004/2197/4 1003/2195/4 997/2182/4
f 1019/2228/129 1021/2232/129 1014/2219/129 1013/2217/129
f 1013/2217/130 1014/2219/130 1017/2225/130 1015/2220/130
f 1027/2243/131 1023/2234/131 1016/2223/131 1018/2227/131
f 1018/2227/132 1016/2223/132 1015/2221/132 1017/2226/132
f 1026/2241/133 1024/2236/133 1025/2239/133 1028/2244/133
f 1028/2244/134 1025/2239/134 1023/2234/134 1027/2243/134
f 1021/2232/135 1019/2228/135 1020/2230/135 1022/2233/135
f 1022/2233/136 1020/2230/136 1024/2237/136 1026/2242/136
f 1015/2222/4 1016/2224/4 1023/2235/4 1025/2240/4 1024/2238/4 1020/2231/4 1019/2229/4 1013/2218/4
f 1053/2312/2 1030/2248/2 1032/2253/2 1054/2315/2
f 1054/2313/137 1032/2254/5 1036/2265/5 1055/2316/137
f 1055/2317/1 1036/2266/1 1034/2259/1 1056/2321/1
f 1056/2320/138 1034/2260/90 1030/2249/90 1053/2311/138
f 1033/2255/139 1029/2245/139 1037/2267/139 1039/2273/139
f 1038/2270/90 1040/2276/90 1039/2274/90 1037/2268/90
f 1031/2250/140 1035/2261/140 1040/2277/140 1038/2271/140
f 1029/2247/2 1031/2252/2 1038/2272/2 1037/2269/2
f 1035/2262/1 1033/2256/1 1039/2275/1 1040/2278/1
f 1057/2323/2 1042/2282/2 1044/2287/2 1058/2326/2
f 1058/2324/137 1044/2288/5 1048/2297/5 1059/2327/137
f 1059/2328/1 1048/2298/1 1046/2292/1 1060/2331/1
f 1060/2330/138 1046/2293/90 1042/2283/90 1057/2322/138
f 1045/2289/139 1041/2279/139 1049/2299/139 1051/2305/139
f 1050/2302/90 1052/2308/90 1051/2306/90 1049/2300/90
f 1043/2284/140 1047/2294/140 1052/2309/140 1050/2303/140
f 1041/2281/2 1043/2286/2 1050/2304/2 1049/2301/2
f 1047/2295/1 1045/2291/1 1051/2307/1 1052/2310/1
f 1033/2257/141 1056/2320/138 1053/2311/138 1029/2246/141
f 1035/2263/1 1055/2318/1 1056/2321/1 1033/2258/1
f 1031/2251/4 1054/2314/137 1055/2319/137 1035/2264/4
f 1029/2247/2 1053/2312/2 1054/2315/2 1031/2252/2
f 1045/2290/141 1060/2330/138 1057/2322/138 1041/2280/141
f 1047/2295/1 1059/2328/1 1060/2331/1 1045/2291/1
f 1043/2285/4 1058/2325/137 1059/2329/137 1047/2296/4
f 1041/2281/2 1057/2323/2 1058/2326/2 1043/2286/2
f 1067/2343/135 1069/2347/135 1062/2334/135 1061/2332/135
f 1061/2332/136 1062/2334/136 1065/2340/136 1063/2335/136
f 1075/2358/134 1071/2349/134 1064/2338/134 1066/2342/134
f 1066/2342/133 1064/2338/133 1063/2336/133 1065/2341/133
f 1074/2356/132 1072/2351/132 1073/2354/132 1076/2359/132
f 1076/2359/131 1073/2354/131 1071/2349/131 1075/2358/131
f 1069/2347/129 1067/2343/129 1068/2345/129 1070/2348/129
f 1070/2348/130 1068/2345/130 1072/2352/130 1074/2357/130
f 1063/2337/3 1064/2339/3 1071/2350/3 1073/2355/3 1072/2353/3 1068/2346/3 1067/2344/3 1061/2333/3
f 1101/2427/1 1078/2363/1 1080/2368/1 1102/2430/1
f 1102/2428/142 1080/2369/5 1084/2380/5 1103/2431/142
f 1103/2432/2 1084/2381/2 1082/2374/2 1104/2436/2
f 1104/2435/143 1082/2375/90 1078/2364/90 1101/2426/143
f 1081/2370/140 1077/2360/140 1085/2382/140 1087/2388/140
f 1086/2385/90 1088/2391/90 1087/2389/90 1085/2383/90
f 1079/2365/139 1083/2376/139 1088/2392/139 1086/2386/139
f 1077/2362/1 1079/2367/1 1086/2387/1 1085/2384/1
f 1083/2377/2 1081/2371/2 1087/2390/2 1088/2393/2
f 1105/2438/1 1090/2397/1 1092/2402/1 1106/2441/1
f 1106/2439/142 1092/2403/5 1096/2412/5 1107/2442/142
f 1107/2443/2 1096/2413/2 1094/2407/2 1108/2446/2
f 1108/2445/143 1094/2408/90 1090/2398/90 1105/2437/143
f 1093/2404/140 1089/2394/140 1097/2414/140 1099/2420/140
f 1098/2417/90 1100/2423/90 1099/2421/90 1097/2415/90
f 1091/2399/139 1095/2409/139 1100/2424/139 1098/2418/139
f 1089/2396/1 1091/2401/1 1098/2419/1 1097/2416/1
f 1095/2410/2 1093/2406/2 1099/2422/2 1100/2425/2
f 1081/2372/144 1104/2435/143 1101/2426/143 1077/2361/144
f 1083/2378/2 1103/2433/2 1104/2436/2 1081/2373/2
f 1079/2366/3 1102/2429/142 1103/2434/142 1083/2379/3
f 1077/2362/1 1101/2427/1 1102/2430/1 1079/2367/1
f 1093/2405/144 1108/2445/143 1105/2437/143 1089/2395/144
f 1095/2410/2 1107/2443/2 1108/2446/2 1093/2406/2
f 1091/2400/3 1106/2440/142 1107/2444/142 1095/2411/3
f 1089/2396/1 1105/2438/1 1106/2441/1 1091/2401/1
s 0
f 1115/2465/4 1116/2467/4 1114/2462/4 1113/2459/4
f 1113/2460/5 1114/2463/5 1110/2453/5 1109/2449/5
f 1111/2456/1 1115/2466/1 1113/2461/1 1109/2450/1
f 1116/2468/2 1112/2458/2 1110/2454/2 1114/2464/2
s 1
f 1130/2498/1 1132/2503/1 1131/2500/1 1122/2479/1 1121/2477/1 1118/2471/1 1125/2486/1 1126/2489/1
f 1123/2481/90 1125/2487/90 1118/2472/145 1117/2469/145
f 1117/2469/145 1118/2472/145 1121/2478/3 1119/2473/3
f 1131/2501/5 1127/2491/5 1120/2475/142 1122/2480/142
f 1122/2480/142 1120/2475/142 1119/2473/3 1121/2478/3
f 1130/2499/4 1128/2494/4 1129/2496/137 1132/2504/137
f 1132/2504/137 1129/2496/137 1127/2492/5 1131/2502/5
f 1125/2488/90 1123/2482/90 1124/2484/146 1126/2490/146
f 1126/2490/146 1124/2484/146 1128/2494/4 1130/2499/4
f 1119/2474/2 1120/2476/2 1127/2493/2 1129/2497/2 1128/2495/2 1124/2485/2 1123/2483/2 1117/2470/2
f 1139/2516/147 1141/2520/147 1134/2507/147 1133/2505/147
f 1133/2505/148 1134/2507/148 1137/2513/148 1135/2508/148
f 1147/2531/149 1143/2522/149 1136/2511/149 1138/2515/149
f 1138/2515/150 1136/2511/150 1135/2509/150 1137/2514/150
f 1146/2529/151 1144/2524/151 1145/2527/151 1148/2532/151
f 1148/2532/152 1145/2527/152 1143/2522/152 1147/2531/152
f 1141/2520/153 1139/2516/153 1140/2518/153 1142/2521/153
f 1142/2521/154 1140/2518/154 1144/2525/154 1146/2530/154
f 1135/2510/2 1136/2512/2 1143/2523/2 1145/2528/2 1144/2526/2 1140/2519/2 1139/2517/2 1133/2506/2
f 1173/2600/3 1150/2536/3 1152/2541/3 1174/2603/3
f 1174/2601/126 1152/2542/5 1156/2553/5 1175/2604/126
f 1175/2605/4 1156/2554/4 1154/2547/4 1176/2609/4
f 1176/2608/155 1154/2548/90 1150/2537/90 1173/2599/155
f 1153/2543/91 1149/2533/91 1157/2555/91 1159/2561/91
f 1158/2558/90 1160/2564/90 1159/2562/90 1157/2556/90
f 1151/2538/92 1155/2549/92 1160/2565/92 1158/2559/92
f 1149/2535/3 1151/2540/3 1158/2560/3 1157/2557/3
f 1155/2550/4 1153/2544/4 1159/2563/4 1160/2566/4
f 1177/2611/3 1162/2570/3 1164/2575/3 1178/2614/3
f 1178/2612/126 1164/2576/5 1168/2585/5 1179/2615/126
f 1179/2616/4 1168/2586/4 1166/2580/4 1180/2619/4
f 1180/2618/155 1166/2581/90 1162/2571/90 1177/2610/155
f 1165/2577/91 1161/2567/91 1169/2587/91 1171/2593/91
f 1170/2590/90 1172/2596/90 1171/2594/90 1169/2588/90
f 1163/2572/92 1167/2582/92 1172/2597/92 1170/2591/92
f 1161/2569/3 1163/2574/3 1170/2592/3 1169/2589/3
f 1167/2583/4 1165/2579/4 1171/2595/4 1172/2598/4
f 1153/2545/156 1176/2608/155 1173/2599/155 1149/2534/156
f 1155/2551/4 1175/2606/4 1176/2609/4 1153/2546/4
f 1151/2539/2 1174/2602/126 1175/2607/126 1155/2552/2
f 1149/2535/3 1173/2600/3 1174/2603/3 1151/2540/3
f 1165/2578/156 1180/2618/155 1177/2610/155 1161/2568/156
f 1167/2583/4 1179/2616/4 1180/2619/4 1165/2579/4
f 1163/2573/2 1178/2613/126 1179/2617/126 1167/2584/2
f 1161/2569/3 1177/2611/3 1178/2614/3 1163/2574/3
f 1187/2631/153 1189/2635/153 1182/2622/153 1181/2620/153
f 1181/2620/154 1182/2622/154 1185/2628/154 1183/2623/154
f 1195/2646/152 1191/2637/152 1184/2626/152 1186/2630/152
f 1186/2630/151 1184/2626/151 1183/2624/151 1185/2629/151
f 1194/2644/150 1192/2639/150 1193/2642/150 1196/2647/150
f 1196/2647/149 1193/2642/149 1191/2637/149 1195/2646/149
f 1189/2635/147 1187/2631/147 1188/2633/147 1190/2636/147
f 1190/2636/148 1188/2633/148 1192/2640/148 1194/2645/148
f 1183/2625/1 1184/2627/1 1191/2638/1 1193/2643/1 1192/2641/1 1188/2634/1 1187/2632/1 1181/2621/1
f 1221/2715/4 1198/2651/4 1200/2656/4 1222/2718/4
f 1222/2716/127 1200/2657/5 1204/2668/5 1223/2719/127
f 1223/2720/3 1204/2669/3 1202/2662/3 1224/2724/3
f 1224/2723/157 1202/2663/90 1198/2652/90 1221/2714/157
f 1201/2658/92 1197/2648/92 1205/2670/92 1207/2676/92
f 1206/2673/90 1208/2679/90 1207/2677/90 1205/2671/90
f 1199/2653/161 1203/2664/161 1208/2680/161 1206/2674/161
f 1197/2650/4 1199/2655/4 1206/2675/4 1205/2672/4
f 1203/2665/3 1201/2659/3 1207/2678/3 1208/2681/3
f 1225/2726/4 1210/2685/4 1212/2690/4 1226/2729/4
f 1226/2727/127 1212/2691/5 1216/2700/5 1227/2730/127
f 1227/2731/3 1216/2701/3 1214/2695/3 1228/2734/3
f 1228/2733/157 1214/2696/90 1210/2686/90 1225/2725/157
f 1213/2692/92 1209/2682/92 1217/2702/92 1219/2708/92
f 1218/2705/90 1220/2711/90 1219/2709/90 1217/2703/90
f 1211/2687/161 1215/2697/161 1220/2712/161 1218/2706/161
f 1209/2684/4 1211/2689/4 1218/2707/4 1217/2704/4
f 1215/2698/3 1213/2694/3 1219/2710/3 1220/2713/3
f 1201/2660/159 1224/2723/157 1221/2714/157 1197/2649/159
f 1203/2666/3 1223/2721/3 1224/2724/3 1201/2661/3
f 1199/2654/1 1222/2717/127 1223/2722/127 1203/2667/1
f 1197/2650/4 1221/2715/4 1222/2718/4 1199/2655/4
f 1213/2693/159 1228/2733/157 1225/2725/157 1209/2683/159
f 1215/2698/3 1227/2731/3 1228/2734/3 1213/2694/3
f 1211/2688/1 1226/2728/127 1227/2732/127 1215/2699/1
f 1209/2684/4 1225/2726/4 1226/2729/4 1211/2689/4
f 1242/2764/1 1244/2769/1 1243/2766/1 1234/2745/1 1233/2743/1 1230/2737/1 1237/2752/1 1238/2755/1
f 1235/2747/90 1237/2753/90 1230/2738/145 1229/2735/145
f 1229/2735/145 1230/2738/145 1233/2744/3 1231/2739/3
f 1243/2767/5 1239/2757/5 1232/2741/142 1234/2746/142
f 1234/2746/142 1232/2741/142 1231/2739/3 1233/2744/3
f 1242/2765/4 1240/2760/4 1241/2762/137 1244/2770/137
f 1244/2770/137 1241/2762/137 1239/2758/5 1243/2768/5
f 1237/2754/90 1235/2748/90 1236/2750/146 1238/2756/146
f 1238/2756/146 1236/2750/146 1240/2760/4 1242/2765/4
f 1231/2740/2 1232/2742/2 1239/2759/2 1241/2763/2 1240/2761/2 1236/2751/2 1235/2749/2 1229/2736/2
f 1251/2782/147 1253/2786/147 1246/2773/147 1245/2771/147
f 1245/2771/148 1246/2773/148 1249/2779/148 1247/2774/148
f 1259/2797/149 1255/2788/149 1248/2777/149 1250/2781/149
f 1250/2781/150 1248/2777/150 1247/2775/150 1249/2780/150
f 1258/2795/151 1256/2790/151 1257/2793/151 1260/2798/151
f 1260/2798/152 1257/2793/152 1255/2788/152 1259/2797/152
f 1253/2786/153 1251/2782/153 1252/2784/153 1254/2787/153
f 1254/2787/154 1252/2784/154 1256/2791/154 1258/2796/154
f 1247/2776/2 1248/2778/2 1255/2789/2 1257/2794/2 1256/2792/2 1252/2785/2 1251/2783/2 1245/2772/2
f 1285/2866/3 1262/2802/3 1264/2807/3 1286/2869/3
f 1286/2867/126 1264/2808/5 1268/2819/5 1287/2870/126
f 1287/2871/4 1268/2820/4 1266/2813/4 1288/2875/4
f 1288/2874/155 1266/2814/90 1262/2803/90 1285/2865/155
f 1265/2809/91 1261/2799/91 1269/2821/91 1271/2827/91
f 1270/2824/90 1272/2830/90 1271/2828/90 1269/2822/90
f 1263/2804/92 1267/2815/92 1272/2831/92 1270/2825/92
f 1261/2801/3 1263/2806/3 1270/2826/3 1269/2823/3
f 1267/2816/4 1265/2810/4 1271/2829/4 1272/2832/4
f 1289/2877/3 1274/2836/3 1276/2841/3 1290/2880/3
f 1290/2878/126 1276/2842/5 1280/2851/5 1291/2881/126
f 1291/2882/4 1280/2852/4 1278/2846/4 1292/2885/4
f 1292/2884/155 1278/2847/90 1274/2837/90 1289/2876/155
f 1277/2843/91 1273/2833/91 1281/2853/91 1283/2859/91
f 1282/2856/90 1284/2862/90 1283/2860/90 1281/2854/90
f 1275/2838/92 1279/2848/92 1284/2863/92 1282/2857/92
f 1273/2835/3 1275/2840/3 1282/2858/3 1281/2855/3
f 1279/2849/4 1277/2845/4 1283/2861/4 1284/2864/4
f 1265/2811/156 1288/2874/155 1285/2865/155 1261/2800/156
f 1267/2817/4 1287/2872/4 1288/2875/4 1265/2812/4
f 1263/2805/2 1286/2868/126 1287/2873/126 1267/2818/2
f 1261/2801/3 1285/2866/3 1286/2869/3 1263/2806/3
f 1277/2844/156 1292/2884/155 1289/2876/155 1273/2834/156
f 1279/2849/4 1291/2882/4 1292/2885/4 1277/2845/4
f 1275/2839/2 1290/2879/126 1291/2883/126 1279/2850/2
f 1273/2835/3 1289/2877/3 1290/2880/3 1275/2840/3
f 1299/2897/153 1301/2901/153 1294/2888/153 1293/2886/153
f 1293/2886/154 1294/2888/154 1297/2894/154 1295/2889/154
f 1307/2912/152 1303/2903/152 1296/2892/152 1298/2896/152
f 1298/2896/151 1296/2892/151 1295/2890/151 1297/2895/151
f 1306/2910/150 1304/2905/150 1305/2908/150 1308/2913/150
f 1308/2913/149 1305/2908/149 1303/2903/149 1307/2912/149
f 1301/2901/147 1299/2897/147 1300/2899/147 1302/2902/147
f 1302/2902/148 1300/2899/148 1304/2906/148 1306/2911/148
f 1295/2891/1 1296/2893/1 1303/2904/1 1305/2909/1 1304/2907/1 1300/2900/1 1299/2898/1 1293/2887/1
f 1333/2981/4 1310/2917/4 1312/2922/4 1334/2984/4
f 1334/2982/127 1312/2923/5 1316/2934/5 1335/2985/127
f 1335/2986/3 1316/2935/3 1314/2928/3 1336/2990/3
f 1336/2989/157 1314/2929/90 1310/2918/90 1333/2980/157
f 1313/2924/92 1309/2914/92 1317/2936/92 1319/2942/92
f 1318/2939/90 1320/2945/90 1319/2943/90 1317/2937/90
f 1311/2919/91 1315/2930/91 1320/2946/91 1318/2940/91
f 1309/2916/4 1311/2921/4 1318/2941/4 1317/2938/4
f 1315/2931/3 1313/2925/3 1319/2944/3 1320/2947/3
f 1337/2992/4 1322/2951/4 1324/2956/4 1338/2995/4
f 1338/2993/127 1324/2957/5 1328/2966/5 1339/2996/127
f 1339/2997/3 1328/2967/3 1326/2961/3 1340/3000/3
f 1340/2999/157 1326/2962/90 1322/2952/90 1337/2991/157
f 1325/2958/92 1321/2948/92 1329/2968/92 1331/2974/92
f 1330/2971/90 1332/2977/90 1331/2975/90 1329/2969/90
f 1323/2953/91 1327/2963/91 1332/2978/91 1330/2972/91
f 1321/2950/4 1323/2955/4 1330/2973/4 1329/2970/4
f 1327/2964/3 1325/2960/3 1331/2976/3 1332/2979/3
f 1313/2926/159 1336/2989/157 1333/2980/157 1309/2915/159
f 1315/2932/3 1335/2987/3 1336/2990/3 1313/2927/3
f 1311/2920/1 1334/2983/127 1335/2988/127 1315/2933/1
f 1309/2916/4 1333/2981/4 1334/2984/4 1311/2921/4
f 1325/2959/159 1340/2999/157 1337/2991/157 1321/2949/159
f 1327/2964/3 1339/2997/3 1340/3000/3 1325/2960/3
f 1323/2954/1 1338/2994/127 1339/2998/127 1327/2965/1
f 1321/2950/4 1337/2992/4 1338/2995/4 1323/2955/4
f 1347/3012/82 1349/3016/82 1342/3003/82 1341/3001/82
f 1341/3001/83 1342/3003/83 1345/3009/83 1343/3004/83
f 1355/3027/84 1351/3018/84 1344/3007/84 1346/3011/84
f 1346/3011/85 1344/3007/85 1343/3005/85 1345/3010/85
f 1354/3025/86 1352/3020/86 1353/3023/86 1356/3028/86
f 1356/3028/87 1353/3023/87 1351/3018/87 1355/3027/87
f 1349/3016/88 1347/3012/88 1348/3014/88 1350/3017/88
f 1350/3017/89 1348/3014/89 1352/3021/89 1354/3026/89
f 1343/3006/90 1344/3008/90 1351/3019/90 1353/3024/90 1352/3022/90 1348/3015/90 1347/3013/90 1341/3002/90
f 1357/3031/3 1358/3032/3 1360/3037/3 1359/3036/3
f 1359/3034/2 1360/3038/2 1364/3047/2 1363/3044/2
f 1363/3046/4 1364/3048/4 1362/3042/4 1361/3041/4
f 1361/3039/1 1362/3043/1 1358/3033/1 1357/3029/1
f 1361/3040/91 1357/3030/91 1365/3049/91 1367/3055/91
f 1366/3052/90 1368/3058/90 1367/3056/90 1365/3050/90
f 1359/3035/92 1363/3045/92 1368/3059/92 1366/3053/92
f 1357/3031/3 1359/3036/3 1366/3054/3 1365/3051/3
f 1363/3046/4 1361/3041/4 1367/3057/4 1368/3060/4
f 1369/3063/3 1370/3064/3 1372/3069/3 1371/3068/3
f 1371/3066/2 1372/3070/2 1376/3079/2 1375/3076/2
f 1375/3078/4 1376/3080/4 1374/3074/4 1373/3073/4
f 1373/3071/1 1374/3075/1 1370/3065/1 1369/3061/1
f 1373/3072/91 1369/3062/91 1377/3081/91 1379/3087/91
f 1378/3084/90 1380/3090/90 1379/3088/90 1377/3082/90
f 1371/3067/92 1375/3077/92 1380/3091/92 1378/3085/92
f 1369/3063/3 1371/3068/3 1378/3086/3 1377/3083/3
f 1375/3078/4 1373/3073/4 1379/3089/4 1380/3092/4
f 1394/3122/5 1396/3127/5 1395/3124/5 1386/3103/5 1385/3101/5 1382/3095/5 1389/3110/5 1390/3113/5
f 1415/3151/1 1389/3111/1 1382/3096/80 1397/3129/80
f 1397/3129/80 1382/3096/80 1385/3102/3 1405/3137/3
f 1412/3145/2 1391/3115/2 1384/3099/79 1400/3132/79
f 1400/3132/79 1384/3099/79 1383/3098/3 1403/3135/3
f 1408/3140/4 1392/3118/4 1393/3120/81 1409/3141/81
f 1409/3141/81 1393/3120/81 1391/3116/2 1412/3144/2
f 1417/3154/1 1387/3105/1 1388/3108/78 1418/3156/78
f 1418/3156/78 1388/3108/78 1392/3118/4 1408/3140/4
f 1383/3097/90 1384/3100/90 1391/3117/90 1393/3121/90 1392/3119/90 1388/3109/90 1387/3106/90 1381/3093/90
f 1390/3114/78 1420/3158/78 1406/3138/4 1394/3123/4
f 1420/3158/93 1419/3157/93 1407/3139/94 1406/3138/94
f 1419/3157/95 1418/3156/95 1408/3140/96 1407/3139/96
f 1389/3112/1 1415/3150/1 1420/3158/78 1390/3114/78
f 1415/3150/97 1416/3152/97 1419/3157/93 1420/3158/93
f 1416/3152/98 1417/3154/98 1418/3156/95 1419/3157/95
f 1396/3128/81 1411/3143/81 1414/3148/2 1395/3125/2
f 1411/3143/99 1410/3142/99 1413/3146/100 1414/3148/100
f 1410/3142/101 1409/3141/101 1412/3144/102 1413/3146/102
f 1394/3123/4 1406/3138/4 1411/3143/81 1396/3128/81
f 1406/3138/94 1407/3139/94 1410/3142/99 1411/3143/99
f 1407/3139/96 1408/3140/96 1409/3141/101 1410/3142/101
f 1386/3104/79 1402/3134/79 1405/3137/3 1385/3102/3
f 1402/3134/103 1401/3133/103 1404/3136/104 1405/3137/104
f 1401/3133/105 1400/3132/105 1403/3135/106 1404/3136/106
f 1395/3126/2 1414/3149/2 1402/3134/79 1386/3104/79
f 1414/3149/100 1413/3147/100 1401/3133/103 1402/3134/103
f 1413/3147/102 1412/3145/102 1400/3132/105 1401/3133/105
f 1381/3094/80 1399/3131/80 1403/3135/3 1383/3098/3
f 1399/3131/107 1398/3130/107 1404/3136/106 1403/3135/106
f 1398/3130/108 1397/3129/108 1405/3137/104 1404/3136/104
f 1387/3107/1 1417/3155/1 1399/3131/80 1381/3094/80
f 1417/3155/98 1416/3153/98 1398/3130/107 1399/3131/107
f 1416/3153/97 1415/3151/97 1397/3129/108 1398/3130/108
s 0
usemtl electronics_etx_part_2
f 56/120/2 20/53/2 19/51/2 54/114/2
f 19/52/3 61/135/3 60/132/3 63/140/3
f 18/48/2 17/45/2 58/126/2 59/129/2
f 64/142/5 17/46/5 54/115/5 53/111/5
f 18/49/5 65/145/5 55/117/5 56/121/5
f 65/145/5 64/142/5 53/111/5 55/117/5
f 17/46/5 18/49/5 56/121/5 54/115/5
f 102/210/5 66/148/5 59/130/5 101/209/5
f 101/209/5 59/130/5 58/127/5 57/123/5 66/148/5 102/210/5 99/207/5 100/208/5
f 65/146/4 18/50/4 59/131/4 66/149/4
f 17/47/3 64/143/3 57/124/3 58/128/3
f 53/112/1 63/139/1 188/353/1 55/118/1
f 60/133/1 61/136/1 62/137/1 187/350/1
f 65/147/1 66/150/1 57/125/1 64/144/1
f 53/113/3 54/116/3 19/52/3 63/140/3
f 55/119/4 188/354/4 20/54/4 56/122/4
f 187/351/4 62/138/4 20/54/4 188/354/4
f 183/339/2 185/346/2 191/363/2 189/356/2
f 183/340/5 184/342/5 63/141/5 60/134/5
f 186/347/5 185/345/5 187/352/5 188/355/5
f 185/345/5 183/340/5 60/134/5 187/352/5
f 184/342/5 186/347/5 188/355/5 63/141/5
f 192/364/5 190/359/5 189/357/5 191/362/5
f 184/343/4 183/341/4 189/358/4 190/360/4
f 186/348/1 184/344/1 190/361/1 192/365/1
f 185/346/3 186/349/3 192/366/3 191/363/3
o panel_etx_1_2_button_child
v 0.134600 0.012463 0.186627
v 0.091400 0.012463 0.186627
v 0.134600 -0.002592 0.163826
v 0.091400 -0.002592 0.163826
v 0.134600 0.079227 0.168737
v 0.091400 0.079227 0.168737
v 0.134600 0.080864 0.141464
v 0.091400 0.080864 0.141464
v 0.134600 0.039136 0.152645
v 0.091400 0.039136 0.152645
v 0.134600 0.043609 0.169337
v 0.091400 0.043609 0.169337
vn -0.0000 -0.8345 0.5510
vn -0.0000 0.9982 0.0599
vn -0.0000 0.4854 0.8743
vn 1.0000 -0.0000 -0.0000
vn -1.0000 -0.0000 -0.0000
vn -0.0000 0.0168 0.9999
vt 0.087891 0.359375
vt 0.121094 0.361328
vt 0.091720 0.357214
vt 0.087891 0.339844
vt 0.121094 0.341797
vt 0.091716 0.357135
vt 0.099609 0.359375
vt 0.087776 0.346288
vt 0.099609 0.339844
vt 0.087778 0.346319
vt 0.087891 0.359375
vt 0.123801 0.357214
vt 0.136719 0.361328
vt 0.087891 0.339844
vt 0.123805 0.357135
vt 0.136719 0.341797
vt 0.099609 0.359375
vt 0.127745 0.346288
vt 0.099609 0.339844
vt 0.127743 0.346319
vt 0.107778 0.346322
vt 0.107741 0.346356
vt 0.136719 0.361328
vt 0.107733 0.353457
vt 0.121094 0.361328
vt 0.136719 0.341797
vt 0.107791 0.353404
vt 0.121094 0.341797
s 0
usemtl electronics_etx_part_1
f 1421/3159/162 1422/3162/162 1424/3167/162 1423/3165/162
f 1427/3175/163 1428/3177/163 1426/3172/163 1425/3169/163
f 1431/3181/164 1432/3184/164 1422/3163/164 1421/3160/164
f 1429/3179/165 1427/3176/165 1425/3170/165 1431/3182/165
f 1430/3180/166 1424/3168/166 1422/3164/166 1432/3185/166
f 1428/3178/166 1430/3180/166 1432/3185/166 1426/3173/166
f 1423/3166/165 1429/3179/165 1431/3182/165 1421/3161/165
f 1425/3171/167 1426/3174/167 1432/3186/167 1431/3183/167
o panel_etx_1_2_switch_child_1
v -0.022683 -0.079333 0.148288
v -0.030772 -0.072327 0.144243
v -0.038861 -0.079333 0.148288
v -0.030772 -0.086338 0.152333
v -0.022683 -0.073645 0.158140
v -0.030772 -0.066639 0.154095
v -0.038861 -0.073645 0.158140
v -0.030772 -0.080650 0.162185
v -0.025247 -0.074548 0.145526
v -0.036297 -0.074548 0.145526
v -0.036297 -0.084118 0.151051
v -0.025247 -0.084118 0.151051
v -0.025247 -0.068860 0.155378
v -0.036297 -0.068860 0.155378
v -0.036297 -0.078430 0.160903
v -0.025247 -0.078430 0.160903
v -0.027085 -0.076838 0.159983
v -0.027085 -0.070452 0.156297
v -0.034459 -0.070452 0.156297
v -0.034459 -0.076838 0.159983
v -0.025445 -0.066944 0.180401
v -0.025445 -0.057716 0.175074
v -0.036100 -0.057716 0.175074
v -0.036100 -0.066944 0.180401
v -0.027505 -0.061714 0.185340
v -0.027505 -0.056055 0.182072
v -0.034039 -0.056055 0.182072
v -0.034039 -0.061714 0.185340
vn 0.9791 0.1016 0.1759
vn 0.7071 -0.6124 0.3536
vn 0.9791 -0.1016 -0.1759
vn -0.0000 0.5000 0.8660
vn -0.7071 0.6124 -0.3536
vn -0.0000 0.9495 -0.3136
vn -0.0000 0.7464 -0.6655
vn -0.9791 0.1016 0.1759
vn -0.9791 -0.1016 -0.1759
vn -0.7071 -0.6124 0.3536
vn -0.0000 -0.7464 0.6655
vn -0.0000 -0.9495 0.3136
vn 0.7071 0.6124 -0.3536
vn -0.0010 0.8264 -0.5631
vn -0.0000 0.8276 -0.5613
vn 0.0010 0.8264 -0.5631
vn 0.0012 -0.6850 0.7285
vn -0.0018 -0.6862 0.7274
vn -0.1389 -0.7506 0.6460
vn 0.1724 -0.6778 0.7148
vn -0.0885 0.6207 0.7791
vn -0.0915 0.3661 0.9261
vn 0.1470 0.4146 0.8981
vn 0.0018 0.6418 0.7669
vn 0.0023 -0.9003 0.4353
vn -0.0000 -0.8999 0.4361
vn -0.0007 -0.9006 0.4346
vn -0.9914 0.0221 0.1291
vn -0.9735 -0.0278 0.2269
vn -0.9575 0.1431 0.2503
vn -0.9579 0.1455 0.2474
vn -0.9973 -0.0385 -0.0622
vn -0.9974 -0.0362 -0.0626
vn -0.9972 -0.0364 -0.0650
vn 0.9900 0.1156 0.0802
vn 0.9576 0.1448 0.2489
vn 0.9575 0.1431 0.2503
vn 0.9896 0.0090 0.1436
vn 0.0022 0.9731 -0.2304
vn 0.0620 0.9213 -0.3840
vn -0.1362 0.9340 -0.3303
vn -0.0023 0.9731 -0.2304
vn 0.9973 -0.0350 -0.0640
vn 0.9974 -0.0362 -0.0626
vn 0.9973 -0.0385 -0.0622
vt 0.104223 0.248345
vt 0.110671 0.248345
vt 0.117120 0.248345
vt 0.123569 0.248345
vt 0.097774 0.248345
vt 0.102131 0.241285
vt 0.104223 0.254367
vt 0.108162 0.241824
vt 0.110671 0.254367
vt 0.107624 0.247855
vt 0.117120 0.254367
vt 0.101592 0.247317
vt 0.123569 0.254367
vt 0.097774 0.254367
vt 0.107447 0.248345
vt 0.113896 0.248345
vt 0.120344 0.248345
vt 0.100999 0.248345
vt 0.105245 0.240451
vt 0.107447 0.254367
vt 0.108997 0.244938
vt 0.113896 0.254367
vt 0.104509 0.248690
vt 0.120344 0.254367
vt 0.100757 0.244202
vt 0.100999 0.254367
vt 0.196042 0.241145
vt 0.194853 0.240934
vt 0.190733 0.240483
vt 0.191940 0.240510
vt 0.187789 0.240510
vt 0.186593 0.240668
vt 0.198856 0.242010
vt 0.183687 0.241145
vt 0.154366 0.232174
vt 0.198791 0.229432
vt 0.152232 0.234823
vt 0.197073 0.229127
vt 0.191120 0.228475
vt 0.148544 0.231584
vt 0.145954 0.229456
vt 0.192864 0.228513
vt 0.186865 0.228513
vt 0.151272 0.223068
vt 0.185136 0.228742
vt 0.149139 0.225717
vt 0.157550 0.228434
vt 0.202857 0.230682
vt 0.154960 0.226307
vt 0.180938 0.229432
vt 0.152506 0.229922
vt 0.152682 0.230161
vt 0.152372 0.230901
vt 0.150597 0.229950
vt 0.150817 0.229751
vt 0.149906 0.229584
vt 0.150822 0.227730
vt 0.151133 0.226990
vt 0.150998 0.227968
vt 0.153598 0.228306
vt 0.152907 0.227941
vt 0.152687 0.228139
s 1
usemtl electronics_etx_part_1
f 1437/3193/168 1448/3212/169 1444/3204/169 1433/3187/170
f 1437/3192/171 1445/3205/171 1438/3194/171 1446/3207/171 1439/3196/171 1447/3209/171 1440/3198/171 1448/3211/171
f 1446/3208/172 1438/3195/173 1434/3188/174 1442/3202/172
f 1439/3197/175 1446/3208/172 1442/3202/172 1435/3189/176
f 1447/3210/177 1439/3197/175 1435/3189/176 1443/3203/177
f 1440/3199/178 1447/3210/177 1443/3203/177 1436/3190/179
f 1438/3195/173 1445/3206/180 1441/3201/180 1434/3188/174
f 1440/3200/178 1436/3191/179 1444/3204/169 1448/3212/169
f 1445/3206/180 1437/3193/168 1433/3187/170 1441/3201/180
f 1454/3225/181 1450/3215/182 1451/3217/182 1455/3229/183
f 1456/3233/184 1453/3221/185 1457/3237/186 1460/3246/187
f 1457/3238/188 1458/3240/189 1459/3243/190 1460/3247/191
f 1456/3234/192 1452/3219/193 1449/3213/193 1453/3222/194
f 1460/3248/195 1459/3244/196 1455/3230/197 1456/3235/198
f 1455/3231/199 1451/3218/200 1452/3220/200 1456/3236/201
f 1457/3239/202 1453/3223/203 1454/3226/204 1458/3241/205
f 1455/3232/206 1459/3245/207 1458/3242/208 1454/3227/209
f 1453/3224/210 1449/3214/211 1450/3216/211 1454/3228/212
o panel_etx_1_2_switch_child_2
v 0.039863 -0.079333 0.148288
v 0.031774 -0.072327 0.144243
v 0.023684 -0.079333 0.148288
v 0.031774 -0.086338 0.152333
v 0.039863 -0.073645 0.158140
v 0.031774 -0.066639 0.154095
v 0.023684 -0.073645 0.158140
v 0.031774 -0.080650 0.162185
v 0.037299 -0.074548 0.145526
v 0.026249 -0.074548 0.145526
v 0.026249 -0.084118 0.151051
v 0.037299 -0.084118 0.151051
v 0.037299 -0.068860 0.155378
v 0.026249 -0.068860 0.155378
v 0.026249 -0.078430 0.160903
v 0.037299 -0.078430 0.160903
v 0.035460 -0.076838 0.159983
v 0.035460 -0.070452 0.156297
v 0.028087 -0.070452 0.156297
v 0.028087 -0.076838 0.159983
v 0.037101 -0.066944 0.180401
v 0.037101 -0.057716 0.175074
v 0.026446 -0.057716 0.175074
v 0.026446 -0.066944 0.180401
v 0.035041 -0.061714 0.185340
v 0.035041 -0.056055 0.182072
v 0.028506 -0.056055 0.182072
v 0.028506 -0.061714 0.185340
vn 0.9791 0.1016 0.1759
vn 0.7071 -0.6124 0.3536
vn 0.9791 -0.1016 -0.1759
vn -0.0000 0.5000 0.8660
vn -0.7071 0.6124 -0.3536
vn -0.0000 0.9495 -0.3136
vn -0.0000 0.7464 -0.6655
vn -0.9791 0.1016 0.1759
vn -0.9791 -0.1016 -0.1759
vn -0.7071 -0.6124 0.3536
vn -0.0000 -0.7464 0.6655
vn -0.0000 -0.9495 0.3136
vn 0.7071 0.6124 -0.3536
vn -0.0010 0.8264 -0.5631
vn -0.0000 0.8276 -0.5613
vn 0.0010 0.8264 -0.5631
vn 0.0012 -0.6850 0.7285
vn -0.0018 -0.6862 0.7274
vn -0.1389 -0.7506 0.6460
vn 0.1724 -0.6778 0.7148
vn -0.0885 0.6207 0.7791
vn -0.0915 0.3661 0.9261
vn 0.1470 0.4146 0.8981
vn 0.0018 0.6418 0.7669
vn 0.0023 -0.9003 0.4353
vn -0.0000 -0.8999 0.4361
vn -0.0007 -0.9006 0.4346
vn -0.9914 0.0221 0.1291
vn -0.9735 -0.0278 0.2269
vn -0.9575 0.1431 0.2503
vn -0.9579 0.1455 0.2474
vn -0.9973 -0.0385 -0.0622
vn -0.9974 -0.0362 -0.0626
vn -0.9972 -0.0364 -0.0650
vn 0.9900 0.1156 0.0802
vn 0.9576 0.1448 0.2489
vn 0.9575 0.1431 0.2503
vn 0.9896 0.0090 0.1436
vn 0.0022 0.9731 -0.2304
vn 0.0620 0.9213 -0.3840
vn -0.1362 0.9340 -0.3303
vn -0.0023 0.9731 -0.2304
vn 0.9973 -0.0350 -0.0640
vn 0.9974 -0.0362 -0.0626
vn 0.9973 -0.0385 -0.0622
vt 0.104223 0.248345
vt 0.110671 0.248345
vt 0.117120 0.248345
vt 0.123569 0.248345
vt 0.097774 0.248345
vt 0.102131 0.241285
vt 0.104223 0.254367
vt 0.108162 0.241824
vt 0.110671 0.254367
vt 0.107624 0.247855
vt 0.117120 0.254367
vt 0.101592 0.247317
vt 0.123569 0.254367
vt 0.097774 0.254367
vt 0.107447 0.248345
vt 0.113896 0.248345
vt 0.120344 0.248345
vt 0.100999 0.248345
vt 0.105245 0.240451
vt 0.107447 0.254367
vt 0.108997 0.244938
vt 0.113896 0.254367
vt 0.104509 0.248690
vt 0.120344 0.254367
vt 0.100757 0.244202
vt 0.100999 0.254367
vt 0.196042 0.241145
vt 0.194853 0.240934
vt 0.190733 0.240483
vt 0.191940 0.240510
vt 0.187789 0.240510
vt 0.186593 0.240668
vt 0.198856 0.242010
vt 0.183687 0.241145
vt 0.154366 0.232174
vt 0.198791 0.229432
vt 0.152232 0.234823
vt 0.197073 0.229127
vt 0.191120 0.228475
vt 0.148544 0.231584
vt 0.145954 0.229456
vt 0.192864 0.228513
vt 0.186865 0.228513
vt 0.151272 0.223068
vt 0.185136 0.228742
vt 0.149139 0.225717
vt 0.157550 0.228434
vt 0.202857 0.230682
vt 0.154960 0.226307
vt 0.180938 0.229432
vt 0.152506 0.229922
vt 0.152682 0.230161
vt 0.152372 0.230901
vt 0.150597 0.229950
vt 0.150817 0.229751
vt 0.149906 0.229584
vt 0.150822 0.227730
vt 0.151133 0.226990
vt 0.150998 0.227968
vt 0.153598 0.228306
vt 0.152907 0.227941
vt 0.152687 0.228139
s 1
usemtl electronics_etx_part_1
f 1465/3255/213 1476/3274/214 1472/3266/214 1461/3249/215
f 1465/3254/216 1473/3267/216 1466/3256/216 1474/3269/216 1467/3258/216 1475/3271/216 1468/3260/216 1476/3273/216
f 1474/3270/217 1466/3257/218 1462/3250/219 1470/3264/217
f 1467/3259/220 1474/3270/217 1470/3264/217 1463/3251/221
f 1475/3272/222 1467/3259/220 1463/3251/221 1471/3265/222
f 1468/3261/223 1475/3272/222 1471/3265/222 1464/3252/224
f 1466/3257/218 1473/3268/225 1469/3263/225 1462/3250/219
f 1468/3262/223 1464/3253/224 1472/3266/214 1476/3274/214
f 1473/3268/225 1465/3255/213 1461/3249/215 1469/3263/225
f 1482/3287/226 1478/3277/227 1479/3279/227 1483/3291/228
f 1484/3295/229 1481/3283/230 1485/3299/231 1488/3308/232
f 1485/3300/233 1486/3302/234 1487/3305/235 1488/3309/236
f 1484/3296/237 1480/3281/238 1477/3275/238 1481/3284/239
f 1488/3310/240 1487/3306/241 1483/3292/242 1484/3297/243
f 1483/3293/244 1479/3280/245 1480/3282/245 1484/3298/246
f 1485/3301/247 1481/3285/248 1482/3288/249 1486/3303/250
f 1483/3294/251 1487/3307/252 1486/3304/253 1482/3289/254
f 1481/3286/255 1477/3276/256 1478/3278/256 1482/3290/257
