# Blender 3.4.0
# www.blender.org
mtllib panel_etx_2_1.mtl
o panel_etx_2_1_button_child_1
v -0.305400 0.012463 0.186627
v -0.348600 0.012463 0.186627
v -0.305400 -0.002592 0.163826
v -0.348600 -0.002592 0.163826
v -0.305400 0.079227 0.168737
v -0.348600 0.079227 0.168737
v -0.305400 0.080864 0.141464
v -0.348600 0.080864 0.141464
v -0.305400 0.039136 0.152645
v -0.348600 0.039136 0.152645
v -0.305400 0.043609 0.169337
v -0.348600 0.043609 0.169337
vn -0.0000 -0.8345 0.5510
vn -0.0000 0.9982 0.0599
vn -0.0000 0.4854 0.8743
vn 1.0000 -0.0000 -0.0000
vn -1.0000 -0.0000 -0.0000
vn -0.0000 0.0168 0.9999
vt 0.087891 0.359375
vt 0.121094 0.361328
vt 0.091720 0.357214
vt 0.087891 0.339844
vt 0.121094 0.341797
vt 0.091716 0.357135
vt 0.099609 0.359375
vt 0.087776 0.346288
vt 0.099609 0.339844
vt 0.087778 0.346319
vt 0.087891 0.359375
vt 0.123801 0.357214
vt 0.136719 0.361328
vt 0.087891 0.339844
vt 0.123805 0.357135
vt 0.136719 0.341797
vt 0.099609 0.359375
vt 0.127745 0.346288
vt 0.099609 0.339844
vt 0.127743 0.346319
vt 0.107778 0.346322
vt 0.107741 0.346356
vt 0.136719 0.361328
vt 0.107733 0.353457
vt 0.121094 0.361328
vt 0.136719 0.341797
vt 0.107791 0.353404
vt 0.121094 0.341797
s 0
usemtl electronics_etx_part_1
f 1/1/1 2/4/1 4/9/1 3/7/1
f 7/17/2 8/19/2 6/14/2 5/11/2
f 11/23/3 12/26/3 2/5/3 1/2/3
f 9/21/4 7/18/4 5/12/4 11/24/4
f 10/22/5 4/10/5 2/6/5 12/27/5
f 8/20/5 10/22/5 12/27/5 6/15/5
f 3/8/4 9/21/4 11/24/4 1/3/4
f 5/13/6 6/16/6 12/28/6 11/25/6
o panel_etx_2_1
v 0.084200 -0.009400 0.160000
v 0.141800 0.091400 0.160000
v 0.084200 0.091400 0.160000
v 0.136040 -0.003640 0.166800
v 0.089960 -0.003640 0.166800
v 0.141800 -0.009400 0.160000
v 0.136040 0.085640 0.166800
v 0.089960 0.085640 0.166800
v 0.141800 -0.009400 0.166800
v 0.084200 -0.009400 0.166800
v 0.084200 0.091400 0.166800
v 0.141800 0.091400 0.166800
v 0.136040 -0.003640 0.152400
v 0.089960 -0.003640 0.152400
v 0.089960 0.085640 0.152400
v 0.136040 0.085640 0.152400
v -0.181000 0.183000 0.140000
v 0.185000 0.183000 0.140000
v -0.220000 0.300000 0.000000
v 0.220000 0.300000 0.000000
v -0.172455 0.268473 0.145047
v -0.178690 0.276582 0.145047
v -0.173779 0.258330 0.145047
v -0.188833 0.277907 0.145047
v -0.196942 0.271671 0.145047
v -0.198267 0.261528 0.145047
v -0.181888 0.252095 0.145047
v -0.192031 0.253419 0.145047
v -0.172455 0.268473 0.139701
v -0.178690 0.276582 0.139701
v -0.173779 0.258330 0.139701
v -0.188833 0.277907 0.139701
v -0.196942 0.271671 0.139701
v -0.181888 0.252095 0.139701
v -0.198267 0.261528 0.139701
v -0.192031 0.253419 0.139701
v 0.184364 0.277113 0.145047
v 0.177453 0.269572 0.145047
v 0.194583 0.277560 0.145047
v 0.177899 0.259352 0.145047
v 0.185441 0.252442 0.145047
v 0.195660 0.252888 0.145047
v 0.202125 0.270649 0.145047
v 0.202571 0.260430 0.145047
v 0.184364 0.277113 0.139701
v 0.177453 0.269572 0.139701
v 0.194583 0.277560 0.139701
v 0.177899 0.259352 0.139701
v 0.185441 0.252442 0.139701
v 0.202125 0.270649 0.139701
v 0.195660 0.252888 0.139701
v 0.202571 0.260430 0.139701
v 0.178756 -0.190995 0.125047
v 0.178555 -0.201222 0.125047
v 0.186131 -0.183906 0.125047
v 0.185644 -0.208596 0.125047
v 0.195871 -0.208798 0.125047
v 0.203245 -0.201709 0.125047
v 0.196358 -0.184107 0.125047
v 0.203447 -0.191481 0.125047
v 0.178756 -0.190995 0.119701
v 0.178555 -0.201222 0.119701
v 0.186131 -0.183906 0.119701
v 0.185644 -0.208596 0.119701
v 0.195871 -0.208798 0.119701
v 0.196358 -0.184107 0.119701
v 0.203245 -0.201709 0.119701
v 0.203447 -0.191481 0.119701
v -0.175537 -0.191746 0.125047
v -0.182256 -0.184032 0.125047
v -0.176240 -0.201950 0.125047
v -0.192461 -0.183329 0.125047
v -0.200174 -0.190048 0.125047
v -0.200877 -0.200253 0.125047
v -0.183953 -0.208669 0.125047
v -0.194158 -0.207966 0.125047
v -0.175537 -0.191746 0.119701
v -0.182256 -0.184032 0.119701
v -0.176240 -0.201950 0.119701
v -0.192461 -0.183329 0.119701
v -0.200174 -0.190048 0.119701
v -0.183953 -0.208669 0.119701
v -0.200877 -0.200253 0.119701
v -0.194158 -0.207966 0.119701
v -0.181000 -0.037000 0.160000
v -0.181000 0.183000 0.160000
v 0.185000 0.183000 0.160000
v -0.220000 -0.300000 0.120000
v 0.220000 -0.300000 0.120000
v -0.220000 -0.140000 0.120000
v 0.220000 -0.140000 0.120000
v -0.181000 -0.037000 0.140000
v 0.185000 -0.037000 0.140000
v 0.185000 -0.037000 0.160000
v -0.195629 -0.097668 0.145047
v -0.198671 -0.107435 0.145047
v -0.186573 -0.092913 0.145047
v -0.193915 -0.116492 0.145047
v -0.184149 -0.119533 0.145047
v -0.175092 -0.114777 0.145047
v -0.176806 -0.095954 0.145047
v -0.172051 -0.105011 0.145047
v -0.195629 -0.097668 0.139701
v -0.198670 -0.107435 0.139701
v -0.186573 -0.092913 0.139701
v -0.193915 -0.116492 0.139701
v -0.184149 -0.119533 0.139701
v -0.176806 -0.095954 0.139701
v -0.175092 -0.114777 0.139701
v -0.172051 -0.105011 0.139701
v 0.196359 -0.095525 0.145047
v 0.186391 -0.093228 0.145047
v 0.201783 -0.104197 0.145047
v 0.177719 -0.098653 0.145047
v 0.175422 -0.108621 0.145047
v 0.180846 -0.117293 0.145047
v 0.199487 -0.114165 0.145047
v 0.190814 -0.119590 0.145047
v 0.196359 -0.095525 0.139701
v 0.186391 -0.093228 0.139701
v 0.201783 -0.104197 0.139701
v 0.177719 -0.098653 0.139701
v 0.175422 -0.108621 0.139701
v 0.199487 -0.114165 0.139701
v 0.180846 -0.117293 0.139701
v 0.190814 -0.119590 0.139701
v 0.089960 -0.003640 0.160000
v 0.089960 0.085640 0.160000
v 0.136040 0.085640 0.160000
v 0.136040 -0.003640 0.160000
v -0.355800 -0.009400 0.160000
v -0.298200 0.091400 0.160000
v -0.355800 0.091400 0.160000
v -0.303960 -0.003640 0.166800
v -0.350040 -0.003640 0.166800
v -0.298200 -0.009400 0.160000
v -0.303960 0.085640 0.166800
v -0.350040 0.085640 0.166800
v -0.298200 -0.009400 0.166800
v -0.355800 -0.009400 0.166800
v -0.355800 0.091400 0.166800
v -0.298200 0.091400 0.166800
v -0.303960 -0.003640 0.152400
v -0.350040 -0.003640 0.152400
v -0.350040 0.085640 0.152400
v -0.303960 0.085640 0.152400
v -0.621000 0.183000 0.140000
v -0.255000 0.183000 0.140000
v -0.660000 0.300000 0.000000
v -0.220000 -0.140000 0.000000
v -0.612455 0.268473 0.145047
v -0.618690 0.276582 0.145047
v -0.613779 0.258330 0.145047
v -0.628833 0.277907 0.145047
v -0.636942 0.271671 0.145047
v -0.638267 0.261528 0.145047
v -0.621888 0.252095 0.145047
v -0.632031 0.253419 0.145047
v -0.612455 0.268473 0.139701
v -0.618690 0.276582 0.139701
v -0.613779 0.258330 0.139701
v -0.628833 0.277907 0.139701
v -0.636942 0.271671 0.139701
v -0.621888 0.252095 0.139701
v -0.638267 0.261528 0.139701
v -0.632031 0.253419 0.139701
v -0.255636 0.277113 0.145047
v -0.262547 0.269572 0.145047
v -0.245417 0.277560 0.145047
v -0.262101 0.259352 0.145047
v -0.254559 0.252442 0.145047
v -0.244340 0.252888 0.145047
v -0.237875 0.270649 0.145047
v -0.237429 0.260430 0.145047
v -0.255636 0.277113 0.139701
v -0.262547 0.269572 0.139701
v -0.245417 0.277560 0.139701
v -0.262101 0.259352 0.139701
v -0.254559 0.252442 0.139701
v -0.237875 0.270649 0.139701
v -0.244340 0.252888 0.139701
v -0.237429 0.260430 0.139701
v -0.261378 -0.190995 0.125047
v -0.261580 -0.201222 0.125047
v -0.254004 -0.183906 0.125047
v -0.254490 -0.208596 0.125047
v -0.244263 -0.208798 0.125047
v -0.236889 -0.201709 0.125047
v -0.243777 -0.184107 0.125047
v -0.236687 -0.191481 0.125047
v -0.261378 -0.190995 0.119701
v -0.261580 -0.201222 0.119701
v -0.254004 -0.183906 0.119701
v -0.254490 -0.208596 0.119701
v -0.244263 -0.208798 0.119701
v -0.243777 -0.184107 0.119701
v -0.236889 -0.201709 0.119701
v -0.236687 -0.191481 0.119701
v -0.615537 -0.191746 0.125047
v -0.622256 -0.184032 0.125047
v -0.616240 -0.201950 0.125047
v -0.632461 -0.183329 0.125047
v -0.640174 -0.190048 0.125047
v -0.640877 -0.200253 0.125047
v -0.623953 -0.208669 0.125047
v -0.634158 -0.207966 0.125047
v -0.615537 -0.191746 0.119701
v -0.622256 -0.184032 0.119701
v -0.616240 -0.201950 0.119701
v -0.632461 -0.183329 0.119701
v -0.640174 -0.190048 0.119701
v -0.623953 -0.208669 0.119701
v -0.640877 -0.200253 0.119701
v -0.634158 -0.207966 0.119701
v -0.660000 -0.140000 0.140000
v -0.660000 0.300000 0.140000
v -0.220000 -0.140000 0.140000
v -0.220000 0.300000 0.140000
v -0.621000 -0.037000 0.160000
v -0.621000 0.183000 0.160000
v -0.255000 0.183000 0.160000
v -0.660000 -0.300000 0.120000
v -0.660000 -0.300000 0.000000
v -0.220000 -0.300000 0.000000
v -0.660000 -0.140000 0.120000
v -0.621000 -0.037000 0.140000
v -0.255000 -0.037000 0.140000
v -0.255000 -0.037000 0.160000
v -0.635629 -0.097668 0.145047
v -0.638671 -0.107435 0.145047
v -0.626573 -0.092913 0.145047
v -0.633915 -0.116492 0.145047
v -0.624149 -0.119533 0.145047
v -0.615092 -0.114777 0.145047
v -0.616806 -0.095954 0.145047
v -0.612051 -0.105011 0.145047
v -0.635629 -0.097668 0.139701
v -0.638671 -0.107435 0.139701
v -0.626573 -0.092913 0.139701
v -0.633915 -0.116492 0.139701
v -0.624149 -0.119533 0.139701
v -0.616806 -0.095954 0.139701
v -0.615092 -0.114777 0.139701
v -0.612051 -0.105011 0.139701
v -0.243641 -0.095525 0.145047
v -0.253609 -0.093228 0.145047
v -0.238217 -0.104197 0.145047
v -0.262282 -0.098653 0.145047
v -0.264578 -0.108621 0.145047
v -0.259154 -0.117293 0.145047
v -0.240513 -0.114165 0.145047
v -0.249186 -0.119590 0.145047
v -0.243641 -0.095525 0.139701
v -0.253609 -0.093228 0.139701
v -0.238217 -0.104197 0.139701
v -0.262282 -0.098653 0.139701
v -0.264578 -0.108621 0.139701
v -0.240513 -0.114165 0.139701
v -0.259154 -0.117293 0.139701
v -0.249186 -0.119590 0.139701
v -0.350040 -0.003640 0.160000
v -0.350040 0.085640 0.160000
v -0.303960 0.085640 0.160000
v -0.303960 -0.003640 0.160000
v 0.524200 -0.009400 0.160000
v 0.581800 0.091400 0.160000
v 0.524200 0.091400 0.160000
v 0.576040 -0.003640 0.166800
v 0.529960 -0.003640 0.166800
v 0.581800 -0.009400 0.160000
v 0.576040 0.085640 0.166800
v 0.529960 0.085640 0.166800
v 0.581800 -0.009400 0.166800
v 0.524200 -0.009400 0.166800
v 0.524200 0.091400 0.166800
v 0.581800 0.091400 0.166800
v 0.576040 -0.003640 0.152400
v 0.529960 -0.003640 0.152400
v 0.529960 0.085640 0.152400
v 0.576040 0.085640 0.152400
v 0.259000 0.183000 0.140000
v 0.625000 0.183000 0.140000
v 0.660000 0.300000 0.000000
v 0.267545 0.268473 0.145047
v 0.261310 0.276582 0.145047
v 0.266221 0.258330 0.145047
v 0.251167 0.277907 0.145047
v 0.243058 0.271671 0.145047
v 0.241733 0.261528 0.145047
v 0.258112 0.252095 0.145047
v 0.247969 0.253419 0.145047
v 0.267545 0.268473 0.139701
v 0.261310 0.276582 0.139701
v 0.266221 0.258330 0.139701
v 0.251167 0.277907 0.139701
v 0.243058 0.271671 0.139701
v 0.258112 0.252095 0.139701
v 0.241733 0.261528 0.139701
v 0.247969 0.253419 0.139701
v 0.624364 0.277113 0.145047
v 0.617453 0.269572 0.145047
v 0.634583 0.277560 0.145047
v 0.617899 0.259352 0.145047
v 0.625441 0.252442 0.145047
v 0.635660 0.252888 0.145047
v 0.642125 0.270649 0.145047
v 0.642571 0.260430 0.145047
v 0.624364 0.277113 0.139701
v 0.617453 0.269572 0.139701
v 0.634583 0.277560 0.139701
v 0.617899 0.259352 0.139701
v 0.625441 0.252442 0.139701
v 0.642125 0.270649 0.139701
v 0.635660 0.252888 0.139701
v 0.642571 0.260430 0.139701
v 0.618756 -0.190995 0.125047
v 0.618554 -0.201222 0.125047
v 0.626130 -0.183906 0.125047
v 0.625644 -0.208596 0.125047
v 0.635871 -0.208798 0.125047
v 0.643245 -0.201709 0.125047
v 0.636357 -0.184107 0.125047
v 0.643447 -0.191481 0.125047
v 0.618756 -0.190995 0.119701
v 0.618554 -0.201222 0.119701
v 0.626130 -0.183906 0.119701
v 0.625644 -0.208596 0.119701
v 0.635871 -0.208798 0.119701
v 0.636357 -0.184107 0.119701
v 0.643245 -0.201709 0.119701
v 0.643447 -0.191481 0.119701
v 0.264463 -0.191746 0.125047
v 0.257744 -0.184032 0.125047
v 0.263760 -0.201950 0.125047
v 0.247539 -0.183329 0.125047
v 0.239826 -0.190048 0.125047
v 0.239123 -0.200253 0.125047
v 0.256047 -0.208669 0.125047
v 0.245842 -0.207966 0.125047
v 0.264463 -0.191746 0.119701
v 0.257744 -0.184032 0.119701
v 0.263760 -0.201950 0.119701
v 0.247539 -0.183329 0.119701
v 0.239826 -0.190048 0.119701
v 0.256047 -0.208669 0.119701
v 0.239123 -0.200253 0.119701
v 0.245842 -0.207966 0.119701
v 0.220000 -0.140000 0.140000
v 0.220000 0.300000 0.140000
v 0.660000 -0.140000 0.140000
v 0.660000 0.300000 0.140000
v 0.259000 -0.037000 0.160000
v 0.259000 0.183000 0.160000
v 0.625000 0.183000 0.160000
v 0.660000 -0.300000 0.120000
v 0.220000 -0.300000 0.000000
v 0.660000 -0.300000 0.000000
v 0.660000 -0.140000 0.120000
v 0.259000 -0.037000 0.140000
v 0.625000 -0.037000 0.140000
v 0.625000 -0.037000 0.160000
v 0.244371 -0.097668 0.145047
v 0.241329 -0.107435 0.145047
v 0.253427 -0.092913 0.145047
v 0.246085 -0.116492 0.145047
v 0.255851 -0.119533 0.145047
v 0.264908 -0.114777 0.145047
v 0.263194 -0.095954 0.145047
v 0.267949 -0.105011 0.145047
v 0.244371 -0.097668 0.139701
v 0.241329 -0.107435 0.139701
v 0.253427 -0.092913 0.139701
v 0.246085 -0.116492 0.139701
v 0.255851 -0.119533 0.139701
v 0.263194 -0.095954 0.139701
v 0.264908 -0.114777 0.139701
v 0.267949 -0.105011 0.139701
v 0.636359 -0.095525 0.145047
v 0.626391 -0.093228 0.145047
v 0.641783 -0.104197 0.145047
v 0.617718 -0.098653 0.145047
v 0.615422 -0.108621 0.145047
v 0.620846 -0.117293 0.145047
v 0.639486 -0.114165 0.145047
v 0.630814 -0.119590 0.145047
v 0.636359 -0.095525 0.139701
v 0.626391 -0.093228 0.139701
v 0.641783 -0.104197 0.139701
v 0.617718 -0.098653 0.139701
v 0.615422 -0.108621 0.139701
v 0.639486 -0.114165 0.139701
v 0.620846 -0.117293 0.139701
v 0.630814 -0.119590 0.139701
v 0.529960 -0.003640 0.160000
v 0.529960 0.085640 0.160000
v 0.576040 0.085640 0.160000
v 0.576040 -0.003640 0.160000
v -0.453261 -0.076640 0.140573
v -0.455607 -0.067885 0.140573
v -0.462016 -0.061475 0.140573
v -0.470772 -0.059129 0.140573
v -0.479527 -0.061475 0.140573
v -0.485936 -0.067885 0.140573
v -0.488282 -0.076640 0.140573
v -0.485936 -0.085395 0.140573
v -0.479527 -0.091805 0.140573
v -0.470772 -0.094151 0.140573
v -0.462016 -0.091805 0.140573
v -0.455607 -0.085395 0.140573
v -0.453261 -0.076640 0.146174
v -0.455607 -0.067885 0.146174
v -0.462016 -0.061475 0.146174
v -0.470772 -0.059129 0.146174
v -0.479527 -0.061475 0.146174
v -0.485936 -0.067885 0.146174
v -0.488282 -0.076640 0.146174
v -0.485936 -0.085395 0.146174
v -0.479527 -0.091805 0.146174
v -0.470772 -0.094151 0.146174
v -0.462016 -0.091805 0.146174
v -0.455607 -0.085395 0.146174
v -0.457595 -0.076640 0.146174
v -0.470772 -0.063464 0.146174
v -0.483948 -0.076640 0.146174
v -0.470772 -0.089816 0.146174
v -0.457595 -0.076640 0.152663
v -0.470772 -0.063464 0.152663
v -0.483948 -0.076640 0.152663
v -0.470772 -0.089816 0.152663
v -0.461772 -0.067640 0.146174
v -0.479771 -0.067640 0.146174
v -0.479771 -0.085640 0.146174
v -0.461772 -0.085640 0.146174
v -0.461772 -0.067640 0.152663
v -0.479771 -0.067640 0.152663
v -0.479771 -0.085640 0.152663
v -0.461772 -0.085640 0.152663
v -0.390716 -0.076640 0.140573
v -0.393062 -0.067885 0.140573
v -0.399471 -0.061475 0.140573
v -0.408227 -0.059129 0.140573
v -0.416982 -0.061475 0.140573
v -0.423392 -0.067885 0.140573
v -0.425738 -0.076640 0.140573
v -0.423392 -0.085395 0.140573
v -0.416982 -0.091805 0.140573
v -0.408227 -0.094151 0.140573
v -0.399471 -0.091805 0.140573
v -0.393062 -0.085395 0.140573
v -0.390716 -0.076640 0.146174
v -0.393062 -0.067885 0.146174
v -0.399471 -0.061475 0.146174
v -0.408227 -0.059129 0.146174
v -0.416982 -0.061475 0.146174
v -0.423392 -0.067885 0.146174
v -0.425738 -0.076640 0.146174
v -0.423392 -0.085395 0.146174
v -0.416982 -0.091805 0.146174
v -0.408227 -0.094151 0.146174
v -0.399471 -0.091805 0.146174
v -0.393062 -0.085395 0.146174
v -0.395050 -0.076640 0.146174
v -0.408227 -0.063464 0.146174
v -0.421403 -0.076640 0.146174
v -0.408227 -0.089816 0.146174
v -0.395050 -0.076640 0.152663
v -0.408227 -0.063464 0.152663
v -0.421403 -0.076640 0.152663
v -0.408227 -0.089816 0.152663
v -0.399227 -0.067640 0.146174
v -0.417226 -0.067640 0.146174
v -0.417226 -0.085640 0.146174
v -0.399227 -0.085640 0.146174
v -0.399227 -0.067640 0.152663
v -0.417226 -0.067640 0.152663
v -0.417226 -0.085640 0.152663
v -0.399227 -0.085640 0.152663
v -0.013261 -0.076640 0.140573
v -0.015607 -0.067885 0.140573
v -0.022016 -0.061475 0.140573
v -0.030772 -0.059129 0.140573
v -0.039527 -0.061475 0.140573
v -0.045936 -0.067885 0.140573
v -0.048282 -0.076640 0.140573
v -0.045936 -0.085395 0.140573
v -0.039527 -0.091805 0.140573
v -0.030772 -0.094151 0.140573
v -0.022016 -0.091805 0.140573
v -0.015607 -0.085395 0.140573
v -0.013261 -0.076640 0.146174
v -0.015607 -0.067885 0.146174
v -0.022016 -0.061475 0.146174
v -0.030772 -0.059129 0.146174
v -0.039527 -0.061475 0.146174
v -0.045936 -0.067885 0.146174
v -0.048282 -0.076640 0.146174
v -0.045936 -0.085395 0.146174
v -0.039527 -0.091805 0.146174
v -0.030772 -0.094151 0.146174
v -0.022016 -0.091805 0.146174
v -0.015607 -0.085395 0.146174
v -0.017595 -0.076640 0.146174
v -0.030772 -0.063464 0.146174
v -0.043948 -0.076640 0.146174
v -0.030772 -0.089816 0.146174
v -0.017595 -0.076640 0.152663
v -0.030772 -0.063464 0.152663
v -0.043948 -0.076640 0.152663
v -0.030772 -0.089816 0.152663
v -0.021772 -0.067640 0.146174
v -0.039771 -0.067640 0.146174
v -0.039771 -0.085640 0.146174
v -0.021772 -0.085640 0.146174
v -0.021772 -0.067640 0.152663
v -0.039771 -0.067640 0.152663
v -0.039771 -0.085640 0.152663
v -0.021772 -0.085640 0.152663
v 0.049284 -0.076640 0.140573
v 0.046938 -0.067885 0.140573
v 0.040529 -0.061475 0.140573
v 0.031773 -0.059129 0.140573
v 0.023018 -0.061475 0.140573
v 0.016609 -0.067885 0.140573
v 0.014263 -0.076640 0.140573
v 0.016609 -0.085395 0.140573
v 0.023018 -0.091805 0.140573
v 0.031773 -0.094151 0.140573
v 0.040529 -0.091805 0.140573
v 0.046938 -0.085395 0.140573
v 0.049284 -0.076640 0.146174
v 0.046938 -0.067885 0.146174
v 0.040529 -0.061475 0.146174
v 0.031773 -0.059129 0.146174
v 0.023018 -0.061475 0.146174
v 0.016609 -0.067885 0.146174
v 0.014263 -0.076640 0.146174
v 0.016609 -0.085395 0.146174
v 0.023018 -0.091805 0.146174
v 0.031773 -0.094151 0.146174
v 0.040529 -0.091805 0.146174
v 0.046938 -0.085395 0.146174
v 0.044950 -0.076640 0.146174
v 0.031773 -0.063464 0.146174
v 0.018597 -0.076640 0.146174
v 0.031773 -0.089816 0.146174
v 0.044950 -0.076640 0.152663
v 0.031773 -0.063464 0.152663
v 0.018597 -0.076640 0.152663
v 0.031773 -0.089816 0.152663
v 0.040773 -0.067640 0.146174
v 0.022774 -0.067640 0.146174
v 0.022774 -0.085640 0.146174
v 0.040773 -0.085640 0.146174
v 0.040773 -0.067640 0.152663
v 0.022774 -0.067640 0.152663
v 0.022774 -0.085640 0.152663
v 0.040773 -0.085640 0.152663
v 0.426739 -0.076640 0.140573
v 0.424393 -0.067885 0.140573
v 0.417984 -0.061475 0.140573
v 0.409228 -0.059129 0.140573
v 0.400473 -0.061475 0.140573
v 0.394064 -0.067885 0.140573
v 0.391718 -0.076640 0.140573
v 0.394064 -0.085395 0.140573
v 0.400473 -0.091805 0.140573
v 0.409228 -0.094151 0.140573
v 0.417984 -0.091805 0.140573
v 0.424393 -0.085395 0.140573
v 0.426739 -0.076640 0.146174
v 0.424393 -0.067885 0.146174
v 0.417984 -0.061475 0.146174
v 0.409228 -0.059129 0.146174
v 0.400473 -0.061475 0.146174
v 0.394064 -0.067885 0.146174
v 0.391718 -0.076640 0.146174
v 0.394064 -0.085395 0.146174
v 0.400473 -0.091805 0.146174
v 0.409228 -0.094151 0.146174
v 0.417984 -0.091805 0.146174
v 0.424393 -0.085395 0.146174
v 0.422405 -0.076640 0.146174
v 0.409228 -0.063464 0.146174
v 0.396052 -0.076640 0.146174
v 0.409228 -0.089816 0.146174
v 0.422405 -0.076640 0.152663
v 0.409228 -0.063464 0.152663
v 0.396052 -0.076640 0.152663
v 0.409228 -0.089816 0.152663
v 0.418228 -0.067640 0.146174
v 0.400229 -0.067640 0.146174
v 0.400229 -0.085640 0.146174
v 0.418228 -0.085640 0.146174
v 0.418228 -0.067640 0.152663
v 0.400229 -0.067640 0.152663
v 0.400229 -0.085640 0.152663
v 0.418228 -0.085640 0.152663
v 0.489284 -0.076640 0.140573
v 0.486938 -0.067885 0.140573
v 0.480529 -0.061475 0.140573
v 0.471773 -0.059129 0.140573
v 0.463018 -0.061475 0.140573
v 0.456609 -0.067885 0.140573
v 0.454263 -0.076640 0.140573
v 0.456609 -0.085395 0.140573
v 0.463018 -0.091805 0.140573
v 0.471773 -0.094151 0.140573
v 0.480529 -0.091805 0.140573
v 0.486938 -0.085395 0.140573
v 0.489284 -0.076640 0.146174
v 0.486938 -0.067885 0.146174
v 0.480529 -0.061475 0.146174
v 0.471773 -0.059129 0.146174
v 0.463018 -0.061475 0.146174
v 0.456609 -0.067885 0.146174
v 0.454263 -0.076640 0.146174
v 0.456609 -0.085395 0.146174
v 0.463018 -0.091805 0.146174
v 0.471773 -0.094151 0.146174
v 0.480529 -0.091805 0.146174
v 0.486938 -0.085395 0.146174
v 0.484950 -0.076640 0.146174
v 0.471773 -0.063464 0.146174
v 0.458597 -0.076640 0.146174
v 0.471773 -0.089816 0.146174
v 0.484950 -0.076640 0.152663
v 0.471773 -0.063464 0.152663
v 0.458597 -0.076640 0.152663
v 0.471773 -0.089816 0.152663
v 0.480773 -0.067640 0.146174
v 0.462774 -0.067640 0.146174
v 0.462774 -0.085640 0.146174
v 0.480773 -0.085640 0.146174
v 0.480773 -0.067640 0.152663
v 0.462774 -0.067640 0.152663
v 0.462774 -0.085640 0.152663
v 0.480773 -0.085640 0.152663
v -0.053789 -0.220000 0.148000
v -0.046583 -0.246894 0.148000
v -0.026895 -0.266582 0.148000
v -0.026895 -0.173418 0.148000
v -0.046583 -0.193106 0.148000
v -0.060000 -0.220000 0.120000
v -0.030000 -0.271962 0.120000
v -0.051962 -0.250000 0.120000
v -0.051962 -0.190000 0.120000
v -0.030000 -0.168039 0.120000
v -0.000000 -0.273788 0.148000
v 0.053788 -0.220000 0.148000
v 0.026894 -0.266582 0.148000
v 0.046582 -0.246894 0.148000
v -0.000000 -0.166212 0.148000
v 0.046582 -0.193106 0.148000
v 0.026894 -0.173418 0.148000
v -0.000000 -0.280000 0.120000
v 0.051961 -0.250000 0.120000
v 0.030000 -0.271962 0.120000
v -0.000000 -0.160000 0.120000
v 0.060000 -0.220000 0.120000
v 0.030000 -0.168039 0.120000
v 0.051961 -0.190000 0.120000
v 0.051961 -0.190000 0.148000
v 0.060000 -0.220000 0.148000
v -0.060000 -0.220000 0.148000
v -0.051962 -0.190000 0.148000
v -0.000000 -0.280000 0.148000
v -0.030000 -0.271962 0.148000
v -0.030000 -0.168039 0.148000
v -0.000000 -0.160000 0.148000
v -0.051962 -0.250000 0.148000
v 0.030000 -0.271962 0.148000
v 0.051961 -0.250000 0.148000
v 0.030000 -0.168039 0.148000
v 0.046582 -0.193106 0.136000
v 0.053788 -0.220000 0.136000
v -0.053789 -0.220000 0.136000
v -0.046583 -0.193106 0.136000
v -0.000000 -0.273788 0.136000
v -0.026895 -0.266582 0.136000
v -0.026895 -0.173418 0.136000
v -0.046583 -0.246894 0.136000
v 0.026894 -0.266582 0.136000
v 0.046582 -0.246894 0.136000
v 0.026894 -0.173418 0.136000
v -0.000001 -0.166212 0.136000
v 0.076969 -0.220000 0.142400
v 0.082734 -0.241515 0.142400
v 0.098484 -0.257266 0.142400
v 0.098484 -0.182734 0.142400
v 0.082734 -0.198485 0.142400
v 0.072000 -0.220000 0.120000
v 0.096000 -0.261569 0.120000
v 0.078431 -0.244000 0.120000
v 0.078431 -0.196000 0.120000
v 0.096000 -0.178431 0.120000
v 0.120000 -0.263031 0.142400
v 0.163030 -0.220000 0.142400
v 0.141515 -0.257266 0.142400
v 0.157265 -0.241515 0.142400
v 0.120000 -0.176969 0.142400
v 0.157265 -0.198485 0.142400
v 0.141515 -0.182734 0.142400
v 0.120000 -0.268000 0.120000
v 0.161569 -0.244000 0.120000
v 0.144000 -0.261569 0.120000
v 0.120000 -0.172000 0.120000
v 0.168000 -0.220000 0.120000
v 0.144000 -0.178431 0.120000
v 0.161569 -0.196000 0.120000
v 0.161569 -0.196000 0.142400
v 0.168000 -0.220000 0.142400
v 0.072000 -0.220000 0.142400
v 0.078431 -0.196000 0.142400
v 0.120000 -0.268000 0.142400
v 0.096000 -0.261569 0.142400
v 0.096000 -0.178431 0.142400
v 0.120000 -0.172000 0.142400
v 0.078431 -0.244000 0.142400
v 0.144000 -0.261569 0.142400
v 0.161569 -0.244000 0.142400
v 0.144000 -0.178431 0.142400
v 0.157265 -0.198485 0.132800
v 0.163030 -0.220000 0.132800
v 0.076969 -0.220000 0.132800
v 0.082734 -0.198485 0.132800
v 0.120000 -0.263031 0.132800
v 0.098484 -0.257266 0.132800
v 0.098484 -0.182734 0.132800
v 0.082734 -0.241515 0.132800
v 0.141515 -0.257266 0.132800
v 0.157265 -0.241515 0.132800
v 0.141515 -0.182734 0.132800
v 0.120000 -0.176969 0.132800
v -0.163031 -0.220000 0.142400
v -0.157266 -0.241515 0.142400
v -0.141516 -0.257266 0.142400
v -0.141516 -0.182734 0.142400
v -0.157266 -0.198485 0.142400
v -0.168000 -0.220000 0.120000
v -0.144000 -0.261569 0.120000
v -0.161569 -0.244000 0.120000
v -0.161569 -0.196000 0.120000
v -0.144000 -0.178431 0.120000
v -0.120000 -0.263031 0.142400
v -0.076970 -0.220000 0.142400
v -0.098485 -0.257266 0.142400
v -0.082735 -0.241515 0.142400
v -0.120000 -0.176969 0.142400
v -0.082735 -0.198485 0.142400
v -0.098485 -0.182734 0.142400
v -0.120000 -0.268000 0.120000
v -0.078431 -0.244000 0.120000
v -0.096000 -0.261569 0.120000
v -0.120000 -0.172000 0.120000
v -0.072000 -0.220000 0.120000
v -0.096000 -0.178431 0.120000
v -0.078431 -0.196000 0.120000
v -0.078431 -0.196000 0.142400
v -0.072000 -0.220000 0.142400
v -0.168000 -0.220000 0.142400
v -0.161569 -0.196000 0.142400
v -0.120000 -0.268000 0.142400
v -0.144000 -0.261569 0.142400
v -0.144000 -0.178431 0.142400
v -0.120000 -0.172000 0.142400
v -0.161569 -0.244000 0.142400
v -0.096000 -0.261569 0.142400
v -0.078431 -0.244000 0.142400
v -0.096000 -0.178431 0.142400
v -0.082735 -0.198485 0.132800
v -0.076970 -0.220000 0.132800
v -0.163031 -0.220000 0.132800
v -0.157266 -0.198485 0.132800
v -0.120000 -0.263031 0.132800
v -0.141516 -0.257266 0.132800
v -0.141516 -0.182734 0.132800
v -0.157266 -0.241515 0.132800
v -0.098485 -0.257266 0.132800
v -0.082735 -0.241515 0.132800
v -0.098485 -0.182734 0.132800
v -0.120000 -0.176969 0.132800
vn -0.0000 -1.0000 -0.0000
vn -0.0000 1.0000 -0.0000
vn -1.0000 -0.0000 -0.0000
vn 1.0000 -0.0000 -0.0000
vn -0.0000 -0.0000 1.0000
vn 0.6728 -0.3875 0.6303
vn 0.7497 0.2017 0.6303
vn 0.3875 0.6728 0.6303
vn -0.2017 0.7497 0.6303
vn -0.6728 0.3875 0.6303
vn -0.7497 -0.2017 0.6303
vn -0.3875 -0.6728 0.6303
vn 0.2017 -0.7497 0.6303
vn 0.2598 -0.9657 -0.0000
vn -0.4991 -0.8665 -0.0000
vn -0.9657 -0.2598 -0.0000
vn 0.8665 -0.4991 -0.0000
vn 0.9657 0.2598 -0.0000
vn -0.8665 0.4991 -0.0000
vn -0.2598 0.9657 -0.0000
vn 0.4991 0.8665 -0.0000
vn 0.2655 0.7296 0.6303
vn -0.3281 0.7036 0.6303
vn -0.7296 0.2655 0.6303
vn -0.7036 -0.3281 0.6303
vn -0.2655 -0.7296 0.6303
vn 0.3281 -0.7036 0.6303
vn 0.7296 -0.2655 0.6303
vn 0.7036 0.3281 0.6303
vn 0.9063 0.4226 -0.0000
vn 0.9397 -0.3420 -0.0000
vn 0.4226 -0.9063 -0.0000
vn 0.3420 0.9397 -0.0000
vn -0.4226 0.9063 -0.0000
vn -0.3420 -0.9397 -0.0000
vn -0.9063 -0.4226 -0.0000
vn -0.9397 0.3420 -0.0000
vn -0.2829 0.7230 0.6303
vn -0.7113 0.3112 0.6303
vn -0.7230 -0.2829 0.6303
vn -0.3112 -0.7113 0.6303
vn 0.2829 -0.7230 0.6303
vn 0.7113 -0.3112 0.6303
vn 0.7230 0.2829 0.6303
vn 0.3112 0.7113 0.6303
vn 0.4008 0.9162 -0.0000
vn 0.9312 0.3644 -0.0000
vn 0.9162 -0.4008 -0.0000
vn -0.3644 0.9312 -0.0000
vn -0.9162 0.4008 -0.0000
vn 0.3644 -0.9312 -0.0000
vn -0.4008 -0.9162 -0.0000
vn -0.9312 -0.3644 -0.0000
vn 0.6952 -0.3457 0.6303
vn 0.7360 0.2471 0.6303
vn 0.3457 0.6952 0.6303
vn -0.2471 0.7360 0.6303
vn -0.6952 0.3457 0.6303
vn -0.7360 -0.2471 0.6303
vn -0.3457 -0.6952 0.6303
vn 0.2471 -0.7360 0.6303
vn 0.3183 -0.9480 -0.0000
vn -0.4453 -0.8954 -0.0000
vn -0.9480 -0.3183 -0.0000
vn 0.8954 -0.4453 -0.0000
vn 0.9480 0.3183 -0.0000
vn -0.8954 0.4453 -0.0000
vn -0.3183 0.9480 -0.0000
vn 0.4453 0.8954 -0.0000
vn -0.0704 0.7732 0.6303
vn -0.5965 0.4969 0.6303
vn -0.7732 -0.0704 0.6303
vn -0.4969 -0.5965 0.6303
vn 0.0704 -0.7732 0.6303
vn 0.5965 -0.4969 0.6303
vn 0.7732 0.0704 0.6303
vn 0.4969 0.5965 0.6303
vn 0.6401 0.7683 -0.0000
vn 0.9959 0.0907 -0.0000
vn 0.7683 -0.6401 -0.0000
vn -0.0907 0.9959 -0.0000
vn -0.7683 0.6401 -0.0000
vn 0.0907 -0.9959 -0.0000
vn -0.6401 -0.7683 -0.0000
vn -0.9959 -0.0907 -0.0000
vn 0.7657 0.1285 0.6303
vn 0.4506 0.6323 0.6303
vn -0.1285 0.7657 0.6303
vn -0.6323 0.4506 0.6303
vn -0.7657 -0.1285 0.6303
vn -0.4506 -0.6323 0.6303
vn 0.1285 -0.7657 0.6303
vn 0.6323 -0.4506 0.6303
vn 0.8144 -0.5803 -0.0000
vn 0.1655 -0.9862 -0.0000
vn -0.5803 -0.8144 -0.0000
vn 0.9862 0.1655 -0.0000
vn 0.5803 0.8144 -0.0000
vn -0.9862 -0.1655 -0.0000
vn -0.8144 0.5803 -0.0000
vn -0.1655 0.9862 -0.0000
vn 0.8660 0.5000 -0.0000
vn -0.8660 0.5000 -0.0000
vn -0.5000 -0.8660 -0.0000
vn 0.5000 0.8660 -0.0000
vn 0.8660 -0.5000 -0.0000
vn -0.8660 -0.5000 -0.0000
vn 0.5000 -0.8660 -0.0000
vn -0.5000 0.8660 -0.0000
vn 0.7071 -0.7071 -0.0000
vn -0.7071 0.7071 -0.0000
vn -0.7071 -0.7071 -0.0000
vn 0.7071 0.7071 -0.0000
vt 0.171006 0.206992
vt 0.147197 0.193087
vt 0.171006 0.179564
vt 0.195197 0.193087
vt 0.171006 0.206992
vt 0.195197 0.193087
vt 0.149940 0.189849
vt 0.149940 0.182306
vt 0.167768 0.182306
vt 0.149940 0.204249
vt 0.167768 0.204249
vt 0.149940 0.189849
vt 0.171006 0.179564
vt 0.147197 0.193087
vt 0.192454 0.189849
vt 0.192454 0.182306
vt 0.167768 0.182306
vt 0.192454 0.204249
vt 0.192454 0.189849
vt 0.167768 0.204249
vt 0.167768 0.179564
vt 0.147197 0.189849
vt 0.147197 0.179564
vt 0.167768 0.206992
vt 0.147197 0.189849
vt 0.147197 0.206992
vt 0.167768 0.206992
vt 0.195197 0.189849
vt 0.195197 0.206992
vt 0.167768 0.179564
vt 0.195197 0.189849
vt 0.195197 0.179564
vt 0.149940 0.196706
vt 0.174625 0.182306
vt 0.150391 0.179688
vt 0.174625 0.204249
vt 0.149940 0.196706
vt 0.150391 0.203125
vt 0.192454 0.196706
vt 0.174625 0.204249
vt 0.193359 0.203125
vt 0.192454 0.196706
vt 0.174625 0.182306
vt 0.193359 0.179688
vt 0.519531 0.632812
vt 0.509797 0.941728
vt 0.552734 0.632812
vt 0.685547 0.632812
vt 0.693382 0.941728
vt 0.552734 0.632812
vt 0.490234 0.632813
vt 0.710938 0.632812
vt 0.539062 1.000000
vt 0.710937 0.632812
vt 0.490234 0.632812
vt 0.450919 0.220703
vt 0.453549 0.220703
vt 0.448705 0.215357
vt 0.453549 0.215357
vt 0.453549 0.226049
vt 0.448705 0.226049
vt 0.453549 0.226049
vt 0.443359 0.213143
vt 0.453549 0.220703
vt 0.438014 0.215357
vt 0.453549 0.215357
vt 0.435799 0.220703
vt 0.453549 0.220703
vt 0.443359 0.228263
vt 0.453549 0.220703
vt 0.438014 0.226049
vt 0.453549 0.215357
vt 0.453549 0.226049
vt 0.456573 0.220703
vt 0.456573 0.215357
vt 0.456573 0.226049
vt 0.456573 0.226049
vt 0.456573 0.220703
vt 0.456573 0.215357
vt 0.456573 0.220703
vt 0.456573 0.220703
vt 0.456573 0.215357
vt 0.456573 0.226049
vt 0.450919 0.220703
vt 0.453549 0.220703
vt 0.448705 0.215357
vt 0.453549 0.215357
vt 0.453549 0.226049
vt 0.448705 0.226049
vt 0.453549 0.226049
vt 0.443359 0.213143
vt 0.453549 0.220703
vt 0.438014 0.215357
vt 0.453549 0.215357
vt 0.435799 0.220703
vt 0.453549 0.220703
vt 0.443359 0.228263
vt 0.453549 0.220703
vt 0.438014 0.226049
vt 0.453549 0.215357
vt 0.453549 0.226049
vt 0.456573 0.220703
vt 0.456573 0.215357
vt 0.456573 0.226049
vt 0.456573 0.226049
vt 0.456573 0.220703
vt 0.456573 0.215357
vt 0.456573 0.220703
vt 0.456573 0.220703
vt 0.456573 0.215357
vt 0.456573 0.226049
vt 0.450919 0.220703
vt 0.453549 0.220703
vt 0.448705 0.215357
vt 0.453549 0.215357
vt 0.453549 0.226049
vt 0.448705 0.226049
vt 0.453549 0.226049
vt 0.443359 0.213143
vt 0.453549 0.220703
vt 0.438014 0.215357
vt 0.453549 0.215357
vt 0.435799 0.220703
vt 0.453549 0.220703
vt 0.443359 0.228263
vt 0.453549 0.220703
vt 0.438014 0.226049
vt 0.453549 0.215357
vt 0.453549 0.226049
vt 0.456573 0.220703
vt 0.456573 0.215357
vt 0.456573 0.226049
vt 0.456573 0.226049
vt 0.456573 0.220703
vt 0.456573 0.215357
vt 0.456573 0.220703
vt 0.456573 0.220703
vt 0.456573 0.215357
vt 0.456573 0.226049
vt 0.450919 0.220703
vt 0.453549 0.220703
vt 0.448705 0.215357
vt 0.453549 0.215357
vt 0.453549 0.226049
vt 0.448705 0.226049
vt 0.453549 0.226049
vt 0.443359 0.213143
vt 0.453549 0.220703
vt 0.438014 0.215357
vt 0.453549 0.215357
vt 0.435799 0.220703
vt 0.453549 0.220703
vt 0.443359 0.228263
vt 0.453549 0.220703
vt 0.438014 0.226049
vt 0.453549 0.215357
vt 0.453549 0.226049
vt 0.456573 0.220703
vt 0.456573 0.215357
vt 0.456573 0.226049
vt 0.456573 0.226049
vt 0.456573 0.220703
vt 0.456573 0.215357
vt 0.456573 0.220703
vt 0.456573 0.220703
vt 0.456573 0.215357
vt 0.456573 0.226049
vt 0.509797 0.832158
vt 0.652344 0.621094
vt 0.519531 0.621094
vt 0.519531 0.621094
vt 0.509797 0.941729
vt 0.552734 0.621094
vt 0.685547 0.621094
vt 0.693382 0.941728
vt 0.552734 0.621094
vt 0.490234 0.541016
vt 0.490234 0.691406
vt 0.710938 0.541016
vt 0.710938 0.691406
vt 0.480469 0.701172
vt 0.710938 0.541016
vt 0.710938 0.691406
vt 0.490234 0.541016
vt 0.490234 0.691406
vt 0.501953 0.632812
vt 0.490234 0.620703
vt 0.701172 0.632812
vt 0.710938 0.620703
vt 0.480469 0.780859
vt 0.701172 0.632812
vt 0.710938 0.620703
vt 0.501953 0.632812
vt 0.490234 0.620703
vt 0.509797 0.832158
vt 0.652344 0.632812
vt 0.519531 0.632812
vt 0.693381 0.832158
vt 0.652344 0.632812
vt 0.685547 0.632812
vt 0.693382 0.832158
vt 0.652344 0.621094
vt 0.685547 0.621094
vt 0.450919 0.220703
vt 0.453549 0.220703
vt 0.448705 0.215357
vt 0.453549 0.215357
vt 0.453549 0.226049
vt 0.448705 0.226049
vt 0.453549 0.226049
vt 0.443359 0.213143
vt 0.453549 0.220703
vt 0.438014 0.215357
vt 0.453549 0.215357
vt 0.435799 0.220703
vt 0.453549 0.220703
vt 0.443359 0.228263
vt 0.453549 0.220703
vt 0.438014 0.226049
vt 0.453549 0.215357
vt 0.453549 0.226049
vt 0.456573 0.220703
vt 0.456573 0.215357
vt 0.456573 0.226049
vt 0.456573 0.226049
vt 0.456573 0.220703
vt 0.456573 0.215357
vt 0.456573 0.220703
vt 0.456573 0.220703
vt 0.456573 0.215357
vt 0.456573 0.226049
vt 0.450919 0.220703
vt 0.453549 0.220703
vt 0.448705 0.215357
vt 0.453549 0.215357
vt 0.453549 0.226049
vt 0.448705 0.226049
vt 0.453549 0.226049
vt 0.443359 0.213143
vt 0.453549 0.220703
vt 0.438014 0.215357
vt 0.453549 0.215357
vt 0.435799 0.220703
vt 0.453549 0.220703
vt 0.443359 0.228263
vt 0.453549 0.220703
vt 0.438014 0.226049
vt 0.453549 0.215357
vt 0.453549 0.226049
vt 0.456573 0.220703
vt 0.456573 0.215357
vt 0.456573 0.226049
vt 0.456573 0.226049
vt 0.456573 0.220703
vt 0.456573 0.215357
vt 0.456573 0.220703
vt 0.456573 0.220703
vt 0.456573 0.215357
vt 0.456573 0.226049
vt 0.645710 0.848773
vt 0.645710 0.893239
vt 0.668823 0.893239
vt 0.668823 0.848773
vt 0.171006 0.206992
vt 0.147197 0.193087
vt 0.171006 0.179564
vt 0.195197 0.193087
vt 0.171006 0.206992
vt 0.195197 0.193087
vt 0.149940 0.189849
vt 0.149940 0.182306
vt 0.167768 0.182306
vt 0.149940 0.204249
vt 0.167768 0.204249
vt 0.149940 0.189849
vt 0.171006 0.179564
vt 0.147197 0.193087
vt 0.192454 0.189849
vt 0.192454 0.182306
vt 0.167768 0.182306
vt 0.192454 0.204249
vt 0.192454 0.189849
vt 0.167768 0.204249
vt 0.167768 0.179564
vt 0.147197 0.189849
vt 0.147197 0.179564
vt 0.167768 0.206992
vt 0.147197 0.189849
vt 0.147197 0.206992
vt 0.167768 0.206992
vt 0.195197 0.189849
vt 0.195197 0.206992
vt 0.167768 0.179564
vt 0.195197 0.189849
vt 0.195197 0.179564
vt 0.149940 0.196706
vt 0.174625 0.182306
vt 0.150391 0.179688
vt 0.174625 0.204249
vt 0.149940 0.196706
vt 0.150391 0.203125
vt 0.192454 0.196706
vt 0.174625 0.204249
vt 0.193359 0.203125
vt 0.192454 0.196706
vt 0.174625 0.182306
vt 0.193359 0.179688
vt 0.519531 0.632812
vt 0.509797 0.941728
vt 0.552734 0.632812
vt 0.685547 0.632812
vt 0.693382 0.941728
vt 0.552734 0.632812
vt 0.490234 0.632812
vt 0.490234 1.000000
vt 0.539063 0.780859
vt 0.450919 0.220703
vt 0.453549 0.220703
vt 0.448705 0.215357
vt 0.453549 0.215357
vt 0.453549 0.226049
vt 0.448705 0.226049
vt 0.453549 0.226049
vt 0.443359 0.213143
vt 0.453549 0.220703
vt 0.438014 0.215357
vt 0.453549 0.215357
vt 0.435799 0.220703
vt 0.453549 0.220703
vt 0.443359 0.228263
vt 0.453549 0.220703
vt 0.438014 0.226049
vt 0.453549 0.215357
vt 0.453549 0.226049
vt 0.456573 0.220703
vt 0.456573 0.215357
vt 0.456573 0.226049
vt 0.456573 0.226049
vt 0.456573 0.220703
vt 0.456573 0.215357
vt 0.456573 0.220703
vt 0.456573 0.220703
vt 0.456573 0.215357
vt 0.456573 0.226049
vt 0.450919 0.220703
vt 0.453549 0.220703
vt 0.448705 0.215357
vt 0.453549 0.215357
vt 0.453549 0.226049
vt 0.448705 0.226049
vt 0.453549 0.226049
vt 0.443359 0.213143
vt 0.453549 0.220703
vt 0.438014 0.215357
vt 0.453549 0.215357
vt 0.435799 0.220703
vt 0.453549 0.220703
vt 0.443359 0.228263
vt 0.453549 0.220703
vt 0.438014 0.226049
vt 0.453549 0.215357
vt 0.453549 0.226049
vt 0.456573 0.220703
vt 0.456573 0.215357
vt 0.456573 0.226049
vt 0.456573 0.226049
vt 0.456573 0.220703
vt 0.456573 0.215357
vt 0.456573 0.220703
vt 0.456573 0.220703
vt 0.456573 0.215357
vt 0.456573 0.226049
vt 0.450919 0.220703
vt 0.453549 0.220703
vt 0.448705 0.215357
vt 0.453549 0.215357
vt 0.453549 0.226049
vt 0.448705 0.226049
vt 0.453549 0.226049
vt 0.443359 0.213143
vt 0.453549 0.220703
vt 0.438014 0.215357
vt 0.453549 0.215357
vt 0.435799 0.220703
vt 0.453549 0.220703
vt 0.443359 0.228263
vt 0.453549 0.220703
vt 0.438014 0.226049
vt 0.453549 0.215357
vt 0.453549 0.226049
vt 0.456573 0.220703
vt 0.456573 0.215357
vt 0.456573 0.226049
vt 0.456573 0.226049
vt 0.456573 0.220703
vt 0.456573 0.215357
vt 0.456573 0.220703
vt 0.456573 0.220703
vt 0.456573 0.215357
vt 0.456573 0.226049
vt 0.450919 0.220703
vt 0.453549 0.220703
vt 0.448705 0.215357
vt 0.453549 0.215357
vt 0.453549 0.226049
vt 0.448705 0.226049
vt 0.453549 0.226049
vt 0.443359 0.213143
vt 0.453549 0.220703
vt 0.438014 0.215357
vt 0.453549 0.215357
vt 0.435799 0.220703
vt 0.453549 0.220703
vt 0.443359 0.228263
vt 0.453549 0.220703
vt 0.438014 0.226049
vt 0.453549 0.215357
vt 0.453549 0.226049
vt 0.456573 0.220703
vt 0.456573 0.215357
vt 0.456573 0.226049
vt 0.456573 0.226049
vt 0.456573 0.220703
vt 0.456573 0.215357
vt 0.456573 0.220703
vt 0.456573 0.220703
vt 0.456573 0.215357
vt 0.456573 0.226049
vt 0.490234 0.780859
vt 0.501953 0.621094
vt 0.421875 0.780859
vt 0.490234 0.701172
vt 0.490234 1.000000
vt 0.421875 1.000000
vt 0.490234 0.780859
vt 0.501953 0.621094
vt 0.470703 0.780859
vt 0.710938 0.780859
vt 0.701172 0.621094
vt 0.490234 0.701172
vt 0.490234 1.000000
vt 0.710938 0.701172
vt 0.470703 1.000000
vt 0.710938 1.000000
vt 0.509797 0.832158
vt 0.652344 0.621094
vt 0.519531 0.621094
vt 0.519531 0.621094
vt 0.509797 0.941729
vt 0.552734 0.621094
vt 0.685547 0.621094
vt 0.693382 0.941728
vt 0.552734 0.621094
vt 0.490234 0.541016
vt 0.490234 0.691406
vt 0.431641 0.701172
vt 0.490234 0.632812
vt 0.490234 0.701172
vt 0.490235 0.632812
vt 0.710937 0.632812
vt 0.539062 0.701171
vt 0.501953 0.632812
vt 0.490234 0.620703
vt 0.431641 0.780859
vt 0.509797 0.832158
vt 0.652344 0.632812
vt 0.519531 0.632812
vt 0.693381 0.832158
vt 0.652344 0.632812
vt 0.685547 0.632812
vt 0.693382 0.832158
vt 0.652344 0.621094
vt 0.685547 0.621094
vt 0.450919 0.220703
vt 0.453549 0.220703
vt 0.448705 0.215357
vt 0.453549 0.215357
vt 0.453549 0.226049
vt 0.448705 0.226049
vt 0.453549 0.226049
vt 0.443359 0.213143
vt 0.453549 0.220703
vt 0.438014 0.215357
vt 0.453549 0.215357
vt 0.435799 0.220703
vt 0.453549 0.220703
vt 0.443359 0.228263
vt 0.453549 0.220703
vt 0.438014 0.226049
vt 0.453549 0.215357
vt 0.453549 0.226049
vt 0.456573 0.220703
vt 0.456573 0.215357
vt 0.456573 0.226049
vt 0.456573 0.226049
vt 0.456573 0.220703
vt 0.456573 0.215357
vt 0.456573 0.220703
vt 0.456573 0.220703
vt 0.456573 0.215357
vt 0.456573 0.226049
vt 0.450919 0.220703
vt 0.453549 0.220703
vt 0.448705 0.215357
vt 0.453549 0.215357
vt 0.453549 0.226049
vt 0.448705 0.226049
vt 0.453549 0.226049
vt 0.443359 0.213143
vt 0.453549 0.220703
vt 0.438014 0.215357
vt 0.453549 0.215357
vt 0.435799 0.220703
vt 0.453549 0.220703
vt 0.443359 0.228263
vt 0.453549 0.220703
vt 0.438014 0.226049
vt 0.453549 0.215357
vt 0.453549 0.226049
vt 0.456573 0.220703
vt 0.456573 0.215357
vt 0.456573 0.226049
vt 0.456573 0.226049
vt 0.456573 0.220703
vt 0.456573 0.215357
vt 0.456573 0.220703
vt 0.456573 0.220703
vt 0.456573 0.215357
vt 0.456573 0.226049
vt 0.645710 0.848773
vt 0.645710 0.893239
vt 0.668823 0.893239
vt 0.668823 0.848773
vt 0.171006 0.206992
vt 0.147197 0.193087
vt 0.171006 0.179564
vt 0.195197 0.193087
vt 0.171006 0.206992
vt 0.195197 0.193087
vt 0.149940 0.189849
vt 0.149940 0.182306
vt 0.167768 0.182306
vt 0.149940 0.204249
vt 0.167768 0.204249
vt 0.149940 0.189849
vt 0.171006 0.179564
vt 0.147197 0.193087
vt 0.192454 0.189849
vt 0.192454 0.182306
vt 0.167768 0.182306
vt 0.192454 0.204249
vt 0.192454 0.189849
vt 0.167768 0.204249
vt 0.167768 0.179564
vt 0.147197 0.189849
vt 0.147197 0.179564
vt 0.167768 0.206992
vt 0.147197 0.189849
vt 0.147197 0.206992
vt 0.167768 0.206992
vt 0.195197 0.189849
vt 0.195197 0.206992
vt 0.167768 0.179564
vt 0.195197 0.189849
vt 0.195197 0.179564
vt 0.149940 0.196706
vt 0.174625 0.182306
vt 0.150391 0.179688
vt 0.174625 0.204249
vt 0.149940 0.196706
vt 0.150391 0.203125
vt 0.192454 0.196706
vt 0.174625 0.204249
vt 0.193359 0.203125
vt 0.192454 0.196706
vt 0.174625 0.182306
vt 0.193359 0.179688
vt 0.519531 0.632812
vt 0.509797 0.941728
vt 0.552734 0.632812
vt 0.685547 0.632812
vt 0.693382 0.941728
vt 0.552734 0.632812
vt 0.710938 0.632813
vt 0.490234 1.000000
vt 0.450919 0.220703
vt 0.453549 0.220703
vt 0.448705 0.215357
vt 0.453549 0.215357
vt 0.453549 0.226049
vt 0.448705 0.226049
vt 0.453549 0.226049
vt 0.443359 0.213143
vt 0.453549 0.220703
vt 0.438014 0.215357
vt 0.453549 0.215357
vt 0.435799 0.220703
vt 0.453549 0.220703
vt 0.443359 0.228263
vt 0.453549 0.220703
vt 0.438014 0.226049
vt 0.453549 0.215357
vt 0.453549 0.226049
vt 0.456573 0.220703
vt 0.456573 0.215357
vt 0.456573 0.226049
vt 0.456573 0.226049
vt 0.456573 0.220703
vt 0.456573 0.215357
vt 0.456573 0.220703
vt 0.456573 0.220703
vt 0.456573 0.215357
vt 0.456573 0.226049
vt 0.450919 0.220703
vt 0.453549 0.220703
vt 0.448705 0.215357
vt 0.453549 0.215357
vt 0.453549 0.226049
vt 0.448705 0.226049
vt 0.453549 0.226049
vt 0.443359 0.213143
vt 0.453549 0.220703
vt 0.438014 0.215357
vt 0.453549 0.215357
vt 0.435799 0.220703
vt 0.453549 0.220703
vt 0.443359 0.228263
vt 0.453549 0.220703
vt 0.438014 0.226049
vt 0.453549 0.215357
vt 0.453549 0.226049
vt 0.456573 0.220703
vt 0.456573 0.215357
vt 0.456573 0.226049
vt 0.456573 0.226049
vt 0.456573 0.220703
vt 0.456573 0.215357
vt 0.456573 0.220703
vt 0.456573 0.220703
vt 0.456573 0.215357
vt 0.456573 0.226049
vt 0.450919 0.220703
vt 0.453549 0.220703
vt 0.448705 0.215357
vt 0.453549 0.215357
vt 0.453549 0.226049
vt 0.448705 0.226049
vt 0.453549 0.226049
vt 0.443359 0.213143
vt 0.453549 0.220703
vt 0.438014 0.215357
vt 0.453549 0.215357
vt 0.435799 0.220703
vt 0.453549 0.220703
vt 0.443359 0.228263
vt 0.453549 0.220703
vt 0.438014 0.226049
vt 0.453549 0.215357
vt 0.453549 0.226049
vt 0.456573 0.220703
vt 0.456573 0.215357
vt 0.456573 0.226049
vt 0.456573 0.226049
vt 0.456573 0.220703
vt 0.456573 0.215357
vt 0.456573 0.220703
vt 0.456573 0.220703
vt 0.456573 0.215357
vt 0.456573 0.226049
vt 0.450919 0.220703
vt 0.453549 0.220703
vt 0.448705 0.215357
vt 0.453549 0.215357
vt 0.453549 0.226049
vt 0.448705 0.226049
vt 0.453549 0.226049
vt 0.443359 0.213143
vt 0.453549 0.220703
vt 0.438014 0.215357
vt 0.453549 0.215357
vt 0.435799 0.220703
vt 0.453549 0.220703
vt 0.443359 0.228263
vt 0.453549 0.220703
vt 0.438014 0.226049
vt 0.453549 0.215357
vt 0.453549 0.226049
vt 0.456573 0.220703
vt 0.456573 0.215357
vt 0.456573 0.226049
vt 0.456573 0.226049
vt 0.456573 0.220703
vt 0.456573 0.215357
vt 0.456573 0.220703
vt 0.456573 0.220703
vt 0.456573 0.215357
vt 0.456573 0.226049
vt 0.710938 0.780859
vt 0.701172 0.621094
vt 0.490234 0.780859
vt 0.501953 0.621094
vt 0.710938 0.701172
vt 0.710938 1.000000
vt 0.490234 0.701172
vt 0.490234 1.000000
vt 0.710938 0.780859
vt 0.701172 0.621094
vt 0.421875 0.780859
vt 0.710938 0.701172
vt 0.710938 1.000000
vt 0.421875 1.000000
vt 0.509797 0.832158
vt 0.652344 0.621094
vt 0.519531 0.621094
vt 0.519531 0.621094
vt 0.509797 0.941729
vt 0.552734 0.621094
vt 0.685547 0.621094
vt 0.693382 0.941728
vt 0.552734 0.621094
vt 0.710938 0.541016
vt 0.710938 0.691406
vt 0.431641 0.701172
vt 0.710938 0.632812
vt 0.490235 0.632812
vt 0.710937 0.632812
vt 0.490234 0.701171
vt 0.701172 0.632812
vt 0.710938 0.620703
vt 0.431641 0.780859
vt 0.509797 0.832158
vt 0.652344 0.632812
vt 0.519531 0.632812
vt 0.693381 0.832158
vt 0.652344 0.632812
vt 0.685547 0.632812
vt 0.693382 0.832158
vt 0.652344 0.621094
vt 0.685547 0.621094
vt 0.450919 0.220703
vt 0.453549 0.220703
vt 0.448705 0.215357
vt 0.453549 0.215357
vt 0.453549 0.226049
vt 0.448705 0.226049
vt 0.453549 0.226049
vt 0.443359 0.213143
vt 0.453549 0.220703
vt 0.438014 0.215357
vt 0.453549 0.215357
vt 0.435799 0.220703
vt 0.453549 0.220703
vt 0.443359 0.228263
vt 0.453549 0.220703
vt 0.438014 0.226049
vt 0.453549 0.215357
vt 0.453549 0.226049
vt 0.456573 0.220703
vt 0.456573 0.215357
vt 0.456573 0.226049
vt 0.456573 0.226049
vt 0.456573 0.220703
vt 0.456573 0.215357
vt 0.456573 0.220703
vt 0.456573 0.220703
vt 0.456573 0.215357
vt 0.456573 0.226049
vt 0.450919 0.220703
vt 0.453549 0.220703
vt 0.448705 0.215357
vt 0.453549 0.215357
vt 0.453549 0.226049
vt 0.448705 0.226049
vt 0.453549 0.226049
vt 0.443359 0.213143
vt 0.453549 0.220703
vt 0.438014 0.215357
vt 0.453549 0.215357
vt 0.435799 0.220703
vt 0.453549 0.220703
vt 0.443359 0.228263
vt 0.453549 0.220703
vt 0.438014 0.226049
vt 0.453549 0.215357
vt 0.453549 0.226049
vt 0.456573 0.220703
vt 0.456573 0.215357
vt 0.456573 0.226049
vt 0.456573 0.226049
vt 0.456573 0.220703
vt 0.456573 0.215357
vt 0.456573 0.220703
vt 0.456573 0.220703
vt 0.456573 0.215357
vt 0.456573 0.226049
vt 0.645710 0.848773
vt 0.645710 0.893239
vt 0.668823 0.893239
vt 0.668823 0.848773
vt 0.301965 0.885327
vt 0.301965 0.891994
vt 0.301965 0.898661
vt 0.301965 0.905327
vt 0.301965 0.911994
vt 0.301965 0.918661
vt 0.301965 0.925327
vt 0.301965 0.931994
vt 0.301965 0.938661
vt 0.301965 0.945327
vt 0.301965 0.865327
vt 0.301965 0.871994
vt 0.301965 0.878661
vt 0.297845 0.885327
vt 0.287464 0.901994
vt 0.290798 0.896220
vt 0.297845 0.891994
vt 0.296571 0.892887
vt 0.297845 0.898661
vt 0.303238 0.892887
vt 0.297845 0.905327
vt 0.309012 0.896220
vt 0.297845 0.911994
vt 0.297845 0.918661
vt 0.312345 0.901994
vt 0.297845 0.925327
vt 0.312345 0.908661
vt 0.309012 0.914434
vt 0.297845 0.931994
vt 0.303238 0.917767
vt 0.297845 0.938661
vt 0.297845 0.945327
vt 0.297845 0.865327
vt 0.296571 0.917767
vt 0.297845 0.871994
vt 0.290798 0.914434
vt 0.297845 0.878661
vt 0.287464 0.908661
vt 0.297519 0.919922
vt 0.297519 0.905327
vt 0.297519 0.890733
vt 0.297519 0.876138
vt 0.297519 0.934516
vt 0.303984 0.896537
vt 0.302291 0.919922
vt 0.308695 0.909407
vt 0.302291 0.905327
vt 0.295825 0.914118
vt 0.302291 0.890733
vt 0.302291 0.876138
vt 0.291114 0.901248
vt 0.302291 0.934516
vt 0.297519 0.912624
vt 0.297519 0.898030
vt 0.297519 0.883435
vt 0.297519 0.927219
vt 0.308695 0.902110
vt 0.302291 0.912624
vt 0.303122 0.914118
vt 0.302291 0.898030
vt 0.291114 0.908545
vt 0.302291 0.883435
vt 0.296687 0.896537
vt 0.302291 0.927219
vt 0.297845 0.925327
vt 0.297845 0.918661
vt 0.297845 0.911994
vt 0.297845 0.905327
vt 0.297845 0.898661
vt 0.297845 0.891994
vt 0.297845 0.885327
vt 0.297845 0.878661
vt 0.297845 0.871994
vt 0.297845 0.865327
vt 0.297845 0.945327
vt 0.297845 0.938661
vt 0.297845 0.931994
vt 0.301965 0.925327
vt 0.290798 0.914434
vt 0.287464 0.908661
vt 0.301965 0.918661
vt 0.287464 0.901994
vt 0.301965 0.911994
vt 0.290798 0.896220
vt 0.301965 0.905327
vt 0.296571 0.892887
vt 0.301965 0.898661
vt 0.301965 0.891994
vt 0.303238 0.892887
vt 0.301965 0.885327
vt 0.309012 0.896220
vt 0.312345 0.901994
vt 0.301965 0.878661
vt 0.312345 0.908660
vt 0.301965 0.871994
vt 0.301965 0.865327
vt 0.301965 0.945327
vt 0.309012 0.914434
vt 0.301965 0.938661
vt 0.303238 0.917767
vt 0.301965 0.931994
vt 0.296571 0.917767
vt 0.297519 0.919922
vt 0.297519 0.905327
vt 0.297519 0.890733
vt 0.297519 0.876138
vt 0.297519 0.934516
vt 0.295825 0.896537
vt 0.302291 0.919922
vt 0.308695 0.901248
vt 0.302291 0.905327
vt 0.303984 0.914118
vt 0.302291 0.890733
vt 0.302291 0.876138
vt 0.291114 0.909407
vt 0.302291 0.934516
vt 0.297519 0.912624
vt 0.297519 0.898030
vt 0.297519 0.883435
vt 0.297519 0.927219
vt 0.303122 0.896537
vt 0.302291 0.912624
vt 0.308695 0.908545
vt 0.302291 0.898030
vt 0.296687 0.914118
vt 0.302291 0.883435
vt 0.291114 0.902110
vt 0.302291 0.927219
vt 0.301965 0.885327
vt 0.301965 0.891994
vt 0.301965 0.898661
vt 0.301965 0.905327
vt 0.301965 0.911994
vt 0.301965 0.918661
vt 0.301965 0.925327
vt 0.301965 0.931994
vt 0.301965 0.938661
vt 0.301965 0.945327
vt 0.301965 0.865327
vt 0.301965 0.871994
vt 0.301965 0.878661
vt 0.297845 0.885327
vt 0.287464 0.901994
vt 0.290798 0.896220
vt 0.297845 0.891994
vt 0.296571 0.892887
vt 0.297845 0.898661
vt 0.303238 0.892887
vt 0.297845 0.905327
vt 0.309012 0.896220
vt 0.297845 0.911994
vt 0.297845 0.918661
vt 0.312345 0.901994
vt 0.297845 0.925327
vt 0.312345 0.908661
vt 0.309012 0.914434
vt 0.297845 0.931994
vt 0.303238 0.917767
vt 0.297845 0.938661
vt 0.297845 0.945327
vt 0.297845 0.865327
vt 0.296571 0.917767
vt 0.297845 0.871994
vt 0.290798 0.914434
vt 0.297845 0.878661
vt 0.287464 0.908661
vt 0.297519 0.919922
vt 0.297519 0.905327
vt 0.297519 0.890733
vt 0.297519 0.876138
vt 0.297519 0.934516
vt 0.303984 0.896537
vt 0.302291 0.919922
vt 0.308695 0.909407
vt 0.302291 0.905327
vt 0.295825 0.914118
vt 0.302291 0.890733
vt 0.302291 0.876138
vt 0.291114 0.901248
vt 0.302291 0.934516
vt 0.297519 0.912624
vt 0.297519 0.898030
vt 0.297519 0.883435
vt 0.297519 0.927219
vt 0.308695 0.902110
vt 0.302291 0.912624
vt 0.303122 0.914118
vt 0.302291 0.898030
vt 0.291114 0.908545
vt 0.302291 0.883435
vt 0.296687 0.896537
vt 0.302291 0.927219
vt 0.297845 0.925327
vt 0.297845 0.918661
vt 0.297845 0.911994
vt 0.297845 0.905327
vt 0.297845 0.898661
vt 0.297845 0.891994
vt 0.297845 0.885327
vt 0.297845 0.878661
vt 0.297845 0.871994
vt 0.297845 0.865327
vt 0.297845 0.945327
vt 0.297845 0.938661
vt 0.297845 0.931994
vt 0.301965 0.925327
vt 0.290798 0.914434
vt 0.287464 0.908661
vt 0.301965 0.918661
vt 0.287464 0.901994
vt 0.301965 0.911994
vt 0.290798 0.896220
vt 0.301965 0.905327
vt 0.296571 0.892887
vt 0.301965 0.898661
vt 0.301965 0.891994
vt 0.303238 0.892887
vt 0.301965 0.885327
vt 0.309012 0.896220
vt 0.312345 0.901994
vt 0.301965 0.878661
vt 0.312345 0.908660
vt 0.301965 0.871994
vt 0.301965 0.865327
vt 0.301965 0.945327
vt 0.309012 0.914434
vt 0.301965 0.938661
vt 0.303238 0.917767
vt 0.301965 0.931994
vt 0.296571 0.917767
vt 0.297519 0.919922
vt 0.297519 0.905327
vt 0.297519 0.890733
vt 0.297519 0.876138
vt 0.297519 0.934516
vt 0.295825 0.896537
vt 0.302291 0.919922
vt 0.308695 0.901248
vt 0.302291 0.905327
vt 0.303984 0.914118
vt 0.302291 0.890733
vt 0.302291 0.876138
vt 0.291114 0.909407
vt 0.302291 0.934516
vt 0.297519 0.912624
vt 0.297519 0.898030
vt 0.297519 0.883435
vt 0.297519 0.927219
vt 0.303122 0.896537
vt 0.302291 0.912624
vt 0.308695 0.908545
vt 0.302291 0.898030
vt 0.296687 0.914118
vt 0.302291 0.883435
vt 0.291114 0.902110
vt 0.302291 0.927219
vt 0.301965 0.885327
vt 0.301965 0.891994
vt 0.301965 0.898661
vt 0.301965 0.905327
vt 0.301965 0.911994
vt 0.301965 0.918661
vt 0.301965 0.925327
vt 0.301965 0.931994
vt 0.301965 0.938661
vt 0.301965 0.945327
vt 0.301965 0.865327
vt 0.301965 0.871994
vt 0.301965 0.878661
vt 0.297845 0.885327
vt 0.287464 0.901994
vt 0.290798 0.896220
vt 0.297845 0.891994
vt 0.296571 0.892887
vt 0.297845 0.898661
vt 0.303238 0.892887
vt 0.297845 0.905327
vt 0.309012 0.896220
vt 0.297845 0.911994
vt 0.297845 0.918661
vt 0.312345 0.901994
vt 0.297845 0.925327
vt 0.312345 0.908661
vt 0.309012 0.914434
vt 0.297845 0.931994
vt 0.303238 0.917767
vt 0.297845 0.938661
vt 0.297845 0.945327
vt 0.297845 0.865327
vt 0.296571 0.917767
vt 0.297845 0.871994
vt 0.290798 0.914434
vt 0.297845 0.878661
vt 0.287464 0.908661
vt 0.297519 0.919922
vt 0.297519 0.905327
vt 0.297519 0.890733
vt 0.297519 0.876138
vt 0.297519 0.934516
vt 0.303984 0.896537
vt 0.302291 0.919922
vt 0.308695 0.909407
vt 0.302291 0.905327
vt 0.295825 0.914118
vt 0.302291 0.890733
vt 0.302291 0.876138
vt 0.291114 0.901248
vt 0.302291 0.934516
vt 0.297519 0.912624
vt 0.297519 0.898030
vt 0.297519 0.883435
vt 0.297519 0.927219
vt 0.308695 0.902110
vt 0.302291 0.912624
vt 0.303122 0.914118
vt 0.302291 0.898030
vt 0.291114 0.908545
vt 0.302291 0.883435
vt 0.296687 0.896537
vt 0.302291 0.927219
vt 0.297845 0.925327
vt 0.297845 0.918661
vt 0.297845 0.911994
vt 0.297845 0.905327
vt 0.297845 0.898661
vt 0.297845 0.891994
vt 0.297845 0.885327
vt 0.297845 0.878661
vt 0.297845 0.871994
vt 0.297845 0.865327
vt 0.297845 0.945327
vt 0.297845 0.938661
vt 0.297845 0.931994
vt 0.301965 0.925327
vt 0.290798 0.914434
vt 0.287464 0.908661
vt 0.301965 0.918661
vt 0.287464 0.901994
vt 0.301965 0.911994
vt 0.290798 0.896220
vt 0.301965 0.905327
vt 0.296571 0.892887
vt 0.301965 0.898661
vt 0.301965 0.891994
vt 0.303238 0.892887
vt 0.301965 0.885327
vt 0.309012 0.896220
vt 0.312345 0.901994
vt 0.301965 0.878661
vt 0.312345 0.908660
vt 0.301965 0.871994
vt 0.301965 0.865327
vt 0.301965 0.945327
vt 0.309012 0.914434
vt 0.301965 0.938661
vt 0.303238 0.917767
vt 0.301965 0.931994
vt 0.296571 0.917767
vt 0.297519 0.919922
vt 0.297519 0.905327
vt 0.297519 0.890733
vt 0.297519 0.876138
vt 0.297519 0.934516
vt 0.295825 0.896537
vt 0.302291 0.919922
vt 0.308695 0.901248
vt 0.302291 0.905327
vt 0.303984 0.914118
vt 0.302291 0.890733
vt 0.302291 0.876138
vt 0.291114 0.909407
vt 0.302291 0.934516
vt 0.297519 0.912624
vt 0.297519 0.898030
vt 0.297519 0.883435
vt 0.297519 0.927219
vt 0.303122 0.896537
vt 0.302291 0.912624
vt 0.308695 0.908545
vt 0.302291 0.898030
vt 0.296687 0.914118
vt 0.302291 0.883435
vt 0.291114 0.902110
vt 0.302291 0.927219
vt 0.627477 0.741406
vt 0.638672 0.765625
vt 0.638672 0.750000
vt 0.631344 0.726974
vt 0.638672 0.750000
vt 0.638672 0.765625
vt 0.641909 0.716409
vt 0.638672 0.765625
vt 0.638672 0.750000
vt 0.641909 0.766403
vt 0.638672 0.765625
vt 0.638672 0.750000
vt 0.631344 0.755838
vt 0.638672 0.750000
vt 0.638672 0.765625
vt 0.640299 0.765625
vt 0.640299 0.750000
vt 0.640299 0.765625
vt 0.640299 0.750000
vt 0.640299 0.765625
vt 0.640299 0.750000
vt 0.640299 0.750000
vt 0.640299 0.765625
vt 0.640299 0.750000
vt 0.640299 0.765625
vt 0.656342 0.712542
vt 0.638672 0.750000
vt 0.638672 0.765625
vt 0.685206 0.741406
vt 0.638672 0.750000
vt 0.638672 0.765625
vt 0.638672 0.765625
vt 0.670774 0.716409
vt 0.638672 0.750000
vt 0.638672 0.750000
vt 0.681339 0.726974
vt 0.638672 0.765625
vt 0.656342 0.770270
vt 0.638672 0.765625
vt 0.638672 0.750000
vt 0.681339 0.755838
vt 0.638672 0.750000
vt 0.638672 0.765625
vt 0.670774 0.766403
vt 0.638672 0.765625
vt 0.638672 0.750000
vt 0.640299 0.750000
vt 0.640299 0.765625
vt 0.640299 0.750000
vt 0.640299 0.765625
vt 0.640299 0.750000
vt 0.640299 0.765625
vt 0.640299 0.765625
vt 0.640299 0.750000
vt 0.640299 0.750000
vt 0.640299 0.765625
vt 0.640299 0.765625
vt 0.640299 0.750000
vt 0.640299 0.765625
vt 0.640299 0.750000
vt 0.656250 0.765625
vt 0.656250 0.750000
vt 0.684225 0.757505
vt 0.656250 0.750000
vt 0.656250 0.765625
vt 0.688539 0.741406
vt 0.656250 0.765625
vt 0.656250 0.750000
vt 0.624144 0.741406
vt 0.656250 0.750000
vt 0.656250 0.765625
vt 0.628458 0.757505
vt 0.656250 0.750000
vt 0.656250 0.765625
vt 0.656342 0.709209
vt 0.656250 0.765625
vt 0.656250 0.750000
vt 0.640243 0.713522
vt 0.656250 0.750000
vt 0.656250 0.765625
vt 0.640243 0.769290
vt 0.656250 0.765625
vt 0.656250 0.750000
vt 0.656341 0.773604
vt 0.656250 0.765625
vt 0.656250 0.750000
vt 0.628458 0.725308
vt 0.656250 0.750000
vt 0.656250 0.765625
vt 0.672440 0.713522
vt 0.656250 0.750000
vt 0.656250 0.765625
vt 0.684225 0.725308
vt 0.656250 0.765625
vt 0.656250 0.750000
vt 0.672440 0.769290
vt 0.646484 0.750000
vt 0.646484 0.765625
vt 0.174225 0.765317
vt 0.646484 0.750000
vt 0.646484 0.765625
vt 0.186734 0.718634
vt 0.646484 0.765625
vt 0.646484 0.750000
vt 0.000000 0.718634
vt 0.646484 0.750000
vt 0.646484 0.765625
vt 0.012509 0.765317
vt 0.646484 0.750000
vt 0.646484 0.765625
vt 0.093367 0.625267
vt 0.646484 0.765625
vt 0.646484 0.750000
vt 0.046683 0.637776
vt 0.646484 0.765625
vt 0.646484 0.750000
vt 0.046683 0.799492
vt 0.646484 0.750000
vt 0.646484 0.765625
vt 0.012509 0.671950
vt 0.646484 0.765625
vt 0.646484 0.750000
vt 0.140051 0.637776
vt 0.646484 0.750000
vt 0.646484 0.765625
vt 0.174225 0.671950
vt 0.646484 0.765625
vt 0.646484 0.750000
vt 0.140051 0.799492
vt 0.646484 0.765625
vt 0.646484 0.750000
vt 0.093367 0.812001
vt 0.627477 0.741406
vt 0.638672 0.765625
vt 0.638672 0.750000
vt 0.631344 0.726974
vt 0.638672 0.750000
vt 0.638672 0.765625
vt 0.641909 0.716409
vt 0.638672 0.765625
vt 0.638672 0.750000
vt 0.641909 0.766403
vt 0.638672 0.765625
vt 0.638672 0.750000
vt 0.631344 0.755838
vt 0.638672 0.750000
vt 0.638672 0.765625
vt 0.640299 0.765625
vt 0.640299 0.750000
vt 0.640299 0.765625
vt 0.640299 0.750000
vt 0.640299 0.765625
vt 0.640299 0.750000
vt 0.640299 0.750000
vt 0.640299 0.765625
vt 0.640299 0.750000
vt 0.640299 0.765625
vt 0.656342 0.712542
vt 0.638672 0.750000
vt 0.638672 0.765625
vt 0.685206 0.741406
vt 0.638672 0.750000
vt 0.638672 0.765625
vt 0.638672 0.765625
vt 0.670774 0.716409
vt 0.638672 0.750000
vt 0.638672 0.750000
vt 0.681339 0.726974
vt 0.638672 0.765625
vt 0.656342 0.770270
vt 0.638672 0.765625
vt 0.638672 0.750000
vt 0.681339 0.755838
vt 0.638672 0.750000
vt 0.638672 0.765625
vt 0.670774 0.766403
vt 0.638672 0.765625
vt 0.638672 0.750000
vt 0.640299 0.750000
vt 0.640299 0.765625
vt 0.640299 0.750000
vt 0.640299 0.765625
vt 0.640299 0.750000
vt 0.640299 0.765625
vt 0.640299 0.765625
vt 0.640299 0.750000
vt 0.640299 0.750000
vt 0.640299 0.765625
vt 0.640299 0.765625
vt 0.640299 0.750000
vt 0.640299 0.765625
vt 0.640299 0.750000
vt 0.656250 0.765625
vt 0.656250 0.750000
vt 0.684225 0.757505
vt 0.656250 0.750000
vt 0.656250 0.765625
vt 0.688539 0.741406
vt 0.656250 0.765625
vt 0.656250 0.750000
vt 0.624144 0.741406
vt 0.656250 0.750000
vt 0.656250 0.765625
vt 0.628458 0.757505
vt 0.656250 0.750000
vt 0.656250 0.765625
vt 0.656342 0.709209
vt 0.656250 0.765625
vt 0.656250 0.750000
vt 0.640243 0.713522
vt 0.656250 0.750000
vt 0.656250 0.765625
vt 0.640243 0.769290
vt 0.656250 0.765625
vt 0.656250 0.750000
vt 0.656341 0.773604
vt 0.656250 0.765625
vt 0.656250 0.750000
vt 0.628458 0.725308
vt 0.656250 0.750000
vt 0.656250 0.765625
vt 0.672440 0.713522
vt 0.656250 0.750000
vt 0.656250 0.765625
vt 0.684225 0.725308
vt 0.656250 0.765625
vt 0.656250 0.750000
vt 0.672440 0.769290
vt 0.646484 0.750000
vt 0.646484 0.765625
vt 0.174225 0.765317
vt 0.646484 0.750000
vt 0.646484 0.765625
vt 0.186734 0.718634
vt 0.646484 0.765625
vt 0.646484 0.750000
vt 0.000000 0.718634
vt 0.646484 0.750000
vt 0.646484 0.765625
vt 0.012509 0.765317
vt 0.646484 0.750000
vt 0.646484 0.765625
vt 0.093367 0.625267
vt 0.646484 0.765625
vt 0.646484 0.750000
vt 0.046683 0.637776
vt 0.646484 0.765625
vt 0.646484 0.750000
vt 0.046683 0.799492
vt 0.646484 0.750000
vt 0.646484 0.765625
vt 0.012509 0.671950
vt 0.646484 0.765625
vt 0.646484 0.750000
vt 0.140051 0.637776
vt 0.646484 0.750000
vt 0.646484 0.765625
vt 0.174225 0.671950
vt 0.646484 0.765625
vt 0.646484 0.750000
vt 0.140051 0.799492
vt 0.646484 0.765625
vt 0.646484 0.750000
vt 0.093367 0.812001
vt 0.627477 0.741406
vt 0.638672 0.765625
vt 0.638672 0.750000
vt 0.631344 0.726974
vt 0.638672 0.750000
vt 0.638672 0.765625
vt 0.641909 0.716409
vt 0.638672 0.765625
vt 0.638672 0.750000
vt 0.641909 0.766403
vt 0.638672 0.765625
vt 0.638672 0.750000
vt 0.631344 0.755838
vt 0.638672 0.750000
vt 0.638672 0.765625
vt 0.640299 0.765625
vt 0.640299 0.750000
vt 0.640299 0.765625
vt 0.640299 0.750000
vt 0.640299 0.765625
vt 0.640299 0.750000
vt 0.640299 0.750000
vt 0.640299 0.765625
vt 0.640299 0.750000
vt 0.640299 0.765625
vt 0.656342 0.712542
vt 0.638672 0.750000
vt 0.638672 0.765625
vt 0.685206 0.741406
vt 0.638672 0.750000
vt 0.638672 0.765625
vt 0.638672 0.765625
vt 0.670774 0.716409
vt 0.638672 0.750000
vt 0.638672 0.750000
vt 0.681339 0.726974
vt 0.638672 0.765625
vt 0.656342 0.770270
vt 0.638672 0.765625
vt 0.638672 0.750000
vt 0.681339 0.755838
vt 0.638672 0.750000
vt 0.638672 0.765625
vt 0.670774 0.766403
vt 0.638672 0.765625
vt 0.638672 0.750000
vt 0.640299 0.750000
vt 0.640299 0.765625
vt 0.640299 0.750000
vt 0.640299 0.765625
vt 0.640299 0.750000
vt 0.640299 0.765625
vt 0.640299 0.765625
vt 0.640299 0.750000
vt 0.640299 0.750000
vt 0.640299 0.765625
vt 0.640299 0.765625
vt 0.640299 0.750000
vt 0.640299 0.765625
vt 0.640299 0.750000
vt 0.656250 0.765625
vt 0.656250 0.750000
vt 0.684225 0.757505
vt 0.656250 0.750000
vt 0.656250 0.765625
vt 0.688539 0.741406
vt 0.656250 0.765625
vt 0.656250 0.750000
vt 0.624144 0.741406
vt 0.656250 0.750000
vt 0.656250 0.765625
vt 0.628458 0.757505
vt 0.656250 0.750000
vt 0.656250 0.765625
vt 0.656342 0.709209
vt 0.656250 0.765625
vt 0.656250 0.750000
vt 0.640243 0.713522
vt 0.656250 0.750000
vt 0.656250 0.765625
vt 0.640243 0.769290
vt 0.656250 0.765625
vt 0.656250 0.750000
vt 0.656341 0.773604
vt 0.656250 0.765625
vt 0.656250 0.750000
vt 0.628458 0.725308
vt 0.656250 0.750000
vt 0.656250 0.765625
vt 0.672440 0.713522
vt 0.656250 0.750000
vt 0.656250 0.765625
vt 0.684225 0.725308
vt 0.656250 0.765625
vt 0.656250 0.750000
vt 0.672440 0.769290
vt 0.646484 0.750000
vt 0.646484 0.765625
vt 0.174225 0.765317
vt 0.646484 0.750000
vt 0.646484 0.765625
vt 0.186734 0.718634
vt 0.646484 0.765625
vt 0.646484 0.750000
vt 0.000000 0.718634
vt 0.646484 0.750000
vt 0.646484 0.765625
vt 0.012509 0.765317
vt 0.646484 0.750000
vt 0.646484 0.765625
vt 0.093367 0.625267
vt 0.646484 0.765625
vt 0.646484 0.750000
vt 0.046683 0.637776
vt 0.646484 0.765625
vt 0.646484 0.750000
vt 0.046683 0.799492
vt 0.646484 0.750000
vt 0.646484 0.765625
vt 0.012509 0.671950
vt 0.646484 0.765625
vt 0.646484 0.750000
vt 0.140051 0.637776
vt 0.646484 0.750000
vt 0.646484 0.765625
vt 0.174225 0.671950
vt 0.646484 0.765625
vt 0.646484 0.750000
vt 0.140051 0.799492
vt 0.646484 0.765625
vt 0.646484 0.750000
vt 0.093367 0.812001
s 0
usemtl electronics_etx_part_2
f 361/730/8 32/82/8 31/79/8 230/468/8
f 30/76/8 29/73/8 98/199/8 99/202/8
f 104/223/11 29/74/11 230/469/11 229/463/11
f 30/77/11 105/226/11 360/726/11 361/731/11
f 105/226/11 104/223/11 229/463/11 360/726/11
f 29/74/11 30/77/11 361/731/11 230/469/11
f 142/291/11 106/229/11 99/203/11 141/290/11
f 141/290/11 99/203/11 98/200/11 97/196/11 106/229/11 142/291/11 139/288/11 140/289/11
f 105/227/10 30/78/10 99/204/10 106/230/10
f 29/75/9 104/224/9 97/197/9 98/201/9
f 229/464/7 102/214/7 103/219/7 360/727/7
f 103/220/11 102/215/11 100/205/11 101/210/11
f 100/206/7 236/487/7 368/752/7 101/211/7
f 105/228/7 106/231/7 97/198/7 104/225/7
f 230/470/8 31/80/8 161/342/8 228/460/8
f 102/218/10 162/344/10 31/81/10 230/471/10 229/465/10
f 160/339/8 159/336/8 232/476/8 233/479/8
f 238/493/11 159/337/11 228/461/11 227/457/11
f 160/340/11 239/496/11 229/466/11 230/472/11
f 239/496/11 238/493/11 227/457/11 229/466/11
f 159/337/11 160/340/11 230/472/11 228/461/11
f 276/561/11 240/499/11 233/480/11 275/560/11
f 275/560/11 233/480/11 232/477/11 231/473/11 240/499/11 276/561/11 273/558/11 274/559/11
f 239/497/10 160/341/10 233/481/10 240/500/10
f 159/338/9 238/494/9 231/474/9 232/478/9
f 227/458/7 237/490/7 102/216/7 229/467/7
f 102/217/11 237/491/11 234/482/11 100/207/11
f 234/483/7 235/485/7 236/488/7 100/208/7
f 100/209/10 236/489/10 162/344/10 102/218/10
f 239/498/7 240/501/7 231/475/7 238/495/7
f 363/737/8 295/612/8 32/83/8 361/732/8
f 227/459/9 228/462/9 161/343/9 237/492/9
f 294/609/8 293/606/8 365/743/8 366/746/8
f 371/759/11 293/607/11 361/733/11 360/728/11
f 294/610/11 372/762/11 362/734/11 363/738/11
f 372/762/11 371/759/11 360/728/11 362/734/11
f 293/607/11 294/610/11 363/738/11 361/733/11
f 409/827/11 373/765/11 366/747/11 408/826/11
f 408/826/11 366/747/11 365/744/11 364/740/11 373/765/11 409/827/11 406/824/11 407/825/11
f 372/763/10 294/611/10 366/748/10 373/766/10
f 293/608/9 371/760/9 364/741/9 365/745/9
f 360/729/7 103/221/7 370/756/7 362/735/7
f 370/757/11 103/222/11 101/212/11 367/749/11
f 101/213/7 368/753/7 369/754/7 367/750/7
f 161/343/9 235/486/9 234/484/9 237/492/9
f 372/764/7 373/767/7 364/742/7 371/761/7
f 362/736/10 370/758/10 295/613/10 363/739/10
f 367/751/10 369/755/10 295/613/10 370/758/10
s 1
f 662/1243/115 663/1246/109 695/1335/109 694/1332/115
f 667/1258/7 678/1284/7 679/1287/110 656/1229/110
f 656/1230/110 679/1288/110 682/1296/113 657/1231/113
f 657/1232/113 682/1297/113 676/1278/9 655/1227/9
f 681/1293/8 670/1264/8 659/1235/115 680/1290/115
f 680/1291/115 659/1236/115 658/1233/109 677/1281/109
f 677/1282/109 658/1234/109 655/1228/9 676/1279/9
f 678/1285/7 667/1259/7 669/1262/114 683/1299/114
f 683/1300/114 669/1263/114 668/1260/112 684/1302/112
f 684/1303/112 668/1261/112 671/1266/10 675/1275/10
f 670/1265/8 681/1294/8 685/1305/111 672/1268/111
f 672/1269/111 685/1306/111 674/1272/108 673/1270/108
f 673/1271/108 674/1273/108 675/1276/10 671/1267/10
f 665/1252/11 661/1240/11 675/1277/11 674/1274/11
f 650/1212/11 654/1224/11 677/1283/11 676/1280/11
f 660/1237/11 652/1218/11 679/1289/11 678/1286/11
f 653/1221/11 664/1249/11 681/1295/11 680/1292/11
f 652/1218/11 651/1215/11 682/1298/11 679/1289/11
f 651/1215/11 650/1212/11 676/1280/11 682/1298/11
f 654/1224/11 653/1221/11 680/1292/11 677/1283/11
f 662/1244/11 660/1237/11 678/1286/11 683/1301/11
f 663/1247/11 662/1244/11 683/1301/11 684/1304/11
f 661/1240/11 663/1247/11 684/1304/11 675/1277/11
f 664/1249/11 666/1255/11 685/1307/11 681/1295/11
f 666/1255/11 665/1252/11 674/1274/11 685/1307/11
f 650/1213/10 651/1216/108 693/1329/108 688/1314/10
f 652/1219/111 660/1238/8 690/1320/8 691/1323/111
f 663/1248/109 661/1241/9 687/1311/9 695/1336/109
f 653/1222/114 654/1225/112 689/1317/112 692/1326/114
f 664/1250/7 653/1223/114 692/1327/114 697/1341/7
f 666/1256/110 664/1251/7 697/1342/7 696/1338/110
f 661/1242/9 665/1253/113 686/1308/113 687/1312/9
f 660/1239/8 662/1245/115 694/1333/115 690/1321/8
f 651/1217/108 652/1220/111 691/1324/111 693/1330/108
f 665/1254/113 666/1257/110 696/1339/110 686/1309/113
f 654/1226/112 650/1214/10 688/1315/10 689/1318/112
f 690/1322/11 694/1334/11 695/1337/11 687/1313/11 686/1310/11 696/1340/11 697/1343/11 692/1328/11 689/1319/11 688/1316/11 693/1331/11 691/1325/11
f 710/1375/115 711/1378/109 743/1467/109 742/1464/115
f 715/1390/7 726/1416/7 727/1419/110 704/1361/110
f 704/1362/110 727/1420/110 730/1428/113 705/1363/113
f 705/1364/113 730/1429/113 724/1410/9 703/1359/9
f 729/1425/8 718/1396/8 707/1367/115 728/1422/115
f 728/1423/115 707/1368/115 706/1365/109 725/1413/109
f 725/1414/109 706/1366/109 703/1360/9 724/1411/9
f 726/1417/7 715/1391/7 717/1394/114 731/1431/114
f 731/1432/114 717/1395/114 716/1392/112 732/1434/112
f 732/1435/112 716/1393/112 719/1398/10 723/1407/10
f 718/1397/8 729/1426/8 733/1437/111 720/1400/111
f 720/1401/111 733/1438/111 722/1404/108 721/1402/108
f 721/1403/108 722/1405/108 723/1408/10 719/1399/10
f 713/1384/11 709/1372/11 723/1409/11 722/1406/11
f 698/1344/11 702/1356/11 725/1415/11 724/1412/11
f 708/1369/11 700/1350/11 727/1421/11 726/1418/11
f 701/1353/11 712/1381/11 729/1427/11 728/1424/11
f 700/1350/11 699/1347/11 730/1430/11 727/1421/11
f 699/1347/11 698/1344/11 724/1412/11 730/1430/11
f 702/1356/11 701/1353/11 728/1424/11 725/1415/11
f 710/1376/11 708/1369/11 726/1418/11 731/1433/11
f 711/1379/11 710/1376/11 731/1433/11 732/1436/11
f 709/1372/11 711/1379/11 732/1436/11 723/1409/11
f 712/1381/11 714/1387/11 733/1439/11 729/1427/11
f 714/1387/11 713/1384/11 722/1406/11 733/1439/11
f 698/1345/10 699/1348/108 741/1461/108 736/1446/10
f 700/1351/111 708/1370/8 738/1452/8 739/1455/111
f 711/1380/109 709/1373/9 735/1443/9 743/1468/109
f 701/1354/114 702/1357/112 737/1449/112 740/1458/114
f 712/1382/7 701/1355/114 740/1459/114 745/1473/7
f 714/1388/110 712/1383/7 745/1474/7 744/1470/110
f 709/1374/9 713/1385/113 734/1440/113 735/1444/9
f 708/1371/8 710/1377/115 742/1465/115 738/1453/8
f 699/1349/108 700/1352/111 739/1456/111 741/1462/108
f 713/1386/113 714/1389/110 744/1471/110 734/1441/113
f 702/1358/112 698/1346/10 736/1447/10 737/1450/112
f 738/1454/11 742/1466/11 743/1469/11 735/1445/11 734/1442/11 744/1472/11 745/1475/11 740/1460/11 737/1451/11 736/1448/11 741/1463/11 739/1457/11
f 758/1507/115 759/1510/109 791/1599/109 790/1596/115
f 763/1522/7 774/1548/7 775/1551/110 752/1493/110
f 752/1494/110 775/1552/110 778/1560/113 753/1495/113
f 753/1496/113 778/1561/113 772/1542/9 751/1491/9
f 777/1557/8 766/1528/8 755/1499/115 776/1554/115
f 776/1555/115 755/1500/115 754/1497/109 773/1545/109
f 773/1546/109 754/1498/109 751/1492/9 772/1543/9
f 774/1549/7 763/1523/7 765/1526/114 779/1563/114
f 779/1564/114 765/1527/114 764/1524/112 780/1566/112
f 780/1567/112 764/1525/112 767/1530/10 771/1539/10
f 766/1529/8 777/1558/8 781/1569/111 768/1532/111
f 768/1533/111 781/1570/111 770/1536/108 769/1534/108
f 769/1535/108 770/1537/108 771/1540/10 767/1531/10
f 761/1516/11 757/1504/11 771/1541/11 770/1538/11
f 746/1476/11 750/1488/11 773/1547/11 772/1544/11
f 756/1501/11 748/1482/11 775/1553/11 774/1550/11
f 749/1485/11 760/1513/11 777/1559/11 776/1556/11
f 748/1482/11 747/1479/11 778/1562/11 775/1553/11
f 747/1479/11 746/1476/11 772/1544/11 778/1562/11
f 750/1488/11 749/1485/11 776/1556/11 773/1547/11
f 758/1508/11 756/1501/11 774/1550/11 779/1565/11
f 759/1511/11 758/1508/11 779/1565/11 780/1568/11
f 757/1504/11 759/1511/11 780/1568/11 771/1541/11
f 760/1513/11 762/1519/11 781/1571/11 777/1559/11
f 762/1519/11 761/1516/11 770/1538/11 781/1571/11
f 746/1477/10 747/1480/108 789/1593/108 784/1578/10
f 748/1483/111 756/1502/8 786/1584/8 787/1587/111
f 759/1512/109 757/1505/9 783/1575/9 791/1600/109
f 749/1486/114 750/1489/112 785/1581/112 788/1590/114
f 760/1514/7 749/1487/114 788/1591/114 793/1605/7
f 762/1520/110 760/1515/7 793/1606/7 792/1602/110
f 757/1506/9 761/1517/113 782/1572/113 783/1576/9
f 756/1503/8 758/1509/115 790/1597/115 786/1585/8
f 747/1481/108 748/1484/111 787/1588/111 789/1594/108
f 761/1518/113 762/1521/110 792/1603/110 782/1573/113
f 750/1490/112 746/1478/10 784/1579/10 785/1582/112
f 786/1586/11 790/1598/11 791/1601/11 783/1577/11 782/1574/11 792/1604/11 793/1607/11 788/1592/11 785/1583/11 784/1580/11 789/1595/11 787/1589/11
s 0
usemtl electronics_etx_part_1
f 21/49/7 22/52/7 13/29/7 18/41/7
f 14/31/8 15/33/8 23/55/8 24/58/8
f 16/35/9 19/43/9 28/70/9 25/61/9
f 18/42/10 14/32/10 24/59/10 21/50/10
f 15/34/9 13/30/9 22/53/9 23/56/9
f 16/36/11 17/38/11 22/54/11 21/51/11
f 20/46/11 19/44/11 24/60/11 23/57/11
f 19/44/11 16/36/11 21/51/11 24/60/11
f 17/38/11 20/46/11 23/57/11 22/54/11
f 17/39/8 16/37/8 25/62/8 26/64/8
f 20/47/10 17/40/10 26/65/10 27/67/10
f 19/45/7 20/48/7 27/68/7 28/71/7
f 25/63/11 28/72/11 27/69/11 26/66/11
s 1
f 35/89/12 33/84/13 34/86/14 36/91/15 37/93/16 38/95/17 40/99/18 39/97/19
f 46/108/20 39/98/19 40/100/18 48/110/21
f 48/111/21 40/101/18 38/96/17 47/109/22
f 39/98/19 46/108/20 43/105/23 35/90/12
f 35/90/12 43/105/23 41/102/24 33/85/13
f 47/109/22 38/96/17 37/94/16 45/107/25
f 45/107/25 37/94/16 36/92/15 44/106/26
f 33/85/13 41/102/24 42/103/27 34/87/14
f 34/88/14 42/104/27 44/106/26 36/92/15
f 51/117/28 49/112/29 50/114/30 52/119/31 53/121/32 54/123/33 56/127/34 55/125/35
f 62/136/36 55/126/35 56/128/34 64/138/37
f 64/139/37 56/129/34 54/124/33 63/137/38
f 55/126/35 62/136/36 59/133/39 51/118/28
f 51/118/28 59/133/39 57/130/40 49/113/29
f 63/137/38 54/124/33 53/122/32 61/135/41
f 61/135/41 53/122/32 52/120/31 60/134/42
f 49/113/29 57/130/40 58/131/43 50/115/30
f 50/116/30 58/132/43 60/134/42 52/120/31
f 67/145/44 65/140/45 66/142/46 68/147/47 69/149/48 70/151/49 72/155/50 71/153/51
f 78/164/52 71/154/51 72/156/50 80/166/53
f 80/167/53 72/157/50 70/152/49 79/165/54
f 71/154/51 78/164/52 75/161/55 67/146/44
f 67/146/44 75/161/55 73/158/56 65/141/45
f 79/165/54 70/152/49 69/150/48 77/163/57
f 77/163/57 69/150/48 68/148/47 76/162/58
f 65/141/45 73/158/56 74/159/59 66/143/46
f 66/144/46 74/160/59 76/162/58 68/148/47
f 83/173/60 81/168/61 82/170/62 84/175/63 85/177/64 86/179/65 88/183/66 87/181/67
f 94/192/68 87/182/67 88/184/66 96/194/69
f 96/195/69 88/185/66 86/180/65 95/193/70
f 87/182/67 94/192/68 91/189/71 83/174/60
f 83/174/60 91/189/71 89/186/72 81/169/61
f 95/193/70 86/180/65 85/178/64 93/191/73
f 93/191/73 85/178/64 84/176/63 92/190/74
f 81/169/61 89/186/72 90/187/75 82/171/62
f 82/172/62 90/188/75 92/190/74 84/176/63
f 109/237/76 107/232/77 108/234/78 110/239/79 111/241/80 112/243/81 114/247/82 113/245/83
f 120/256/84 113/246/83 114/248/82 122/258/85
f 122/259/85 114/249/82 112/244/81 121/257/86
f 113/246/83 120/256/84 117/253/87 109/238/76
f 109/238/76 117/253/87 115/250/88 107/233/77
f 121/257/86 112/244/81 111/242/80 119/255/89
f 119/255/89 111/242/80 110/240/79 118/254/90
f 107/233/77 115/250/88 116/251/91 108/235/78
f 108/236/78 116/252/91 118/254/90 110/240/79
f 125/265/92 123/260/93 124/262/94 126/267/95 127/269/96 128/271/97 130/275/98 129/273/99
f 136/284/100 129/274/99 130/276/98 138/286/101
f 138/287/101 130/277/98 128/272/97 137/285/102
f 129/274/99 136/284/100 133/281/103 125/266/92
f 125/266/92 133/281/103 131/278/104 123/261/93
f 137/285/102 128/272/97 127/270/96 135/283/105
f 135/283/105 127/270/96 126/268/95 134/282/106
f 123/261/93 131/278/104 132/279/107 124/263/94
f 124/264/94 132/280/107 134/282/106 126/268/95
s 0
f 151/312/7 152/315/7 143/292/7 148/304/7
f 144/294/8 145/296/8 153/318/8 154/321/8
f 146/298/9 149/306/9 158/333/9 155/324/9
f 148/305/10 144/295/10 154/322/10 151/313/10
f 145/297/9 143/293/9 152/316/9 153/319/9
f 146/299/11 147/301/11 152/317/11 151/314/11
f 150/309/11 149/307/11 154/323/11 153/320/11
f 149/307/11 146/299/11 151/314/11 154/323/11
f 147/301/11 150/309/11 153/320/11 152/317/11
f 147/302/8 146/300/8 155/325/8 156/327/8
f 150/310/10 147/303/10 156/328/10 157/330/10
f 149/308/7 150/311/7 157/331/7 158/334/7
f 155/326/11 158/335/11 157/332/11 156/329/11
s 1
f 165/350/12 163/345/13 164/347/14 166/352/15 167/354/16 168/356/17 170/360/18 169/358/19
f 176/369/20 169/359/19 170/361/18 178/371/21
f 178/372/21 170/362/18 168/357/17 177/370/22
f 169/359/19 176/369/20 173/366/23 165/351/12
f 165/351/12 173/366/23 171/363/24 163/346/13
f 177/370/22 168/357/17 167/355/16 175/368/25
f 175/368/25 167/355/16 166/353/15 174/367/26
f 163/346/13 171/363/24 172/364/27 164/348/14
f 164/349/14 172/365/27 174/367/26 166/353/15
f 181/378/28 179/373/29 180/375/30 182/380/31 183/382/32 184/384/33 186/388/34 185/386/35
f 192/397/36 185/387/35 186/389/34 194/399/37
f 194/400/37 186/390/34 184/385/33 193/398/38
f 185/387/35 192/397/36 189/394/39 181/379/28
f 181/379/28 189/394/39 187/391/40 179/374/29
f 193/398/38 184/385/33 183/383/32 191/396/41
f 191/396/41 183/383/32 182/381/31 190/395/42
f 179/374/29 187/391/40 188/392/43 180/376/30
f 180/377/30 188/393/43 190/395/42 182/381/31
f 197/406/44 195/401/45 196/403/46 198/408/47 199/410/48 200/412/49 202/416/50 201/414/51
f 208/425/52 201/415/51 202/417/50 210/427/53
f 210/428/53 202/418/50 200/413/49 209/426/54
f 201/415/51 208/425/52 205/422/55 197/407/44
f 197/407/44 205/422/55 203/419/56 195/402/45
f 209/426/54 200/413/49 199/411/48 207/424/57
f 207/424/57 199/411/48 198/409/47 206/423/58
f 195/402/45 203/419/56 204/420/59 196/404/46
f 196/405/46 204/421/59 206/423/58 198/409/47
f 213/434/60 211/429/61 212/431/62 214/436/63 215/438/64 216/440/65 218/444/66 217/442/67
f 224/453/68 217/443/67 218/445/66 226/455/69
f 226/456/69 218/446/66 216/441/65 225/454/70
f 217/443/67 224/453/68 221/450/71 213/435/60
f 213/435/60 221/450/71 219/447/72 211/430/61
f 225/454/70 216/441/65 215/439/64 223/452/73
f 223/452/73 215/439/64 214/437/63 222/451/74
f 211/430/61 219/447/72 220/448/75 212/432/62
f 212/433/62 220/449/75 222/451/74 214/437/63
f 243/507/76 241/502/77 242/504/78 244/509/79 245/511/80 246/513/81 248/517/82 247/515/83
f 254/526/84 247/516/83 248/518/82 256/528/85
f 256/529/85 248/519/82 246/514/81 255/527/86
f 247/516/83 254/526/84 251/523/87 243/508/76
f 243/508/76 251/523/87 249/520/88 241/503/77
f 255/527/86 246/514/81 245/512/80 253/525/89
f 253/525/89 245/512/80 244/510/79 252/524/90
f 241/503/77 249/520/88 250/521/91 242/505/78
f 242/506/78 250/522/91 252/524/90 244/510/79
f 259/535/92 257/530/93 258/532/94 260/537/95 261/539/96 262/541/97 264/545/98 263/543/99
f 270/554/100 263/544/99 264/546/98 272/556/101
f 272/557/101 264/547/98 262/542/97 271/555/102
f 263/544/99 270/554/100 267/551/103 259/536/92
f 259/536/92 267/551/103 265/548/104 257/531/93
f 271/555/102 262/542/97 261/540/96 269/553/105
f 269/553/105 261/540/96 260/538/95 268/552/106
f 257/531/93 265/548/104 266/549/107 258/533/94
f 258/534/94 266/550/107 268/552/106 260/538/95
s 0
f 285/582/7 286/585/7 277/562/7 282/574/7
f 278/564/8 279/566/8 287/588/8 288/591/8
f 280/568/9 283/576/9 292/603/9 289/594/9
f 282/575/10 278/565/10 288/592/10 285/583/10
f 279/567/9 277/563/9 286/586/9 287/589/9
f 280/569/11 281/571/11 286/587/11 285/584/11
f 284/579/11 283/577/11 288/593/11 287/590/11
f 283/577/11 280/569/11 285/584/11 288/593/11
f 281/571/11 284/579/11 287/590/11 286/587/11
f 281/572/8 280/570/8 289/595/8 290/597/8
f 284/580/10 281/573/10 290/598/10 291/600/10
f 283/578/7 284/581/7 291/601/7 292/604/7
f 289/596/11 292/605/11 291/602/11 290/599/11
s 1
f 298/619/12 296/614/13 297/616/14 299/621/15 300/623/16 301/625/17 303/629/18 302/627/19
f 309/638/20 302/628/19 303/630/18 311/640/21
f 311/641/21 303/631/18 301/626/17 310/639/22
f 302/628/19 309/638/20 306/635/23 298/620/12
f 298/620/12 306/635/23 304/632/24 296/615/13
f 310/639/22 301/626/17 300/624/16 308/637/25
f 308/637/25 300/624/16 299/622/15 307/636/26
f 296/615/13 304/632/24 305/633/27 297/617/14
f 297/618/14 305/634/27 307/636/26 299/622/15
f 314/647/28 312/642/29 313/644/30 315/649/31 316/651/32 317/653/33 319/657/34 318/655/35
f 325/666/36 318/656/35 319/658/34 327/668/37
f 327/669/37 319/659/34 317/654/33 326/667/38
f 318/656/35 325/666/36 322/663/39 314/648/28
f 314/648/28 322/663/39 320/660/40 312/643/29
f 326/667/38 317/654/33 316/652/32 324/665/41
f 324/665/41 316/652/32 315/650/31 323/664/42
f 312/643/29 320/660/40 321/661/43 313/645/30
f 313/646/30 321/662/43 323/664/42 315/650/31
f 330/675/44 328/670/45 329/672/46 331/677/47 332/679/48 333/681/49 335/685/50 334/683/51
f 341/694/52 334/684/51 335/686/50 343/696/53
f 343/697/53 335/687/50 333/682/49 342/695/54
f 334/684/51 341/694/52 338/691/55 330/676/44
f 330/676/44 338/691/55 336/688/56 328/671/45
f 342/695/54 333/682/49 332/680/48 340/693/57
f 340/693/57 332/680/48 331/678/47 339/692/58
f 328/671/45 336/688/56 337/689/59 329/673/46
f 329/674/46 337/690/59 339/692/58 331/678/47
f 346/703/60 344/698/61 345/700/62 347/705/63 348/707/64 349/709/65 351/713/66 350/711/67
f 357/722/68 350/712/67 351/714/66 359/724/69
f 359/725/69 351/715/66 349/710/65 358/723/70
f 350/712/67 357/722/68 354/719/71 346/704/60
f 346/704/60 354/719/71 352/716/72 344/699/61
f 358/723/70 349/710/65 348/708/64 356/721/73
f 356/721/73 348/708/64 347/706/63 355/720/74
f 344/699/61 352/716/72 353/717/75 345/701/62
f 345/702/62 353/718/75 355/720/74 347/706/63
f 376/773/76 374/768/77 375/770/78 377/775/79 378/777/80 379/779/81 381/783/82 380/781/83
f 387/792/84 380/782/83 381/784/82 389/794/85
f 389/795/85 381/785/82 379/780/81 388/793/86
f 380/782/83 387/792/84 384/789/87 376/774/76
f 376/774/76 384/789/87 382/786/88 374/769/77
f 388/793/86 379/780/81 378/778/80 386/791/89
f 386/791/89 378/778/80 377/776/79 385/790/90
f 374/769/77 382/786/88 383/787/91 375/771/78
f 375/772/78 383/788/91 385/790/90 377/776/79
f 392/801/92 390/796/93 391/798/94 393/803/95 394/805/96 395/807/97 397/811/98 396/809/99
f 403/820/100 396/810/99 397/812/98 405/822/101
f 405/823/101 397/813/98 395/808/97 404/821/102
f 396/810/99 403/820/100 400/817/103 392/802/92
f 392/802/92 400/817/103 398/814/104 390/797/93
f 404/821/102 395/808/97 394/806/96 402/819/105
f 402/819/105 394/806/96 393/804/95 401/818/106
f 390/797/93 398/814/104 399/815/107 391/799/94
f 391/800/94 399/816/107 401/818/106 393/804/95
f 423/844/108 422/841/10 410/828/10 411/829/108
f 428/853/9 427/851/109 415/833/109 416/834/9
f 431/859/7 430/858/110 418/836/110 419/837/7
f 425/848/8 424/846/111 412/830/111 413/831/8
f 422/841/10 433/864/112 421/840/112 410/828/10
f 429/856/113 428/853/9 416/834/9 417/835/113
f 432/862/114 431/860/7 419/838/7 420/839/114
f 433/864/112 432/862/114 420/839/114 421/840/112
f 427/851/109 426/850/115 414/832/115 415/833/109
f 422/842/11 423/843/11 424/845/11 425/847/11 426/849/11 427/852/11 428/854/11 429/855/11 430/857/11 431/861/11 432/863/11 433/865/11
f 424/846/111 423/844/108 411/829/108 412/830/111
f 430/858/110 429/856/113 417/835/113 418/836/110
f 426/850/115 425/848/8 413/831/8 414/832/115
f 438/872/10 449/891/116 445/883/116 434/866/10
f 440/876/9 447/887/117 443/881/117 436/868/9
f 441/877/7 448/889/118 444/882/118 437/869/7
f 438/871/11 446/884/11 439/873/11 447/886/11 440/875/11 448/888/11 441/878/11 449/890/11
f 439/874/8 446/885/119 442/880/119 435/867/8
f 439/874/8 435/867/8 443/881/117 447/887/117
f 449/891/116 441/879/7 437/870/7 445/883/116
f 448/889/118 440/876/9 436/868/9 444/882/118
f 446/885/119 438/872/10 434/866/10 442/880/119
f 463/908/108 462/905/10 450/892/10 451/893/108
f 468/917/9 467/915/109 455/897/109 456/898/9
f 471/923/7 470/922/110 458/900/110 459/901/7
f 465/912/8 464/910/111 452/894/111 453/895/8
f 462/905/10 473/928/112 461/904/112 450/892/10
f 469/920/113 468/917/9 456/898/9 457/899/113
f 472/926/114 471/924/7 459/902/7 460/903/114
f 473/928/112 472/926/114 460/903/114 461/904/112
f 467/915/109 466/914/115 454/896/115 455/897/109
f 462/906/11 463/907/11 464/909/11 465/911/11 466/913/11 467/916/11 468/918/11 469/919/11 470/921/11 471/925/11 472/927/11 473/929/11
f 464/910/111 463/908/108 451/893/108 452/894/111
f 470/922/110 469/920/113 457/899/113 458/900/110
f 466/914/115 465/912/8 453/895/8 454/896/115
f 478/936/10 489/955/116 485/947/116 474/930/10
f 480/940/9 487/951/117 483/945/117 476/932/9
f 481/941/7 488/953/118 484/946/118 477/933/7
f 478/935/11 486/948/11 479/937/11 487/950/11 480/939/11 488/952/11 481/942/11 489/954/11
f 479/938/8 486/949/119 482/944/119 475/931/8
f 479/938/8 475/931/8 483/945/117 487/951/117
f 489/955/116 481/943/7 477/934/7 485/947/116
f 488/953/118 480/940/9 476/932/9 484/946/118
f 486/949/119 478/936/10 474/930/10 482/944/119
f 503/972/108 502/969/10 490/956/10 491/957/108
f 508/981/9 507/979/109 495/961/109 496/962/9
f 511/987/7 510/986/110 498/964/110 499/965/7
f 505/976/8 504/974/111 492/958/111 493/959/8
f 502/969/10 513/992/112 501/968/112 490/956/10
f 509/984/113 508/981/9 496/962/9 497/963/113
f 512/990/114 511/988/7 499/966/7 500/967/114
f 513/992/112 512/990/114 500/967/114 501/968/112
f 507/979/109 506/978/115 494/960/115 495/961/109
f 502/970/11 503/971/11 504/973/11 505/975/11 506/977/11 507/980/11 508/982/11 509/983/11 510/985/11 511/989/11 512/991/11 513/993/11
f 504/974/111 503/972/108 491/957/108 492/958/111
f 510/986/110 509/984/113 497/963/113 498/964/110
f 506/978/115 505/976/8 493/959/8 494/960/115
f 518/1000/10 529/1019/116 525/1011/116 514/994/10
f 520/1004/9 527/1015/117 523/1009/117 516/996/9
f 521/1005/7 528/1017/118 524/1010/118 517/997/7
f 518/999/11 526/1012/11 519/1001/11 527/1014/11 520/1003/11 528/1016/11 521/1006/11 529/1018/11
f 519/1002/8 526/1013/119 522/1008/119 515/995/8
f 519/1002/8 515/995/8 523/1009/117 527/1015/117
f 529/1019/116 521/1007/7 517/998/7 525/1011/116
f 528/1017/118 520/1004/9 516/996/9 524/1010/118
f 526/1013/119 518/1000/10 514/994/10 522/1008/119
f 543/1036/108 542/1033/10 530/1020/10 531/1021/108
f 548/1045/9 547/1043/109 535/1025/109 536/1026/9
f 551/1051/7 550/1050/110 538/1028/110 539/1029/7
f 545/1040/8 544/1038/111 532/1022/111 533/1023/8
f 542/1033/10 553/1056/112 541/1032/112 530/1020/10
f 549/1048/113 548/1045/9 536/1026/9 537/1027/113
f 552/1054/114 551/1052/7 539/1030/7 540/1031/114
f 553/1056/112 552/1054/114 540/1031/114 541/1032/112
f 547/1043/109 546/1042/115 534/1024/115 535/1025/109
f 542/1034/11 543/1035/11 544/1037/11 545/1039/11 546/1041/11 547/1044/11 548/1046/11 549/1047/11 550/1049/11 551/1053/11 552/1055/11 553/1057/11
f 544/1038/111 543/1036/108 531/1021/108 532/1022/111
f 550/1050/110 549/1048/113 537/1027/113 538/1028/110
f 546/1042/115 545/1040/8 533/1023/8 534/1024/115
f 558/1064/10 569/1083/116 565/1075/116 554/1058/10
f 560/1068/9 567/1079/117 563/1073/117 556/1060/9
f 561/1069/7 568/1081/118 564/1074/118 557/1061/7
f 558/1063/11 566/1076/11 559/1065/11 567/1078/11 560/1067/11 568/1080/11 561/1070/11 569/1082/11
f 559/1066/8 566/1077/119 562/1072/119 555/1059/8
f 559/1066/8 555/1059/8 563/1073/117 567/1079/117
f 569/1083/116 561/1071/7 557/1062/7 565/1075/116
f 568/1081/118 560/1068/9 556/1060/9 564/1074/118
f 566/1077/119 558/1064/10 554/1058/10 562/1072/119
f 583/1100/108 582/1097/10 570/1084/10 571/1085/108
f 588/1109/9 587/1107/109 575/1089/109 576/1090/9
f 591/1115/7 590/1114/110 578/1092/110 579/1093/7
f 585/1104/8 584/1102/111 572/1086/111 573/1087/8
f 582/1097/10 593/1120/112 581/1096/112 570/1084/10
f 589/1112/113 588/1109/9 576/1090/9 577/1091/113
f 592/1118/114 591/1116/7 579/1094/7 580/1095/114
f 593/1120/112 592/1118/114 580/1095/114 581/1096/112
f 587/1107/109 586/1106/115 574/1088/115 575/1089/109
f 582/1098/11 583/1099/11 584/1101/11 585/1103/11 586/1105/11 587/1108/11 588/1110/11 589/1111/11 590/1113/11 591/1117/11 592/1119/11 593/1121/11
f 584/1102/111 583/1100/108 571/1085/108 572/1086/111
f 590/1114/110 589/1112/113 577/1091/113 578/1092/110
f 586/1106/115 585/1104/8 573/1087/8 574/1088/115
f 598/1128/10 609/1147/116 605/1139/116 594/1122/10
f 600/1132/9 607/1143/117 603/1137/117 596/1124/9
f 601/1133/7 608/1145/118 604/1138/118 597/1125/7
f 598/1127/11 606/1140/11 599/1129/11 607/1142/11 600/1131/11 608/1144/11 601/1134/11 609/1146/11
f 599/1130/8 606/1141/119 602/1136/119 595/1123/8
f 599/1130/8 595/1123/8 603/1137/117 607/1143/117
f 609/1147/116 601/1135/7 597/1126/7 605/1139/116
f 608/1145/118 600/1132/9 596/1124/9 604/1138/118
f 606/1141/119 598/1128/10 594/1122/10 602/1136/119
f 623/1164/108 622/1161/10 610/1148/10 611/1149/108
f 628/1173/9 627/1171/109 615/1153/109 616/1154/9
f 631/1179/7 630/1178/110 618/1156/110 619/1157/7
f 625/1168/8 624/1166/111 612/1150/111 613/1151/8
f 622/1161/10 633/1184/112 621/1160/112 610/1148/10
f 629/1176/113 628/1173/9 616/1154/9 617/1155/113
f 632/1182/114 631/1180/7 619/1158/7 620/1159/114
f 633/1184/112 632/1182/114 620/1159/114 621/1160/112
f 627/1171/109 626/1170/115 614/1152/115 615/1153/109
f 622/1162/11 623/1163/11 624/1165/11 625/1167/11 626/1169/11 627/1172/11 628/1174/11 629/1175/11 630/1177/11 631/1181/11 632/1183/11 633/1185/11
f 624/1166/111 623/1164/108 611/1149/108 612/1150/111
f 630/1178/110 629/1176/113 617/1155/113 618/1156/110
f 626/1170/115 625/1168/8 613/1151/8 614/1152/115
f 638/1192/10 649/1211/116 645/1203/116 634/1186/10
f 640/1196/9 647/1207/117 643/1201/117 636/1188/9
f 641/1197/7 648/1209/118 644/1202/118 637/1189/7
f 638/1191/11 646/1204/11 639/1193/11 647/1206/11 640/1195/11 648/1208/11 641/1198/11 649/1210/11
f 639/1194/8 646/1205/119 642/1200/119 635/1187/8
f 639/1194/8 635/1187/8 643/1201/117 647/1207/117
f 649/1211/116 641/1199/7 637/1190/7 645/1203/116
f 648/1209/118 640/1196/9 636/1188/9 644/1202/118
f 646/1205/119 638/1192/10 634/1186/10 642/1200/119
o panel_etx_2_1_button_child_2
v 0.134600 0.012463 0.186627
v 0.091400 0.012463 0.186627
v 0.134600 -0.002592 0.163826
v 0.091400 -0.002592 0.163826
v 0.134600 0.079227 0.168737
v 0.091400 0.079227 0.168737
v 0.134600 0.080864 0.141464
v 0.091400 0.080864 0.141464
v 0.134600 0.039136 0.152645
v 0.091400 0.039136 0.152645
v 0.134600 0.043609 0.169337
v 0.091400 0.043609 0.169337
vn -0.0000 -0.8345 0.5510
vn -0.0000 0.9982 0.0599
vn -0.0000 0.4854 0.8743
vn 1.0000 -0.0000 -0.0000
vn -1.0000 -0.0000 -0.0000
vn -0.0000 0.0168 0.9999
vt 0.087891 0.410156
vt 0.121094 0.412109
vt 0.091720 0.407995
vt 0.087891 0.390625
vt 0.121094 0.392578
vt 0.091716 0.407916
vt 0.099609 0.410156
vt 0.087776 0.397070
vt 0.099609 0.390625
vt 0.087778 0.397101
vt 0.087891 0.410156
vt 0.123801 0.407995
vt 0.136719 0.412109
vt 0.087891 0.390625
vt 0.123805 0.407916
vt 0.136719 0.392578
vt 0.099609 0.410156
vt 0.127745 0.397070
vt 0.099609 0.390625
vt 0.127743 0.397101
vt 0.107778 0.397103
vt 0.107741 0.397137
vt 0.136719 0.412109
vt 0.107733 0.404239
vt 0.121094 0.412109
vt 0.136719 0.392578
vt 0.107791 0.404186
vt 0.121094 0.392578
s 0
usemtl electronics_etx_part_1
f 794/1608/120 795/1611/120 797/1616/120 796/1614/120
f 800/1624/121 801/1626/121 799/1621/121 798/1618/121
f 804/1630/122 805/1633/122 795/1612/122 794/1609/122
f 802/1628/123 800/1625/123 798/1619/123 804/1631/123
f 803/1629/124 797/1617/124 795/1613/124 805/1634/124
f 801/1627/124 803/1629/124 805/1634/124 799/1622/124
f 796/1615/123 802/1628/123 804/1631/123 794/1610/123
f 798/1620/125 799/1623/125 805/1635/125 804/1632/125
o panel_etx_2_1_button_child_3
v 0.574600 0.012463 0.186627
v 0.531400 0.012463 0.186627
v 0.574600 -0.002592 0.163826
v 0.531400 -0.002592 0.163826
v 0.574600 0.079227 0.168737
v 0.531400 0.079227 0.168737
v 0.574600 0.080864 0.141464
v 0.531400 0.080864 0.141464
v 0.574600 0.039136 0.152645
v 0.531400 0.039136 0.152645
v 0.574600 0.043609 0.169337
v 0.531400 0.043609 0.169337
vn -0.0000 -0.8345 0.5510
vn -0.0000 0.9982 0.0599
vn -0.0000 0.4854 0.8743
vn 1.0000 -0.0000 -0.0000
vn -1.0000 -0.0000 -0.0000
vn -0.0000 0.0168 0.9999
vt 0.138672 0.359375
vt 0.171875 0.361328
vt 0.142501 0.357214
vt 0.138672 0.339844
vt 0.171875 0.341797
vt 0.142497 0.357135
vt 0.150391 0.359375
vt 0.138558 0.346288
vt 0.150391 0.339844
vt 0.138559 0.346319
vt 0.138672 0.359375
vt 0.174582 0.357214
vt 0.187500 0.361328
vt 0.138672 0.339844
vt 0.174586 0.357135
vt 0.187500 0.341797
vt 0.150391 0.359375
vt 0.178526 0.346288
vt 0.150391 0.339844
vt 0.178524 0.346319
vt 0.158559 0.346322
vt 0.158522 0.346356
vt 0.187500 0.361328
vt 0.158514 0.353457
vt 0.171875 0.361328
vt 0.187500 0.341797
vt 0.158572 0.353404
vt 0.171875 0.341797
s 0
usemtl electronics_etx_part_1
f 806/1636/126 807/1639/126 809/1644/126 808/1642/126
f 812/1652/127 813/1654/127 811/1649/127 810/1646/127
f 816/1658/128 817/1661/128 807/1640/128 806/1637/128
f 814/1656/129 812/1653/129 810/1647/129 816/1659/129
f 815/1657/130 809/1645/130 807/1641/130 817/1662/130
f 813/1655/130 815/1657/130 817/1662/130 811/1650/130
f 808/1643/129 814/1656/129 816/1659/129 806/1638/129
f 810/1648/131 811/1651/131 817/1663/131 816/1660/131
o panel_etx_2_1_switch_child_1
v -0.462682 -0.079333 0.148288
v -0.470771 -0.072327 0.144243
v -0.478860 -0.079333 0.148288
v -0.470771 -0.086338 0.152333
v -0.462682 -0.073645 0.158140
v -0.470771 -0.066639 0.154095
v -0.478860 -0.073645 0.158140
v -0.470771 -0.080650 0.162185
v -0.465246 -0.074548 0.145526
v -0.476296 -0.074548 0.145526
v -0.476296 -0.084118 0.151051
v -0.465246 -0.084118 0.151051
v -0.465246 -0.068860 0.155377
v -0.476296 -0.068860 0.155377
v -0.476296 -0.078430 0.160903
v -0.465246 -0.078430 0.160903
v -0.467084 -0.076838 0.159983
v -0.467084 -0.070452 0.156297
v -0.474458 -0.070452 0.156297
v -0.474458 -0.076838 0.159983
v -0.465444 -0.066944 0.180401
v -0.465444 -0.057716 0.175074
v -0.476099 -0.057716 0.175074
v -0.476099 -0.066944 0.180401
v -0.467504 -0.061714 0.185340
v -0.467504 -0.056055 0.182072
v -0.474039 -0.056055 0.182072
v -0.474039 -0.061714 0.185340
vn 0.9791 0.1016 0.1759
vn 0.7071 -0.6124 0.3536
vn 0.9791 -0.1016 -0.1759
vn -0.0000 0.5000 0.8660
vn -0.7071 0.6124 -0.3536
vn -0.0000 0.9495 -0.3136
vn -0.0000 0.7464 -0.6655
vn -0.9791 0.1016 0.1759
vn -0.9791 -0.1016 -0.1759
vn -0.7071 -0.6124 0.3536
vn -0.0000 -0.7464 0.6655
vn -0.0000 -0.9495 0.3136
vn 0.7071 0.6124 -0.3536
vn -0.0010 0.8264 -0.5631
vn -0.0000 0.8276 -0.5613
vn 0.0010 0.8264 -0.5631
vn 0.0012 -0.6850 0.7285
vn -0.0018 -0.6862 0.7274
vn -0.1389 -0.7506 0.6460
vn 0.1724 -0.6778 0.7148
vn -0.0885 0.6207 0.7791
vn -0.0915 0.3661 0.9261
vn 0.1470 0.4146 0.8981
vn 0.0018 0.6418 0.7669
vn 0.0023 -0.9003 0.4353
vn -0.0000 -0.8999 0.4361
vn -0.0007 -0.9006 0.4346
vn -0.9914 0.0221 0.1291
vn -0.9735 -0.0278 0.2269
vn -0.9575 0.1431 0.2503
vn -0.9579 0.1455 0.2474
vn -0.9973 -0.0385 -0.0622
vn -0.9974 -0.0362 -0.0626
vn -0.9972 -0.0364 -0.0650
vn 0.9900 0.1156 0.0802
vn 0.9576 0.1448 0.2489
vn 0.9575 0.1431 0.2503
vn 0.9896 0.0090 0.1436
vn 0.0022 0.9731 -0.2304
vn 0.0620 0.9213 -0.3840
vn -0.1362 0.9340 -0.3303
vn -0.0023 0.9731 -0.2304
vn 0.9973 -0.0350 -0.0640
vn 0.9974 -0.0362 -0.0626
vn 0.9973 -0.0385 -0.0622
vt 0.104223 0.248345
vt 0.110671 0.248345
vt 0.117120 0.248345
vt 0.123569 0.248345
vt 0.097774 0.248345
vt 0.102131 0.241285
vt 0.104223 0.254367
vt 0.108162 0.241824
vt 0.110671 0.254367
vt 0.107624 0.247855
vt 0.117120 0.254367
vt 0.101592 0.247317
vt 0.123569 0.254367
vt 0.097774 0.254367
vt 0.107447 0.248345
vt 0.113896 0.248345
vt 0.120344 0.248345
vt 0.100999 0.248345
vt 0.105245 0.240451
vt 0.107447 0.254367
vt 0.108997 0.244938
vt 0.113896 0.254367
vt 0.104509 0.248690
vt 0.120344 0.254367
vt 0.100757 0.244202
vt 0.100999 0.254367
vt 0.196042 0.241145
vt 0.194853 0.240934
vt 0.190733 0.240483
vt 0.191940 0.240510
vt 0.187789 0.240510
vt 0.186593 0.240668
vt 0.198856 0.242010
vt 0.183687 0.241145
vt 0.154366 0.232174
vt 0.198791 0.229432
vt 0.152232 0.234823
vt 0.197073 0.229127
vt 0.191120 0.228475
vt 0.148544 0.231584
vt 0.145954 0.229456
vt 0.192864 0.228513
vt 0.186865 0.228513
vt 0.151272 0.223068
vt 0.185136 0.228742
vt 0.149139 0.225717
vt 0.157550 0.228434
vt 0.202857 0.230682
vt 0.154960 0.226307
vt 0.180938 0.229432
vt 0.152506 0.229922
vt 0.152682 0.230161
vt 0.152372 0.230901
vt 0.150597 0.229950
vt 0.150817 0.229751
vt 0.149906 0.229584
vt 0.150822 0.227730
vt 0.151133 0.226990
vt 0.150998 0.227968
vt 0.153598 0.228306
vt 0.152907 0.227941
vt 0.152687 0.228139
s 1
usemtl electronics_etx_part_1
f 822/1670/132 833/1689/133 829/1681/133 818/1664/134
f 822/1669/135 830/1682/135 823/1671/135 831/1684/135 824/1673/135 832/1686/135 825/1675/135 833/1688/135
f 831/1685/136 823/1672/137 819/1665/138 827/1679/136
f 824/1674/139 831/1685/136 827/1679/136 820/1666/140
f 832/1687/141 824/1674/139 820/1666/140 828/1680/141
f 825/1676/142 832/1687/141 828/1680/141 821/1667/143
f 823/1672/137 830/1683/144 826/1678/144 819/1665/138
f 825/1677/142 821/1668/143 829/1681/133 833/1689/133
f 830/1683/144 822/1670/132 818/1664/134 826/1678/144
f 839/1702/145 835/1692/146 836/1694/146 840/1706/147
f 841/1710/148 838/1698/149 842/1714/150 845/1723/151
f 842/1715/152 843/1717/153 844/1720/154 845/1724/155
f 841/1711/156 837/1696/157 834/1690/157 838/1699/158
f 845/1725/159 844/1721/160 840/1707/161 841/1712/162
f 840/1708/163 836/1695/164 837/1697/164 841/1713/165
f 842/1716/166 838/1700/167 839/1703/168 843/1718/169
f 840/1709/170 844/1722/171 843/1719/172 839/1704/173
f 838/1701/174 834/1691/175 835/1693/175 839/1705/176
o panel_etx_2_1_switch_child_2
v -0.400137 -0.079333 0.148288
v -0.408226 -0.072327 0.144243
v -0.416316 -0.079333 0.148288
v -0.408226 -0.086338 0.152333
v -0.400137 -0.073645 0.158140
v -0.408226 -0.066639 0.154095
v -0.416316 -0.073645 0.158140
v -0.408226 -0.080650 0.162185
v -0.402701 -0.074548 0.145526
v -0.413751 -0.074548 0.145526
v -0.413751 -0.084118 0.151051
v -0.402701 -0.084118 0.151051
v -0.402701 -0.068860 0.155377
v -0.413751 -0.068860 0.155377
v -0.413751 -0.078430 0.160903
v -0.402701 -0.078430 0.160903
v -0.404540 -0.076838 0.159983
v -0.404540 -0.070452 0.156297
v -0.411913 -0.070452 0.156297
v -0.411913 -0.076838 0.159983
v -0.402899 -0.066944 0.180401
v -0.402899 -0.057716 0.175074
v -0.413554 -0.057716 0.175074
v -0.413554 -0.066944 0.180401
v -0.404959 -0.061714 0.185340
v -0.404959 -0.056055 0.182072
v -0.411494 -0.056055 0.182072
v -0.411494 -0.061714 0.185340
vn 0.9791 0.1016 0.1759
vn 0.7071 -0.6124 0.3536
vn 0.9791 -0.1016 -0.1759
vn -0.0000 0.5000 0.8660
vn -0.7071 0.6124 -0.3536
vn -0.0000 0.9495 -0.3136
vn -0.0000 0.7464 -0.6655
vn -0.9791 0.1016 0.1759
vn -0.9791 -0.1016 -0.1759
vn -0.7071 -0.6124 0.3536
vn -0.0000 -0.7464 0.6655
vn -0.0000 -0.9495 0.3136
vn 0.7071 0.6124 -0.3536
vn -0.0010 0.8264 -0.5631
vn -0.0000 0.8276 -0.5613
vn 0.0010 0.8264 -0.5631
vn 0.0012 -0.6850 0.7285
vn -0.0018 -0.6862 0.7274
vn -0.1389 -0.7506 0.6460
vn 0.1724 -0.6778 0.7148
vn -0.0885 0.6207 0.7791
vn -0.0915 0.3661 0.9261
vn 0.1470 0.4146 0.8981
vn 0.0018 0.6418 0.7669
vn 0.0023 -0.9003 0.4353
vn -0.0000 -0.8999 0.4361
vn -0.0007 -0.9006 0.4346
vn -0.9914 0.0221 0.1291
vn -0.9735 -0.0278 0.2269
vn -0.9575 0.1431 0.2503
vn -0.9579 0.1455 0.2474
vn -0.9973 -0.0385 -0.0622
vn -0.9974 -0.0362 -0.0626
vn -0.9972 -0.0364 -0.0650
vn 0.9900 0.1156 0.0802
vn 0.9576 0.1448 0.2489
vn 0.9575 0.1431 0.2503
vn 0.9896 0.0090 0.1436
vn 0.0022 0.9731 -0.2304
vn 0.0620 0.9213 -0.3840
vn -0.1362 0.9340 -0.3303
vn -0.0023 0.9731 -0.2304
vn 0.9973 -0.0350 -0.0640
vn 0.9974 -0.0362 -0.0626
vn 0.9973 -0.0385 -0.0622
vt 0.104223 0.248345
vt 0.110671 0.248345
vt 0.117120 0.248345
vt 0.123569 0.248345
vt 0.097774 0.248345
vt 0.102131 0.241285
vt 0.104223 0.254367
vt 0.108162 0.241824
vt 0.110671 0.254367
vt 0.107624 0.247855
vt 0.117120 0.254367
vt 0.101592 0.247317
vt 0.123569 0.254367
vt 0.097774 0.254367
vt 0.107447 0.248345
vt 0.113896 0.248345
vt 0.120344 0.248345
vt 0.100999 0.248345
vt 0.105245 0.240451
vt 0.107447 0.254367
vt 0.108997 0.244938
vt 0.113896 0.254367
vt 0.104509 0.248690
vt 0.120344 0.254367
vt 0.100757 0.244202
vt 0.100999 0.254367
vt 0.196042 0.241145
vt 0.194853 0.240934
vt 0.190733 0.240483
vt 0.191940 0.240510
vt 0.187789 0.240510
vt 0.186593 0.240668
vt 0.198856 0.242010
vt 0.183687 0.241145
vt 0.154366 0.232174
vt 0.198791 0.229432
vt 0.152232 0.234823
vt 0.197073 0.229127
vt 0.191120 0.228475
vt 0.148544 0.231584
vt 0.145954 0.229456
vt 0.192864 0.228513
vt 0.186865 0.228513
vt 0.151272 0.223068
vt 0.185136 0.228742
vt 0.149139 0.225717
vt 0.157550 0.228434
vt 0.202857 0.230682
vt 0.154960 0.226307
vt 0.180938 0.229432
vt 0.152506 0.229922
vt 0.152682 0.230161
vt 0.152372 0.230901
vt 0.150597 0.229950
vt 0.150817 0.229751
vt 0.149906 0.229584
vt 0.150822 0.227730
vt 0.151133 0.226990
vt 0.150998 0.227968
vt 0.153598 0.228306
vt 0.152907 0.227941
vt 0.152687 0.228139
s 1
usemtl electronics_etx_part_1
f 850/1732/177 861/1751/178 857/1743/178 846/1726/179
f 850/1731/180 858/1744/180 851/1733/180 859/1746/180 852/1735/180 860/1748/180 853/1737/180 861/1750/180
f 859/1747/181 851/1734/182 847/1727/183 855/1741/181
f 852/1736/184 859/1747/181 855/1741/181 848/1728/185
f 860/1749/186 852/1736/184 848/1728/185 856/1742/186
f 853/1738/187 860/1749/186 856/1742/186 849/1729/188
f 851/1734/182 858/1745/189 854/1740/189 847/1727/183
f 853/1739/187 849/1730/188 857/1743/178 861/1751/178
f 858/1745/189 850/1732/177 846/1726/179 854/1740/189
f 867/1764/190 863/1754/191 864/1756/191 868/1768/192
f 869/1772/193 866/1760/194 870/1776/195 873/1785/196
f 870/1777/197 871/1779/198 872/1782/199 873/1786/200
f 869/1773/201 865/1758/202 862/1752/202 866/1761/203
f 873/1787/204 872/1783/205 868/1769/206 869/1774/207
f 868/1770/208 864/1757/209 865/1759/209 869/1775/210
f 870/1778/211 866/1762/212 867/1765/213 871/1780/214
f 868/1771/215 872/1784/216 871/1781/217 867/1766/218
f 866/1763/219 862/1753/220 863/1755/220 867/1767/221
o panel_etx_2_1_switch_child_3
v -0.022682 -0.079333 0.148288
v -0.030771 -0.072327 0.144243
v -0.038860 -0.079333 0.148288
v -0.030771 -0.086338 0.152333
v -0.022682 -0.073645 0.158140
v -0.030771 -0.066639 0.154095
v -0.038860 -0.073645 0.158140
v -0.030771 -0.080650 0.162185
v -0.025246 -0.074548 0.145526
v -0.036296 -0.074548 0.145526
v -0.036296 -0.084118 0.151051
v -0.025246 -0.084118 0.151051
v -0.025246 -0.068860 0.155377
v -0.036296 -0.068860 0.155377
v -0.036296 -0.078430 0.160903
v -0.025246 -0.078430 0.160903
v -0.027084 -0.076838 0.159983
v -0.027084 -0.070452 0.156297
v -0.034458 -0.070452 0.156297
v -0.034458 -0.076838 0.159983
v -0.025444 -0.066944 0.180401
v -0.025444 -0.057716 0.175074
v -0.036099 -0.057716 0.175074
v -0.036099 -0.066944 0.180401
v -0.027504 -0.061714 0.185340
v -0.027504 -0.056055 0.182072
v -0.034038 -0.056055 0.182072
v -0.034038 -0.061714 0.185340
vn 0.9791 0.1016 0.1759
vn 0.7071 -0.6124 0.3536
vn 0.9791 -0.1016 -0.1759
vn -0.0000 0.5000 0.8660
vn -0.7071 0.6124 -0.3536
vn -0.0000 0.9495 -0.3136
vn -0.0000 0.7464 -0.6655
vn -0.9791 0.1016 0.1759
vn -0.9791 -0.1016 -0.1759
vn -0.7071 -0.6124 0.3536
vn -0.0000 -0.7464 0.6655
vn -0.0000 -0.9495 0.3136
vn 0.7071 0.6124 -0.3536
vn -0.0010 0.8264 -0.5631
vn -0.0000 0.8276 -0.5613
vn 0.0010 0.8264 -0.5631
vn 0.0012 -0.6850 0.7285
vn -0.0018 -0.6862 0.7274
vn -0.1389 -0.7506 0.6460
vn 0.1724 -0.6778 0.7148
vn -0.0885 0.6207 0.7791
vn -0.0915 0.3661 0.9261
vn 0.1470 0.4146 0.8981
vn 0.0018 0.6418 0.7669
vn 0.0023 -0.9003 0.4353
vn -0.0000 -0.8999 0.4361
vn -0.0007 -0.9006 0.4346
vn -0.9914 0.0221 0.1291
vn -0.9735 -0.0278 0.2269
vn -0.9575 0.1431 0.2503
vn -0.9579 0.1455 0.2474
vn -0.9973 -0.0385 -0.0622
vn -0.9974 -0.0362 -0.0626
vn -0.9972 -0.0364 -0.0650
vn 0.9900 0.1156 0.0802
vn 0.9576 0.1448 0.2489
vn 0.9575 0.1431 0.2503
vn 0.9896 0.0090 0.1436
vn 0.0022 0.9731 -0.2304
vn 0.0620 0.9213 -0.3840
vn -0.1362 0.9340 -0.3303
vn -0.0023 0.9731 -0.2304
vn 0.9973 -0.0350 -0.0640
vn 0.9974 -0.0362 -0.0626
vn 0.9973 -0.0385 -0.0622
vt 0.104223 0.248345
vt 0.110671 0.248345
vt 0.117120 0.248345
vt 0.123569 0.248345
vt 0.097774 0.248345
vt 0.102131 0.241285
vt 0.104223 0.254367
vt 0.108162 0.241824
vt 0.110671 0.254367
vt 0.107624 0.247855
vt 0.117120 0.254367
vt 0.101592 0.247317
vt 0.123569 0.254367
vt 0.097774 0.254367
vt 0.107447 0.248345
vt 0.113896 0.248345
vt 0.120344 0.248345
vt 0.100999 0.248345
vt 0.105245 0.240451
vt 0.107447 0.254367
vt 0.108997 0.244938
vt 0.113896 0.254367
vt 0.104509 0.248690
vt 0.120344 0.254367
vt 0.100757 0.244202
vt 0.100999 0.254367
vt 0.196042 0.241145
vt 0.194853 0.240934
vt 0.190733 0.240483
vt 0.191940 0.240510
vt 0.187789 0.240510
vt 0.186593 0.240668
vt 0.198856 0.242010
vt 0.183687 0.241145
vt 0.154366 0.232174
vt 0.198791 0.229432
vt 0.152232 0.234823
vt 0.197073 0.229127
vt 0.191120 0.228475
vt 0.148544 0.231584
vt 0.145954 0.229456
vt 0.192864 0.228513
vt 0.186865 0.228513
vt 0.151272 0.223068
vt 0.185136 0.228742
vt 0.149139 0.225717
vt 0.157550 0.228434
vt 0.202857 0.230682
vt 0.154960 0.226307
vt 0.180938 0.229432
vt 0.152506 0.229922
vt 0.152682 0.230161
vt 0.152372 0.230901
vt 0.150597 0.229950
vt 0.150817 0.229751
vt 0.149906 0.229584
vt 0.150822 0.227730
vt 0.151133 0.226990
vt 0.150998 0.227968
vt 0.153598 0.228306
vt 0.152907 0.227941
vt 0.152687 0.228139
s 1
usemtl electronics_etx_part_1
f 878/1794/222 889/1813/223 885/1805/223 874/1788/224
f 878/1793/225 886/1806/225 879/1795/225 887/1808/225 880/1797/225 888/1810/225 881/1799/225 889/1812/225
f 887/1809/226 879/1796/227 875/1789/228 883/1803/226
f 880/1798/229 887/1809/226 883/1803/226 876/1790/230
f 888/1811/231 880/1798/229 876/1790/230 884/1804/231
f 881/1800/232 888/1811/231 884/1804/231 877/1791/233
f 879/1796/227 886/1807/234 882/1802/234 875/1789/228
f 881/1801/232 877/1792/233 885/1805/223 889/1813/223
f 886/1807/234 878/1794/222 874/1788/224 882/1802/234
f 895/1826/235 891/1816/236 892/1818/236 896/1830/237
f 897/1834/238 894/1822/239 898/1838/240 901/1847/241
f 898/1839/242 899/1841/243 900/1844/244 901/1848/245
f 897/1835/246 893/1820/247 890/1814/247 894/1823/248
f 901/1849/249 900/1845/250 896/1831/251 897/1836/252
f 896/1832/253 892/1819/254 893/1821/254 897/1837/255
f 898/1840/256 894/1824/257 895/1827/258 899/1842/259
f 896/1833/260 900/1846/261 899/1843/262 895/1828/263
f 894/1825/264 890/1815/265 891/1817/265 895/1829/266
o panel_etx_2_1_switch_child_4
v 0.039863 -0.079333 0.148288
v 0.031774 -0.072327 0.144243
v 0.023684 -0.079333 0.148288
v 0.031774 -0.086338 0.152333
v 0.039863 -0.073645 0.158140
v 0.031774 -0.066639 0.154095
v 0.023684 -0.073645 0.158140
v 0.031774 -0.080650 0.162185
v 0.037299 -0.074548 0.145526
v 0.026249 -0.074548 0.145526
v 0.026249 -0.084118 0.151051
v 0.037299 -0.084118 0.151051
v 0.037299 -0.068860 0.155377
v 0.026249 -0.068860 0.155377
v 0.026249 -0.078430 0.160903
v 0.037299 -0.078430 0.160903
v 0.035460 -0.076838 0.159983
v 0.035460 -0.070452 0.156297
v 0.028087 -0.070452 0.156297
v 0.028087 -0.076838 0.159983
v 0.037101 -0.066944 0.180401
v 0.037101 -0.057716 0.175074
v 0.026446 -0.057716 0.175074
v 0.026446 -0.066944 0.180401
v 0.035041 -0.061714 0.185340
v 0.035041 -0.056055 0.182072
v 0.028506 -0.056055 0.182072
v 0.028506 -0.061714 0.185340
vn 0.9791 0.1016 0.1759
vn 0.7071 -0.6124 0.3536
vn 0.9791 -0.1016 -0.1759
vn -0.0000 0.5000 0.8660
vn -0.7071 0.6124 -0.3536
vn -0.0000 0.9495 -0.3136
vn -0.0000 0.7464 -0.6655
vn -0.9791 0.1016 0.1759
vn -0.9791 -0.1016 -0.1759
vn -0.7071 -0.6124 0.3536
vn -0.0000 -0.7464 0.6655
vn -0.0000 -0.9495 0.3136
vn 0.7071 0.6124 -0.3536
vn -0.0010 0.8264 -0.5631
vn -0.0000 0.8276 -0.5613
vn 0.0010 0.8264 -0.5631
vn 0.0012 -0.6850 0.7285
vn -0.0018 -0.6862 0.7274
vn -0.1389 -0.7506 0.6460
vn 0.1724 -0.6778 0.7148
vn -0.0885 0.6207 0.7791
vn -0.0915 0.3661 0.9261
vn 0.1470 0.4146 0.8981
vn 0.0018 0.6418 0.7669
vn 0.0023 -0.9003 0.4353
vn -0.0000 -0.8999 0.4361
vn -0.0007 -0.9006 0.4346
vn -0.9914 0.0221 0.1291
vn -0.9735 -0.0278 0.2269
vn -0.9575 0.1431 0.2503
vn -0.9579 0.1455 0.2474
vn -0.9973 -0.0385 -0.0622
vn -0.9974 -0.0362 -0.0626
vn -0.9972 -0.0364 -0.0650
vn 0.9900 0.1156 0.0802
vn 0.9576 0.1448 0.2489
vn 0.9575 0.1431 0.2503
vn 0.9896 0.0090 0.1436
vn 0.0022 0.9731 -0.2304
vn 0.0620 0.9213 -0.3840
vn -0.1362 0.9340 -0.3303
vn -0.0023 0.9731 -0.2304
vn 0.9973 -0.0350 -0.0640
vn 0.9974 -0.0362 -0.0626
vn 0.9973 -0.0385 -0.0622
vt 0.104223 0.248345
vt 0.110671 0.248345
vt 0.117120 0.248345
vt 0.123569 0.248345
vt 0.097774 0.248345
vt 0.102131 0.241285
vt 0.104223 0.254367
vt 0.108162 0.241824
vt 0.110671 0.254367
vt 0.107624 0.247855
vt 0.117120 0.254367
vt 0.101592 0.247317
vt 0.123569 0.254367
vt 0.097774 0.254367
vt 0.107447 0.248345
vt 0.113896 0.248345
vt 0.120344 0.248345
vt 0.100999 0.248345
vt 0.105245 0.240451
vt 0.107447 0.254367
vt 0.108997 0.244938
vt 0.113896 0.254367
vt 0.104509 0.248690
vt 0.120344 0.254367
vt 0.100757 0.244202
vt 0.100999 0.254367
vt 0.196042 0.241145
vt 0.194853 0.240934
vt 0.190733 0.240483
vt 0.191940 0.240510
vt 0.187789 0.240510
vt 0.186593 0.240668
vt 0.198856 0.242010
vt 0.183687 0.241145
vt 0.154366 0.232174
vt 0.198791 0.229432
vt 0.152232 0.234823
vt 0.197073 0.229127
vt 0.191120 0.228475
vt 0.148544 0.231584
vt 0.145954 0.229456
vt 0.192864 0.228513
vt 0.186865 0.228513
vt 0.151272 0.223068
vt 0.185136 0.228742
vt 0.149139 0.225717
vt 0.157550 0.228434
vt 0.202857 0.230682
vt 0.154960 0.226307
vt 0.180938 0.229432
vt 0.152506 0.229922
vt 0.152682 0.230161
vt 0.152372 0.230901
vt 0.150597 0.229950
vt 0.150817 0.229751
vt 0.149906 0.229584
vt 0.150822 0.227730
vt 0.151133 0.226990
vt 0.150998 0.227968
vt 0.153598 0.228306
vt 0.152907 0.227941
vt 0.152687 0.228139
s 1
usemtl electronics_etx_part_1
f 906/1856/267 917/1875/268 913/1867/268 902/1850/269
f 906/1855/270 914/1868/270 907/1857/270 915/1870/270 908/1859/270 916/1872/270 909/1861/270 917/1874/270
f 915/1871/271 907/1858/272 903/1851/273 911/1865/271
f 908/1860/274 915/1871/271 911/1865/271 904/1852/275
f 916/1873/276 908/1860/274 904/1852/275 912/1866/276
f 909/1862/277 916/1873/276 912/1866/276 905/1853/278
f 907/1858/272 914/1869/279 910/1864/279 903/1851/273
f 909/1863/277 905/1854/278 913/1867/268 917/1875/268
f 914/1869/279 906/1856/267 902/1850/269 910/1864/279
f 923/1888/280 919/1878/281 920/1880/281 924/1892/282
f 925/1896/283 922/1884/284 926/1900/285 929/1909/286
f 926/1901/287 927/1903/288 928/1906/289 929/1910/290
f 925/1897/291 921/1882/292 918/1876/292 922/1885/293
f 929/1911/294 928/1907/295 924/1893/296 925/1898/297
f 924/1894/298 920/1881/299 921/1883/299 925/1899/300
f 926/1902/301 922/1886/302 923/1889/303 927/1904/304
f 924/1895/305 928/1908/306 927/1905/307 923/1890/308
f 922/1887/309 918/1877/310 919/1879/310 923/1891/311
o panel_etx_2_1_switch_child_5
v 0.417318 -0.079333 0.148288
v 0.409229 -0.072327 0.144243
v 0.401140 -0.079333 0.148288
v 0.409229 -0.086338 0.152333
v 0.417318 -0.073645 0.158140
v 0.409229 -0.066639 0.154095
v 0.401140 -0.073645 0.158140
v 0.409229 -0.080650 0.162185
v 0.414754 -0.074548 0.145526
v 0.403704 -0.074548 0.145526
v 0.403704 -0.084118 0.151051
v 0.414754 -0.084118 0.151051
v 0.414754 -0.068860 0.155377
v 0.403704 -0.068860 0.155377
v 0.403704 -0.078430 0.160903
v 0.414754 -0.078430 0.160903
v 0.412916 -0.076838 0.159983
v 0.412916 -0.070452 0.156297
v 0.405542 -0.070452 0.156297
v 0.405542 -0.076838 0.159983
v 0.414556 -0.066944 0.180401
v 0.414556 -0.057716 0.175074
v 0.403901 -0.057716 0.175074
v 0.403901 -0.066944 0.180401
v 0.412496 -0.061714 0.185340
v 0.412496 -0.056055 0.182072
v 0.405962 -0.056055 0.182072
v 0.405962 -0.061714 0.185340
vn 0.9791 0.1016 0.1759
vn 0.7071 -0.6124 0.3536
vn 0.9791 -0.1016 -0.1759
vn -0.0000 0.5000 0.8660
vn -0.7071 0.6124 -0.3536
vn -0.0000 0.9495 -0.3136
vn -0.0000 0.7464 -0.6655
vn -0.9791 0.1016 0.1759
vn -0.9791 -0.1016 -0.1759
vn -0.7071 -0.6124 0.3536
vn -0.0000 -0.7464 0.6655
vn -0.0000 -0.9495 0.3136
vn 0.7071 0.6124 -0.3536
vn -0.0010 0.8264 -0.5631
vn -0.0000 0.8276 -0.5613
vn 0.0010 0.8264 -0.5631
vn 0.0012 -0.6850 0.7285
vn -0.0018 -0.6862 0.7274
vn -0.1389 -0.7506 0.6460
vn 0.1724 -0.6778 0.7148
vn -0.0885 0.6207 0.7791
vn -0.0915 0.3661 0.9261
vn 0.1470 0.4146 0.8981
vn 0.0018 0.6418 0.7669
vn 0.0023 -0.9003 0.4353
vn -0.0000 -0.8999 0.4361
vn -0.0007 -0.9006 0.4346
vn -0.9914 0.0221 0.1291
vn -0.9735 -0.0278 0.2269
vn -0.9575 0.1431 0.2503
vn -0.9579 0.1455 0.2474
vn -0.9973 -0.0385 -0.0622
vn -0.9974 -0.0362 -0.0626
vn -0.9972 -0.0364 -0.0650
vn 0.9900 0.1156 0.0802
vn 0.9576 0.1448 0.2489
vn 0.9575 0.1431 0.2503
vn 0.9896 0.0090 0.1436
vn 0.0022 0.9731 -0.2304
vn 0.0620 0.9213 -0.3840
vn -0.1362 0.9340 -0.3303
vn -0.0023 0.9731 -0.2304
vn 0.9973 -0.0350 -0.0640
vn 0.9974 -0.0362 -0.0626
vn 0.9973 -0.0385 -0.0622
vt 0.104223 0.248345
vt 0.110671 0.248345
vt 0.117120 0.248345
vt 0.123569 0.248345
vt 0.097774 0.248345
vt 0.102131 0.241285
vt 0.104223 0.254367
vt 0.108162 0.241824
vt 0.110671 0.254367
vt 0.107624 0.247855
vt 0.117120 0.254367
vt 0.101592 0.247317
vt 0.123569 0.254367
vt 0.097774 0.254367
vt 0.107447 0.248345
vt 0.113896 0.248345
vt 0.120344 0.248345
vt 0.100999 0.248345
vt 0.105245 0.240451
vt 0.107447 0.254367
vt 0.108997 0.244938
vt 0.113896 0.254367
vt 0.104509 0.248690
vt 0.120344 0.254367
vt 0.100757 0.244202
vt 0.100999 0.254367
vt 0.196042 0.241145
vt 0.194853 0.240934
vt 0.190733 0.240483
vt 0.191940 0.240510
vt 0.187789 0.240510
vt 0.186593 0.240668
vt 0.198856 0.242010
vt 0.183687 0.241145
vt 0.154366 0.232174
vt 0.198791 0.229432
vt 0.152232 0.234823
vt 0.197073 0.229127
vt 0.191120 0.228475
vt 0.148544 0.231584
vt 0.145954 0.229456
vt 0.192864 0.228513
vt 0.186865 0.228513
vt 0.151272 0.223068
vt 0.185136 0.228742
vt 0.149139 0.225717
vt 0.157550 0.228434
vt 0.202857 0.230682
vt 0.154960 0.226307
vt 0.180938 0.229432
vt 0.152506 0.229922
vt 0.152682 0.230161
vt 0.152372 0.230901
vt 0.150597 0.229950
vt 0.150817 0.229751
vt 0.149906 0.229584
vt 0.150822 0.227730
vt 0.151133 0.226990
vt 0.150998 0.227968
vt 0.153598 0.228306
vt 0.152907 0.227941
vt 0.152687 0.228139
s 1
usemtl electronics_etx_part_1
f 934/1918/312 945/1937/313 941/1929/313 930/1912/314
f 934/1917/315 942/1930/315 935/1919/315 943/1932/315 936/1921/315 944/1934/315 937/1923/315 945/1936/315
f 943/1933/316 935/1920/317 931/1913/318 939/1927/316
f 936/1922/319 943/1933/316 939/1927/316 932/1914/320
f 944/1935/321 936/1922/319 932/1914/320 940/1928/321
f 937/1924/322 944/1935/321 940/1928/321 933/1915/323
f 935/1920/317 942/1931/324 938/1926/324 931/1913/318
f 937/1925/322 933/1916/323 941/1929/313 945/1937/313
f 942/1931/324 934/1918/312 930/1912/314 938/1926/324
f 951/1950/325 947/1940/326 948/1942/326 952/1954/327
f 953/1958/328 950/1946/329 954/1962/330 957/1971/331
f 954/1963/332 955/1965/333 956/1968/334 957/1972/335
f 953/1959/336 949/1944/337 946/1938/337 950/1947/338
f 957/1973/339 956/1969/340 952/1955/341 953/1960/342
f 952/1956/343 948/1943/344 949/1945/344 953/1961/345
f 954/1964/346 950/1948/347 951/1951/348 955/1966/349
f 952/1957/350 956/1970/351 955/1967/352 951/1952/353
f 950/1949/354 946/1939/355 947/1941/355 951/1953/356
o panel_etx_2_1_switch_child_6
v 0.479863 -0.079333 0.148288
v 0.471774 -0.072327 0.144243
v 0.463684 -0.079333 0.148288
v 0.471774 -0.086338 0.152333
v 0.479863 -0.073645 0.158140
v 0.471774 -0.066639 0.154095
v 0.463684 -0.073645 0.158140
v 0.471774 -0.080650 0.162185
v 0.477299 -0.074548 0.145526
v 0.466249 -0.074548 0.145526
v 0.466249 -0.084118 0.151051
v 0.477299 -0.084118 0.151051
v 0.477299 -0.068860 0.155377
v 0.466249 -0.068860 0.155377
v 0.466249 -0.078430 0.160903
v 0.477299 -0.078430 0.160903
v 0.475460 -0.076838 0.159983
v 0.475460 -0.070452 0.156297
v 0.468087 -0.070452 0.156297
v 0.468087 -0.076838 0.159983
v 0.477101 -0.066944 0.180401
v 0.477101 -0.057716 0.175074
v 0.466446 -0.057716 0.175074
v 0.466446 -0.066944 0.180401
v 0.475041 -0.061714 0.185340
v 0.475041 -0.056055 0.182072
v 0.468506 -0.056055 0.182072
v 0.468506 -0.061714 0.185340
vn 0.9791 0.1016 0.1759
vn 0.7071 -0.6124 0.3536
vn 0.9791 -0.1016 -0.1759
vn -0.0000 0.5000 0.8660
vn -0.7071 0.6124 -0.3536
vn -0.0000 0.9495 -0.3136
vn -0.0000 0.7464 -0.6655
vn -0.9791 0.1016 0.1759
vn -0.9791 -0.1016 -0.1759
vn -0.7071 -0.6124 0.3536
vn -0.0000 -0.7464 0.6655
vn -0.0000 -0.9495 0.3136
vn 0.7071 0.6124 -0.3536
vn -0.0010 0.8264 -0.5631
vn -0.0000 0.8276 -0.5613
vn 0.0010 0.8264 -0.5631
vn 0.0012 -0.6850 0.7285
vn -0.0018 -0.6862 0.7274
vn -0.1389 -0.7506 0.6460
vn 0.1724 -0.6778 0.7148
vn -0.0885 0.6207 0.7791
vn -0.0915 0.3661 0.9261
vn 0.1470 0.4146 0.8981
vn 0.0018 0.6418 0.7669
vn 0.0023 -0.9003 0.4353
vn -0.0000 -0.8999 0.4361
vn -0.0007 -0.9006 0.4346
vn -0.9914 0.0221 0.1291
vn -0.9735 -0.0278 0.2269
vn -0.9575 0.1431 0.2503
vn -0.9579 0.1455 0.2474
vn -0.9973 -0.0385 -0.0622
vn -0.9974 -0.0362 -0.0626
vn -0.9972 -0.0364 -0.0650
vn 0.9900 0.1156 0.0802
vn 0.9576 0.1448 0.2489
vn 0.9575 0.1431 0.2503
vn 0.9896 0.0090 0.1436
vn 0.0022 0.9731 -0.2304
vn 0.0620 0.9213 -0.3840
vn -0.1362 0.9340 -0.3303
vn -0.0023 0.9731 -0.2304
vn 0.9973 -0.0350 -0.0640
vn 0.9974 -0.0362 -0.0626
vn 0.9973 -0.0385 -0.0622
vt 0.104223 0.248345
vt 0.110671 0.248345
vt 0.117120 0.248345
vt 0.123569 0.248345
vt 0.097774 0.248345
vt 0.102131 0.241285
vt 0.104223 0.254367
vt 0.108162 0.241824
vt 0.110671 0.254367
vt 0.107624 0.247855
vt 0.117120 0.254367
vt 0.101592 0.247317
vt 0.123569 0.254367
vt 0.097774 0.254367
vt 0.107447 0.248345
vt 0.113896 0.248345
vt 0.120344 0.248345
vt 0.100999 0.248345
vt 0.105245 0.240451
vt 0.107447 0.254367
vt 0.108997 0.244938
vt 0.113896 0.254367
vt 0.104509 0.248690
vt 0.120344 0.254367
vt 0.100757 0.244202
vt 0.100999 0.254367
vt 0.196042 0.241145
vt 0.194853 0.240934
vt 0.190733 0.240483
vt 0.191940 0.240510
vt 0.187789 0.240510
vt 0.186593 0.240668
vt 0.198856 0.242010
vt 0.183687 0.241145
vt 0.154366 0.232174
vt 0.198791 0.229432
vt 0.152232 0.234823
vt 0.197073 0.229127
vt 0.191120 0.228475
vt 0.148544 0.231584
vt 0.145954 0.229456
vt 0.192864 0.228513
vt 0.186865 0.228513
vt 0.151272 0.223068
vt 0.185136 0.228742
vt 0.149139 0.225717
vt 0.157550 0.228434
vt 0.202857 0.230682
vt 0.154960 0.226307
vt 0.180938 0.229432
vt 0.152506 0.229922
vt 0.152682 0.230161
vt 0.152372 0.230901
vt 0.150597 0.229950
vt 0.150817 0.229751
vt 0.149906 0.229584
vt 0.150822 0.227730
vt 0.151133 0.226990
vt 0.150998 0.227968
vt 0.153598 0.228306
vt 0.152907 0.227941
vt 0.152687 0.228139
s 1
usemtl electronics_etx_part_1
f 962/1980/357 973/1999/358 969/1991/358 958/1974/359
f 962/1979/360 970/1992/360 963/1981/360 971/1994/360 964/1983/360 972/1996/360 965/1985/360 973/1998/360
f 971/1995/361 963/1982/362 959/1975/363 967/1989/361
f 964/1984/364 971/1995/361 967/1989/361 960/1976/365
f 972/1997/366 964/1984/364 960/1976/365 968/1990/366
f 965/1986/367 972/1997/366 968/1990/366 961/1977/368
f 963/1982/362 970/1993/369 966/1988/369 959/1975/363
f 965/1987/367 961/1978/368 969/1991/358 973/1999/358
f 970/1993/369 962/1980/357 958/1974/359 966/1988/369
f 979/2012/370 975/2002/371 976/2004/371 980/2016/372
f 981/2020/373 978/2008/374 982/2024/375 985/2033/376
f 982/2025/377 983/2027/378 984/2030/379 985/2034/380
f 981/2021/381 977/2006/382 974/2000/382 978/2009/383
f 985/2035/384 984/2031/385 980/2017/386 981/2022/387
f 980/2018/388 976/2005/389 977/2007/389 981/2023/390
f 982/2026/391 978/2010/392 979/2013/393 983/2028/394
f 980/2019/395 984/2032/396 983/2029/397 979/2014/398
f 978/2011/399 974/2001/400 975/2003/400 979/2015/401
o panel_etx_2_1_pointer_child_1
v -0.004670 -0.239178 0.136000
v -0.001762 -0.241842 0.136000
v -0.004842 -0.235238 0.136000
v 0.002178 -0.241670 0.136000
v 0.004842 -0.238762 0.136000
v 0.004670 -0.234822 0.136000
v -0.002177 -0.232330 0.136000
v 0.001763 -0.232158 0.136000
v -0.004670 -0.239178 0.141400
v -0.004842 -0.235238 0.141400
v 0.004670 -0.234822 0.141400
v 0.004842 -0.238762 0.141400
v -0.001762 -0.241842 0.141400
v 0.001763 -0.232158 0.141400
v -0.002177 -0.232330 0.141400
v 0.002178 -0.241670 0.141400
v 0.011377 -0.252880 0.138400
v 0.004852 -0.255923 0.138400
v 0.011377 -0.252880 0.139600
v 0.004852 -0.255923 0.139600
v -0.016809 -0.203793 0.138400
v -0.014633 -0.202778 0.138400
v -0.016809 -0.203793 0.139600
v -0.014633 -0.202778 0.139600
vn -0.0436 0.9990 -0.0000
vn -0.0000 -0.0000 1.0000
vn 0.6756 0.7373 -0.0000
vn 0.9990 0.0436 -0.0000
vn 0.0436 -0.9990 -0.0000
vn -0.7373 0.6756 -0.0000
vn -0.6756 -0.7373 -0.0000
vn -0.9990 -0.0436 -0.0000
vn 0.7373 -0.6756 -0.0000
vn -0.9235 -0.3837 -0.0000
vn -0.0000 -0.0000 -1.0000
vn 0.8875 0.4608 -0.0000
vn 0.4226 -0.9063 -0.0000
vn -0.4226 0.9063 -0.0000
vt 0.184572 0.186206
vt 0.185430 0.185848
vt 0.185430 0.188681
vt 0.187500 0.189250
vt 0.189570 0.185848
vt 0.190428 0.186206
vt 0.187500 0.191099
vt 0.189570 0.188681
vt 0.184572 0.186206
vt 0.185430 0.188681
vt 0.190428 0.186206
vt 0.189570 0.185848
vt 0.185430 0.185848
vt 0.189570 0.188681
vt 0.187500 0.191099
vt 0.187500 0.189250
vt 0.189725 0.183054
vt 0.187841 0.183052
vt 0.189620 0.195653
vt 0.187841 0.183052
vt 0.185275 0.183054
vt 0.185380 0.195653
vt 0.186989 0.183052
vt 0.189586 0.183055
vt 0.189620 0.194801
vt 0.186989 0.183052
vt 0.185414 0.183055
vt 0.185381 0.194801
vt 0.187841 0.215064
vt 0.186574 0.215062
vt 0.186389 0.195653
vt 0.188426 0.215062
vt 0.187841 0.215064
vt 0.188611 0.195653
vt 0.186989 0.215064
vt 0.186450 0.215064
vt 0.186389 0.194801
vt 0.186989 0.215064
vt 0.188550 0.215064
vt 0.188611 0.194801
s 0
usemtl electronics_etx_part_1
f 993/2043/402 992/2042/402 1000/2050/402 999/2049/402
f 1001/2051/403 997/2047/403 996/2046/403 999/2049/403 1000/2050/403 995/2045/403 994/2044/403 998/2048/403
f 991/2041/404 993/2043/404 999/2049/404 996/2046/404
f 990/2040/405 991/2041/405 996/2046/405 997/2047/405
f 987/2037/406 989/2039/406 1001/2051/406 998/2048/406
f 992/2042/407 988/2038/407 995/2045/407 1000/2050/407
f 986/2036/408 987/2037/408 998/2048/408 994/2044/408
f 988/2038/409 986/2036/409 994/2044/409 995/2045/409
f 989/2039/410 990/2040/410 997/2047/410 1001/2051/410
f 1003/2055/411 1005/2061/411 1008/2070/411 1006/2064/411
f 1002/2052/412 1003/2056/412 1006/2065/412 1007/2067/412
f 1002/2053/413 1007/2068/413 1009/2073/413 1004/2058/413
f 1008/2071/403 1005/2062/403 1004/2059/403 1009/2074/403
f 1002/2054/414 1004/2060/414 1005/2063/414 1003/2057/414
f 1007/2069/415 1006/2066/415 1008/2072/415 1009/2075/415
o panel_etx_2_1_pointer_child_2
v 0.116623 -0.230636 0.133000
v 0.115940 -0.233716 0.133000
v 0.119284 -0.228940 0.133000
v 0.117636 -0.236377 0.133000
v 0.120716 -0.237060 0.133000
v 0.123377 -0.235365 0.133000
v 0.122364 -0.229623 0.133000
v 0.124060 -0.232284 0.133000
v 0.116623 -0.230636 0.137320
v 0.119284 -0.228940 0.137320
v 0.123377 -0.235365 0.137320
v 0.120716 -0.237060 0.137320
v 0.115940 -0.233716 0.137320
v 0.124060 -0.232284 0.137320
v 0.122364 -0.229623 0.137320
v 0.117636 -0.236377 0.137320
v 0.113549 -0.247234 0.134920
v 0.108831 -0.243930 0.134920
v 0.113549 -0.247234 0.135880
v 0.108831 -0.243930 0.135880
v 0.136283 -0.208072 0.134920
v 0.137856 -0.209173 0.134920
v 0.136283 -0.208072 0.135880
v 0.137856 -0.209173 0.135880
vn 0.8434 0.5373 -0.0000
vn -0.0000 -0.0000 1.0000
vn 0.9763 -0.2164 -0.0000
vn 0.5373 -0.8434 -0.0000
vn -0.8434 -0.5373 -0.0000
vn 0.2164 0.9763 -0.0000
vn -0.9763 0.2164 -0.0000
vn -0.5373 0.8434 -0.0000
vn -0.2164 -0.9763 -0.0000
vn -0.7940 0.6079 -0.0000
vn -0.0000 -0.0000 -1.0000
vn 0.8428 -0.5382 -0.0000
vn -0.5736 -0.8192 -0.0000
vn 0.5736 0.8192 -0.0000
vt 0.184572 0.186206
vt 0.185430 0.185848
vt 0.185430 0.188681
vt 0.187500 0.189250
vt 0.189570 0.185848
vt 0.190428 0.186206
vt 0.187500 0.191099
vt 0.189570 0.188681
vt 0.184572 0.186206
vt 0.185430 0.188681
vt 0.190428 0.186206
vt 0.189570 0.185848
vt 0.185430 0.185848
vt 0.189570 0.188681
vt 0.187500 0.191099
vt 0.187500 0.189250
vt 0.189725 0.183054
vt 0.187841 0.183052
vt 0.189620 0.195653
vt 0.187841 0.183052
vt 0.185275 0.183054
vt 0.185380 0.195653
vt 0.186989 0.183052
vt 0.189586 0.183055
vt 0.189620 0.194801
vt 0.186989 0.183052
vt 0.185414 0.183055
vt 0.185381 0.194801
vt 0.187841 0.215064
vt 0.186574 0.215062
vt 0.186389 0.195653
vt 0.188426 0.215062
vt 0.187841 0.215064
vt 0.188611 0.195653
vt 0.186989 0.215064
vt 0.186450 0.215064
vt 0.186389 0.194801
vt 0.186989 0.215064
vt 0.188550 0.215064
vt 0.188611 0.194801
s 0
usemtl electronics_etx_part_1
f 1017/2083/416 1016/2082/416 1024/2090/416 1023/2089/416
f 1025/2091/417 1021/2087/417 1020/2086/417 1023/2089/417 1024/2090/417 1019/2085/417 1018/2084/417 1022/2088/417
f 1015/2081/418 1017/2083/418 1023/2089/418 1020/2086/418
f 1014/2080/419 1015/2081/419 1020/2086/419 1021/2087/419
f 1011/2077/420 1013/2079/420 1025/2091/420 1022/2088/420
f 1016/2082/421 1012/2078/421 1019/2085/421 1024/2090/421
f 1010/2076/422 1011/2077/422 1022/2088/422 1018/2084/422
f 1012/2078/423 1010/2076/423 1018/2084/423 1019/2085/423
f 1013/2079/424 1014/2080/424 1021/2087/424 1025/2091/424
f 1027/2095/425 1029/2101/425 1032/2110/425 1030/2104/425
f 1026/2092/426 1027/2096/426 1030/2105/426 1031/2107/426
f 1026/2093/427 1031/2108/427 1033/2113/427 1028/2098/427
f 1032/2111/417 1029/2102/417 1028/2099/417 1033/2114/417
f 1026/2094/428 1028/2100/428 1029/2103/428 1027/2097/428
f 1031/2109/429 1030/2106/429 1032/2112/429 1033/2115/429
o panel_etx_2_1_pointer_child
v -0.124059 -0.233716 0.133000
v -0.122364 -0.236377 0.133000
v -0.123376 -0.230636 0.133000
v -0.119284 -0.237060 0.133000
v -0.116623 -0.235364 0.133000
v -0.115940 -0.232284 0.133000
v -0.120716 -0.228940 0.133000
v -0.117635 -0.229623 0.133000
v -0.124059 -0.233716 0.137320
v -0.123376 -0.230636 0.137320
v -0.115940 -0.232284 0.137320
v -0.116623 -0.235364 0.137320
v -0.122364 -0.236377 0.137320
v -0.117635 -0.229623 0.137320
v -0.120716 -0.228940 0.137320
v -0.119284 -0.237060 0.137320
v -0.114496 -0.247627 0.134920
v -0.120169 -0.248627 0.134920
v -0.114496 -0.247627 0.135880
v -0.120169 -0.248627 0.135880
v -0.126113 -0.203859 0.134920
v -0.124222 -0.203526 0.134920
v -0.126113 -0.203859 0.135880
v -0.124222 -0.203526 0.135880
vn 0.2164 0.9763 -0.0000
vn -0.0000 -0.0000 1.0000
vn 0.8434 0.5373 -0.0000
vn 0.9763 -0.2164 -0.0000
vn -0.2164 -0.9763 -0.0000
vn -0.5373 0.8434 -0.0000
vn -0.8434 -0.5373 -0.0000
vn -0.9763 0.2164 -0.0000
vn 0.5373 -0.8434 -0.0000
vn -0.9913 -0.1316 -0.0000
vn -0.0000 -0.0000 -1.0000
vn 0.9765 0.2154 -0.0000
vn 0.1736 -0.9848 -0.0000
vn -0.1736 0.9848 -0.0000
vt 0.184572 0.186206
vt 0.185430 0.185848
vt 0.185430 0.188681
vt 0.187500 0.189250
vt 0.189570 0.185848
vt 0.190428 0.186206
vt 0.187500 0.191099
vt 0.189570 0.188681
vt 0.184572 0.186206
vt 0.185430 0.188681
vt 0.190428 0.186206
vt 0.189570 0.185848
vt 0.185430 0.185848
vt 0.189570 0.188681
vt 0.187500 0.191099
vt 0.187500 0.189250
vt 0.189725 0.183054
vt 0.187841 0.183052
vt 0.189620 0.195653
vt 0.187841 0.183052
vt 0.185275 0.183054
vt 0.185380 0.195653
vt 0.186989 0.183052
vt 0.189586 0.183055
vt 0.189620 0.194801
vt 0.186989 0.183052
vt 0.185414 0.183055
vt 0.185381 0.194801
vt 0.187841 0.215064
vt 0.186574 0.215062
vt 0.186389 0.195653
vt 0.188426 0.215062
vt 0.187841 0.215064
vt 0.188611 0.195653
vt 0.186989 0.215064
vt 0.186450 0.215064
vt 0.186389 0.194801
vt 0.186989 0.215064
vt 0.188550 0.215064
vt 0.188611 0.194801
s 0
usemtl electronics_etx_part_1
f 1041/2123/430 1040/2122/430 1048/2130/430 1047/2129/430
f 1049/2131/431 1045/2127/431 1044/2126/431 1047/2129/431 1048/2130/431 1043/2125/431 1042/2124/431 1046/2128/431
f 1039/2121/432 1041/2123/432 1047/2129/432 1044/2126/432
f 1038/2120/433 1039/2121/433 1044/2126/433 1045/2127/433
f 1035/2117/434 1037/2119/434 1049/2131/434 1046/2128/434
f 1040/2122/435 1036/2118/435 1043/2125/435 1048/2130/435
f 1034/2116/436 1035/2117/436 1046/2128/436 1042/2124/436
f 1036/2118/437 1034/2116/437 1042/2124/437 1043/2125/437
f 1037/2119/438 1038/2120/438 1045/2127/438 1049/2131/438
f 1051/2135/439 1053/2141/439 1056/2150/439 1054/2144/439
f 1050/2132/440 1051/2136/440 1054/2145/440 1055/2147/440
f 1050/2133/441 1055/2148/441 1057/2153/441 1052/2138/441
f 1056/2151/431 1053/2142/431 1052/2139/431 1057/2154/431
f 1050/2134/442 1052/2140/442 1053/2143/442 1051/2137/442
f 1055/2149/443 1054/2146/443 1056/2152/443 1057/2155/443
